published_date,album,artist,genre_tag,record_label,label_location_raw,author,title,spotify_match_status,spotify_id,spotify_url,spotify_artist_id,spotify_match_artist,spotify_match_album,spotify_release_date,spotify_release_date_precision,spotify_album_type,spotify_total_tracks,spotify_image_url,spotify_upc,spotify_ean,spotify_copyright,spotify_artist_status,spotify_artist_image_url,spotify_artist_url
"May 26, 2026",the color of rain,aja monet,Blues,Independent Artist,"Los Angeles, California",Jim Allen,"aja monet, the color of rain",matched,1UOnv9kNRxCm5v814qTjI4,https://open.spotify.com/album/1UOnv9kNRxCm5v814qTjI4,6dclGxWbiv1ScMQwT5INQF,aja monet,the color of rain,2026-05-22,day,album,15.0,https://i.scdn.co/image/ab67616d0000b2732e3c87fb12f6627713cab7da,,,,matched,https://i.scdn.co/image/ab6761610000e5ebe3b1b7b37bdcf74336d204bd,https://open.spotify.com/artist/6dclGxWbiv1ScMQwT5INQF
"May 22, 2026",Mind Abandon,Ital Tek,Electronic,Independent Artist,"England, UK",Louis Pattison,"Ital Tek, Mind Abandon",matched,1EJ98P9RaJySD49J3rdyMc,https://open.spotify.com/album/1EJ98P9RaJySD49J3rdyMc,6Auo6gEPwhb9aZindgVpZJ,Ital Tek,Mind Abandon,2026-05-15,day,album,10.0,https://i.scdn.co/image/ab67616d0000b27319ef326fd1b85c6910239141,,,,matched,https://i.scdn.co/image/ab6761610000e5eb393b085d22ce868e3e084c8c,https://open.spotify.com/artist/6Auo6gEPwhb9aZindgVpZJ
"May 21, 2026",Abu,Takkak Takkak,,Nyege Nyege Tapes,"Kampala, Uganda",Oli Warwick,"Takkak Takkak, Abu",matched,62x8Uc41N6OtcN3lssnP6b,https://open.spotify.com/album/62x8Uc41N6OtcN3lssnP6b,418AWOVOgoPNIIfIn8MArU,Takkak Takkak,Abu,2026-06-23,day,album,10.0,https://i.scdn.co/image/ab67616d0000b27379fe99a12f525c45fbfccbc3,,,,matched,https://i.scdn.co/image/ab67616d0000b27379fe99a12f525c45fbfccbc3,https://open.spotify.com/artist/418AWOVOgoPNIIfIn8MArU
"May 20, 2026",Counting Sunsets,SUSS,Country,Independent Artist,"New York, New York",Ben Salmon,"SUSS, Counting Sunsets",matched,0tA6nSLBJ02G274Py3mhGz,https://open.spotify.com/album/0tA6nSLBJ02G274Py3mhGz,3qb5O9pLE0urqttdq4CqLS,SUSS,Counting Sunsets,2026-05-15,day,album,10.0,https://i.scdn.co/image/ab67616d0000b27302c790c0be17e5b61ea7783a,,,,matched,https://i.scdn.co/image/ab6761610000e5eb535ba9b736b49d1248905d75,https://open.spotify.com/artist/3qb5O9pLE0urqttdq4CqLS
"May 19, 2026",The Anthology of UnAmerican Folk Music,Marisa Anderson,Folk,Independent Artist,"Portland, Oregon",Jim Allen,"Marisa Anderson, The Anthology of UnAmerican Folk Music",matched,5SiIMHmcHcu4yjTnvOSeHm,https://open.spotify.com/album/5SiIMHmcHcu4yjTnvOSeHm,5j2d5CS0sh2LTpFsrKAFcW,Marisa Anderson,The Anthology of UnAmerican Folk Music,2026-05-22,day,album,9.0,https://i.scdn.co/image/ab67616d0000b273c79c9d687902f42759bbbf60,,,,matched,https://i.scdn.co/image/ab6761610000e5eb64e119174afcdee0196bd144,https://open.spotify.com/artist/5j2d5CS0sh2LTpFsrKAFcW
"May 18, 2026",Remembering Well,Death Kneel,Metal,Life Of Sensation,"Toronto, Ontario",Luke Jackson,"Death Kneel, Remembering Well",matched,0OSebg7O6r8mCCW1a5x2tH,https://open.spotify.com/album/0OSebg7O6r8mCCW1a5x2tH,2vLuelg5gmdGlgYFLAUswq,Death Kneel,Remembering Well,2026-05-15,day,album,6.0,https://i.scdn.co/image/ab67616d0000b273a514a1ca110f2d583f8137eb,,,,matched,https://i.scdn.co/image/ab67616d0000b273aa2365697294e1c741ada9f9,https://open.spotify.com/artist/2vLuelg5gmdGlgYFLAUswq
"May 15, 2026",Paradise Metal,π. Διονύσιος Ταμπάκης,Devotional,HEAT CRIMES,,J. Bennett,"π. Διονύσιος Ταμπάκης, Paradise Metal",no_match,,,,,,,,,,,,,,,,
"May 14, 2026",Soltera y Su Sonido Sexual,Soltera & Sonido Sex,Electronic,SOLTERA,"Los Angeles, California",Richard Villegas,"Soltera & Sonido Sex, Soltera y Su Sonido Sexual",no_match,,,,,,,,,,,,,,,,
"May 13, 2026",Detached From The Rest Of You,Loraine James,Electronic,Independent Artist,"London, UK",Marshall Gu,"Loraine James, Detached From The Rest Of You",matched,3Faii5tIYVSGT9IKCBPrVH,https://open.spotify.com/album/3Faii5tIYVSGT9IKCBPrVH,536qHynzDH1QviwhWY9dE3,Loraine James,Detached From The Rest Of You,2026-05-08,day,album,12.0,https://i.scdn.co/image/ab67616d0000b273badf7bb72ae2d47fed692e47,,,,matched,https://i.scdn.co/image/ab6761610000e5eb404b3e80d99a4ba201cd889e,https://open.spotify.com/artist/536qHynzDH1QviwhWY9dE3
"May 12, 2026",CEREMONIAL,Black Milk,Hip-Hop/Rap,Independent Artist,"Detroit, Michigan",Dylan Green,"Black Milk, CEREMONIAL",matched,0TXzjbEdlyZRKNsX4UJgzc,https://open.spotify.com/album/0TXzjbEdlyZRKNsX4UJgzc,77zgRkcehIGCAtROXkXkb3,Black Milk,CEREMONIAL,2026-05-08,day,album,12.0,https://i.scdn.co/image/ab67616d0000b273425a57abf319574e994f205a,,,,matched,https://i.scdn.co/image/ab6761610000e5eb8c03289713eae5e79f4e534a,https://open.spotify.com/artist/77zgRkcehIGCAtROXkXkb3
"May 11, 2026",Towards An Expanse,Dumama,Experimental,Independent Artist,South Africa,April Clare Welsh,"Dumama, Towards An Expanse",matched,3HR6GYzZ7ndua2wOye0SYT,https://open.spotify.com/album/3HR6GYzZ7ndua2wOye0SYT,3uBcYRD2CiHrtAXRDc2zFq,Dumama,Towards an Expanse,2026-05-08,day,album,11.0,https://i.scdn.co/image/ab67616d0000b2730e1fd2082c24808beefdc960,,,,matched,https://i.scdn.co/image/ab6761610000e5eb7cc238a65a2fb22d5ee688ea,https://open.spotify.com/artist/3uBcYRD2CiHrtAXRDc2zFq
"May 08, 2026",Train On The Island,Aldous Harding,Alternative,Independent Artist,New Zealand,Elle Carroll,"Aldous Harding, Train On The Island",matched,0AePRMHymMl4oHBb5EuGiV,https://open.spotify.com/album/0AePRMHymMl4oHBb5EuGiV,3lmR0qMiGuoIF9UC54egcG,Aldous Harding,Train on the Island,2026-05-08,day,album,10.0,https://i.scdn.co/image/ab67616d0000b27373870381d130b608e2deb080,,,,matched,https://i.scdn.co/image/ab6761610000e5eb871a0b81a51fd252770cb714,https://open.spotify.com/artist/3lmR0qMiGuoIF9UC54egcG
"May 07, 2026",Cold Comfort,Stik Figa & Heather Grey,Hip-Hop/Rap,Stik Figa,"Fort Worth, Texas",Dash Lewis,"Stik Figa & Heather Grey, Cold Comfort",no_match,,,,,,,,,,,,,,,,
"May 06, 2026",Poem 1,Ana Roxanne,Pop,Independent Artist,,Matthew Blackwell,"Ana Roxanne, Poem 1",matched,4eLf3APm1Cb4vqmJUnDLpr,https://open.spotify.com/album/4eLf3APm1Cb4vqmJUnDLpr,2fSBHYgZUSIQPolv5skG5I,Ana Roxanne,Poem 1,2026-05-01,day,album,9.0,https://i.scdn.co/image/ab67616d0000b273f32a3d82c33b956a32dd3fb9,,,,matched,https://i.scdn.co/image/ab6761610000e5eb32d33cf34810f2d5877eeb5c,https://open.spotify.com/artist/2fSBHYgZUSIQPolv5skG5I
"May 05, 2026",Resonance of Time (የጊዜ ቃና),Wesenyeleh Mebreku,World,Independent Artist,"Addis Ababa, Ethiopia",Dean Van Nguyen,"Wesenyeleh Mebreku, Resonance of Time (የጊዜ ቃና)",no_match,,,,,,,,,,,,,,,,
"May 04, 2026",FENIAN,Kneecap,Hip-Hop/Rap,KNEECAP,"Belfast, UK",Sarah O&#39;Neal,"Kneecap, FENIAN",matched,0z5uyAUrflFAnjBR2EhW9J,https://open.spotify.com/album/0z5uyAUrflFAnjBR2EhW9J,1ZVACPeq7ccGCoUXwtafUU,KNEECAP,FENIAN,2026-05-01,day,album,14.0,https://i.scdn.co/image/ab67616d0000b273041959df72c5e828894be6f2,,,,matched,https://i.scdn.co/image/ab6761610000e5eb89e7c69a7d827bcede0f4bad,https://open.spotify.com/artist/1ZVACPeq7ccGCoUXwtafUU
"May 01, 2026",The Horizon Spirals / The Horizon Viral,OOIOO / Lightning Bolt,Alternative,OOIOO,Japan,Erick Bradshaw,"OOIOO / Lightning Bolt, The Horizon Spirals / The Horizon Viral",no_match,,,,,,,,,,,,,,,,
"April 30, 2026",Bleak Days Ahead,Pure Wrath,Metal,Independent Artist,"West Java, Indonesia",Luke Jackson,"Pure Wrath, Bleak Days Ahead",matched,7mTjNQomSvzHwdBkPk9047,https://open.spotify.com/album/7mTjNQomSvzHwdBkPk9047,6vZum8DnM81DLwpjHhsJiQ,Pure Wrath,Bleak Days Ahead,2026-04-24,day,album,5.0,https://i.scdn.co/image/ab67616d0000b2735e2e08679ff44a523bdd25ee,,,,matched,https://i.scdn.co/image/ab6761610000e5eb54312bcc0ef6cf07382f2035,https://open.spotify.com/artist/6vZum8DnM81DLwpjHhsJiQ
"April 29, 2026",May a soft sun bless your sky while you wait for the inevitable,Charbel Harber,Classical,Charbel Haber,"Beirut, Lebanon",George Grella,"Charbel Harber, May a soft sun bless your sky while you wait for the inevitable",no_match,,,,,,,,,,,,,,,,
"April 28, 2026",Brooklyn Stories 1-5,Ayman Fanous,Experimental,Infrequent Seams,New York,George Grella,"Ayman Fanous, Brooklyn Stories 1-5",no_match,,,,,,,,,,,,,,,,
"April 27, 2026",Orange,White Fence,Alternative,Independent Artist,"Los Angeles, California",Martin Douglas,"White Fence, Orange",matched,2ZL2pKtN0WwpKHgOgifsds,https://open.spotify.com/album/2ZL2pKtN0WwpKHgOgifsds,5gH9MJvoI7pN9bohESzYaA,White Fence,Orange,2026-04-24,day,album,11.0,https://i.scdn.co/image/ab67616d0000b27305991fcacb612ce3704e370a,,,,matched,https://i.scdn.co/image/ab6761610000e5ebfaeda9b40273d27971d624b7,https://open.spotify.com/artist/5gH9MJvoI7pN9bohESzYaA
"April 24, 2026",Confession,Carla dal Forno,Alternative,Independent Artist,"Castlemaine, Australia",April Clare Welsh,"Carla dal Forno, Confession",matched,4YoCbEExp7Zmo6wbcYaR6c,https://open.spotify.com/album/4YoCbEExp7Zmo6wbcYaR6c,6FVxEgfQsGrJ0BogIOYCd6,Carla dal Forno,Confession,2026-04-24,day,album,12.0,https://i.scdn.co/image/ab67616d0000b27363a7f81867496f4bf2802780,,,,matched,https://i.scdn.co/image/ab6761610000e5eb3c0b9b14ba6e8de93c6b3787,https://open.spotify.com/artist/6FVxEgfQsGrJ0BogIOYCd6
"April 23, 2026",Ephemeral & Fleeting: Modular Music of Japan,Various Artists,Ambient,ato.archives,"Tokyo, Japan",Patrick St. Michel,"Various Artists, Ephemeral & Fleeting: Modular Music of Japan",matched,02TJXv9Lznn7AhzzqTU3FY,https://open.spotify.com/album/02TJXv9Lznn7AhzzqTU3FY,0LyfQWJT6nXafLPZqxe9Of,Various Artists,Ephemeral & Fleeting - Modular Music of Japan,2026-04-18,day,compilation,10.0,https://i.scdn.co/image/ab67616d0000b2732a501feb4f68f227032127e0,,,,matched,https://i.scdn.co/image/ab6761610000e5eb6b134287e3095d2c84b7932a,https://open.spotify.com/artist/0LyfQWJT6nXafLPZqxe9Of
"April 22, 2026",Santa Rosa,Fat Ray & Raphy,Hip-Hop/Rap,Fat Ray,"Detroit, Michigan",Martin Douglas,"Fat Ray & Raphy, Santa Rosa",no_match,,,,,,,,,,,,,,,,
"April 21, 2026",Falling In Love Is Wonderful (2026 Remaster),Jimmy Scott,Jazz,Independent Artist,"Las Vegas, Nevada",Britt Robson,"Jimmy Scott, Falling In Love Is Wonderful (2026 Remaster)",matched,4cUGW735OUrDmLSbbwE3Ju,https://open.spotify.com/album/4cUGW735OUrDmLSbbwE3Ju,5T7u5bYO62WTYOk5RBZwjo,Jimmy Scott,Falling In Love Is Wonderful (2026 Remaster),2026-04-17,day,album,10.0,https://i.scdn.co/image/ab67616d0000b2736857bfb63cd386bd26f3ca43,,,,matched,https://i.scdn.co/image/ab6761610000e5eb65de85523a675026e2cff1bb,https://open.spotify.com/artist/5T7u5bYO62WTYOk5RBZwjo
"April 20, 2026",Oknha Stamina,Neo Geodesia,World,CHINABOT,"London, UK",Matthew Blackwell,"Neo Geodesia, Oknha Stamina",matched,0Qogu17pPPYa1tECWfiyLe,https://open.spotify.com/album/0Qogu17pPPYa1tECWfiyLe,2H2R2at4JjzGQztgurXLx6,Neo Geodesia,Oknha Stamina,2026-04-14,day,album,12.0,https://i.scdn.co/image/ab67616d0000b27329c3c180272e2a3d5d719aeb,,,,matched,https://i.scdn.co/image/ab67616d0000b27329c3c180272e2a3d5d719aeb,https://open.spotify.com/artist/2H2R2at4JjzGQztgurXLx6
"April 17, 2026",Diamond Cutter,Eve Maret,Electronic,Independent Artist,"Nashville, Tennessee",Will Ainsley,"Eve Maret, Diamond Cutter",matched,4wWXFt6uEcJfX3ppPbl4CZ,https://open.spotify.com/album/4wWXFt6uEcJfX3ppPbl4CZ,6EPKhshyGfzUrurBHGJAnA,Eve Maret,Diamond Cutter,2026-04-17,day,album,12.0,https://i.scdn.co/image/ab67616d0000b2735463fe8ee75812783de72d96,,,,matched,https://i.scdn.co/image/ab6761610000e5eb7aaf8c8a1c3e8ddb28bc2323,https://open.spotify.com/artist/6EPKhshyGfzUrurBHGJAnA
"April 16, 2026","A Certain Smile, A Certain Sadness (30th Anniversary Edition)",Rocketship,Alternative,Independent Artist,"Portland, Oregon",Hayden Merrick,"Rocketship, A Certain Smile, A Certain Sadness (30th Anniversary Edition)",no_match,,,,,,,,,,,,,,,,
"April 15, 2026",Hannah Lew,Hannah Lew,Alternative,Independent Artist,"Richmond, California",Jennifer Kelly,"Hannah Lew, Hannah Lew",matched,3VS2ynZeyCbzkM4N616Jkw,https://open.spotify.com/album/3VS2ynZeyCbzkM4N616Jkw,40ZrXbMB5FFIxtzatM8Wol,Hannah Lew,Hannah Lew,2026-04-10,day,album,9.0,https://i.scdn.co/image/ab67616d0000b2739bf345fe8e0947765571e8fa,,,,matched,https://i.scdn.co/image/ab6761610000e5ebacfcba6f97c020eb5ad1d14e,https://open.spotify.com/artist/40ZrXbMB5FFIxtzatM8Wol
"April 14, 2026",Incorregible,Rosa Pistola,Electronic,ROSA PISTOLA,Mexico,Maria Barrios,"Rosa Pistola, Incorregible",matched,7LxxNa3h2EGW6m0TlGnnlh,https://open.spotify.com/album/7LxxNa3h2EGW6m0TlGnnlh,06fEHseCklFEuDgM5dccHX,Rosa Pistola,Incorregible,2026-04-10,day,album,8.0,https://i.scdn.co/image/ab67616d0000b273f302f0252dd18dbc9350ac78,,,,matched,https://i.scdn.co/image/ab6761610000e5ebf02d5d7b5f567334ddd309ba,https://open.spotify.com/artist/06fEHseCklFEuDgM5dccHX
"April 13, 2026",Softest Attack,Prism Shores,Alternative,Independent Artist,"Montreal, Québec",Ben Salmon,"Prism Shores, Softest Attack",matched,51uYxZpz3l8pJpE3fPGYb5,https://open.spotify.com/album/51uYxZpz3l8pJpE3fPGYb5,6GAOVXekIJiv2MWeCBQoEk,Prism Shores,Softest Attack,2026-04-10,day,album,12.0,https://i.scdn.co/image/ab67616d0000b2739d2b6d773f676845a1df2b2f,,,,matched,https://i.scdn.co/image/ab6761610000e5ebd550c0617705d86c9c917e45,https://open.spotify.com/artist/6GAOVXekIJiv2MWeCBQoEk
"April 10, 2026",Evergreen In Your Mind,Juni Habel,Acoustic,Independent Artist,"Viken, Norway",Brad Sanders,"Juni Habel, Evergreen In Your Mind",matched,2bwZckPIXlpLmPCrs83RK2,https://open.spotify.com/album/2bwZckPIXlpLmPCrs83RK2,2Kn9TqqVY8YLi0ijUAAQqZ,Juni Habel,Evergreen In Your Mind,2026-04-10,day,album,11.0,https://i.scdn.co/image/ab67616d0000b273e37cdcaac8413bbf674da40a,,,,matched,https://i.scdn.co/image/ab6761610000e5ebd9b3e55277bfb7f50d1fd2b2,https://open.spotify.com/artist/2Kn9TqqVY8YLi0ijUAAQqZ
"April 09, 2026",Lero Lero,Lero Lero,World,Black Sweat Records,Italy,Megan Iacobini de Fazio,"Lero Lero, Lero Lero",matched,3Dt0Mw4z15vUkvhMeZpl4v,https://open.spotify.com/album/3Dt0Mw4z15vUkvhMeZpl4v,2RMnMjVu2KaWFor2O7ntjo,Lero Lero,Lero Lero (Temporada 1),2023-03-24,day,album,12.0,https://i.scdn.co/image/ab67616d0000b273a9ec475fadc9694db3146bbf,,,,matched,https://i.scdn.co/image/ab6761610000e5eb78e488542622449bc7342d1d,https://open.spotify.com/artist/2RMnMjVu2KaWFor2O7ntjo
"April 08, 2026",Glass and Bones,Makthaverskan,Punk,Independent Artist,"Gothenburg, Sweden",Elle Carroll,"Makthaverskan, Glass and Bones",matched,2TBOgMEKprOm6aJ8sKKp0O,https://open.spotify.com/album/2TBOgMEKprOm6aJ8sKKp0O,57MIstrTi3Sw9J9yJybN0E,Makthaverskan,Glass and Bones,2026-04-03,day,album,10.0,https://i.scdn.co/image/ab67616d0000b273bde039ed52aa4f39276c5360,,,,matched,https://i.scdn.co/image/ab6761610000e5eb935691a25175904a2dfd9140,https://open.spotify.com/artist/57MIstrTi3Sw9J9yJybN0E
"April 07, 2026",It Wasn’t Nothing,Scissor Fits,Punk,Independent Artist,"Hounslow, UK",Erick Bradshaw,"Scissor Fits, It Wasn’t Nothing",no_match,,,,,,,,,,,,,,,,
"April 06, 2026",Solid Static,Musica Transonic + Mainliner,Rock,Independent Artist,"Tokyo, Japan",Jim Allen,"Musica Transonic + Mainliner, Solid Static",no_match,,,,,,,,,,,,,,,,
"April 03, 2026","MIKE & SURF GANG, POMPEII // UTILITY",Earl Sweatshirt,Hip-Hop/Rap,MIKE,"New York, New York",Martin Douglas,"Earl Sweatshirt, MIKE & SURF GANG, POMPEII // UTILITY",no_match,,,,,,,,,,,,,,,,
"April 02, 2026","Connecters Volume 1: Original Recordings, 1992–1999",Larrison,Experimental,Freedom To Spend,"New York, New York",Matthew Blackwell,"Larrison, Connecters Volume 1: Original Recordings, 1992–1999",no_match,,,,,,,,,,,,,,,,
"April 01, 2026",Two Wheels Move the Soul,Robber Robber,Rock,Independent Artist,"Burlington, Vermont",Stuart Berman,"Robber Robber, Two Wheels Move the Soul",matched,3H4iX1m8kNm12NV2oijGcu,https://open.spotify.com/album/3H4iX1m8kNm12NV2oijGcu,7kXZ3iTr0blml9QgUdfwGM,Robber Robber,Two Wheels Move the Soul,2026-04-03,day,album,11.0,https://i.scdn.co/image/ab67616d0000b273dd66bfcfe441b70d11323f31,,,,matched,https://i.scdn.co/image/ab6761610000e5eb4fd35509d60e67ae74e680d2,https://open.spotify.com/artist/7kXZ3iTr0blml9QgUdfwGM
"March 31, 2026","Fight The Fire: Digital Reggae, Conscious Roots and Dub in Nigeria 1986–91",Various Artists,Reggae,Soundway Records,UK,Dean Van Nguyen,"Various Artists, Fight The Fire: Digital Reggae, Conscious Roots and Dub in Nigeria 1986–91",matched,0UuVjito6mVSX4LhvhW79k,https://open.spotify.com/album/0UuVjito6mVSX4LhvhW79k,0LyfQWJT6nXafLPZqxe9Of,Various Artists,"Fight The Fire: Digital Reggae, Conscious Roots and Dub in Nigeria 1986-91",2026-03-27,day,compilation,14.0,https://i.scdn.co/image/ab67616d0000b273a4214de94160a2b90ec5319c,,,,matched,https://i.scdn.co/image/ab6761610000e5eb6b134287e3095d2c84b7932a,https://open.spotify.com/artist/0LyfQWJT6nXafLPZqxe9Of
"March 30, 2026",High Cube,Foote/Dickow,Electronic,Independent Artist,"Los Angeles, California",April Clare Welsh,"Foote/Dickow, High Cube",matched,3gKZgYB3Apxc56wZOvhwgf,https://open.spotify.com/album/3gKZgYB3Apxc56wZOvhwgf,0BpYawSPlRoA9XOI11o7uH,Foote/Dickow,High Cube,2026-03-27,day,album,6.0,https://i.scdn.co/image/ab67616d0000b273e4e50f5c2174fa722c5fc0d2,,,,matched,https://i.scdn.co/image/ab6761610000e5ebbf5caad2d28c86e8e3deb7b5,https://open.spotify.com/artist/0BpYawSPlRoA9XOI11o7uH
"March 27, 2026",Path of Totality,The Montvales,Country,Independent Artist,"Knoxville, Tennessee",Ben Salmon,"The Montvales, Path of Totality",matched,5ddiLaQiyk3ckn5UPgsV1e,https://open.spotify.com/album/5ddiLaQiyk3ckn5UPgsV1e,0FYazSWo7TGjPJz0Jz4O9t,The Montvales,Path of Totality,2026-03-20,day,album,12.0,https://i.scdn.co/image/ab67616d0000b2734c745d2687e669848c35608b,,,,matched,https://i.scdn.co/image/ab6761610000e5eb431b14624697db3be8b8498d,https://open.spotify.com/artist/0FYazSWo7TGjPJz0Jz4O9t
"March 26, 2026",Emeralds,Parlor Greens,Funk,Independent Artist,"Loveland, Ohio",Blake Gillespie,"Parlor Greens, Emeralds",matched,0TQ53KlvXXWgD5hv0Ul9Bo,https://open.spotify.com/album/0TQ53KlvXXWgD5hv0Ul9Bo,4c6oXo4PWpSqSnuLqFUxLm,Parlor Greens,Emeralds,2026-04-10,day,album,11.0,https://i.scdn.co/image/ab67616d0000b273bb5f82236247a1264cf18132,,,,matched,https://i.scdn.co/image/ab6761610000e5ebf31abbfc0cafdd49c08fa7cb,https://open.spotify.com/artist/4c6oXo4PWpSqSnuLqFUxLm
"March 25, 2026",Optimizer,Stuck,Alternative,Independent Artist,"Chicago, Illinois",Zara Hedderman,"Stuck, Optimizer",matched,6DH6Tz9pzAvqGT6pfEIVPw,https://open.spotify.com/album/6DH6Tz9pzAvqGT6pfEIVPw,26NBM9MmocuhYDY4flth3a,Stuck,Optimizer,2026-03-27,day,album,10.0,https://i.scdn.co/image/ab67616d0000b273de40881c60600e18472c81c0,,,,matched,https://i.scdn.co/image/ab6761610000e5eb20afd32a105e42f0379ab442,https://open.spotify.com/artist/26NBM9MmocuhYDY4flth3a
"March 24, 2026",Brilliance of a Falling Moon,dälek,Hip-Hop/Rap,Dälek,"Union City, New Jersey",Jon Buckland,"dälek, Brilliance of a Falling Moon",matched,59N2SbtjEXxtgoUAMQQp8w,https://open.spotify.com/album/59N2SbtjEXxtgoUAMQQp8w,1zDrsLJJfYel0jJruLe4Yp,dälek,Brilliance of a Falling Moon,2026-03-27,day,album,8.0,https://i.scdn.co/image/ab67616d0000b2733b09b7c1bd8508a2b41831d0,,,,matched,https://i.scdn.co/image/ab6761610000e5eb8011c9d186bdc242512a8654,https://open.spotify.com/artist/1zDrsLJJfYel0jJruLe4Yp
"March 20, 2026",in filth your mystery is kingdom / far smile peasant in yellow music,Dagmar Zuniga,Experimental,dagmar zuniga,"New York, New York",Matthew Blackwell,"Dagmar Zuniga, in filth your mystery is kingdom / far smile peasant in yellow music",matched,5x7MhNPVEZeicFl5I8u1OO,https://open.spotify.com/album/5x7MhNPVEZeicFl5I8u1OO,59ZW99eqMF7Iv6QayaCD3Q,Dagmar Zuniga,in filth your mystery is kingdom / far smile peasant in yellow music,2026-03-04,day,album,14.0,https://i.scdn.co/image/ab67616d0000b273031e28ef249d685cf1c6ca0c,,,,matched,https://i.scdn.co/image/ab6761610000e5eb3d2a985ea24401fd33ac26b7,https://open.spotify.com/artist/59ZW99eqMF7Iv6QayaCD3Q
"March 19, 2026",Breaking the Catatonic State,Crouch,Metal,Independent Artist,Belgium,Luke Jackson,"Crouch, Breaking the Catatonic State",matched,32IFiqGDJKCGEnrMDzCeQJ,https://open.spotify.com/album/32IFiqGDJKCGEnrMDzCeQJ,3c0euuPkwljoPa188SKyBf,Crouch,Breaking the Catatonic State,2026-03-20,day,album,10.0,https://i.scdn.co/image/ab67616d0000b273b5186233e9de4b78d6597657,,,,matched,https://i.scdn.co/image/ab6761610000e5ebd3f975eb58ce89970a88c89f,https://open.spotify.com/artist/3c0euuPkwljoPa188SKyBf
"March 18, 2026",Blumenfantasie,Xylitol,Electronic,Independent Artist,UK,Joe Muggs,"Xylitol, Blumenfantasie",matched,10nHSPjnaJXh4SB89xVAjU,https://open.spotify.com/album/10nHSPjnaJXh4SB89xVAjU,4m6lKZU5qS7ZIPFhYx5bEx,Xylitol,Blumenfantasie,2026-03-20,day,album,10.0,https://i.scdn.co/image/ab67616d0000b2737ab98920927a3307f63560f7,,,,matched,https://i.scdn.co/image/ab6761610000e5eb4879f41dcd8b412911a7e54a,https://open.spotify.com/artist/4m6lKZU5qS7ZIPFhYx5bEx
"March 17, 2026",Comfortably Suffering,Duncecap & Samurai Banana,Hip-Hop/Rap,Duncecap,"Queens, New York",Martin Douglas,"Duncecap & Samurai Banana, Comfortably Suffering",no_match,,,,,,,,,,,,,,,,
"March 16, 2026",Transmitter,Cut Worms,Alternative,Independent Artist,"Brooklyn, New York",Harry Levin,"Cut Worms, Transmitter",matched,0E0ELU3LQuzcAt5NhrSTh4,https://open.spotify.com/album/0E0ELU3LQuzcAt5NhrSTh4,2upjmNmngAXZcra9dQRR2l,Cut Worms,Transmitter,2026-03-13,day,album,10.0,https://i.scdn.co/image/ab67616d0000b27328368ff62151d3007747040b,,,,matched,https://i.scdn.co/image/ab6761610000e5eb1ad05efed0a2881448e035b7,https://open.spotify.com/artist/2upjmNmngAXZcra9dQRR2l
"March 13, 2026",Hard Hearted Woman,Ora Cogan,Alternative,Independent Artist,,Jim Allen,"Ora Cogan, Hard Hearted Woman",matched,1r3wE07afZnLGbikNXDt3X,https://open.spotify.com/album/1r3wE07afZnLGbikNXDt3X,0zZHy0tQvwi4L5HNvNq0QY,Ora Cogan,Hard Hearted Woman,2026-03-13,day,album,10.0,https://i.scdn.co/image/ab67616d0000b2730287a613292f5b1dd49ee333,,,,matched,https://i.scdn.co/image/ab6761610000e5ebf544384b663b07dd66e17423,https://open.spotify.com/artist/0zZHy0tQvwi4L5HNvNq0QY
"March 12, 2026",Weimar,Mary Ocher,Alternative,Independent Artist,"Berlin, Germany",April Clare Welsh,"Mary Ocher, Weimar",matched,3DzDJCnUNao9sAMLYTmzeu,https://open.spotify.com/album/3DzDJCnUNao9sAMLYTmzeu,0ODkbaLvCCScReZQK3NVxr,Mary Ocher,Weimar,2026-03-13,day,album,8.0,https://i.scdn.co/image/ab67616d0000b27339b6c919dbe60305a72d73d3,,,,matched,https://i.scdn.co/image/ab6761610000e5ebb7a93bbc60a0954473fb53ac,https://open.spotify.com/artist/0ODkbaLvCCScReZQK3NVxr
"March 11, 2026",Music in Continuous Motion,Bill Orcutt,Experimental,Independent Artist,"San Francisco, California",Jennifer Kelly,"Bill Orcutt, Music in Continuous Motion",matched,0HwKpolq77HN9P0IwCCgnk,https://open.spotify.com/album/0HwKpolq77HN9P0IwCCgnk,49ECnwhYzm6Nu97puMvwjG,Bill Orcutt,Music in Continuous Motion,2026-03-13,day,album,12.0,https://i.scdn.co/image/ab67616d0000b27389bf0a9fa602df4ecc065dc8,,,,matched,https://i.scdn.co/image/255b292e9e51364e23d1fb4cf71f7ce52f77cbfb,https://open.spotify.com/artist/49ECnwhYzm6Nu97puMvwjG
"March 10, 2026",News from Planet Zombie,The Notwist,Experimental,Independent Artist,Germany,Jim Allen,"The Notwist, News from Planet Zombie",matched,500dbsD4ygekfJEpCCiO07,https://open.spotify.com/album/500dbsD4ygekfJEpCCiO07,1o4xLcugkCtDDOw7POAMha,The Notwist,News from Planet Zombie,2026-03-13,day,album,11.0,https://i.scdn.co/image/ab67616d0000b273fc6d429da0ec4e3408753bed,,,,matched,https://i.scdn.co/image/ab6761610000e5eb098a93875a0e7e6781c3bccd,https://open.spotify.com/artist/1o4xLcugkCtDDOw7POAMha
"March 09, 2026",Albini Sessions,Fugazi,Punk,Independent Artist,"Washington, D.C.",Erick Bradshaw,"Fugazi, Albini Sessions",no_match,,,,,,,,,,,,,,,,
"March 06, 2026",HELP(2),Various Artists,Alternative,War Child Records,UK,Jude Noel,"Various Artists, HELP(2)",matched,1k5qdBw12xtQhSitPrpZKP,https://open.spotify.com/album/1k5qdBw12xtQhSitPrpZKP,0LyfQWJT6nXafLPZqxe9Of,Various Artists,Help Imagination Selections 2022,2022-04-04,day,compilation,49.0,https://i.scdn.co/image/ab67616d0000b27383fce2ae438df130c6dbe588,,,,matched,https://i.scdn.co/image/ab6761610000e5eb6b134287e3095d2c84b7932a,https://open.spotify.com/artist/0LyfQWJT6nXafLPZqxe9Of
"March 05, 2026",Of The Earth,Shabaka,Jazz,Independent Artist,UK,Will Ainsley,"Shabaka, Of The Earth",matched,1WLCmU6lTy0OqC1ALX4wfJ,https://open.spotify.com/album/1WLCmU6lTy0OqC1ALX4wfJ,6ywMpa6AmGJpV5Sbyy58Js,Shabaka,Of The Earth,2026-03-06,day,album,12.0,https://i.scdn.co/image/ab67616d0000b2733749e2bc1df65e94b952b711,,,,matched,https://i.scdn.co/image/ab6761610000e5eb33331998b6facb1b2e44e781,https://open.spotify.com/artist/6ywMpa6AmGJpV5Sbyy58Js
"March 04, 2026",Sirenoscape,NIMF,Experimental,Independent Artist,"Dublin, Ireland",Harry Levin,"NIMF, Sirenoscape",matched,6twodPRISzXKRY2nNaD5Ar,https://open.spotify.com/album/6twodPRISzXKRY2nNaD5Ar,7onykSIfRCyijzLC1sVz9v,NIMF,Sirenoscape,2026-03-06,day,album,4.0,https://i.scdn.co/image/ab67616d0000b2733c34c32f139371463ec4bb89,,,,matched,https://i.scdn.co/image/ab6761610000e5eb55603e5ba245ee181f736bb8,https://open.spotify.com/artist/7onykSIfRCyijzLC1sVz9v
"March 03, 2026",Overspace & Supertime,Cryptic Shift,Metal,Independent Artist,"Leeds, UK",Brad Sanders,"Cryptic Shift, Overspace & Supertime",matched,55BX8eXi3Z80NpZ8O7ZOKa,https://open.spotify.com/album/55BX8eXi3Z80NpZ8O7ZOKa,49Q7rQ1e651IkT2AHKYgnx,Cryptic Shift,Overspace & Supertime,2026-02-27,day,album,5.0,https://i.scdn.co/image/ab67616d0000b273cac8e0c207918711f2dc54eb,,,,matched,https://i.scdn.co/image/ab6761610000e5ebdcbfe152df4c2110bc6d67fb,https://open.spotify.com/artist/49Q7rQ1e651IkT2AHKYgnx
"March 02, 2026",My Days of 58,Bill Callahan,Folk,Independent Artist,"Austin, Texas",Jim Allen,"Bill Callahan, My Days of 58",matched,497p1j3P9Xzlb7vXay7tNl,https://open.spotify.com/album/497p1j3P9Xzlb7vXay7tNl,7gqsi6aBSkRMJoL9psKqMr,Bill Callahan,My Days of 58,2026-02-27,day,album,12.0,https://i.scdn.co/image/ab67616d0000b2736172648d29acadc71f725e35,,,,matched,https://i.scdn.co/image/ab6761610000e5ebeb2f538487b6868a97f5a7fb,https://open.spotify.com/artist/7gqsi6aBSkRMJoL9psKqMr
"February 27, 2026",Prove The Mountains Move,EXEK,Alternative,Independent Artist,"Melbourne, Australia",Erick Bradshaw,"EXEK, Prove The Mountains Move",matched,5JDipS2TouOAQnxaO1szOT,https://open.spotify.com/album/5JDipS2TouOAQnxaO1szOT,7ldGIajEfZUsa38eyvJ04V,EXEK,Prove The Mountains Move,2026-02-27,day,album,8.0,https://i.scdn.co/image/ab67616d0000b2731aadcefce244143cb184c61c,,,,matched,https://i.scdn.co/image/ab6761610000e5eb6ea5de57f873fe06663b8d3f,https://open.spotify.com/artist/7ldGIajEfZUsa38eyvJ04V
"February 26, 2026",Sí aquí llegó ya,El Gran Grupo,Latin,Independent Artist,"Caracas, Venezuela",Maria Barrios,"El Gran Grupo, Sí aquí llegó ya",matched,5ZVq2tLtuLoRFMghwfs75o,https://open.spotify.com/album/5ZVq2tLtuLoRFMghwfs75o,0B5cy48AQBeQdR229TIWx4,El Gran Grupo,Sí aquí llego yá,2026-02-06,day,album,8.0,https://i.scdn.co/image/ab67616d0000b273098f1321bbf9e7bc0cb3be44,,,,matched,https://i.scdn.co/image/ab6761610000e5eb2c95827bd2ef64e767a70554,https://open.spotify.com/artist/0B5cy48AQBeQdR229TIWx4
"February 25, 2026",My World is the Sun,Dominique Fils-Aimé,R&amp;B/Soul,Independent Artist,"Montreal, Québec",Ben Salmon,"Dominique Fils-Aimé, My World is the Sun",matched,2h1iYX66Vxm2DLFZgrdMp4,https://open.spotify.com/album/2h1iYX66Vxm2DLFZgrdMp4,10tvYvaoSO32hlvu3NrrPC,Dominique Fils-Aimé,My World Is The Sun,2026-02-20,day,album,15.0,https://i.scdn.co/image/ab67616d0000b273a31e6eb2a51d05b908e884be,,,,matched,https://i.scdn.co/image/ab6761610000e5eb9add1da33ede1b79541504e8,https://open.spotify.com/artist/10tvYvaoSO32hlvu3NrrPC
"February 24, 2026",OTONOMA,Midori Hirano,Electronic,Independent Artist,"Berlin, Germany",George Grella,"Midori Hirano, OTONOMA",matched,5ingxVLgDWG1hKOBdNrVmQ,https://open.spotify.com/album/5ingxVLgDWG1hKOBdNrVmQ,6q1lHz1O9inWPaToF6l5rj,Midori Hirano,OTONOMA,2026-02-20,day,album,10.0,https://i.scdn.co/image/ab67616d0000b2734e0966861c12fb01bc2641ab,,,,matched,https://i.scdn.co/image/ab6761610000e5eb53b1cbc3a6f7594becd83b76,https://open.spotify.com/artist/6q1lHz1O9inWPaToF6l5rj
"February 23, 2026",Too Late to Start Following the Rules Now,Chris Crack,Hip-Hop/Rap,Independent Artist,"Grand Junction, Colorado",Dylan Green,"Chris Crack, Too Late to Start Following the Rules Now",matched,4AJvF4juqzorY0cQIG2zaf,https://open.spotify.com/album/4AJvF4juqzorY0cQIG2zaf,3wws8s15DuuQWiG2xct414,Chris Crack,Too Late To Start Following The Rules Now,2026-02-13,day,album,15.0,https://i.scdn.co/image/ab67616d0000b2735609de14a868f0d54999560c,,,,matched,https://i.scdn.co/image/ab6761610000e5eb1426e7bcfd548eaa2cf42041,https://open.spotify.com/artist/3wws8s15DuuQWiG2xct414
"February 20, 2026",DISCOMBOBULATED,Hen Ogledd,Electronic,Independent Artist,"Newcastle Upon Tyne, UK",Jennifer Kelly,"Hen Ogledd, DISCOMBOBULATED",matched,5NCdUrtZGteLXKRppy83EN,https://open.spotify.com/album/5NCdUrtZGteLXKRppy83EN,1nw6dQQptzvEQ5GtC6HGe4,Hen Ogledd,DISCOMBOBULATED,2026-02-20,day,album,8.0,https://i.scdn.co/image/ab67616d0000b27365807dbd68ae8bbab258c7b7,,,,matched,https://i.scdn.co/image/ab6761610000e5eba5ddae01c90e9e87ef5b914f,https://open.spotify.com/artist/1nw6dQQptzvEQ5GtC6HGe4
"February 19, 2026",Paper Masks,Phew and Danielle de Picciotto,,Phew,"Tokyo, Japan",Erick Bradshaw,"Phew and Danielle de Picciotto, Paper Masks",no_match,,,,,,,,,,,,,,,,
"February 18, 2026",Instant Comfort,Lucid Express,Rock,Independent Artist,Hong Kong,Josh Feola,"Lucid Express, Instant Comfort",matched,6KBQf0GFYaF9TvulppGidz,https://open.spotify.com/album/6KBQf0GFYaF9TvulppGidz,0WwjT0WO2JQSXIq7EeDxXf,Lucid Express,Instant Comfort,2026-02-19,day,album,9.0,https://i.scdn.co/image/ab67616d0000b27391d0809f2d6428daa0ce02b4,,,,matched,https://i.scdn.co/image/ab6761610000e5ebf7261a57b48a6168c8ee012a,https://open.spotify.com/artist/0WwjT0WO2JQSXIq7EeDxXf
"February 17, 2026",Kin,KMRU,Ambient,Independent Artist,"Nairobi, Kenya",April Clare Welsh,"KMRU, Kin",matched,0ThQJJSutTGSZESpjqFuHI,https://open.spotify.com/album/0ThQJJSutTGSZESpjqFuHI,5blZUSGq0z7HhuSldSXV3a,KMRU,Kin,2026-02-13,day,album,6.0,https://i.scdn.co/image/ab67616d0000b27371ba4e7a5db64044d428b275,,,,matched,https://i.scdn.co/image/ab6761610000e5eb7c61e9840d75ab0899633666,https://open.spotify.com/artist/5blZUSGq0z7HhuSldSXV3a
"February 13, 2026",Necropalace,Worm,Metal,Independent Artist,Florida,Luke Jackson,"Worm, Necropalace",matched,4zI7O4eE92cRjGLwXc3Y1c,https://open.spotify.com/album/4zI7O4eE92cRjGLwXc3Y1c,5KGJFenkLeQ77WEgKFPnTZ,Worm,Necropalace,2026-02-13,day,album,7.0,https://i.scdn.co/image/ab67616d0000b2738f10b6f2fcac2404e84aa676,,,,matched,https://i.scdn.co/image/ab6761610000e5ebbbb580e014829a616cafb7b2,https://open.spotify.com/artist/5KGJFenkLeQ77WEgKFPnTZ
"February 12, 2026",Mastery Quantum Sound,Various Artists,Ambient,Houndstooth,"London, UK",Sam Davies,"Various Artists, Mastery Quantum Sound",matched,1A1hVTEsR5VgN0vZh2aWYN,https://open.spotify.com/album/1A1hVTEsR5VgN0vZh2aWYN,0LyfQWJT6nXafLPZqxe9Of,Various Artists,Mastery: Quantum Sound,2026-02-12,day,compilation,22.0,https://i.scdn.co/image/ab67616d0000b2732608edf9bee32a3a30d16bcf,,,,matched,https://i.scdn.co/image/ab6761610000e5eb6b134287e3095d2c84b7932a,https://open.spotify.com/artist/0LyfQWJT6nXafLPZqxe9Of
"February 11, 2026",respite ∞ levity for the nameless ghost in crisis (Expanded),Colin Self,Experimental,Independent Artist,New York,April Clare Welsh,"Colin Self, respite ∞ levity for the nameless ghost in crisis (Expanded)",matched,1UDKD36FPhw7oUjfmszRzS,https://open.spotify.com/album/1UDKD36FPhw7oUjfmszRzS,0ewkV0qnzBgo0L0D4TjuHI,Colin Self,respite ∞ levity for the nameless ghost in crisis (expanded),2026-02-13,day,album,23.0,https://i.scdn.co/image/ab67616d0000b27363810cac5055c4e86dac6cca,,,,matched,https://i.scdn.co/image/ab6761610000e5eb34ba9a9c2503508a722b62ff,https://open.spotify.com/artist/0ewkV0qnzBgo0L0D4TjuHI
"February 10, 2026",Laughter In Summer,Beverly Glenn-Copeland,Electronic,Independent Artist,"Hamilton, Ontario",Ted Davis,"Beverly Glenn-Copeland, Laughter In Summer",matched,3dhTmKjuXuYJDxlhOk9qMx,https://open.spotify.com/album/3dhTmKjuXuYJDxlhOk9qMx,2bN5hXtWZXEIfnHO34eXfe,Beverly Glenn-Copeland,Laughter In Summer,2026-02-06,day,album,9.0,https://i.scdn.co/image/ab67616d0000b2730e36c71093a82463fa43e672,,,,matched,https://i.scdn.co/image/ab6761610000e5eb07b3234ab7b108c79cee6a2f,https://open.spotify.com/artist/2bN5hXtWZXEIfnHO34eXfe
"February 09, 2026",DOUBLE-WIDE,Charles “Poppy Bob” Walker,Ambient,Charles &#39;Poppy Bob&#39; Walker,"Yuma, Arizona",Jennifer Kelly,"Charles “Poppy Bob” Walker, DOUBLE-WIDE",matched,2zKzIXdDNCRMASfrt0fbtM,https://open.spotify.com/album/2zKzIXdDNCRMASfrt0fbtM,4UzwN8n6xp0svWNKTeKuum,Charles ‘Poppy Bob’ Walker,DOUBLE-WIDE,2026-02-10,day,album,15.0,https://i.scdn.co/image/ab67616d0000b273e6fc5ede30dc7629bf9c7cb8,,,,matched,https://i.scdn.co/image/ab6761610000e5eb750493bb98fca29e392ddd2e,https://open.spotify.com/artist/4UzwN8n6xp0svWNKTeKuum
"February 06, 2026",Butterfly,Daphni,Electronic,Caribou,"London, UK",Joe Muggs,"Daphni, Butterfly",matched,6EwceabziOOptW7N7tT626,https://open.spotify.com/album/6EwceabziOOptW7N7tT626,4nhvb6x9ZhPiYCzrHDNia9,Daphni,Butterfly,2026-02-06,day,album,16.0,https://i.scdn.co/image/ab67616d0000b273eec50ee2fd276595bdb60fb1,,,,matched,https://i.scdn.co/image/ab6761610000e5eb64a6f350a866eb6e119a5a6e,https://open.spotify.com/artist/4nhvb6x9ZhPiYCzrHDNia9
"February 05, 2026",Noor,Yamila,Electronic,Umor Rex,"Mexico City, Mexico",Peter Margasak,"Yamila, Noor",matched,35DSo804RC09z0l5HQw4qZ,https://open.spotify.com/album/35DSo804RC09z0l5HQw4qZ,1C2cyevjTKPJ4WVvTlPzUF,Yamila,Noor,2026-02-05,day,album,9.0,https://i.scdn.co/image/ab67616d0000b2734e496ff365ee5b10478fe8b4,,,,matched,https://i.scdn.co/image/ab6761610000e5ebd70e36cf155cf2a000ef23c2,https://open.spotify.com/artist/1C2cyevjTKPJ4WVvTlPzUF
"February 04, 2026",Tilaye’s Saxophone With The Dahlak Band (የጥላዬ ሳክስ ከዳህላክ ባንድ ጋር),Tilaye Gebre,World,Independent Artist,"Addis Ababa, Ethiopia",Dean Van Nguyen,"Tilaye Gebre, Tilaye’s Saxophone With The Dahlak Band (የጥላዬ ሳክስ ከዳህላክ ባንድ ጋር)",no_match,,,,,,,,,,,,,,,,
"February 03, 2026",EXPO,Ulrika Spacek,Alternative,Independent Artist,"London, UK",Elle Carroll,"Ulrika Spacek, EXPO",matched,4mZvj1aQtf5LX8qjXkeT7q,https://open.spotify.com/album/4mZvj1aQtf5LX8qjXkeT7q,07vC6cutbett8UknXnqxsu,Ulrika Spacek,"EXPO, REMIXED",2026-07-31,day,album,10.0,https://i.scdn.co/image/ab67616d0000b27350851c7a7e5dc54f0702fa03,,,,matched,https://i.scdn.co/image/ab6761610000e5eb84b2782ca74341e3eb97b6d8,https://open.spotify.com/artist/07vC6cutbett8UknXnqxsu
"February 02, 2026",Wahj,Toni Geitani,Ambient,Independent Artist,"Beirut, Lebanon",Matthew Blackwell,"Toni Geitani, Wahj",matched,1tFnxA3kOc33Mh9rhbZ9AC,https://open.spotify.com/album/1tFnxA3kOc33Mh9rhbZ9AC,1ILfWRh8lrxIV12eyIBU4P,Toni Geitani,Wahj,2026-01-30,day,album,17.0,https://i.scdn.co/image/ab67616d0000b273a83d73453e4427af222b2239,,,,matched,https://i.scdn.co/image/ab6761610000e5eb2668116b899b12594c42e255,https://open.spotify.com/artist/1ILfWRh8lrxIV12eyIBU4P
"January 31, 2026",Maybe You Should Talk To Someone,Haruhi Kobayashi,Classical,Independent Artist,"Chicago, Illinois",George Grella,"Haruhi Kobayashi, Maybe You Should Talk To Someone",no_match,,,,,,,,,,,,,,,,
"January 29, 2026",Not Here Not Gone,Blackwater Holylight,Metal,Independent Artist,"Portland, Oregon",Grayson Haver Currin,"Blackwater Holylight, Not Here Not Gone",matched,55jaQmtN4s05nDUqqrmXkw,https://open.spotify.com/album/55jaQmtN4s05nDUqqrmXkw,2fqEhs5dZBrDLUqHvWRtBc,Blackwater Holylight,Not Here Not Gone,2026-01-30,day,album,10.0,https://i.scdn.co/image/ab67616d0000b2737ae15664d8f47e24fc1639de,,,,matched,https://i.scdn.co/image/ab6761610000e5eba5a6661c46b1484cb64bbb92,https://open.spotify.com/artist/2fqEhs5dZBrDLUqHvWRtBc
"January 28, 2026","low clouds hang, this land is on fire",Tashi Dorji,Alternative,Independent Artist,"Asheville, North Carolina",Mike McGrath-Bryan,"Tashi Dorji, low clouds hang, this land is on fire",matched,1NEofDgwYX4egqBq8DQq3X,https://open.spotify.com/album/1NEofDgwYX4egqBq8DQq3X,5zILQi737vXP3Cu7S5BMX2,Tashi Dorji,"low clouds hang, this land is on fire",2026-01-30,day,album,11.0,https://i.scdn.co/image/ab67616d0000b2735697e8ece573bf52900117a3,,,,matched,https://i.scdn.co/image/ab6772690000c46cddb7e3eb1b77296defc664ae,https://open.spotify.com/artist/5zILQi737vXP3Cu7S5BMX2
"January 27, 2026",Yatta!,YĪN YĪN,Alternative,Independent Artist,"Maastricht, Netherlands",Dean Van Nguyen,"YĪN YĪN, Yatta!",matched,14miHHQBXPPlt61Ax0SK2W,https://open.spotify.com/album/14miHHQBXPPlt61Ax0SK2W,2sLMYvxNmHIYNx6re1WUM2,Yin Yin,Yatta!,2026-01-23,day,album,11.0,https://i.scdn.co/image/ab67616d0000b2739de2f98369ae09423aafbd06,,,,matched,https://i.scdn.co/image/ab6761610000e5eb1460a855f376c32f066d9a75,https://open.spotify.com/artist/2sLMYvxNmHIYNx6re1WUM2
"January 26, 2026",Euphoria Bound,Shackleton,Electronic,Independent Artist,"Berlin, Germany",Lewis Gordon,"Shackleton, Euphoria Bound",matched,3JfBVXa85xIuZo6C21CCW4,https://open.spotify.com/album/3JfBVXa85xIuZo6C21CCW4,5Mq3CTRRgLcPkMnUue75a3,Shackleton,Euphoria Bound,2026-01-30,day,album,10.0,https://i.scdn.co/image/ab67616d0000b2732353529274e70fcc1f3d7368,,,,matched,https://i.scdn.co/image/786e3affbcfc3fdf07d501da18e5b5e7c5b69609,https://open.spotify.com/artist/5Mq3CTRRgLcPkMnUue75a3
"January 23, 2026",Mutudi Ua Ufolo / Viuva Da Liberdade 1975,David Zé,World,David Ze,"Luanda, Angola",Dean Van Nguyen,"David Zé, Mutudi Ua Ufolo / Viuva Da Liberdade 1975",no_match,,,,,,,,,,,,,,,,
"January 22, 2026",Desert So Green,Winged Wheel,Rock,Winged Wheel,"Detroit, Michigan",Stuart Berman,"Winged Wheel, Desert So Green",matched,4OvZQgDdhbd7oQ8gkoOmir,https://open.spotify.com/album/4OvZQgDdhbd7oQ8gkoOmir,3oxlQvJbiZ8bioc2884tIn,Winged Wheel,Desert So Green,2026-01-09,day,album,9.0,https://i.scdn.co/image/ab67616d0000b2732a82a771635e7d302fb864a6,,,,matched,https://i.scdn.co/image/ab67616d0000b2732a82a771635e7d302fb864a6,https://open.spotify.com/artist/3oxlQvJbiZ8bioc2884tIn
"January 21, 2026",Come Out Come Out (30th Anniversary Edition),Cub,Alternative,cub,"Vancouver, British Columbia",Jude Noel,"Cub, Come Out Come Out (30th Anniversary Edition)",matched,7cvV4e8cTpDpmrQ3mnfyaO,https://open.spotify.com/album/7cvV4e8cTpDpmrQ3mnfyaO,2wPm6Ouj7DpVS4g09fEoOT,Cub,Come Out Come Out: 30th Anniversary Edition (2025 Remaster),1995,year,album,14.0,https://i.scdn.co/image/ab67616d0000b273920da495379acd0a1ea2f0db,,,,matched,https://i.scdn.co/image/ab67616d0000b2736a226b8a4d7f7b923154c559,https://open.spotify.com/artist/2wPm6Ouj7DpVS4g09fEoOT
"January 20, 2026",A-Rhythm Absolute,Sunday Mourners,Alternative,Independent Artist,"Los Angeles, California",Elle Carroll,"Sunday Mourners, A-Rhythm Absolute",matched,5z1AYjOZmy5bNmMECeTjSd,https://open.spotify.com/album/5z1AYjOZmy5bNmMECeTjSd,7zlE048Rl8GTsbWAP1MZeQ,Sunday Mourners,A-Rhythm Absolute,2026-01-16,day,album,10.0,https://i.scdn.co/image/ab67616d0000b273667333f3eabedf725b19985b,,,,matched,https://i.scdn.co/image/ab6761610000e5ebb5f498c22df23da8ad1e42d6,https://open.spotify.com/artist/7zlE048Rl8GTsbWAP1MZeQ
"January 16, 2026",Appalachia,Emily Scott Robinson,Country,Independent Artist,"Nashville, Tennessee",Ben Salmon,"Emily Scott Robinson, Appalachia",matched,428KzGfU0jpgqpebyZmITs,https://open.spotify.com/album/428KzGfU0jpgqpebyZmITs,3oyKiCGdvt3HRj3pCOLCfM,Emily Scott Robinson,Appalachia,2026-01-30,day,album,10.0,https://i.scdn.co/image/ab67616d0000b273c30eb1d1c8c871fb32c8e1e2,,,,matched,https://i.scdn.co/image/ab6761610000e5eb1693cbcfdfd08fdc870d0145,https://open.spotify.com/artist/3oyKiCGdvt3HRj3pCOLCfM
"January 15, 2026",Xiu Mutha F—in’ Xiu: Vol. 1,Xiu Xiu,Alternative,Independent Artist,"Los Angeles, California",Jon Buckland,"Xiu Xiu, Xiu Mutha F—in’ Xiu: Vol. 1",no_match,,,,,,,,,,,,,,,,
"January 14, 2026",WABI SABI,Sotomayor,Electronic,Independent Artist,"Mexico City, Mexico",Matthew Ismael Ruiz,"Sotomayor, WABI SABI",matched,2Cq4IcgidjVHmn8UWn2jNT,https://open.spotify.com/album/2Cq4IcgidjVHmn8UWn2jNT,13UO3EqZHeNkeDQKjUS8oH,"Sotomayor, Pahua, Tonga Conga",WABI SABI,2026-02-13,day,album,11.0,https://i.scdn.co/image/ab67616d0000b27370b9e73fadd355c8df8f6a44,,,,matched,https://i.scdn.co/image/ab6761610000e5eb5b88c06df861c1ded91e2471,https://open.spotify.com/artist/13UO3EqZHeNkeDQKjUS8oH
"December 05, 2025",Ethereal Horizons,Blut Aus Nord,Metal,Independent Artist,France,Brad Sanders,"Blut Aus Nord, Ethereal Horizons",matched,4cyRxj0LY8DevLLfVEg0pX,https://open.spotify.com/album/4cyRxj0LY8DevLLfVEg0pX,0c0xIXQhCbmtvzM93liaSf,Blut Aus Nord,Ethereal Horizons,2025-11-28,day,album,7.0,https://i.scdn.co/image/ab67616d0000b273c6c57d988a53e09791aa9a70,,,,matched,https://i.scdn.co/image/029b877f7f45df775b0029c3d87de1fe3b01c169,https://open.spotify.com/artist/0c0xIXQhCbmtvzM93liaSf
"December 04, 2025",SAD,Ikonika,Electronic,Independent Artist,"London, UK",April Clare Welsh,"Ikonika, SAD",matched,76fNSSFf8CvYDfXmb0rAnr,https://open.spotify.com/album/76fNSSFf8CvYDfXmb0rAnr,1GbZUOowT6BhrI9QVoUniG,Ikonika,SAD,2025-11-28,day,album,10.0,https://i.scdn.co/image/ab67616d0000b273e44d8b0173c114922b31a7f7,,,,matched,https://i.scdn.co/image/ab6761610000e5ebb9d88f2917c2c24b9f2ec342,https://open.spotify.com/artist/1GbZUOowT6BhrI9QVoUniG
"December 03, 2025",Late Shift Silk,Various Artists,Electronic,100% Silk,California,Harry Levin,"Various Artists, Late Shift Silk",matched,37CpAn2SYj2zD0VyinYFC7,https://open.spotify.com/album/37CpAn2SYj2zD0VyinYFC7,0LyfQWJT6nXafLPZqxe9Of,Various Artists,Late Shift Silk,2025-12-05,day,compilation,11.0,https://i.scdn.co/image/ab67616d0000b273ba6eed97d86f8e325bed8c99,,,,matched,https://i.scdn.co/image/ab6761610000e5eb6b134287e3095d2c84b7932a,https://open.spotify.com/artist/0LyfQWJT6nXafLPZqxe9Of
"December 02, 2025",Putcha Weight On It,Von Pea & The Other Guys,Hip-Hop/Rap,Von Pea,New York,Dash Lewis,"Von Pea & The Other Guys, Putcha Weight On It",no_match,,,,,,,,,,,,,,,,
"December 01, 2025",Ghana Special: Highlife,Various Artists,World,Soundway Records,UK,Dean Van Nguyen,"Various Artists, Ghana Special: Highlife",matched,7JxOC157mJOWGQmIpCv6YL,https://open.spotify.com/album/7JxOC157mJOWGQmIpCv6YL,0LyfQWJT6nXafLPZqxe9Of,Various Artists,"Ghana Special: Modern Highlife, Afro Sounds & Ghanaian Blues 1968-81",2012-01-20,day,compilation,33.0,https://i.scdn.co/image/ab67616d0000b27302806536fc218b7d8380a1cd,,,,matched,https://i.scdn.co/image/ab6761610000e5eb6b134287e3095d2c84b7932a,https://open.spotify.com/artist/0LyfQWJT6nXafLPZqxe9Of
"November 26, 2025",BANG,Iona Zajac,Alternative,Independent Artist,"Glasgow, UK",Brad Sanders,"Iona Zajac, BANG",matched,2DLAZDt1NVNz6kixhEI6Wd,https://open.spotify.com/album/2DLAZDt1NVNz6kixhEI6Wd,5XIL7iEbCKJIz14Gqd58Y7,Iona Zajac,Bang,2025-11-21,day,album,11.0,https://i.scdn.co/image/ab67616d0000b2736be5eeb1e44fe21ff745928c,,,,matched,https://i.scdn.co/image/ab6761610000e5eb54a4fbfc1b05252e41d5682c,https://open.spotify.com/artist/5XIL7iEbCKJIz14Gqd58Y7
"November 25, 2025",Songs From My Castle Tower,MJ Noble,Electronic,Independent Artist,"Los Angeles, California",Ted Davis,"MJ Noble, Songs From My Castle Tower",matched,7qMyGVJ0p3lI1HorEf2UuP,https://open.spotify.com/album/7qMyGVJ0p3lI1HorEf2UuP,4WU1luuySmDwpYWFwT2PvY,MJ Noble,Songs From My Castle Tower,2025-11-21,day,album,13.0,https://i.scdn.co/image/ab67616d0000b273e51176c14f887ed6e724fc22,,,,matched,https://i.scdn.co/image/ab6761610000e5ebf975961afb4999d112c3e2a7,https://open.spotify.com/artist/4WU1luuySmDwpYWFwT2PvY
"November 24, 2025",سماع [Sama’a] (Audition),أحمد [Ahmed],Jazz,Independent Artist,,Jinhyung Kim,"أحمد [Ahmed], سماع [Sama’a] (Audition)",no_match,,,,,,,,,,,,,,,,
"November 21, 2025",Implosion,The Bug vs Ghost Dubs,Electronic,Independent Artist,"Brussels, Belgium",Erick Bradshaw,"The Bug vs Ghost Dubs, Implosion",no_match,,,,,,,,,,,,,,,,
"November 20, 2025",Southside Mixtape,DJ Lag,Electronic,Independent Artist,"Johannesburg, South Africa",Joseph Francis,"DJ Lag, Southside Mixtape",matched,0IaY7EpYoRhsMEo3B5nWBD,https://open.spotify.com/album/0IaY7EpYoRhsMEo3B5nWBD,1svX5cMlY22N60RxwzeJNO,DJ Lag,Southside Mixtape,2025-11-14,day,album,12.0,https://i.scdn.co/image/ab67616d0000b27380aa7909bcf13651ac76bfca,,,,matched,https://i.scdn.co/image/ab6761610000e5eba5719e83b4de3f380b91ac4e,https://open.spotify.com/artist/1svX5cMlY22N60RxwzeJNO
"November 19, 2025",Blue Abstraction: Prepared Piano Project 1985–1987,Jessica Williams,Jazz,Pre-Echo Press,"New York, New York",George Grella,"Jessica Williams, Blue Abstraction: Prepared Piano Project 1985–1987",no_match,,,,,,,,,,,,,,,,
"November 18, 2025",PAUL KIDNEY JAPANESE EXPERIENCE,Paul Kidney Experience,Experimental,Independent Artist,"Melbourne, Australia",Jon Dale,"Paul Kidney Experience, PAUL KIDNEY JAPANESE EXPERIENCE",no_match,,,,,,,,,,,,,,,,
"November 17, 2025",Panorama,Hélène Barbier,Pop,Independent Artist,"Montreal, Québec",Matt Watton,"Hélène Barbier, Panorama",matched,20Qy0sgUe2Wj7GXVaOg2dY,https://open.spotify.com/album/20Qy0sgUe2Wj7GXVaOg2dY,2b6PbrllP38ILGLTkdcrZz,Hélène Barbier,Panorama,2025-11-14,day,album,9.0,https://i.scdn.co/image/ab67616d0000b2735cbd146355b92cfd2004c6bd,,,,matched,https://i.scdn.co/image/ab6761610000e5eb769b3ac097574cf13f067366,https://open.spotify.com/artist/2b6PbrllP38ILGLTkdcrZz
"November 14, 2025",Basic Country Mustard,Red River Dialect,Folk,Independent Artist,"London, UK",Jennifer Kelly,"Red River Dialect, Basic Country Mustard",matched,6xG9Y0BPL86wIB3hQKtf6z,https://open.spotify.com/album/6xG9Y0BPL86wIB3hQKtf6z,3l34awuQ4bePUrYSP4WVbQ,Red River Dialect,Basic Country Mustard,2025-11-14,day,album,12.0,https://i.scdn.co/image/ab67616d0000b273940908844b4a925c062c4c06,,,,matched,https://i.scdn.co/image/ab6761610000e5eb468eea7434ac13aeaf4ff949,https://open.spotify.com/artist/3l34awuQ4bePUrYSP4WVbQ
"November 13, 2025",Fire of God’s Love,Sister Irene O’Connor,Devotional,Freedom To Spend,"New York, New York",Matthew Blackwell,"Sister Irene O’Connor, Fire of God’s Love",no_match,,,,,,,,,,,,,,,,
"November 12, 2025",Faith In The Unknown,Shungu,Hip-Hop/Rap,Independent Artist,"Brussels, Belgium",Dash Lewis,"Shungu, Faith In The Unknown",matched,1AY0eSbSr1oUmvbN9rIVAH,https://open.spotify.com/album/1AY0eSbSr1oUmvbN9rIVAH,1XIyDif58YyorFor2gNfUF,Shungu,Faith In The Unknown,2025-11-07,day,album,14.0,https://i.scdn.co/image/ab67616d0000b2737b4497e63840bf10ffbfe115,,,,matched,https://i.scdn.co/image/ab6761610000e5eb4fb6bf4ae2d45a8f3f16f1bb,https://open.spotify.com/artist/1XIyDif58YyorFor2gNfUF
"November 11, 2025",How You Been,SML,Jazz,International Anthem,"Chicago, Illinois",Will Ainsley,"SML, How You Been",matched,00xaBkvgiCZ7mMlcHIRgQy,https://open.spotify.com/album/00xaBkvgiCZ7mMlcHIRgQy,5k8cbLF5EZnAhwDvHN6Toj,SML,How You Been,2025-11-25,day,album,13.0,https://i.scdn.co/image/ab67616d0000b273c7b5d6265c7e061ad2d061e9,,,,matched,https://i.scdn.co/image/ab6761610000e5eb5172666e290bf372e736dcc8,https://open.spotify.com/artist/5k8cbLF5EZnAhwDvHN6Toj
"November 10, 2025",Chigiyo Music Kings 1987–1998,Zig-Zag Band,World,Analog Africa,Germany,Dean Van Nguyen,"Zig-Zag Band, Chigiyo Music Kings 1987–1998",matched,085vFu8jl46vpsHiB5HcvQ,https://open.spotify.com/album/085vFu8jl46vpsHiB5HcvQ,5JzzWKyFhD4xHK9Q5erJZH,Zig Zag Band,Chigiyo Music Kings 1987-1998 (Analog Africa No.42),2025-11-07,day,album,13.0,https://i.scdn.co/image/ab67616d0000b273895217265e3440b1725b64ee,,,,matched,https://i.scdn.co/image/ab67616d0000b27368206d38a201aad3bc7da2d3,https://open.spotify.com/artist/5JzzWKyFhD4xHK9Q5erJZH
"November 07, 2025",AFTER,yaz lancaster,Electronic,Independent Artist,"New York, New York",George Grella,"yaz lancaster, AFTER",matched,3CZMlMlQSBMCtUTR4QFU5v,https://open.spotify.com/album/3CZMlMlQSBMCtUTR4QFU5v,4ygD2bMiqgAhvhpgiPwXQM,Yaz Lancaster,AFTER,2025-11-07,day,album,14.0,https://i.scdn.co/image/ab67616d0000b27307794a29d18f4fd9ce05ce9a,,,,matched,https://i.scdn.co/image/ab6761610000e5eb019ab67b5a01d504f8d5dbee,https://open.spotify.com/artist/4ygD2bMiqgAhvhpgiPwXQM
"November 06, 2025",Batakari,Ata Kak,World,Independent Artist,Ghana,Marshall Gu,"Ata Kak, Batakari",matched,0eh4sbNVFs53bdvBi6aC5I,https://open.spotify.com/album/0eh4sbNVFs53bdvBi6aC5I,172WdsNGJYNNXVNQ1tXfrB,Ata Kak,Batakari,2025-11-07,day,single,6.0,https://i.scdn.co/image/ab67616d0000b27318e518a248cdd8f71b98a8d5,,,,matched,https://i.scdn.co/image/ab6761610000e5eb9d66b9fc8189d3124ec50510,https://open.spotify.com/artist/172WdsNGJYNNXVNQ1tXfrB
"November 05, 2025",31 Days of Burning Limos,The Burning Limos,Punk,Independent Artist,"Indianapolis, Indiana",Sims Hardin,"The Burning Limos, 31 Days of Burning Limos",no_match,,,,,,,,,,,,,,,,
"November 04, 2025",Paradís,Júlia Colom,Pop,Independent Artist,"IB, Spain",Maria Barrios,"Júlia Colom, Paradís",matched,1cefcSPmZJyVa6re1uOSJq,https://open.spotify.com/album/1cefcSPmZJyVa6re1uOSJq,2FGexWthFJnvymvErkOPaI,Júlia Colom,Paradís,2025-10-31,day,album,11.0,https://i.scdn.co/image/ab67616d0000b273bffb603e6fb0051b2743c6a0,,,,matched,https://i.scdn.co/image/ab6761610000e5ebc135e1bd8d45b14849730fab,https://open.spotify.com/artist/2FGexWthFJnvymvErkOPaI
"November 03, 2025",InitiatriX,Ship Sket,Electronic,Independent Artist,UK,April Clare Welsh,"Ship Sket, InitiatriX",matched,7tRcayDHuaTKSX4HARlcvW,https://open.spotify.com/album/7tRcayDHuaTKSX4HARlcvW,2RP0nzlcOL4QQV0ER0UYiH,Ship Sket,InitiatriX,2025-10-31,day,album,12.0,https://i.scdn.co/image/ab67616d0000b273d294ea6501afb325f43d8ea4,,,,matched,https://i.scdn.co/image/ab67616d0000b27336ddbd9d0250ec778058e536,https://open.spotify.com/artist/2RP0nzlcOL4QQV0ER0UYiH
"October 31, 2025",Eroica II: Christian Nihilism,Chino Amobi,Hip-Hop/Rap,Drowned By Locals,"Amman, Jordan",Dylan Green,"Chino Amobi, Eroica II: Christian Nihilism",matched,21xyhPaxY9IWd5EKxmYqlz,https://open.spotify.com/album/21xyhPaxY9IWd5EKxmYqlz,71FFHzNW026SIGHPzbHJgu,Chino Amobi,Eroica II: Christian Nihilism,2025-10-31,day,album,18.0,https://i.scdn.co/image/ab67616d0000b2737006e83a0f8a88facdb1e5e0,,,,matched,https://i.scdn.co/image/ab6761610000e5ebba2abb1f270986a6e8dc469e,https://open.spotify.com/artist/71FFHzNW026SIGHPzbHJgu
"October 30, 2025",The Night Has Eyes,The Spells,Alternative,Independent Artist,"New York, New York",Stuart Berman,"The Spells, The Night Has Eyes",no_match,,,,,,,,,,,,,,,,
"October 29, 2025","Techno Logic, The People’s Mixtape, Hidden Out, and PopUp Shop",Makaya McCraven,Jazz,International Anthem,"Chicago, Illinois",Peter Margasak,"Makaya McCraven, Techno Logic, The People’s Mixtape, Hidden Out, and PopUp Shop",no_match,,,,,,,,,,,,,,,,
"October 28, 2025",Ajomasé,Gasper Lawal,World,Strut,"London, UK",Dean Van Nguyen,"Gasper Lawal, Ajomasé",matched,0M5f16fkkebbm64GEPij8J,https://open.spotify.com/album/0M5f16fkkebbm64GEPij8J,7jAPM35I7dAYPdKIfTUzwM,Gasper Lawal,Ajomasé,2025-10-24,day,album,7.0,https://i.scdn.co/image/ab67616d0000b27301cd23d71b565dcc90ffb0e6,,,,matched,https://i.scdn.co/image/ab6761610000e5eb83f614b69dc04338407f8784,https://open.spotify.com/artist/7jAPM35I7dAYPdKIfTUzwM
"October 27, 2025",Just Wanna Live Some,Perera Elsewhere,Alternative,Independent Artist,"Berlin, Germany",Christian Askin,"Perera Elsewhere, Just Wanna Live Some",matched,0PGfRDzCPVoOjdVj8X22fB,https://open.spotify.com/album/0PGfRDzCPVoOjdVj8X22fB,5RwI5ghnexeunsvJsZ1rDQ,Perera Elsewhere,Just Wanna Live Some,2025-10-24,day,album,12.0,https://i.scdn.co/image/ab67616d0000b273715b2b8c66c6ff2a779c9002,,,,matched,https://i.scdn.co/image/ab6761610000e5eb7e47ec81bba5109c3364aaad,https://open.spotify.com/artist/5RwI5ghnexeunsvJsZ1rDQ
"October 24, 2025",Tehrangeles Vice (Iranian Diaspora Pop 1983-1993),Various Artists,Pop,Discotchari,"Los Angeles, California",Megan Iacobini de Fazio,"Various Artists, Tehrangeles Vice (Iranian Diaspora Pop 1983-1993)",matched,56BbeUE48p51jc3JAQQ6jY,https://open.spotify.com/album/56BbeUE48p51jc3JAQQ6jY,0LyfQWJT6nXafLPZqxe9Of,Various Artists,Tehrangeles Vice (Iranian Diaspora Pop 1983-1993),2026-03-09,day,compilation,12.0,https://i.scdn.co/image/ab67616d0000b273cff70225876795cde4854919,,,,matched,https://i.scdn.co/image/ab6761610000e5eb6b134287e3095d2c84b7932a,https://open.spotify.com/artist/0LyfQWJT6nXafLPZqxe9Of
"October 23, 2025",8 Automated Works,Componium Ensemble,Electronic,EM Records,"Osaka Prefecture, Japan",Lewis Gordon,"Componium Ensemble, 8 Automated Works",no_match,,,,,,,,,,,,,,,,
"October 22, 2025",Hard Ware,Patrick Cowley,Electronic,Independent Artist,"San Francisco, California",Will Ainsley,"Patrick Cowley, Hard Ware",matched,00yCa2M7Wm3ScUzvowOTxa,https://open.spotify.com/album/00yCa2M7Wm3ScUzvowOTxa,1pggi3bfbAPkwrylE63MEO,Patrick Cowley,Hard Ware,2025-10-19,day,album,10.0,https://i.scdn.co/image/ab67616d0000b2737603ac6cc483254d41a09f5a,,,,matched,https://i.scdn.co/image/a1d678fea744d66df70e5dff36408edf4a6d95bd,https://open.spotify.com/artist/1pggi3bfbAPkwrylE63MEO
"October 21, 2025",THE BPM,Sudan Archives,Pop,Independent Artist,"Los Angeles, California",Carrie McClure,"Sudan Archives, THE BPM",matched,6xuXmpSyh7WqIct3bvsSfg,https://open.spotify.com/album/6xuXmpSyh7WqIct3bvsSfg,2MPHBxznH1fj59jbOWY38u,Sudan Archives,THE BPM,2025-10-17,day,album,15.0,https://i.scdn.co/image/ab67616d0000b273078b6cc632c7bb0031209802,,,,matched,https://i.scdn.co/image/ab6761610000e5eb0937734c7a4d13d8ef02e2f7,https://open.spotify.com/artist/2MPHBxznH1fj59jbOWY38u
"October 20, 2025",Amasia: Anamibia Sessions 2,Melvin Gibbs,Jazz,Independent Artist,"Brooklyn, New York",George Grella,"Melvin Gibbs, Amasia: Anamibia Sessions 2",matched,7DYAxLoCh9xtr9nbqbbmMS,https://open.spotify.com/album/7DYAxLoCh9xtr9nbqbbmMS,3n2knKFx0TQPOTyyPHM2g1,Melvin Gibbs,Amasia: Anamibia Sessions 2,2025-10-14,day,album,6.0,https://i.scdn.co/image/ab67616d0000b2738cd629064feff6d8f80070e0,,,,matched,https://i.scdn.co/image/ab6761610000e5eb65eab36ab4426f3a92d37d9b,https://open.spotify.com/artist/3n2knKFx0TQPOTyyPHM2g1
"October 17, 2025",Latincore Legend,CRRDR,Latin,Independent Artist,"Bogota, Colombia",Christian Askin,"CRRDR, Latincore Legend",matched,4RoIe3AyTLBblBGvTK7mXi,https://open.spotify.com/album/4RoIe3AyTLBblBGvTK7mXi,5K3Cj0EgqQKp4apSdW2D6I,CRRDR,LATINCORE LEGEND,2025-10-16,day,album,25.0,https://i.scdn.co/image/ab67616d0000b273336aa64e00fe8d72cac186f5,,,,matched,https://i.scdn.co/image/ab6761610000e5eb2666e31026627da5add978ba,https://open.spotify.com/artist/5K3Cj0EgqQKp4apSdW2D6I
"October 16, 2025",On the Run,Shutaro Noguchi & the Roadhouse Band,Pop,Sophomore Lounge,"Jeffersonville, Indiana",Patrick St. Michel,"Shutaro Noguchi & the Roadhouse Band, On the Run",matched,3ZWzFzUuS6JM4eDrC7Fb5Q,https://open.spotify.com/album/3ZWzFzUuS6JM4eDrC7Fb5Q,7y6XBqzii9RM8rdXQUvPQI,Shutaro Noguchi & the Roadhouse Band,On the Run,2025-10-17,day,album,8.0,https://i.scdn.co/image/ab67616d0000b273069f0e9c0b85071ba085c285,,,,matched,https://i.scdn.co/image/ab67616d0000b273069f0e9c0b85071ba085c285,https://open.spotify.com/artist/7y6XBqzii9RM8rdXQUvPQI
"October 15, 2025",Brigitte Fontaine Est Folle: Special Edition,Brigitte Fontaine,World,WEWANTSOUNDS,"Paris, France",Jim Allen,"Brigitte Fontaine, Brigitte Fontaine Est Folle: Special Edition",matched,3dV5hmJzVleMyeCpiYWK8a,https://open.spotify.com/album/3dV5hmJzVleMyeCpiYWK8a,2P03Aan9wfgwkxTwGch2g1,Brigitte Fontaine,Brigitte Fontaine est Folle (Special Edition),2025-10-10,day,album,27.0,https://i.scdn.co/image/ab67616d0000b27339beb458692ae56a2eeefe26,,,,matched,https://i.scdn.co/image/ab6761610000e5eb6339cfc62ef893160462f3a6,https://open.spotify.com/artist/2P03Aan9wfgwkxTwGch2g1
"October 14, 2025",Scarecrow II,The Telephone Numbers,Alternative,Independent Artist,"San Francisco, California",Ben Salmon,"The Telephone Numbers, Scarecrow II",matched,1o94o0ZhqMolBArYJ8CvCU,https://open.spotify.com/album/1o94o0ZhqMolBArYJ8CvCU,3xaNA0epeSQTt4ay74JnJ8,The Telephone Numbers,Scarecrow II,2025-10-10,day,album,10.0,https://i.scdn.co/image/ab67616d0000b273a9024cfbb1a5fb50be21fa7b,,,,matched,https://i.scdn.co/image/ab67616d0000b273a9024cfbb1a5fb50be21fa7b,https://open.spotify.com/artist/3xaNA0epeSQTt4ay74JnJ8
"October 13, 2025",SCALD,Macy Rodman,Pop,Independent Artist,"New York, New York",Jude Noel,"Macy Rodman, SCALD",matched,09gNO4WqNYlFEG7422hIIL,https://open.spotify.com/album/09gNO4WqNYlFEG7422hIIL,64RYvzNaD6RCGOzTCBtZUk,Macy Rodman,SCALD,2025-10-10,day,album,11.0,https://i.scdn.co/image/ab67616d0000b273a77966e920d5bbafd8b57ce3,,,,matched,https://i.scdn.co/image/ab6761610000e5eb31995ce5626925ca8dada9d1,https://open.spotify.com/artist/64RYvzNaD6RCGOzTCBtZUk
"October 10, 2025",The Beep Test,God Alone.,Punk,Independent Artist,"Cork, Ireland",Spencer Hughes,"God Alone., The Beep Test",matched,4cfJVZJoDexgjxsHqCEnN7,https://open.spotify.com/album/4cfJVZJoDexgjxsHqCEnN7,0n21GeRyqvoD6q21UVtBHg,God Alone,The Beep Test,2025-10-10,day,album,9.0,https://i.scdn.co/image/ab67616d0000b273c12b559d426bcf89d406fd5d,,,,matched,https://i.scdn.co/image/ab6761610000e5eb02960d21e17a13d6141ad447,https://open.spotify.com/artist/0n21GeRyqvoD6q21UVtBHg
"October 09, 2025",Uncrossing the Keys,Wode,Metal,Independent Artist,"Manchester, UK",Grayson Haver Currin,"Wode, Uncrossing the Keys",matched,3Y4msGVQd8RCW1e2SsYscB,https://open.spotify.com/album/3Y4msGVQd8RCW1e2SsYscB,0omUs7Q7U5gC75RgG3JEn7,Wode,Uncrossing The Keys,2025-10-03,day,album,9.0,https://i.scdn.co/image/ab67616d0000b2730201fb87fbca2f24cf508bde,,,,matched,https://i.scdn.co/image/ab6761610000e5ebcc38bf0fbc2ccc4ddbc05364,https://open.spotify.com/artist/0omUs7Q7U5gC75RgG3JEn7
"October 08, 2025",Elusive,Potential Badboy,Reggae,Official Potential Badboy,"London, UK",Dean Van Nguyen,"Potential Badboy, Elusive",matched,6Nj1tm1k25VpINEP0JNcrX,https://open.spotify.com/album/6Nj1tm1k25VpINEP0JNcrX,3tgRH8lQ25Totz9QkeyC3n,Potential Badboy,Elusive,2025-10-03,day,album,13.0,https://i.scdn.co/image/ab67616d0000b27329ab785431d5012ac33a8437,,,,matched,https://i.scdn.co/image/ab6761610000e5eb0fa07811d91c636670ecf0f8,https://open.spotify.com/artist/3tgRH8lQ25Totz9QkeyC3n
"October 07, 2025",Out The Way,Marta & Tricky,Alternative,Tricky  // False Idols,"Berlin, Germany",Joe Muggs,"Marta & Tricky, Out The Way",no_match,,,,,,,,,,,,,,,,
"October 06, 2025",Sidenote,Joker Starr,Hip-Hop/Rap,Boot Records,UK,Dash Lewis,"Joker Starr, Sidenote",matched,0X5EPVxbOCxlTATVD2KwX1,https://open.spotify.com/album/0X5EPVxbOCxlTATVD2KwX1,0GWvYOMuS78fQQMjCHmapE,Joker Starr,Sidenote,2025-10-03,day,album,8.0,https://i.scdn.co/image/ab67616d0000b2735e2e4a3cce972ed200cf81cb,,,,matched,https://i.scdn.co/image/ab6761610000e5ebf887b3fafeadaa1631d6489a,https://open.spotify.com/artist/0GWvYOMuS78fQQMjCHmapE
"October 03, 2025",Root Echoes,DJ Babatr,Electronic,HAKUNA KULALA,"Kampala, Uganda",Joseph Francis,"DJ Babatr, Root Echoes",matched,5U001yoG2A1jjFQVjRkZyR,https://open.spotify.com/album/5U001yoG2A1jjFQVjRkZyR,2VAqLzkNHs0cre3T6i1PHD,Dj Babatr,Root Echoes,2025-10-03,day,album,10.0,https://i.scdn.co/image/ab67616d0000b273bad439eae799b9b052cfccc5,,,,matched,https://i.scdn.co/image/ab6761610000e5eb2174474050414a93c51bf911,https://open.spotify.com/artist/2VAqLzkNHs0cre3T6i1PHD
"October 02, 2025",Worldwide,Snooper,Punk,Independent Artist,"Nashville, Tennessee",Spencer Hughes,"Snooper, Worldwide",matched,0W2wD7Mt25BSYF82RzfXyy,https://open.spotify.com/album/0W2wD7Mt25BSYF82RzfXyy,197lTCdMFPariBJ2Xd1xNb,Snõõper,WORLDWIDE ON TAPE,2026-03-16,day,album,13.0,https://i.scdn.co/image/ab67616d0000b273678991b553b89fba4a53b35b,,,,matched,https://i.scdn.co/image/ab6761610000e5eb5c2c8982901d63e99660b392,https://open.spotify.com/artist/197lTCdMFPariBJ2Xd1xNb
"October 01, 2025","The Golden Voice of Phnom Penh, 1962–1974",So Savoeun,World,Akuphone,France,Elle Carroll,"So Savoeun, The Golden Voice of Phnom Penh, 1962–1974",no_match,,,,,,,,,,,,,,,,
"September 30, 2025",Turning Yr Back on the Dolphin,Palm Springs,Alternative,Independent Artist,"Melbourne, Australia",Jennifer Kelly,"Palm Springs, Turning Yr Back on the Dolphin",no_match,,,,,,,,,,,,,,,,
"September 29, 2025",Neon Grey Midnight Green,Neko Case,Alternative,Independent Artist,"Seattle, Washington",Jennifer Kelly,"Neko Case, Neon Grey Midnight Green",matched,6iTA9mrYpN3l5P3nJbq1BU,https://open.spotify.com/album/6iTA9mrYpN3l5P3nJbq1BU,4Cedjq5BQL3MhapRvDpFED,Neko Case,Neon Grey Midnight Green,2025-09-26,day,album,12.0,https://i.scdn.co/image/ab67616d0000b273bb6e44dd001645004d620a47,,,,matched,https://i.scdn.co/image/ab6761610000e5eb07b1a967d9743d13f7c08606,https://open.spotify.com/artist/4Cedjq5BQL3MhapRvDpFED
"September 26, 2025",A Piece of Infinity,Meklit,World,Independent Artist,"San Francisco, California",Dean Van Nguyen,"Meklit, A Piece of Infinity",matched,2MabwKfqmCtxlYAmwz1CSr,https://open.spotify.com/album/2MabwKfqmCtxlYAmwz1CSr,4I5bRwfigd1Fj1ciXo7jQH,Meklit,A Piece of Infinity,2025-09-26,day,album,9.0,https://i.scdn.co/image/ab67616d0000b2735a0c084556f5b8833de6a5a0,,,,matched,https://i.scdn.co/image/ab6761610000e5eb4d2bd090c24093b55b3b0608,https://open.spotify.com/artist/4I5bRwfigd1Fj1ciXo7jQH
"September 25, 2025",Surfing On Sine Waves (Expanded Edition),Aphex Twin,Electronic,Independent Artist,UK,April Clare Welsh,"Aphex Twin, Surfing On Sine Waves (Expanded Edition)",no_match,,,,,,,,,,,,,,,,
"September 24, 2025",History of Silence,múm,Electronic,Independent Artist,Iceland,JR Moores,"múm, History of Silence",matched,6XRUd5Dl3ROLzjd0K0vrvj,https://open.spotify.com/album/6XRUd5Dl3ROLzjd0K0vrvj,4mw86zm4QZIL8SksdyE6OU,múm,History of Silence,2025-09-19,day,album,8.0,https://i.scdn.co/image/ab67616d0000b2732c3939ccde0e9044889e9405,,,,matched,https://i.scdn.co/image/ab6761610000e5eb357eca6c1047f88eb51984ff,https://open.spotify.com/artist/4mw86zm4QZIL8SksdyE6OU
"September 23, 2025",The Bestiary,Castle Rat,Metal,Independent Artist,"Brooklyn, New York",Brad Sanders,"Castle Rat, The Bestiary",matched,12RVUYoOj8TCAfgP7L3zOg,https://open.spotify.com/album/12RVUYoOj8TCAfgP7L3zOg,2g5gjeZJLGcWPAF0o9KdJj,Castle Rat,The Bestiary,2025-09-19,day,album,13.0,https://i.scdn.co/image/ab67616d0000b2739d34d17cb51ded120e29881a,,,,matched,https://i.scdn.co/image/ab6761610000e5eb52fd15e5947a2fb869046a16,https://open.spotify.com/artist/2g5gjeZJLGcWPAF0o9KdJj
"September 22, 2025",Warsaw 480km,pôt-pot,Alternative,Independent Artist,,Collin Smith,"pôt-pot, Warsaw 480km",matched,6c2iw7kIp7ZvH0Gw6MmB6K,https://open.spotify.com/album/6c2iw7kIp7ZvH0Gw6MmB6K,4kc1yUJ71zLwHOkDLDBdqT,pôt-pot,Warsaw 480km,2025-09-19,day,album,10.0,https://i.scdn.co/image/ab67616d0000b273ebd7097665a2a63e16ea5414,,,,matched,https://i.scdn.co/image/ab6761610000e5ebd9c5171f741b1ddbf7195210,https://open.spotify.com/artist/4kc1yUJ71zLwHOkDLDBdqT
"September 19, 2025",Level-Headed Even Smile,Dylan Earl,Country,Independent Artist,"Fayetteville, Arkansas",Brad Sanders,"Dylan Earl, Level-Headed Even Smile",matched,4YACMzDu57KW3HafjdJx4b,https://open.spotify.com/album/4YACMzDu57KW3HafjdJx4b,1sm32z0weLp0tdr0T2wvUg,Dylan Earl,Level-Headed Even Smile,2025-09-19,day,album,10.0,https://i.scdn.co/image/ab67616d0000b27399a14bff08828b7d5af0c6ca,,,,matched,https://i.scdn.co/image/ab6761610000e5eb196e45de7acf65c3277cd4ce,https://open.spotify.com/artist/1sm32z0weLp0tdr0T2wvUg
"September 18, 2025",I Remember I Forget بنسى وبتذكر,Yasmine Hamdan,Electronic,Independent Artist,"Beirut, Lebanon",Sarah O&#39;Neal,"Yasmine Hamdan, I Remember I Forget بنسى وبتذكر",matched,4VQ7IUWQUahZ30myCkP5KF,https://open.spotify.com/album/4VQ7IUWQUahZ30myCkP5KF,5VElAWe58JiEzEl4vtjw7J,Yasmine Hamdan,I remember I forget بنسى وبتذكر,2025-09-19,day,album,10.0,https://i.scdn.co/image/ab67616d0000b2734203085c9d26b660c1b71c1e,,,,matched,https://i.scdn.co/image/ab6761610000e5eba8c37d146e38d5e8cf8946bf,https://open.spotify.com/artist/5VElAWe58JiEzEl4vtjw7J
"September 17, 2025",Sasquatch Landslide,The Dwarfs Of East Agouza,Experimental,Constellation Records,"Montreal, Québec",Jon Dale,"The Dwarfs Of East Agouza, Sasquatch Landslide",matched,1ln1ggoi8WI70a65ocKGBM,https://open.spotify.com/album/1ln1ggoi8WI70a65ocKGBM,4hOby8V5qAcpSDTMxKchiR,The Dwarfs of East Agouza,Sasquatch Landslide,2025-10-03,day,album,7.0,https://i.scdn.co/image/ab67616d0000b273d11c6c9282e9fc6f8e9b90ce,,,,matched,https://i.scdn.co/image/ab6772690000c46caeb6a0b0c91ee0459bbeeea3,https://open.spotify.com/artist/4hOby8V5qAcpSDTMxKchiR
"September 16, 2025",Exinfinite,Venera,Experimental,Independent Artist,"Los Angeles, California",Ted Davis,"Venera, Exinfinite",matched,6CYAKYX4fqMiUXa13fgy81,https://open.spotify.com/album/6CYAKYX4fqMiUXa13fgy81,7d7z7BjNTjkZdFN29WqfL2,Venera,Exinfinite,2025-09-12,day,album,9.0,https://i.scdn.co/image/ab67616d0000b273ea0a9244118fd9b0864fe1ce,,,,matched,https://i.scdn.co/image/ab6761610000e5eb9afe7fa88fd097a6dc0acd5f,https://open.spotify.com/artist/7d7z7BjNTjkZdFN29WqfL2
"September 15, 2025",SWEET TOOTH,Halima,Pop,Independent Artist,"New York, New York",April Clare Welsh,"Halima, SWEET TOOTH",matched,0LGOZou83JowRUU1hWGOmD,https://open.spotify.com/album/0LGOZou83JowRUU1hWGOmD,3bSZmhmZ0bWMkMl37DK5ap,Halima,SWEET TOOTH,2025-09-19,day,album,11.0,https://i.scdn.co/image/ab67616d0000b2739aa5e242308c20f2b90f1c68,,,,matched,https://i.scdn.co/image/ab6761610000e5eba9f0609ec6809f16b17d766c,https://open.spotify.com/artist/3bSZmhmZ0bWMkMl37DK5ap
"September 12, 2025",Broken Homes and Gardens,Michael Hurley,Folk,Independent Artist,"Astoria, Oregon",Jim Allen,"Michael Hurley, Broken Homes and Gardens",matched,2oiuSSVoHDESpR0a9NMDgv,https://open.spotify.com/album/2oiuSSVoHDESpR0a9NMDgv,3XHvzfKFZkSXEUiZE4WrIz,Michael Hurley,Broken Homes and Gardens,2025-09-12,day,album,11.0,https://i.scdn.co/image/ab67616d0000b273006e0d3b55ba7330e2d42129,,,,matched,https://i.scdn.co/image/62116e668f48de61dfaa9d12e63e31876197a18e,https://open.spotify.com/artist/3XHvzfKFZkSXEUiZE4WrIz
"September 11, 2025",Body Lapse,Rian Treanor & Cara Tolmie,Electronic,Rian Treanor,"Rotherham, UK",April Clare Welsh,"Rian Treanor & Cara Tolmie, Body Lapse",no_match,,,,,,,,,,,,,,,,
"September 10, 2025",A Danger to Ourselves,Lucrecia Dalt,Electronic,Independent Artist,,James Gui,"Lucrecia Dalt, A Danger to Ourselves",matched,57qCSMVr1gZhW68IZXoPmC,https://open.spotify.com/album/57qCSMVr1gZhW68IZXoPmC,4LC4vkseYrSEDd6MjZvOO9,Lucrecia Dalt,A Danger to Ourselves,2025-09-05,day,album,13.0,https://i.scdn.co/image/ab67616d0000b273190ed23d276b5f5f536dcbd0,,,,matched,https://i.scdn.co/image/ab6761610000e5eb6104418926fd1f7e2eeb9f1e,https://open.spotify.com/artist/4LC4vkseYrSEDd6MjZvOO9
"September 09, 2025",Throwing Shapes,Throwing Shapes,Ambient,Gareth Quinn Redmond,"Dublin, Ireland",Mike McGrath-Bryan,"Throwing Shapes, Throwing Shapes",matched,0M1K5rthCtzzkwDtFe6qAR,https://open.spotify.com/album/0M1K5rthCtzzkwDtFe6qAR,6epVyodOAl7wsCDIvgHeG3,Throwing Shapes,Throwing Shapes,2025-09-05,day,album,8.0,https://i.scdn.co/image/ab67616d0000b273dae457c8c4486cb68217430f,,,,matched,https://i.scdn.co/image/ab6761610000e5eb436e11dc574b3223abc85543,https://open.spotify.com/artist/6epVyodOAl7wsCDIvgHeG3
"September 08, 2025",Philip Glass: The Complete Piano Etudes,Vanessa Wagner,Classical,Independent Artist,"Montreuil, France",Jennifer Kelly,"Vanessa Wagner, Philip Glass: The Complete Piano Etudes",no_match,,,,,,,,,,,,,,,,
"September 05, 2025",The Radiant Radish,Jetski,Electronic,Independent Artist,"Peoria, Illinois",Erick Bradshaw,"Jetski, The Radiant Radish",matched,1LM0wEpt9IHXVHxtbIXRS5,https://open.spotify.com/album/1LM0wEpt9IHXVHxtbIXRS5,43PNREByD3AYaBIzTQk5uR,Jetski,The Radiant Radish,2025-09-02,day,album,9.0,https://i.scdn.co/image/ab67616d0000b2730508e575d05ff57e1bff1aa1,,,,matched,https://i.scdn.co/image/ab6761610000e5ebe0251bffc491ae90b4c57c5e,https://open.spotify.com/artist/43PNREByD3AYaBIzTQk5uR
"September 04, 2025",Love Chant,The Lemonheads,Alternative,Independent Artist,"Boston, Massachusetts",Jude Noel,"The Lemonheads, Love Chant",matched,2Osl9AyobrS97S5qxEeWJo,https://open.spotify.com/album/2Osl9AyobrS97S5qxEeWJo,6w7fc6IZlo5zwBaKT5jU1X,The Lemonheads,Love Chant,2025-10-24,day,album,11.0,https://i.scdn.co/image/ab67616d0000b2735089d110ce58d7f1ead5bd9b,,,,matched,https://i.scdn.co/image/ab6761610000e5ebedd5988d1e65be99c3dfeddb,https://open.spotify.com/artist/6w7fc6IZlo5zwBaKT5jU1X
"September 03, 2025",I Made My House,Eliot Krimsky,Experimental,Independent Artist,"Brooklyn, New York",Matthew Blackwell,"Eliot Krimsky, I Made My House",matched,0jeeke3NtYWd5IQ6ztmhUL,https://open.spotify.com/album/0jeeke3NtYWd5IQ6ztmhUL,5GSu3GgVz2LxS8cWq9duew,Eliot Krimsky,I Made My House,2025-08-29,day,album,13.0,https://i.scdn.co/image/ab67616d0000b273300ee76ce8cdd17f8415c8d5,,,,matched,https://i.scdn.co/image/ab6761610000e5eb2b43133533e583cda59e1487,https://open.spotify.com/artist/5GSu3GgVz2LxS8cWq9duew
"September 02, 2025",Leo Negro,JayWood,Hip-Hop/Rap,Independent Artist,"Montreal, Québec",Filipe Costa,"JayWood, Leo Negro",matched,00Ef9KGYcxnq3vIrv71UbG,https://open.spotify.com/album/00Ef9KGYcxnq3vIrv71UbG,4b9Dr3XFxT65mrPBFY6mqG,JayWood,LEO NEGRO,2025-09-05,day,album,11.0,https://i.scdn.co/image/ab67616d0000b2731d767adba23d0b1172f3e03a,,,,matched,https://i.scdn.co/image/ab6761610000e5eb37e28eeb0fc28f46e96cd0c9,https://open.spotify.com/artist/4b9Dr3XFxT65mrPBFY6mqG
"August 29, 2025",Vanguardia Subterránea: Live at The Village Vanguard,Miguel Zenón Quartet,Jazz,Miguel Zenón,"New York, New York",Britt Robson,"Miguel Zenón Quartet, Vanguardia Subterránea: Live at The Village Vanguard",matched,4X3wYOIiV45eBtVcM2pKHa,https://open.spotify.com/album/4X3wYOIiV45eBtVcM2pKHa,1SepPmlHgxKPINLmEnS8HW,Miguel Zenón Quartet,Vanguardia Subterránea: Live at The Village Vanguard,2025-08-29,day,album,8.0,https://i.scdn.co/image/ab67616d0000b273174b09fcac3745bfad2c7aea,,,,matched,https://i.scdn.co/image/ab67616d0000b273174b09fcac3745bfad2c7aea,https://open.spotify.com/artist/1SepPmlHgxKPINLmEnS8HW
"August 28, 2025",The Heat Warps,Modern Nature,Folk,Independent Artist,"Cambridge, UK",Jennifer Kelly,"Modern Nature, The Heat Warps",matched,3x26u06ZE5cyJMzlTvD4So,https://open.spotify.com/album/3x26u06ZE5cyJMzlTvD4So,6qmQYC8FDqqdpsJDNCb1ms,Modern Nature,The Heat Warps,2025-08-29,day,album,9.0,https://i.scdn.co/image/ab67616d0000b2736657dd1c6263a72e0b538b2f,,,,matched,https://i.scdn.co/image/ab6761610000e5eb4157372fc50805028dbc7c1f,https://open.spotify.com/artist/6qmQYC8FDqqdpsJDNCb1ms
"August 27, 2025",GUSH,Kaitlyn Aurelia Smith,Ambient,Independent Artist,"Los Angeles, California",Ted Davis,"Kaitlyn Aurelia Smith, GUSH",matched,4s6VTVytCKSC0ZrRZMg6J6,https://open.spotify.com/album/4s6VTVytCKSC0ZrRZMg6J6,6P86FLVAK4sxu8OhyQJBvH,Kaitlyn Aurelia Smith,GUSH,2025-08-22,day,album,13.0,https://i.scdn.co/image/ab67616d0000b27324d57544e3605feeb27a92f7,,,,matched,https://i.scdn.co/image/ab6761610000e5eba26adc44e8b8fc891acdcd85,https://open.spotify.com/artist/6P86FLVAK4sxu8OhyQJBvH
"August 26, 2025",The Collapse Of Everything,Adrian Sherwood,Electronic,Independent Artist,UK,April Clare Welsh,"Adrian Sherwood, The Collapse Of Everything",matched,3HG1zv4sD5zDEfBd8BNzED,https://open.spotify.com/album/3HG1zv4sD5zDEfBd8BNzED,4vZIz0gG5DD3Qj9MB6kclW,Adrian Sherwood,The Collapse Of Everything,2025-08-22,day,album,10.0,https://i.scdn.co/image/ab67616d0000b273257c8061d3e8d336ebcf8b3d,,,,matched,https://i.scdn.co/image/ab6761610000e5ebe31f828160bbd40e9d137b02,https://open.spotify.com/artist/4vZIz0gG5DD3Qj9MB6kclW
"August 25, 2025",Music for Writers,Steve Gunn,Folk,Independent Artist,"Brooklyn, New York",Grayson Haver Currin,"Steve Gunn, Music for Writers",matched,0QYKaYnIPh2SY4g7RJx49s,https://open.spotify.com/album/0QYKaYnIPh2SY4g7RJx49s,7uLXW75DlTRahz2WKJZGeO,Steve Gunn,Music For Writers,2025-08-15,day,album,10.0,https://i.scdn.co/image/ab67616d0000b273c69bccac3c79b601c6f468c1,,,,matched,https://i.scdn.co/image/ab6761610000e5ebbf401db358984a1a3a4f8531,https://open.spotify.com/artist/7uLXW75DlTRahz2WKJZGeO
"August 22, 2025",It’s A Beautiful Place,Water From Your Eyes,Alternative,Independent Artist,"Brooklyn, New York",Stuart Berman,"Water From Your Eyes, It’s A Beautiful Place",no_match,,,,,,,,,,,,,,,,
"August 21, 2025",Cool Down the Heat,Junior Murvin,Reggae,Independent Artist,Jamaica,Jared Proudfoot,"Junior Murvin, Cool Down the Heat",matched,6ZsxcSPqxHxiTm4S81StW7,https://open.spotify.com/album/6ZsxcSPqxHxiTm4S81StW7,17dXLKGh9AKpooAvGaVt34,Junior Murvin,Cool Down The Heat,2025-08-22,day,album,12.0,https://i.scdn.co/image/ab67616d0000b273f40b0a97b004da47bc3fc66d,,,,matched,https://i.scdn.co/image/26d80cc63e7a42ca13c9dab2587629deff85ae25,https://open.spotify.com/artist/17dXLKGh9AKpooAvGaVt34
"August 20, 2025",CBGB 12.13.88,Galaxie 500,Alternative,Independent Artist,"Boston, Massachusetts",George Grella,"Galaxie 500, CBGB 12.13.88",no_match,,,,,,,,,,,,,,,,
"August 19, 2025",Sortilège,Gabe ‘Nandez & Preservation,Hip-Hop/Rap,Gabe &#39;Nandez,"New York, New York",Nadine Smith,"Gabe ‘Nandez & Preservation, Sortilège",no_match,,,,,,,,,,,,,,,,
"August 18, 2025",Luke’s Garage,Delicate Steve,Alternative,Independent Artist,New Jersey,Elle Carroll,"Delicate Steve, Luke’s Garage",no_match,,,,,,,,,,,,,,,,
"August 15, 2025",Laurentian Blue and Songs of Hiraeth,Panopticon,Folk,"truepanopticon.bandcamp.com"" data-clickthrough=""Panopticon","Ely, Minnesota",Ben Salmon,"Panopticon, Laurentian Blue and Songs of Hiraeth",no_match,,,,,,,,,,,,,,,,
"August 14, 2025",Acqua Marina,Prefaces,Jazz,Hisstology,Lebanon,Jim Allen,"Prefaces, Acqua Marina",matched,1WmWAQD8laPSNz8MNOCEvH,https://open.spotify.com/album/1WmWAQD8laPSNz8MNOCEvH,60v8T5Qv1sZsRmmnuNz4V5,Prefaces,Acqua Marina,2025-08-15,day,album,11.0,https://i.scdn.co/image/ab67616d0000b2738bb68870c63e9e9e2efa8958,,,,matched,https://i.scdn.co/image/ab6761610000e5ebae93f3e4fc5ad26713af6eeb,https://open.spotify.com/artist/60v8T5Qv1sZsRmmnuNz4V5
"August 13, 2025",Utero Dei,Mondo Lava,Experimental,Independent Artist,"Pamplona, Spain",Ted Davis,"Mondo Lava, Utero Dei",matched,0WXAY9Mhi6PkajwqkbrYM4,https://open.spotify.com/album/0WXAY9Mhi6PkajwqkbrYM4,29FujBxc4P5mvmNas09T0F,Mondo Lava,Utero Dei,2025-08-12,day,album,16.0,https://i.scdn.co/image/ab67616d0000b27334aba127f3e66e531d87e3a0,,,,matched,https://i.scdn.co/image/ab6761610000e5ebe610975b2f2644a01aaa11a3,https://open.spotify.com/artist/29FujBxc4P5mvmNas09T0F
"August 12, 2025",Anyway,Anamanaguchi,Alternative,Independent Artist,"New York, New York",Eli Schoop,"Anamanaguchi, Anyway",matched,1zBNf8vdJjJFF3jKhrPbHZ,https://open.spotify.com/album/1zBNf8vdJjJFF3jKhrPbHZ,2UwJRAgSOi1zcLkvUNc8XL,Anamanaguchi,Anyway,2025-08-08,day,album,12.0,https://i.scdn.co/image/ab67616d0000b2738fc98ed7994671857fcb70dc,,,,matched,https://i.scdn.co/image/ab6761610000e5eb6c4fa6cb798a3edffae270b4,https://open.spotify.com/artist/2UwJRAgSOi1zcLkvUNc8XL
"August 11, 2025",ABOMINATION REVEALED AT LAST,OSEES,Punk,Osees,"Los Angeles, California",Harry Levin,"OSEES, ABOMINATION REVEALED AT LAST",no_match,,,,,,,,,,,,,,,,
"August 08, 2025",Somewhere Only We Go,Tommy WÁ,Alternative,Independent Artist,"Accra, Ghana",Ted Davis,"Tommy WÁ, Somewhere Only We Go",matched,7CkVmuSarxEAaF40gwVNWm,https://open.spotify.com/album/7CkVmuSarxEAaF40gwVNWm,17e35Wp915ZK8I2wCBT1Kd,Tommy WÁ,Somewhere Only We Go,2025-08-08,day,single,5.0,https://i.scdn.co/image/ab67616d0000b273cf5e5a838cdfc80f397caf7e,,,,matched,https://i.scdn.co/image/ab6761610000e5eb1ef047989ce0d69e3e98fddc,https://open.spotify.com/artist/17e35Wp915ZK8I2wCBT1Kd
"August 07, 2025",Bliss,alice does computer music,Experimental,Independent Artist,"New York, New York",Elle Carroll,"alice does computer music, Bliss",no_match,,,,,,,,,,,,,,,,
"August 06, 2025",Grasping For the Moon,Untethered,Jazz,Paul Giess,"Philadelphia, Pennsylvania",Peter Margasak,"Untethered, Grasping For the Moon",no_match,,,,,,,,,,,,,,,,
"August 05, 2025",THE FUTURE IS HERE AND EVERYTHING NEEDS TO BE DESTROYED,The Armed,Punk,Independent Artist,"Detroit, Michigan",Spencer Hughes,"The Armed, THE FUTURE IS HERE AND EVERYTHING NEEDS TO BE DESTROYED",matched,4bTc11nxlikKJqEEY8rMqJ,https://open.spotify.com/album/4bTc11nxlikKJqEEY8rMqJ,4V5obzWMr7BHZrjOiQwB4K,The Armed,THE FUTURE IS HERE AND EVERYTHING NEEDS TO BE DESTROYED,2025-08-01,day,album,11.0,https://i.scdn.co/image/ab67616d0000b273dadbd3f3b8280f96596e3f09,,,,matched,https://i.scdn.co/image/ab6761610000e5eb808200126421b4b32023a8ac,https://open.spotify.com/artist/4V5obzWMr7BHZrjOiQwB4K
"August 04, 2025",The Starrr Of The Queen Of Life,DEBBY FRIDAY,Pop,Independent Artist,"Toronto, Ontario",Rae-Aila Crumble,"DEBBY FRIDAY, The Starrr Of The Queen Of Life",matched,6dPzItzD6sKJWxxloYZ8U9,https://open.spotify.com/album/6dPzItzD6sKJWxxloYZ8U9,5lofelrRCFBwzTF616hSx4,DEBBY FRIDAY,The Starrr Of The Queen Of Life,2025-08-01,day,album,11.0,https://i.scdn.co/image/ab67616d0000b2730db5ef2895204de71a6f58c3,,,,matched,https://i.scdn.co/image/ab6761610000e5ebc883371894592b28cc74b218,https://open.spotify.com/artist/5lofelrRCFBwzTF616hSx4
"August 01, 2025",Ashes That Made The Shape Of My Dreams,𝘮𝘦𝘵𝘳𝘢.𝘷𝘦𝘴𝘵𝘭𝘶𝘥,Electronic,Independent Artist,,Ted Davis,"𝘮𝘦𝘵𝘳𝘢.𝘷𝘦𝘴𝘵𝘭𝘶𝘥, Ashes That Made The Shape Of My Dreams",matched,7rOrujb6owASRE12kutdr4,https://open.spotify.com/album/7rOrujb6owASRE12kutdr4,22QxXb99KiQtlYpLomWAwG,metra.vestlud,Ashes That Made the Shape of My Dreams,2025-08-01,day,album,10.0,https://i.scdn.co/image/ab67616d0000b273fc1db812500190902fbf0b8a,,,,matched,https://i.scdn.co/image/ab67616d0000b273fc1db812500190902fbf0b8a,https://open.spotify.com/artist/22QxXb99KiQtlYpLomWAwG
"July 31, 2025",Sure Beats Living,Wevie Stonder,Alternative,Independent Artist,UK,Joe Muggs,"Wevie Stonder, Sure Beats Living",matched,67KyhXNjC6IDTxfD5iUNHi,https://open.spotify.com/album/67KyhXNjC6IDTxfD5iUNHi,4UtxjtibxaFrpvxq6PZ0Yp,Wevie Stonder,Sure Beats Living,2025-07-25,day,album,12.0,https://i.scdn.co/image/ab67616d0000b2734f0838157837b29a46a89787,,,,matched,https://i.scdn.co/image/ab6761610000e5eb988552519785d45ec801d19d,https://open.spotify.com/artist/4UtxjtibxaFrpvxq6PZ0Yp
"July 30, 2025",Louhi,Pharaoh Overlord,Experimental,Independent Artist,"Pori, Finland",JR Moores,"Pharaoh Overlord, Louhi",matched,4dFD8u8BBzGZj6Gp4WxNui,https://open.spotify.com/album/4dFD8u8BBzGZj6Gp4WxNui,3Aym9HWMoIOubfMXll94Jp,Pharaoh Overlord,Louhi,2025-07-25,day,album,6.0,https://i.scdn.co/image/ab67616d0000b27384cab9cb21d4b7e5c711d107,,,,matched,https://i.scdn.co/image/ab67616d0000b2732d71797c5d65fcab256ebacc,https://open.spotify.com/artist/3Aym9HWMoIOubfMXll94Jp
"July 29, 2025",Then The Darkness,Grayceon,Metal,Independent Artist,"San Francisco, California",JR Moores,"Grayceon, Then The Darkness",matched,33WCf7mEgfY7chb3F91A2l,https://open.spotify.com/album/33WCf7mEgfY7chb3F91A2l,6FMByiXYyVWCsnfRz08wO3,Grayceon,Then The Darkness,2025-07-25,day,album,11.0,https://i.scdn.co/image/ab67616d0000b273df3da5912552537623ab35db,,,,matched,https://i.scdn.co/image/ab67616d0000b273df3da5912552537623ab35db,https://open.spotify.com/artist/6FMByiXYyVWCsnfRz08wO3
"July 28, 2025","Bitter Sweet, Sweet Bitter",Fortunato Durutti Marinetti,Rock,Independent Artist,"Toronto, Ontario",Stuart Berman,"Fortunato Durutti Marinetti, Bitter Sweet, Sweet Bitter",no_match,,,,,,,,,,,,,,,,
"July 25, 2025",Music for Nitrous Oxide (30 Year Anniversary Remastered),Stars of the Lid,Ambient,Independent Artist,"Brussels, Belgium",Erick Bradshaw,"Stars of the Lid, Music for Nitrous Oxide (30 Year Anniversary Remastered)",matched,5E2CTk9a7gJSOmMdy5NJcK,https://open.spotify.com/album/5E2CTk9a7gJSOmMdy5NJcK,36pCa1JHc6hlGbfEmLzJQc,Stars Of The Lid,Music for Nitrous Oxide (30 Year Anniversary Remastered),2025-07-25,day,album,9.0,https://i.scdn.co/image/ab67616d0000b273056473fe77487dee82e80168,,,,matched,https://i.scdn.co/image/ab6761610000e5eb4cd47defce818236e875e8df,https://open.spotify.com/artist/36pCa1JHc6hlGbfEmLzJQc
"July 24, 2025",Jittoku ’76,Les Rallizes Dénudés,Experimental,Independent Artist,"Kyoto, Japan",Erick Bradshaw,"Les Rallizes Dénudés, Jittoku ’76",matched,181Pz3UQ6RYWHh0URw4scn,https://open.spotify.com/album/181Pz3UQ6RYWHh0URw4scn,1LxdCpPSFpzNBKyQI22aDz,Les Rallizes Dénudés,Jittoku '76,2025-08-22,day,album,9.0,https://i.scdn.co/image/ab67616d0000b2735a1ab3ca232a5f30201c97d5,,,,matched,https://i.scdn.co/image/ab6761610000e5eb713ebe89e60953355cf21069,https://open.spotify.com/artist/1LxdCpPSFpzNBKyQI22aDz
"July 23, 2025",Tectonic Sound,Various Artists,Electronic,Tectonic Recordings,"Bristol, UK",Joe Muggs,"Various Artists, Tectonic Sound",matched,6fZab445GXHj3FPdGhYOiv,https://open.spotify.com/album/6fZab445GXHj3FPdGhYOiv,0LyfQWJT6nXafLPZqxe9Of,Various Artists,Tectonic Sound,2025-07-18,day,compilation,24.0,https://i.scdn.co/image/ab67616d0000b2734d6b73d4159c38b113cd7b86,,,,matched,https://i.scdn.co/image/ab6761610000e5eb6b134287e3095d2c84b7932a,https://open.spotify.com/artist/0LyfQWJT6nXafLPZqxe9Of
"July 22, 2025",Contacting,Sunmundi & Sasco,Hip-Hop/Rap,Sasco,"Brooklyn, New York",Dylan Green,"Sunmundi & Sasco, Contacting",no_match,,,,,,,,,,,,,,,,
"July 21, 2025",The Molokai Compendium,Nmesh,Electronic,Independent Artist,"Louisville, Kentucky",Ted Davis,"Nmesh, The Molokai Compendium",no_match,,,,,,,,,,,,,,,,
"July 18, 2025",Beside Myself,Dj Haram,Electronic,dj haram,"Brooklyn, New York",Joe Muggs,"Dj Haram, Beside Myself",matched,1HefOvYgOuMNvimlMTpUhc,https://open.spotify.com/album/1HefOvYgOuMNvimlMTpUhc,13VynrBSvRLrAX5YqdD1vl,DJ Haram,Beside Myself,2025-07-18,day,album,14.0,https://i.scdn.co/image/ab67616d0000b2737244b803d507f027903a481b,,,,matched,https://i.scdn.co/image/ab6761610000e5eb4d0a4b6d472e146ad536915b,https://open.spotify.com/artist/13VynrBSvRLrAX5YqdD1vl
"July 17, 2025",Flesh Mourning,Re-Buried,Metal,Independent Artist,"Seattle, Washington",Brad Sanders,"Re-Buried, Flesh Mourning",matched,6V2ZT2XoyIQvIaFbt2fPAU,https://open.spotify.com/album/6V2ZT2XoyIQvIaFbt2fPAU,0gY7I2I1SHhpXKjf2XoSjK,Re-buried,Flesh Mourning,2025-07-18,day,album,8.0,https://i.scdn.co/image/ab67616d0000b273851b74944dc5befdf85478f2,,,,matched,https://i.scdn.co/image/ab67616d0000b273851b74944dc5befdf85478f2,https://open.spotify.com/artist/0gY7I2I1SHhpXKjf2XoSjK
"July 16, 2025",My Home is Not In This World,Natalie Bergman,R&amp;B/Soul,Independent Artist,"Chicago, Illinois",Jennifer Kelly,"Natalie Bergman, My Home is Not In This World",matched,3ioKmigfvYnT6nKa3SpNpe,https://open.spotify.com/album/3ioKmigfvYnT6nKa3SpNpe,6YP6iGwynI5kEyNYxfxVeC,Natalie Bergman,My Home Is Not In This World,2025-07-18,day,album,12.0,https://i.scdn.co/image/ab67616d0000b273e878c02441c5ca722d3d9d39,,,,matched,https://i.scdn.co/image/ab6761610000e5eb39ab04f8244e090c7318aa08,https://open.spotify.com/artist/6YP6iGwynI5kEyNYxfxVeC
"July 15, 2025",Neighborhood Gods Unlimited,Open Mike Eagle,Hip-Hop/Rap,Independent Artist,Los Angeles,Dash Lewis,"Open Mike Eagle, Neighborhood Gods Unlimited",matched,5TgdklWQYwr3eTPmrmnn8t,https://open.spotify.com/album/5TgdklWQYwr3eTPmrmnn8t,5CuU6SRJjbbZL926nSGGxX,Open Mike Eagle,Neighborhood Gods Unlimited,2025-07-11,day,album,14.0,https://i.scdn.co/image/ab67616d0000b273875a3ecd8efd074f6c1ce431,,,,matched,https://i.scdn.co/image/ab6761610000e5eb96826659fcdac3bd12fea8a8,https://open.spotify.com/artist/5CuU6SRJjbbZL926nSGGxX
"July 14, 2025",All Smiles Tonight,Poor Creature,Folk,Independent Artist,,Mike McGrath-Bryan,"Poor Creature, All Smiles Tonight",matched,3HHpzz0BJzocuh7IPRZcxE,https://open.spotify.com/album/3HHpzz0BJzocuh7IPRZcxE,3mtqHrUS1BAX0hIvwiU0X0,Poor Creature,All Smiles Tonight,2025-07-11,day,album,8.0,https://i.scdn.co/image/ab67616d0000b273f0c40dd9c37a91585d339a16,,,,matched,https://i.scdn.co/image/ab6761610000e5eba0e15e2833989587a7658db3,https://open.spotify.com/artist/3mtqHrUS1BAX0hIvwiU0X0
"July 11, 2025",The Fateful Symmetry,Mark Stewart,Alternative,Independent Artist,"Bristol, UK",Jim Allen,"Mark Stewart, The Fateful Symmetry",matched,1jXmWxhrOo13TiVeMi7weM,https://open.spotify.com/album/1jXmWxhrOo13TiVeMi7weM,0p9SsqmppyP3CY3Rp78opc,Mark Stewart,The Fateful Symmetry,2025-07-11,day,album,9.0,https://i.scdn.co/image/ab67616d0000b2730261392a6e666a1a043fc581,,,,matched,https://i.scdn.co/image/ab6761610000e5eb7f9f90bf712020a550ddc40a,https://open.spotify.com/artist/0p9SsqmppyP3CY3Rp78opc
"July 10, 2025",Attrition,Slikback,Electronic,Independent Artist,"Nairobi, Kenya",Joseph Francis,"Slikback, Attrition",matched,0vFA2AUaFloJHvMn2C0EIW,https://open.spotify.com/album/0vFA2AUaFloJHvMn2C0EIW,0NwRAG9DawUqqgur9925fA,Slikback,Attrition,2025-07-18,day,album,11.0,https://i.scdn.co/image/ab67616d0000b273f3edc5f72aa73e6d906ecc11,,,,matched,https://i.scdn.co/image/ab6761610000e5eb266eedf89f89e330ffcdc25c,https://open.spotify.com/artist/0NwRAG9DawUqqgur9925fA
"July 09, 2025",State Change,Molly Joyce,Electronic,Independent Artist,"Charlottesville, Virginia",Matthew Blackwell,"Molly Joyce, State Change",matched,1u8qK4z3JKBzIyRIKSgbme,https://open.spotify.com/album/1u8qK4z3JKBzIyRIKSgbme,3pQJqAPDY0kqdUamnYOtN7,Molly Joyce,State Change,2025-07-11,day,album,7.0,https://i.scdn.co/image/ab67616d0000b273ac4b4ef3846cba916838fcf6,,,,matched,https://i.scdn.co/image/ab6761610000e5ebb69c6f37de3a93ff93e18172,https://open.spotify.com/artist/3pQJqAPDY0kqdUamnYOtN7
"July 08, 2025",A Selection Of Music From Libyan Tapes,Various Artists,World,Habibi Funk Records,"Berlin, Germany",Collin Smith,"Various Artists, A Selection Of Music From Libyan Tapes",matched,7eHbW4jaFRWpm3vvX6b9JO,https://open.spotify.com/album/7eHbW4jaFRWpm3vvX6b9JO,0LyfQWJT6nXafLPZqxe9Of,Various Artists,A Selection of Music from Libyan Tapes (Habibi Funk 031),2025-07-04,day,compilation,15.0,https://i.scdn.co/image/ab67616d0000b273dc5ea82987ccf9551aadaab7,,,,matched,https://i.scdn.co/image/ab6761610000e5eb6b134287e3095d2c84b7932a,https://open.spotify.com/artist/0LyfQWJT6nXafLPZqxe9Of
"July 07, 2025",Nadir,Sababa 5,Jazz,Independent Artist,"Paris, France",Tina Edwards,"Sababa 5, Nadir",matched,456DzfIbWVhzuIY1BCHBVr,https://open.spotify.com/album/456DzfIbWVhzuIY1BCHBVr,4MAzZqdLNuFniumG9Sbjiu,Sababa 5,Nadir,2025-07-04,day,album,11.0,https://i.scdn.co/image/ab67616d0000b2734a17d358c06fa38f1dc0979c,,,,matched,https://i.scdn.co/image/ab6761610000e5ebfec6125f6850249c6adbd875,https://open.spotify.com/artist/4MAzZqdLNuFniumG9Sbjiu
"July 03, 2025",Pantilde,The Worm,Folk,Independent Artist,"Penryn, UK",JR Moores,"The Worm, Pantilde",matched,6k4okPlf0BgBk7L8Uprcqk,https://open.spotify.com/album/6k4okPlf0BgBk7L8Uprcqk,5B24EHdekrZhg0SWmMBdfl,The Worm,Pantilde,2025-07-04,day,album,12.0,https://i.scdn.co/image/ab67616d0000b2734b3d04a53d4b71f531649e2d,,,,matched,https://i.scdn.co/image/ab6761610000e5eb286d51c472637bf9e4da6cc1,https://open.spotify.com/artist/5B24EHdekrZhg0SWmMBdfl
"July 02, 2025",Late Great,Laura Stevenson,Folk,Independent Artist,New York,Hayden Merrick,"Laura Stevenson, Late Great",matched,637RjNPlB66TysQ9cn577L,https://open.spotify.com/album/637RjNPlB66TysQ9cn577L,1lVadNivMiSkc2N6irhWdg,Laura Stevenson,Late Great,2025-06-27,day,album,12.0,https://i.scdn.co/image/ab67616d0000b273dd78609eb87e43267c877a7d,,,,matched,https://i.scdn.co/image/ab6761610000e5eb9cceff5bbf3d0be48c512368,https://open.spotify.com/artist/1lVadNivMiSkc2N6irhWdg
"July 01, 2025",Various Artists: Music For A Revolution Vol 1: Guinea’s Syliphone Recording Label (1967-1973),Radio Martiko,World,Independent Artist,Belgium,Matthew Blackwell,"Radio Martiko, Various Artists: Music For A Revolution Vol 1: Guinea’s Syliphone Recording Label (1967-1973)",no_match,,,,,,,,,,,,,,,,
"June 30, 2025",Winged Victory,Willi Carlisle,Country,Independent Artist,Missouri,Ben Salmon,"Willi Carlisle, Winged Victory",matched,3KQ39o2TcT6nJgGFt6C5Gl,https://open.spotify.com/album/3KQ39o2TcT6nJgGFt6C5Gl,3JXh5RaaZipkV08RQK9L3L,Willi Carlisle,Winged Victory,2025-06-27,day,album,11.0,https://i.scdn.co/image/ab67616d0000b273740624da55a3759738418633,,,,matched,https://i.scdn.co/image/ab6761610000e5eb4a5987daa4c4e84fe9181339,https://open.spotify.com/artist/3JXh5RaaZipkV08RQK9L3L
"June 27, 2025",Switcheroo,Gelli Haha,Pop,Independent Artist,"Los Angeles, California",Elle Carroll,"Gelli Haha, Switcheroo",matched,0oMDgfgLtjo8bBps7tsUY6,https://open.spotify.com/album/0oMDgfgLtjo8bBps7tsUY6,4O0acxqHYUQGGMqOICiSeI,Gelli Haha,Switcheroo,2025-06-27,day,album,10.0,https://i.scdn.co/image/ab67616d0000b2730a328561640563549d6c5c61,,,,matched,https://i.scdn.co/image/ab6761610000e5ebeeedc69add90968d948b0c25,https://open.spotify.com/artist/4O0acxqHYUQGGMqOICiSeI
"June 26, 2025",Sunwise,Brìghde Chaimbeul,Folk,Independent Artist,"Scotland, UK",Michal Wieczorek,"Brìghde Chaimbeul, Sunwise",matched,42xUwjm0LOF9A0TjONtuII,https://open.spotify.com/album/42xUwjm0LOF9A0TjONtuII,7AzZeX7Q9ziRE6mILhQZ8W,Brìghde Chaimbeul,Sunwise,2025-06-27,day,album,8.0,https://i.scdn.co/image/ab67616d0000b273e274c526aed2a5c569d3bdf2,,,,matched,https://i.scdn.co/image/ab6761610000e5ebfd1ea9b3b52d36aeb9fef6e5,https://open.spotify.com/artist/7AzZeX7Q9ziRE6mILhQZ8W
"June 25, 2025",R4,Black Sites,Electronic,Tresor Records,"Berlin, Germany",Joe Muggs,"Black Sites, R4",no_match,,,,,,,,,,,,,,,,
"June 24, 2025",The Way of Time,Biosphere,Ambient,Independent Artist,"Tromsø, Norway",Louis Pattison,"Biosphere, The Way of Time",matched,5bvnzjJhvJShhiX4ooaDgN,https://open.spotify.com/album/5bvnzjJhvJShhiX4ooaDgN,2rcnAZ6DvORQ365X3zVYpr,Biosphere,The Way Of Time,2025-06-20,day,album,6.0,https://i.scdn.co/image/ab67616d0000b273fe82376bcaced3434b9d5cbd,,,,matched,https://i.scdn.co/image/27d5f3835207c457a51e06dfad8ead34d75901ea,https://open.spotify.com/artist/2rcnAZ6DvORQ365X3zVYpr
"June 23, 2025",INFINITY CLUB II,BAMBII,Electronic,Independent Artist,"Toronto, Ontario",April Clare Welsh,"BAMBII, INFINITY CLUB II",matched,65rerxGdYHjGKB9Fx26rYK,https://open.spotify.com/album/65rerxGdYHjGKB9Fx26rYK,6kf69CwzgodrETRgzcjX95,BAMBII,INFINITY CLUB II,2025-06-20,day,single,12.0,https://i.scdn.co/image/ab67616d0000b273dff2d595a10a891690368f3f,,,,matched,https://i.scdn.co/image/ab6761610000e5eb1bd63a9190981624ea7e016f,https://open.spotify.com/artist/6kf69CwzgodrETRgzcjX95
"June 20, 2025",do it afraid,Yaya Bey,R&amp;B/Soul,yaya bey,"Brooklyn, New York",Rae-Aila Crumble,"Yaya Bey, do it afraid",matched,43EgijZ2EwYb8xgRDMh8GK,https://open.spotify.com/album/43EgijZ2EwYb8xgRDMh8GK,6tpaMMCs8X6o8j9H5OmWmT,Yaya Bey,do it afraid,2025-06-20,day,album,18.0,https://i.scdn.co/image/ab67616d0000b27328805043043eb1aa87c00f19,,,,matched,https://i.scdn.co/image/ab6761610000e5eb9a3287ee249df037a01f268a,https://open.spotify.com/artist/6tpaMMCs8X6o8j9H5OmWmT
"June 18, 2025",My Government Is My Soul,Bourbonese Qualk,Punk,Mannequin Records,Germany,Jim Allen,"Bourbonese Qualk, My Government Is My Soul",matched,5RrIJGlq8Jzh0MmA4G9Ut6,https://open.spotify.com/album/5RrIJGlq8Jzh0MmA4G9Ut6,631AHY7OuS17Q3EK0y00un,Bourbonese Qualk,My Government Is My Soul (Expanded Version),2025-06-16,day,album,16.0,https://i.scdn.co/image/ab67616d0000b273acc15f5fe96efbef86b46c14,,,,matched,https://i.scdn.co/image/ab6761610000e5eb48daf0c21062101f2ea5c1f6,https://open.spotify.com/artist/631AHY7OuS17Q3EK0y00un
"June 17, 2025",I Saw The World End (Hangman’s Hymn MMXXV),Sigh,Metal,Peaceville,"London, UK",Brad Sanders,"Sigh, I Saw The World End (Hangman’s Hymn MMXXV)",matched,4idiYAfr1PoVH9C6H0UcgI,https://open.spotify.com/album/4idiYAfr1PoVH9C6H0UcgI,4VUguuy2qoVGDMwH1tL7Qr,Sigh,I Saw The World's End (Hangman's Hymn MMXXV Rerecorded),2025-06-13,day,album,12.0,https://i.scdn.co/image/ab67616d0000b273229c1cec31f4912b1f65b1ef,,,,matched,https://i.scdn.co/image/ab6761610000e5eb275ad0ae400fe441304c5bbe,https://open.spotify.com/artist/4VUguuy2qoVGDMwH1tL7Qr
"June 16, 2025",A Room With A Door That Closes,Maiya Blaney,Alternative,Independent Artist,"New York, New York",Fred Pessaro,"Maiya Blaney, A Room With A Door That Closes",matched,5BiULOhpmf5jUr39PDAMzz,https://open.spotify.com/album/5BiULOhpmf5jUr39PDAMzz,0SdETlosHnWN9VNqJKpFGl,Maiya Blaney,A Room With A Door That Closes,2025-06-13,day,album,11.0,https://i.scdn.co/image/ab67616d0000b27375383637e5c97c2fc4acef8a,,,,matched,https://i.scdn.co/image/ab6761610000e5eb15f97946263bb2a5651119fb,https://open.spotify.com/artist/0SdETlosHnWN9VNqJKpFGl
"June 13, 2025",Phantom Island,King Gizzard & the Lizard Wizard,Rock,King Gizzard &amp; The Lizard Wizard,"Melbourne, Australia",Jude Noel,"King Gizzard & the Lizard Wizard, Phantom Island",no_match,,,,,,,,,,,,,,,,
"June 12, 2025",Island Slang,Lagoss & Abagwagwa,Electronic,Lagoss,"CN, Spain",Ted Davis,"Lagoss & Abagwagwa, Island Slang",no_match,,,,,,,,,,,,,,,,
"June 11, 2025",Tether,Annahstasia,R&amp;B/Soul,Independent Artist,"Los Angeles, California",Jim Allen,"Annahstasia, Tether",matched,3SBuk7ZuXQCJQ6IfrOPfyz,https://open.spotify.com/album/3SBuk7ZuXQCJQ6IfrOPfyz,1hElmDU1PFIf4JbkdOcMRE,Annahstasia,Tether,2025-06-13,day,album,11.0,https://i.scdn.co/image/ab67616d0000b27383e938b90eede703dc07dc52,,,,matched,https://i.scdn.co/image/ab6761610000e5eb94ab99542fe3f490d3fa0257,https://open.spotify.com/artist/1hElmDU1PFIf4JbkdOcMRE
"June 10, 2025","Magic, Alive!",McKinley Dixon,Hip-Hop/Rap,Independent Artist,"Richmond, Virginia",Dylan Green,"McKinley Dixon, Magic, Alive!",matched,0RXsRwX4iMCKkSFPoSs8Go,https://open.spotify.com/album/0RXsRwX4iMCKkSFPoSs8Go,5trjmXbxVZ8E68aVhj8Nko,McKinley Dixon,"Magic, Alive!",2025-06-06,day,album,11.0,https://i.scdn.co/image/ab67616d0000b273a35f4d1997eae45a4c229658,,,,matched,https://i.scdn.co/image/ab6761610000e5ebe453b01c8d0c672cf7c06c40,https://open.spotify.com/artist/5trjmXbxVZ8E68aVhj8Nko
"June 09, 2025",Los Bosquesinos,Wampís of Guayabal & Aboutface,World,Aboutface,UK,Matthew Blackwell,"Wampís of Guayabal & Aboutface, Los Bosquesinos",no_match,,,,,,,,,,,,,,,,
"June 06, 2025",Ripped and Torn,Lifeguard,Rock,Independent Artist,"Chicago, Illinois",Erick Bradshaw,"Lifeguard, Ripped and Torn",matched,3B22vFtjNRkF1ZBnCYEDa9,https://open.spotify.com/album/3B22vFtjNRkF1ZBnCYEDa9,17HkDJlzsK1YoBja2XmY5O,Lifeguard,Ripped and Torn,2025-06-06,day,album,12.0,https://i.scdn.co/image/ab67616d0000b2735bb97c465460b1077fba84b4,,,,matched,https://i.scdn.co/image/ab6761610000e5ebd7fb568852ba9ed5a9f47d10,https://open.spotify.com/artist/17HkDJlzsK1YoBja2XmY5O
"June 05, 2025",Faith,Purelink,,Independent Artist,"Brooklyn, New York",Matthew Blackwell,"Purelink, Faith",matched,4QJJWfZ6RR9HDb7jfXkbAM,https://open.spotify.com/album/4QJJWfZ6RR9HDb7jfXkbAM,2kUrBcfh7PVIivyYGAVjrQ,Purelink,Faith,2025-06-06,day,album,6.0,https://i.scdn.co/image/ab67616d0000b27371ad42b3540d868a58ce6ae2,,,,matched,https://i.scdn.co/image/ab6761610000e5ebc04d45a50176b129388986b9,https://open.spotify.com/artist/2kUrBcfh7PVIivyYGAVjrQ
"June 04, 2025","It’s Closeness, It’s Easy",Planning For Burial,Metal,Independent Artist,"Wilkes Barre, Pennsylvania",J. Bennett,"Planning For Burial, It’s Closeness, It’s Easy",no_match,,,,,,,,,,,,,,,,
"June 03, 2025",Não Estragou Nada,Various Artists,Electronic,Príncipe,"Lisbon, Portugal",Joseph Francis,"Various Artists, Não Estragou Nada",matched,52rOuGukory72JZ2iMd6CQ,https://open.spotify.com/album/52rOuGukory72JZ2iMd6CQ,0LyfQWJT6nXafLPZqxe9Of,Various Artists,Não Estragou Nada,2025-05-30,day,compilation,37.0,https://i.scdn.co/image/ab67616d0000b273e7754fe81dda40095efcb0e9,,,,matched,https://i.scdn.co/image/ab6761610000e5eb6b134287e3095d2c84b7932a,https://open.spotify.com/artist/0LyfQWJT6nXafLPZqxe9Of
"June 02, 2025",Chrome Dipped,Civic,Rock,Independent Artist,"Melbourne, Australia",Jennifer Kelly,"Civic, Chrome Dipped",matched,3fgmPOqcBF5UiR03rcB3XG,https://open.spotify.com/album/3fgmPOqcBF5UiR03rcB3XG,7ATw5ZiG6dfYFUUVpCsyFe,CIVIC,Chrome Dipped,2025-05-30,day,album,11.0,https://i.scdn.co/image/ab67616d0000b273a3a057f948e3763b85a082b0,,,,matched,https://i.scdn.co/image/ab6761610000e5ebe4c227e6702df2bf33b6d439,https://open.spotify.com/artist/7ATw5ZiG6dfYFUUVpCsyFe
"May 30, 2025",Possession,Ty Segall,Alternative,Independent Artist,"Los Angeles, California",Collin Smith,"Ty Segall, Possession",matched,3ZxMlJq7ztw1jd5mDEaNkl,https://open.spotify.com/album/3ZxMlJq7ztw1jd5mDEaNkl,58XGUNsRNu3cVOIOYk5chx,Ty Segall,Possession,2025-05-30,day,album,10.0,https://i.scdn.co/image/ab67616d0000b2737a85962ffab720ad914b195d,,,,matched,https://i.scdn.co/image/ab6761610000e5eb3d15ba7d102292487fec0995,https://open.spotify.com/artist/58XGUNsRNu3cVOIOYk5chx
"May 29, 2025",Black Hole Superette,Aesop Rock,Hip-Hop/Rap,Independent Artist,,Sam Davies,"Aesop Rock, Black Hole Superette",matched,63y5mkLctupacSr20e0O6j,https://open.spotify.com/album/63y5mkLctupacSr20e0O6j,2fSaE6BXtQy0x7R7v9IOmZ,Aesop Rock,Black Hole Superette,2025-05-30,day,album,18.0,https://i.scdn.co/image/ab67616d0000b27341099595d5b6824762277406,,,,matched,https://i.scdn.co/image/ab6761610000e5eb4398e5393ffcb2ed10b8075e,https://open.spotify.com/artist/2fSaE6BXtQy0x7R7v9IOmZ
"May 28, 2025",Dubs From the Foundation,Iration Steppas,Reggae,VP Records,"Queens, New York",Andy Thomas,"Iration Steppas, Dubs From the Foundation",matched,5Oj6LeQxNZe6zw9LvgeC3O,https://open.spotify.com/album/5Oj6LeQxNZe6zw9LvgeC3O,0wDFiWgPfBeW7x5kVPBYTW,Iration Steppas,Dubs From The Foundation,2025-05-23,day,album,20.0,https://i.scdn.co/image/ab67616d0000b27374f1c126dc0a9ccb6e0e4508,,,,matched,https://i.scdn.co/image/ab6761610000e5ebade992e7a04424d7f201ff5a,https://open.spotify.com/artist/0wDFiWgPfBeW7x5kVPBYTW
"May 27, 2025",Idolar,Moskito,World,Independent Artist,"Johannesburg, South Africa",Joseph Francis,"Moskito, Idolar",matched,3SjuOfwmyEqqOo8K5zcUdh,https://open.spotify.com/album/3SjuOfwmyEqqOo8K5zcUdh,4hPl23nJcNmFMEabNKAoJY,Moskito,Idolar,2001-12-31,day,album,10.0,https://i.scdn.co/image/ab67616d0000b2738485ca20e3932a5c5c919967,,,,matched,https://i.scdn.co/image/ab67616d0000b2738485ca20e3932a5c5c919967,https://open.spotify.com/artist/4hPl23nJcNmFMEabNKAoJY
"May 23, 2025",Instant Holograms On Metal Film,Stereolab,Alternative,Independent Artist,"London, UK",Erick Bradshaw,"Stereolab, Instant Holograms On Metal Film",matched,5nS7jRCPubnZF0OsXEM0D7,https://open.spotify.com/album/5nS7jRCPubnZF0OsXEM0D7,3Rj0tDHoX7C5NFq5DKIpHt,Stereolab,Instant Holograms On Metal Film,2025-05-23,day,album,13.0,https://i.scdn.co/image/ab67616d0000b27390a8571786d2c2be4262503c,,,,matched,https://i.scdn.co/image/ab6761610000e5ebe5aecb2a4e2bff9782f9e2f2,https://open.spotify.com/artist/3Rj0tDHoX7C5NFq5DKIpHt
"May 22, 2025",The Loss,Mares of Thrace,Metal,Mares Of Thrace,"Calgary, Alberta",Grayson Haver Currin,"Mares of Thrace, The Loss",matched,0fYQL2YmgOPe1y32HUBPXk,https://open.spotify.com/album/0fYQL2YmgOPe1y32HUBPXk,0qeQtOu0Sd9qCkqFl4OEd8,Mares of Thrace,The Loss,2025-05-16,day,album,9.0,https://i.scdn.co/image/ab67616d0000b273f92d640226caf5fffff01576,,,,matched,https://i.scdn.co/image/ab6761610000e5eba234517062a7f545edfe07ef,https://open.spotify.com/artist/0qeQtOu0Sd9qCkqFl4OEd8
"May 21, 2025",Somnia,Swimming Bell,Alternative,Independent Artist,New York,Jennifer Kelly,"Swimming Bell, Somnia",matched,6thZOdIUdTLbxd8JVOZvZ7,https://open.spotify.com/album/6thZOdIUdTLbxd8JVOZvZ7,2YzisqAN8niUVhau8ujC6C,Swimming Bell,Somnia,2025-05-16,day,single,5.0,https://i.scdn.co/image/ab67616d0000b273fd5e63ce02139ed303d41a63,,,,matched,https://i.scdn.co/image/ab6761610000e5eb896ac68024fbc9fbbac0c9dd,https://open.spotify.com/artist/2YzisqAN8niUVhau8ujC6C
"May 20, 2025",Delicious,Alex Paxton,Classical,Independent Artist,"London, UK",Peter Margasak,"Alex Paxton, Delicious",matched,2n80CvJHe56YZROVgF16yC,https://open.spotify.com/album/2n80CvJHe56YZROVgF16yC,2C0bOaofAzVrdU4uKFrboK,Alex Paxton,Delicious,2025-05-16,day,album,13.0,https://i.scdn.co/image/ab67616d0000b273980e550a67e698b11c9e9008,,,,matched,https://i.scdn.co/image/ab6761610000e5ebd72d3f09bfff1b72c637ac04,https://open.spotify.com/artist/2C0bOaofAzVrdU4uKFrboK
"May 19, 2025","Mike Vest, & Dave Sneddon, To Be True, Then The Loop Will Run Forever",Kawaguchi Masami 川口雅巳,Rock,WV Sorcerer Productions 巫唱片,France,Jim Allen,"Kawaguchi Masami 川口雅巳, Mike Vest, & Dave Sneddon, To Be True, Then The Loop Will Run Forever",no_match,,,,,,,,,,,,,,,,
"May 16, 2025",Musical Chairs,Artificial Go,Punk,Independent Artist,"Cincinnati, Ohio",Erick Bradshaw,"Artificial Go, Musical Chairs",matched,3YdBR5iRFhysLBG92P16M3,https://open.spotify.com/album/3YdBR5iRFhysLBG92P16M3,6XBGmjpy9vfSmarlFHppRU,Artificial Go,Musical Chairs,2025-05-16,day,album,10.0,https://i.scdn.co/image/ab67616d0000b2730dfc8e2226ce913a5d0d0254,,,,matched,https://i.scdn.co/image/ab6761610000e5eb1d37f9e0ce7aac78c9ac1abd,https://open.spotify.com/artist/6XBGmjpy9vfSmarlFHppRU
"May 15, 2025",Reflection Of Another Self,Milena Casado,Jazz,Independent Artist,Spain,Matthew Blackwell,"Milena Casado, Reflection Of Another Self",matched,6klWb29Hd4fnpVb8fMv9UU,https://open.spotify.com/album/6klWb29Hd4fnpVb8fMv9UU,6i3BwCBGwY56yDLDoNlbyD,Milena Casado,Reflection Of Another Self,2025-05-16,day,album,13.0,https://i.scdn.co/image/ab67616d0000b273c96cb61ea2042a8cc61119b3,,,,matched,https://i.scdn.co/image/ab6761610000e5eb074f286ca724e8a9b45fdf2a,https://open.spotify.com/artist/6i3BwCBGwY56yDLDoNlbyD
"May 14, 2025",pachamami,Dinamarca & Meth Math,Electronic,dinamarca,"Stockholm, Sweden",Joseph Francis,"Dinamarca & Meth Math, pachamami",no_match,,,,,,,,,,,,,,,,
"May 13, 2025",Land’s End Eternal,Cole Pulice,Ambient,Independent Artist,"Oakland, California",Matthew Blackwell,"Cole Pulice, Land’s End Eternal",no_match,,,,,,,,,,,,,,,,
"May 12, 2025",Road Fever: New Generation Carnival Riddims from St. Lucia and Dominica,Various Artists,World,Soundway Records,UK,Maria Barrios,"Various Artists, Road Fever: New Generation Carnival Riddims from St. Lucia and Dominica",no_match,,,,,,,,,,,,,,,,
"May 09, 2025",spelewithiipi,Nechochwen,Folk,Independent Artist,West Virginia,Brad Sanders,"Nechochwen, spelewithiipi",matched,4tpjMHXJlax1uO8dhnJnUZ,https://open.spotify.com/album/4tpjMHXJlax1uO8dhnJnUZ,5NR3B2JbgvsEyakocacEoM,Nechochwen,spelewithiipi,2025-05-09,day,album,9.0,https://i.scdn.co/image/ab67616d0000b273585f08c973c2a3489d4358d7,,,,matched,https://i.scdn.co/image/ab67616d0000b27324ffaa9f692e5c59da639ee6,https://open.spotify.com/artist/5NR3B2JbgvsEyakocacEoM
"May 08, 2025",Sonor,Enji,Jazz,Independent Artist,"Munich, Germany",Shy Clara Thompson,"Enji, Sonor",matched,54jkCzsoLyPGcVAAmLpwdf,https://open.spotify.com/album/54jkCzsoLyPGcVAAmLpwdf,5SAQAlJKszQa6PZyp4lT7s,Enji,Sonor,2025-05-02,day,album,11.0,https://i.scdn.co/image/ab67616d0000b2734d75e807470be8aae85ca08b,,,,matched,https://i.scdn.co/image/ab6761610000e5eb9d54ab8e5501d65e335a5fe7,https://open.spotify.com/artist/5SAQAlJKszQa6PZyp4lT7s
"May 07, 2025",Deserted Palace,Jean-Michel Jarre,Electronic,Transversales Disques,"Paris, France",Jim Allen,"Jean-Michel Jarre, Deserted Palace",matched,5xNWT8NRtlC6Nrsfb921Hm,https://open.spotify.com/album/5xNWT8NRtlC6Nrsfb921Hm,5MhLmv7GgyjbxGqiIGasvT,Jean-Michel Jarre,Deserted Palace,1972-01-01,day,album,15.0,https://i.scdn.co/image/ab67616d0000b273dcdf76d83e485e2b90625c42,,,,matched,https://i.scdn.co/image/ab6772690000c46c212d3ae0cd73c47a3eec3be2,https://open.spotify.com/artist/5MhLmv7GgyjbxGqiIGasvT
"May 06, 2025",YEARN IV,Teether & Kuya Neil,Hip-Hop/Rap,Teether &amp; Kuya Neil,"Melbourne, Australia",Christina Lee,"Teether & Kuya Neil, YEARN IV",no_match,,,,,,,,,,,,,,,,
"May 05, 2025",Clandestine,Anysia Kym & Loraine James,R&amp;B/Soul,Anysia Kym,"New York, New York",April Clare Welsh,"Anysia Kym & Loraine James, Clandestine",no_match,,,,,,,,,,,,,,,,
"May 02, 2025",Lake Fire,loscil,Electronic,Independent Artist,Vancouver,Jon Dale,"loscil, Lake Fire",matched,0mix5UIlqNljJn6HXcRD5E,https://open.spotify.com/album/0mix5UIlqNljJn6HXcRD5E,3GM5cpCBadq2PMHjFoEvhK,Loscil,Lake Fire,2025-05-02,day,album,9.0,https://i.scdn.co/image/ab67616d0000b2730ec16aed608826d1b56411e9,,,,matched,https://i.scdn.co/image/ab6761610000e5eb2930a1aa0bdc42db60fb0680,https://open.spotify.com/artist/3GM5cpCBadq2PMHjFoEvhK
"May 01, 2025",IN WAYS,Slung,Rock,Independent Artist,"Brighton And Hove, UK",Spencer Hughes,"Slung, IN WAYS",matched,3Ebcx4akssYwIfFgWu6w7q,https://open.spotify.com/album/3Ebcx4akssYwIfFgWu6w7q,7EEluFWhabUJwqInW2J654,Slung,In Ways,2025-05-02,day,album,11.0,https://i.scdn.co/image/ab67616d0000b27372bf9d847effad196a470926,,,,matched,https://i.scdn.co/image/ab6761610000e5eb14cc180dbb5ff97c32c83ed6,https://open.spotify.com/artist/7EEluFWhabUJwqInW2J654
"April 30, 2025",Dream of Snakes,Lila Tirando a Violeta,Electronic,Independent Artist,Uruguay,Joe Muggs,"Lila Tirando a Violeta, Dream of Snakes",matched,2yqna7QeB3aV0At0CbxNLv,https://open.spotify.com/album/2yqna7QeB3aV0At0CbxNLv,1ZD9xcoRJKY4ldaV4UuAhx,Lila Tirando a Violeta,Dream of Snakes,2025-04-25,day,album,11.0,https://i.scdn.co/image/ab67616d0000b273dbae0669ef9734222003c78e,,,,matched,https://i.scdn.co/image/ab6761610000e5eb0ae3d625451ba14c6e0bec3b,https://open.spotify.com/artist/1ZD9xcoRJKY4ldaV4UuAhx
"April 29, 2025",(The) Forever Dream,Fly Anakin,Hip-Hop/Rap,Independent Artist,"Richmond, Virginia",Nadine Smith,"Fly Anakin, (The) Forever Dream",matched,4VyCT7S2JeCGnRGWN0pcq3,https://open.spotify.com/album/4VyCT7S2JeCGnRGWN0pcq3,5WybyjV2fRyRQcJrmmiifF,Fly Anakin,(The) Forever Dream [Deluxe Edition],2026-06-12,day,album,30.0,https://i.scdn.co/image/ab67616d0000b273ff7319b0dc47c89a426b6ba9,,,,matched,https://i.scdn.co/image/ab6761610000e5eb2de5ea511f1ab09dfea650a2,https://open.spotify.com/artist/5WybyjV2fRyRQcJrmmiifF
"April 28, 2025",Let Me Out,Fatboi Sharif & Driveby,Hip-Hop/Rap,Deathbomb Arc,Hawaii,Dash Lewis,"Fatboi Sharif & Driveby, Let Me Out",no_match,,,,,,,,,,,,,,,,
"April 25, 2025","TV, Anime & Manga New Age Soundtracks 1984–1993",Various Artists,Electronic,Time Capsule,"London, UK",Lewis Gordon,"Various Artists, TV, Anime & Manga New Age Soundtracks 1984–1993",no_match,,,,,,,,,,,,,,,,
"April 24, 2025",Totality,Natural Information Society and Bitchin Bajas,Experimental,Bitchin Bajas,"Chicago, Illinois",Jennifer Kelly,"Natural Information Society and Bitchin Bajas, Totality",no_match,,,,,,,,,,,,,,,,
"April 23, 2025",What Did the Blackbird Say to the Crow,Rhiannon Giddens & Justin Robinson,Country,Rhiannon Giddens,"Nashville, Tennessee",Devon Leger,"Rhiannon Giddens & Justin Robinson, What Did the Blackbird Say to the Crow",no_match,,,,,,,,,,,,,,,,
"April 22, 2025",Jesus-Christ Ne Deçoit Pas,Jess Sah Bi,World,Independent Artist,"San Francisco, California",Megan Iacobini de Fazio,"Jess Sah Bi, Jesus-Christ Ne Deçoit Pas",matched,1H9p8SfkD5vyyuCBfmmc6G,https://open.spotify.com/album/1H9p8SfkD5vyyuCBfmmc6G,15aLRR4OIdppLLQ3Kboc95,Jess Sah Bi,Jesus-Christ Ne Deçoit Pas,1991-01-01,day,album,7.0,https://i.scdn.co/image/ab67616d0000b273ea78a9c8f8186d3391ac1fed,,,,matched,https://i.scdn.co/image/ab67616d0000b27300523bfdfaf30d738d7f0dcf,https://open.spotify.com/artist/15aLRR4OIdppLLQ3Kboc95
"April 21, 2025",Evil Plan የክፋት እቅድ,Ukandanz,Rock,Independent Artist,Ethiopia,Brad Sanders,"Ukandanz, Evil Plan የክፋት እቅድ",no_match,,,,,,,,,,,,,,,,
"April 18, 2025",Chime Oblivion,Chime Oblivion,Punk,John Dwyer,"Los Angeles, California",Elle Carroll,"Chime Oblivion, Chime Oblivion",matched,13YNPAxtnlWDCksjEIKAs9,https://open.spotify.com/album/13YNPAxtnlWDCksjEIKAs9,6todtULM7YRvjmFxWLbnv9,CHIME OBLIVION,CHIME OBLIVION,2025-04-18,day,album,15.0,https://i.scdn.co/image/ab67616d0000b2730c197aeecf4811325c2cbaa3,,,,matched,https://i.scdn.co/image/ab67616d0000b2730c197aeecf4811325c2cbaa3,https://open.spotify.com/artist/6todtULM7YRvjmFxWLbnv9
"April 17, 2025",Turbo Meltdown,HHY & The Kampala Unit,Electronic,Nyege Nyege Tapes,"Kampala, Uganda",April Clare Welsh,"HHY & The Kampala Unit, Turbo Meltdown",matched,4Ab66gKdLmWIcilrAO1xB4,https://open.spotify.com/album/4Ab66gKdLmWIcilrAO1xB4,7GcuBD0DAlemw4ebJU925p,HHY & The Kampala Unit,TURBO MELTDOWN,2025-04-11,day,album,7.0,https://i.scdn.co/image/ab67616d0000b27329e32957c6eda2456ce38660,,,,matched,https://i.scdn.co/image/ab6761610000e5ebb0a6865ad0049445ebe792b0,https://open.spotify.com/artist/7GcuBD0DAlemw4ebJU925p
"April 16, 2025",Neu Om,Amanda Mur,Experimental,Independent Artist,"Madrid, Spain",Louis Pattison,"Amanda Mur, Neu Om",matched,1ZEnvSQvz6yEdrtMiKqYvO,https://open.spotify.com/album/1ZEnvSQvz6yEdrtMiKqYvO,4EHUvmDJ3eLI7PhYyTe66f,Amanda Mur,Neu Om,2025-04-25,day,album,9.0,https://i.scdn.co/image/ab67616d0000b273f157fd7ccf7c3f9603fe1abf,,,,matched,https://i.scdn.co/image/ab6761610000e5eb13d8a7631aa934213134921b,https://open.spotify.com/artist/4EHUvmDJ3eLI7PhYyTe66f
"April 15, 2025",Le Sacre Du Soleil Invaincu,Neptunian Maximalism,Experimental,"I, Voidhanger Records",Italy,George Grella,"Neptunian Maximalism, Le Sacre Du Soleil Invaincu",matched,4ydJLShJo7kSGQIn1eA0rL,https://open.spotify.com/album/4ydJLShJo7kSGQIn1eA0rL,6nduTNbAIVN08gjy67gEAt,Neptunian Maximalism,Le Sacre Du Soleil Invaincu,2025-04-11,day,album,11.0,https://i.scdn.co/image/ab67616d0000b273a129e5f382e479a2763d9831,,,,matched,https://i.scdn.co/image/ab67616d0000b27381ba266e84cf05a82984118f,https://open.spotify.com/artist/6nduTNbAIVN08gjy67gEAt
"April 14, 2025",Disk Musik: A DD. Records Compilation,Various Artists,Experimental,Phantom Limb,"Brighton, UK",Matthew Blackwell,"Various Artists, Disk Musik: A DD. Records Compilation",no_match,,,,,,,,,,,,,,,,
"April 11, 2025",The Spin,Messa,Metal,Independent Artist,Italy,JR Moores,"Messa, The Spin",matched,0jurOscZOHpLilkFiiGZIX,https://open.spotify.com/album/0jurOscZOHpLilkFiiGZIX,6vFinMN4E9leUfcEyIIO0D,Messa,The Spin,2025-04-11,day,album,7.0,https://i.scdn.co/image/ab67616d0000b273bacc795ceb90a918b372ea8d,,,,matched,https://i.scdn.co/image/ab6761610000e5ebaff141761cd2e0f74eeef73a,https://open.spotify.com/artist/6vFinMN4E9leUfcEyIIO0D
"April 10, 2025","Owls, Omens, and Oracles",Valerie June,Alternative,Independent Artist,"Memphis, Tennessee",Jim Allen,"Valerie June, Owls, Omens, and Oracles",matched,5K6SF5pgdnfHRnuC4gaC0Q,https://open.spotify.com/album/5K6SF5pgdnfHRnuC4gaC0Q,4QZdOCb3UacKbQ1ybDFAKM,Valerie June,"Owls, Omens, and Oracles",2025-04-11,day,album,14.0,https://i.scdn.co/image/ab67616d0000b2731cf4e41b8616acdfefd5cce0,,,,matched,https://i.scdn.co/image/ab6761610000e5eba4d591c3d5009ceddb94c822,https://open.spotify.com/artist/4QZdOCb3UacKbQ1ybDFAKM
"April 09, 2025",Stochastic Drift,Barker,Electronic,Independent Artist,"Berlin, Germany",April Clare Welsh,"Barker, Stochastic Drift",matched,3ChV6s15ch9qohd5gZaGOF,https://open.spotify.com/album/3ChV6s15ch9qohd5gZaGOF,3LEGPWdr7sarYtf2u0ETWN,Barker,Stochastic Drift,2025-04-04,day,album,8.0,https://i.scdn.co/image/ab67616d0000b273ccc9aa249a1ddf233e0a366c,,,,matched,https://i.scdn.co/image/ab6761610000e5eb736e228b7cf81c1cb8f52971,https://open.spotify.com/artist/3LEGPWdr7sarYtf2u0ETWN
"April 08, 2025",A Requiem,Penelope Trappes,Alternative,Independent Artist,"Brighton, UK",Louis Pattison,"Penelope Trappes, A Requiem",matched,0gcwhYj1hJeVK94Tn2htm2,https://open.spotify.com/album/0gcwhYj1hJeVK94Tn2htm2,6shE4Y1z4lzRqoDp65XfzT,Penelope Trappes,A Requiem,2025-04-04,day,album,10.0,https://i.scdn.co/image/ab67616d0000b2735a17e074b1ddd559f10943ee,,,,matched,https://i.scdn.co/image/ab6761610000e5eb3c0acec00e41a458911ae5f2,https://open.spotify.com/artist/6shE4Y1z4lzRqoDp65XfzT
"April 07, 2025",The Wigmaker in Eighteenth-Century Williamsburg,To Live and Shave in LA,Experimental,To Live and Shave in L.A.,"Miami, Florida",Erick Bradshaw,"To Live and Shave in LA, The Wigmaker in Eighteenth-Century Williamsburg",no_match,,,,,,,,,,,,,,,,
"April 04, 2025",Volcanic Reality,Apparitions,Experimental,Independent Artist,"Houston, Texas",Brad Sanders,"Apparitions, Volcanic Reality",matched,41cKgKBFnJyuCroiIa7own,https://open.spotify.com/album/41cKgKBFnJyuCroiIa7own,0KuDAC0pPTIASjCxmV8uw7,Apparitions,Volcanic Reality,2025-03-28,day,album,5.0,https://i.scdn.co/image/ab67616d0000b273aae8ba79b7f5b991cc265e44,,,,matched,https://i.scdn.co/image/ab67616d0000b27367fb54b375349a6053fa6402,https://open.spotify.com/artist/0KuDAC0pPTIASjCxmV8uw7
"April 03, 2025",Ginkgo,Panchiko,Rock,Independent Artist,"Nottingham, UK",Eli Schoop,"Panchiko, Ginkgo",matched,1YO3Eb228rrhTC0gKgGxSW,https://open.spotify.com/album/1YO3Eb228rrhTC0gKgGxSW,4KEHIUSoWCcqrk8AddTE1O,Panchiko,Ginkgo,2025-04-04,day,album,13.0,https://i.scdn.co/image/ab67616d0000b27390b92ac6a114b458b2c72625,,,,matched,https://i.scdn.co/image/ab6761610000e5eb714fa6e5682f730d0c82609c,https://open.spotify.com/artist/4KEHIUSoWCcqrk8AddTE1O
"April 02, 2025",The Trials And Tribulations Of…,Clikatat Ikatowi,Punk,Independent Artist,"San Diego, California",Erick Bradshaw,"Clikatat Ikatowi, The Trials And Tribulations Of…",matched,2DIXGdTSYj3xZzCUMOYbrd,https://open.spotify.com/album/2DIXGdTSYj3xZzCUMOYbrd,1Q54A75GHDmwMGkewUHAaa,Clikatat Ikatowi,The Trials And Tribulations Of...,2025-03-21,day,album,23.0,https://i.scdn.co/image/ab67616d0000b27301b79a4e116fb82f2d4268b1,,,,matched,https://i.scdn.co/image/ab6761610000e5eba4ad8a872da560e3915c54d4,https://open.spotify.com/artist/1Q54A75GHDmwMGkewUHAaa
"April 01, 2025",Antigone,Eiko Ishibashi,Experimental,Independent Artist,"Tokyo, Japan",Patrick St. Michel,"Eiko Ishibashi, Antigone",matched,2G9x4lIqKywDAywaIJPsQm,https://open.spotify.com/album/2G9x4lIqKywDAywaIJPsQm,0E2zPwLuNlSFdSI5wmqox7,Eiko Ishibashi,Antigone,2025-03-28,day,album,8.0,https://i.scdn.co/image/ab67616d0000b2739cf56a364ede77763a0d566e,,,,matched,https://i.scdn.co/image/ab6761610000e5ebd38973b79101e9023a45dcb5,https://open.spotify.com/artist/0E2zPwLuNlSFdSI5wmqox7
"March 31, 2025",That’s the Price of Loving Me,Dean Wareham,Alternative,Independent Artist,"Los Angeles, California",Hayden Merrick,"Dean Wareham, That’s the Price of Loving Me",matched,1dSyyLTtCDo9xB2cNLfG5Q,https://open.spotify.com/album/1dSyyLTtCDo9xB2cNLfG5Q,7hR1nc352bF29oLx9nAMuj,Dean Wareham,That’s the Price of Loving Me,2025-03-28,day,album,10.0,https://i.scdn.co/image/ab67616d0000b2735ee23ca77b754062708a4ae9,,,,matched,https://i.scdn.co/image/ab6761610000e5eb2e10bce56d11fba3f4a2c3ba,https://open.spotify.com/artist/7hR1nc352bF29oLx9nAMuj
"March 28, 2025",Letters From The Atlantic,Butcher Brown,Jazz,Independent Artist,"Richmond, Virginia",Dash Lewis,"Butcher Brown, Letters From The Atlantic",matched,4t7ckccjrCGSqqUFrfQLpX,https://open.spotify.com/album/4t7ckccjrCGSqqUFrfQLpX,2jQ6wRQ7yP1UrctodeuYQP,Butcher Brown,Letters From The Atlantic,2025-03-28,day,album,12.0,https://i.scdn.co/image/ab67616d0000b273f1ec30e8ada6671d2359d8c7,,,,matched,https://i.scdn.co/image/ab6761610000e5ebcbadcc21bebc405ac5596bec,https://open.spotify.com/artist/2jQ6wRQ7yP1UrctodeuYQP
"March 27, 2025",Rammana,Salin,World,Independent Artist,"Montreal, Québec",James Gui,"Salin, Rammana",matched,1IaAUTHxdkp1agbRcscr9U,https://open.spotify.com/album/1IaAUTHxdkp1agbRcscr9U,190s2q06h5ztFSuGHOpmf3,Salin,Rammana,2025-03-28,day,album,10.0,https://i.scdn.co/image/ab67616d0000b273e0b9cbd8374fbc36c9bca872,,,,matched,https://i.scdn.co/image/ab6761610000e5eb7eed91255013dd6f38b79b2b,https://open.spotify.com/artist/190s2q06h5ztFSuGHOpmf3
"March 26, 2025",Only Dust Remains,Backxwash,Hip-Hop/Rap,Independent Artist,"Montreal, Québec",Marshall Gu,"Backxwash, Only Dust Remains",matched,0fqGVBHxLeXu5sm20DgQWs,https://open.spotify.com/album/0fqGVBHxLeXu5sm20DgQWs,4du3q8TIzsZxZZKdRT23Jg,Backxwash,Only Dust Remains,2025-03-28,day,album,10.0,https://i.scdn.co/image/ab67616d0000b2732d5fa1c777a660eeed166c93,,,,matched,https://i.scdn.co/image/ab6761610000e5eb976891b2d63978bd728e4b7c,https://open.spotify.com/artist/4du3q8TIzsZxZZKdRT23Jg
"March 25, 2025",Kick It Over,Motorbike,Punk,Independent Artist,"Cincinnati, Ohio",Brad Sanders,"Motorbike, Kick It Over",matched,02aKK8I06xiVYdo9FV6B9r,https://open.spotify.com/album/02aKK8I06xiVYdo9FV6B9r,5LQw6s8lo4smOQB2B72YxR,Motorbike,Kick It Over,2025-03-21,day,album,10.0,https://i.scdn.co/image/ab67616d0000b273d245ec0eb3b078ca7dee5f20,,,,matched,https://i.scdn.co/image/ab6761610000e5eb2ef2cd3e31454871282e692b,https://open.spotify.com/artist/5LQw6s8lo4smOQB2B72YxR
"March 24, 2025",Goldstar,Imperial Triumphant,Metal,Independent Artist,"New York, New York",Grayson Haver Currin,"Imperial Triumphant, Goldstar",matched,2jbYQIDVjx3cWz9yoDmkkU,https://open.spotify.com/album/2jbYQIDVjx3cWz9yoDmkkU,5zvMklMSTgoGUS9Un5domO,Imperial Triumphant,Goldstar,2025-03-21,day,album,9.0,https://i.scdn.co/image/ab67616d0000b27303162b28505d34c9572db1f3,,,,matched,https://i.scdn.co/image/ab6761610000e5eb5dac76fa5e598d0e8dfd7d0a,https://open.spotify.com/artist/5zvMklMSTgoGUS9Un5domO
"March 21, 2025",Flora,Hiroshi Yoshimura,Ambient,Independent Artist,"Tokyo, Japan",Shy Clara Thompson,"Hiroshi Yoshimura, Flora",matched,4K7poAysJnh9CCbBjxieMC,https://open.spotify.com/album/4K7poAysJnh9CCbBjxieMC,1DGpHnPOpMYY780hcQHmPB,Hiroshi Yoshimura,Flora,2006-04-07,day,album,11.0,https://i.scdn.co/image/ab67616d0000b273538f06a0132068cd92c9b2d9,,,,matched,https://i.scdn.co/image/ab6761610000e5eb03b8474dfe17c711b24e5775,https://open.spotify.com/artist/1DGpHnPOpMYY780hcQHmPB
"March 20, 2025",Warlord of the Weejuns,Goya Gumbani,Hip-Hop/Rap,Independent Artist,"London, UK",Nadine Smith,"Goya Gumbani, Warlord of the Weejuns",matched,0z9rMVfqz2MY5DLLyB7tSP,https://open.spotify.com/album/0z9rMVfqz2MY5DLLyB7tSP,0Up93b7Ut6uacH5Zv8sBkx,Goya Gumbani,Warlord of the Weejuns,2025-03-21,day,album,16.0,https://i.scdn.co/image/ab67616d0000b273abce8b7271669ab0c3d331fc,,,,matched,https://i.scdn.co/image/ab6761610000e5eb6fc730ca2e0607a98b1020ba,https://open.spotify.com/artist/0Up93b7Ut6uacH5Zv8sBkx
"March 19, 2025",Birthmarks,Bambara,Rock,Independent Artist,"Brooklyn, New York",Will Ainsley,"Bambara, Birthmarks",matched,4Cy5zbpEW1aTKHvGiRXY1S,https://open.spotify.com/album/4Cy5zbpEW1aTKHvGiRXY1S,0JHvODQe3KnriRMPuZPNL6,BAMBARA,Birthmarks,2025-03-14,day,album,10.0,https://i.scdn.co/image/ab67616d0000b273bb5b8b38cd9ffc168ad2bdf7,,,,matched,https://i.scdn.co/image/ab6761610000e5eb4a1d5a1e675ab0e0d1f29341,https://open.spotify.com/artist/0JHvODQe3KnriRMPuZPNL6
"March 18, 2025",Moonlight Concessions,Throwing Muses,Rock,Independent Artist,Rhode Island,Jim Allen,"Throwing Muses, Moonlight Concessions",matched,2ftAcFZMDD89fpNo89ZkG6,https://open.spotify.com/album/2ftAcFZMDD89fpNo89ZkG6,5xU5wRTlZHVRoo2OxPvqA4,Throwing Muses,Moonlight Concessions,2025-03-14,day,album,9.0,https://i.scdn.co/image/ab67616d0000b273573a6fb81fa3cb2476462462,,,,matched,https://i.scdn.co/image/ab6761610000e5eb4a3d7c8ec81533c3e32c27bf,https://open.spotify.com/artist/5xU5wRTlZHVRoo2OxPvqA4
"March 17, 2025","Josh Johnson & Sam Wilkes, Uhlmann Johnson Wilkes",Gregory Uhlmann,Jazz,International Anthem,"Chicago, Illinois",Michael J. West,"Gregory Uhlmann, Josh Johnson & Sam Wilkes, Uhlmann Johnson Wilkes",no_match,,,,,,,,,,,,,,,,
"March 14, 2025",Yarın Yoksa,Derya Yıldırım & Grup Şimşek,World,Derya Yıldırım &amp; Grup Şimşek,"Berlin, Germany",Elle Carroll,"Derya Yıldırım & Grup Şimşek, Yarın Yoksa",matched,5l7ypUMco5BLsIYBjIYWay,https://open.spotify.com/album/5l7ypUMco5BLsIYBjIYWay,2Y0SH69uxHrHrjiZCuTSaT,Derya Yıldırım & Grup Şimşek,Yarın Yoksa,2025-03-14,day,album,11.0,https://i.scdn.co/image/ab67616d0000b27375816508e4a70cd11a7355c2,,,,matched,https://i.scdn.co/image/ab6761610000e5eb4c1d094c73aef975bcfd5611,https://open.spotify.com/artist/2Y0SH69uxHrHrjiZCuTSaT
"March 13, 2025",Greyhound Days,Patrick Shiroishi & Piotr Kurek,Jazz,Patrick Shiroishi &amp; Piotr Kurek,"Warsaw, Poland",Michal Wieczorek,"Patrick Shiroishi & Piotr Kurek, Greyhound Days",no_match,,,,,,,,,,,,,,,,
"March 12, 2025",Harmr,Thurnin,Folk,Independent Artist,Netherlands,Jennifer Kelly,"Thurnin, Harmr",matched,1HVpysN3XwsaCf3GcoFiOE,https://open.spotify.com/album/1HVpysN3XwsaCf3GcoFiOE,4N4fXEB5szUAcqK3ES05is,Thurnin,Harmr,2025-03-14,day,album,7.0,https://i.scdn.co/image/ab67616d0000b2733b6e2d83daa38d93e3d7f94f,,,,matched,https://i.scdn.co/image/ab6761610000e5ebd150f88967399db8a8f5e793,https://open.spotify.com/artist/4N4fXEB5szUAcqK3ES05is
"March 11, 2025",It’s Nasty Outside,Andreaus Haley & Custom Made,Hip-Hop/Rap,Andreaus Haley,"Chicago, Illinois",Dash Lewis,"Andreaus Haley & Custom Made, It’s Nasty Outside",no_match,,,,,,,,,,,,,,,,
"March 10, 2025",Strata-East: The Legacy Begins,Various Artists,Jazz,Strata-East,"New York, New York",Shaun Brady,"Various Artists, Strata-East: The Legacy Begins",matched,7M6xQpL2nnNvePaW3XUFKA,https://open.spotify.com/album/7M6xQpL2nnNvePaW3XUFKA,0LyfQWJT6nXafLPZqxe9Of,Various Artists,Strata-East: The Legacy Begins,2025-02-21,day,compilation,33.0,https://i.scdn.co/image/ab67616d0000b27334b84fee99f8bbbfc7cbec70,,,,matched,https://i.scdn.co/image/ab6761610000e5eb6b134287e3095d2c84b7932a,https://open.spotify.com/artist/0LyfQWJT6nXafLPZqxe9Of
"March 07, 2025",Myrtus Myth,Kedr Livanskiy,Electronic,Independent Artist,"Moscow, Russia",April Clare Welsh,"Kedr Livanskiy, Myrtus Myth",matched,4zRZOxM2gEn0YTMnhI3XPz,https://open.spotify.com/album/4zRZOxM2gEn0YTMnhI3XPz,7deuX0YejjlcB4uLcdgEDW,Kedr Livanskiy,Myrtus Myth,2025-03-07,day,album,11.0,https://i.scdn.co/image/ab67616d0000b273e30ecbeef694e8bfeadb61dd,,,,matched,https://i.scdn.co/image/ab6761610000e5eb89b3218bf233eed0f37aff49,https://open.spotify.com/artist/7deuX0YejjlcB4uLcdgEDW
"March 06, 2025",Una Oportunidad más de triunfar en la vida,Los Pirañas,Rock,Independent Artist,"Bogotá, Colombia",Collin Smith,"Los Pirañas, Una Oportunidad más de triunfar en la vida",matched,3nMF2msXPuvPOKXUY4wjMz,https://open.spotify.com/album/3nMF2msXPuvPOKXUY4wjMz,1TWdamQsAiOgB0szQsMSeq,Los Pirañas,Una Oportunidad más de triunfar en la vida,2025-03-07,day,album,8.0,https://i.scdn.co/image/ab67616d0000b273c9f889c1a83173f316b86c78,,,,matched,https://i.scdn.co/image/ab6761610000e5eb805df11a28222fdea857e6c1,https://open.spotify.com/artist/1TWdamQsAiOgB0szQsMSeq
"March 05, 2025",Sex and Repression in Higher Society,Saint Vengeur,Metal,"I, Voidhanger Records",Italy,Brad Sanders,"Saint Vengeur, Sex and Repression in Higher Society",matched,4M54TGqOUwMX7ek43kipyN,https://open.spotify.com/album/4M54TGqOUwMX7ek43kipyN,5Zx9lEODWXiwR26qou4OqT,Saint Vengeur,Sex and Repression in Higher Society,2025-02-28,day,album,8.0,https://i.scdn.co/image/ab67616d0000b2737dae52718918df5105f2a067,,,,matched,https://i.scdn.co/image/ab6761610000e5ebaa0151e72e26c4ba6ee5450c,https://open.spotify.com/artist/5Zx9lEODWXiwR26qou4OqT
"March 04, 2025",City of Clowns,Marie Davidson,Electronic,Independent Artist,"Montreal, Québec",Joe Muggs,"Marie Davidson, City of Clowns",matched,7mDC5vVphFdUarxs1yeUou,https://open.spotify.com/album/7mDC5vVphFdUarxs1yeUou,7xJVICbAWizNBKBD3mRWjF,Marie Davidson,City Of Clowns,2025-02-28,day,album,10.0,https://i.scdn.co/image/ab67616d0000b273abec8c62efd49f3635e149fb,,,,matched,https://i.scdn.co/image/ab6761610000e5eb14d8840de3c886eb2743da86,https://open.spotify.com/artist/7xJVICbAWizNBKBD3mRWjF
"March 03, 2025",Spring Board: The Early Unrecorded Songs,The Chills,Alternative,Independent Artist,"Dunedin, New Zealand",Jim Allen,"The Chills, Spring Board: The Early Unrecorded Songs",matched,7AKflhK90ck3bjy37oYUeC,https://open.spotify.com/album/7AKflhK90ck3bjy37oYUeC,6soJo0dtX31T30OxtS4A39,The Chills,Spring Board: The Early Unrecorded Songs,2025-02-28,day,album,20.0,https://i.scdn.co/image/ab67616d0000b273bcfcac706e249f20a3678847,,,,matched,https://i.scdn.co/image/ab6761610000e5eba2df1355db5c26be77253d1a,https://open.spotify.com/artist/6soJo0dtX31T30OxtS4A39
"February 28, 2025",Flam,Gunn-Truscinski Duo,Experimental,Gunn - Truscinski Duo,"Brooklyn, New York",JR Moores,"Gunn-Truscinski Duo, Flam",matched,23M6jDFN4qHaVWZMLt6Qlq,https://open.spotify.com/album/23M6jDFN4qHaVWZMLt6Qlq,58PU6MWEroVyXXTXmpzdny,Gunn - Truscinski Duo,Flam,2025-02-28,day,album,9.0,https://i.scdn.co/image/ab67616d0000b2736bd083fec1d8fb1c051d1159,,,,matched,https://i.scdn.co/image/ab6761610000e5ebdc6cb71fba0e53d7eb5804fd,https://open.spotify.com/artist/58PU6MWEroVyXXTXmpzdny
"February 27, 2025",Not Around But Through,Amulets,Experimental,AMULETS,"Portland, Oregon",Casey Jarman,"Amulets, Not Around But Through",matched,4Pmh5g4SWn9W6A8fJQDySQ,https://open.spotify.com/album/4Pmh5g4SWn9W6A8fJQDySQ,5e96t65iOLrmqH2gzEXhIt,Amulets,Not Around But Through,2025-02-21,day,album,8.0,https://i.scdn.co/image/ab67616d0000b2732f2f559538dcda15835bf3d8,,,,matched,https://i.scdn.co/image/ab6761610000e5eb080f28b26dbe098cfb66d8d0,https://open.spotify.com/artist/5e96t65iOLrmqH2gzEXhIt
"February 26, 2025",Luminescent Creatures,Ichiko Aoba,Experimental,Independent Artist,"Tokyo, Japan",James Gui,"Ichiko Aoba, Luminescent Creatures",matched,5HT3Ygm47fCCNs9AhqzzvS,https://open.spotify.com/album/5HT3Ygm47fCCNs9AhqzzvS,6ignRjbPmLvKdtMLj9a5Xs,Ichiko Aoba,Luminescent Creatures,2025-02-28,day,album,11.0,https://i.scdn.co/image/ab67616d0000b273dac94c83b4fbe72c32bed7ed,,,,matched,https://i.scdn.co/image/ab6761610000e5eb8f67ef079ccb17cef1ce180b,https://open.spotify.com/artist/6ignRjbPmLvKdtMLj9a5Xs
"February 25, 2025",Travesías,Oksana Linde,Electronic,Buh Records,"Lima, Peru",Matthew Blackwell,"Oksana Linde, Travesías",matched,5DvBuvzPtimhWCYyGtUHlG,https://open.spotify.com/album/5DvBuvzPtimhWCYyGtUHlG,1uw253RRnz7eeOGwv4upOx,Oksana Linde,Travesías,2025-02-21,day,album,8.0,https://i.scdn.co/image/ab67616d0000b27315f955df9e1c515b8271b049,,,,matched,https://i.scdn.co/image/ab6761610000e5eb29909e8ad1dad20278957cb8,https://open.spotify.com/artist/1uw253RRnz7eeOGwv4upOx
"February 24, 2025",PLEASE COME TO ME,Masma Dream World,Ambient,Independent Artist,New York,Louis Pattison,"Masma Dream World, PLEASE COME TO ME",matched,5kSi87td0Lmyyhe45JAKfk,https://open.spotify.com/album/5kSi87td0Lmyyhe45JAKfk,3nH4G7zBXICcyAVnOoc2gu,Masma Dream World,PLEASE COME TO ME,2024-12-10,day,single,2.0,https://i.scdn.co/image/ab67616d0000b2730300f55716fe9047570fcad4,,,,matched,https://i.scdn.co/image/ab6761610000e5eb187cc5423cb9fe9a3b5bf1c7,https://open.spotify.com/artist/3nH4G7zBXICcyAVnOoc2gu
"February 21, 2025",Goodbye Horses: The Many Lives of Q Lazzarus (Music From The Motion Picture),Q Lazzarus,Pop,Independent Artist,"New York, New York",Liz Ohanesian,"Q Lazzarus, Goodbye Horses: The Many Lives of Q Lazzarus (Music From The Motion Picture)",matched,5tiJmpd5cHOSgH82YApDcr,https://open.spotify.com/album/5tiJmpd5cHOSgH82YApDcr,2EOrSEDPcZ9feKWSi8Fpdi,Q Lazzarus,Goodbye Horses: The Many Lives of Q Lazzarus (Music From The Motion Picture),2025-02-21,day,album,21.0,https://i.scdn.co/image/ab67616d0000b2730160cd211689490e3bb4d3f6,,,,matched,https://i.scdn.co/image/ab6761610000e5eb4bc4e1d287f16caf1153294b,https://open.spotify.com/artist/2EOrSEDPcZ9feKWSi8Fpdi
"February 20, 2025",Bicicleta,COLLIGNON,World,Independent Artist,"Palmela, Portugal",Eli Schoop,"COLLIGNON, Bicicleta",matched,0DVmHF86CTlU7MnoX47JoB,https://open.spotify.com/album/0DVmHF86CTlU7MnoX47JoB,48OTFVKJ0VEviIC2leEbXp,COLLIGNON,Bicicleta,2025-02-14,day,album,10.0,https://i.scdn.co/image/ab67616d0000b273f9b72db4c01882e8efb322f9,,,,matched,https://i.scdn.co/image/ab6761610000e5ebccb6a575fac1b980c5847a94,https://open.spotify.com/artist/48OTFVKJ0VEviIC2leEbXp
"February 19, 2025",LOVE.JONES,THEY.,R&amp;B/Soul,Independent Artist,"Los Angeles, California",ea. osei,"THEY., LOVE.JONES",matched,1xcouduCLDsvfyp3pltKqO,https://open.spotify.com/album/1xcouduCLDsvfyp3pltKqO,0pghUohLPptZWBasy2wmUx,THEY.,LOVE.JONES,2025-02-14,day,album,10.0,https://i.scdn.co/image/ab67616d0000b273ad1f6fbedc5fde15f1bbd047,,,,matched,https://i.scdn.co/image/ab6761610000e5eb5d387ef37bc9a697c5bf4cb8,https://open.spotify.com/artist/0pghUohLPptZWBasy2wmUx
"February 18, 2025","Tokyo Bliss: Japanese Funk, Boogie & City Pop from King Records 1974–88",Various Artists,Pop,WEWANTSOUNDS,"Paris, France",Patrick St. Michel,"Various Artists, Tokyo Bliss: Japanese Funk, Boogie & City Pop from King Records 1974–88",no_match,,,,,,,,,,,,,,,,
"February 14, 2025",New Dawn,Marshall Allen,Jazz,Independent Artist,"Philadelphia, Pennsylvania",Michael J. West,"Marshall Allen, New Dawn",matched,0BOZmnGO69A24yXIJ6lOpd,https://open.spotify.com/album/0BOZmnGO69A24yXIJ6lOpd,32QaUUUSNwRfshZ10Zxp58,Marshall Allen,New Dawn,2025-02-14,day,album,7.0,https://i.scdn.co/image/ab67616d0000b2732d6a3528b3a1c4e13cc86981,,,,matched,https://i.scdn.co/image/ab6761610000e5eb60064b377b2e6214ac80ef69,https://open.spotify.com/artist/32QaUUUSNwRfshZ10Zxp58
"February 13, 2025",Anything At All,Denison Witmer,Alternative,Independent Artist,"Philadelphia, Pennsylvania",Ben Salmon,"Denison Witmer, Anything At All",matched,1pBsqSt6LWcEf9nIQHMWya,https://open.spotify.com/album/1pBsqSt6LWcEf9nIQHMWya,2sJ5Iicthbc9d8Sl1dpeSB,Denison Witmer,Anything At All,2025-02-14,day,album,10.0,https://i.scdn.co/image/ab67616d0000b273f8bc93aaa1ec0b2cf16aecb4,,,,matched,https://i.scdn.co/image/ab6761610000e5eb29e4e7a868dfbecc4b7ab7f0,https://open.spotify.com/artist/2sJ5Iicthbc9d8Sl1dpeSB
"February 12, 2025",Better Wonder,Kestrels,Rock,Independent Artist,"Halifax, Nova Scotia",Jude Noel,"Kestrels, Better Wonder",matched,7LXhHvQXvk54qqX9UHISXC,https://open.spotify.com/album/7LXhHvQXvk54qqX9UHISXC,6OhBIO6kClq223luwQ2XHb,Kestrels,Better Wonder,2025-02-14,day,album,12.0,https://i.scdn.co/image/ab67616d0000b273e86b9741726043b846158e77,,,,matched,https://i.scdn.co/image/ab6761610000e5eb9f19cef3de01e61c29476a8d,https://open.spotify.com/artist/6OhBIO6kClq223luwQ2XHb
"February 11, 2025",Dans Ta Nuit,Corps Diplomatique,Alternative,Independent Artist,France,Elle Carroll,"Corps Diplomatique, Dans Ta Nuit",matched,5edu5wRmo1jcKaODKc9sWf,https://open.spotify.com/album/5edu5wRmo1jcKaODKc9sWf,7jhAFH2x3fVXF94HplhQ1i,Corps Diplomatique,Dans Ta Nuit,1988-02-15,day,album,10.0,https://i.scdn.co/image/ab67616d0000b273d986394a44a6eee4268fded1,,,,matched,https://i.scdn.co/image/ab67616d0000b273d986394a44a6eee4268fded1,https://open.spotify.com/artist/7jhAFH2x3fVXF94HplhQ1i
"February 10, 2025",Share Your Care,Helen Ganya,Alternative,Independent Artist,"Brighton, UK",April Clare Welsh,"Helen Ganya, Share Your Care",matched,2k8KCc6Xjq4KscAf2IkHaP,https://open.spotify.com/album/2k8KCc6Xjq4KscAf2IkHaP,3QgKcOAzUQxRlENrawHNya,Helen Ganya,Share Your Care,2025-02-07,day,album,13.0,https://i.scdn.co/image/ab67616d0000b273f03c7ae072b6b14db8e34db9,,,,matched,https://i.scdn.co/image/ab6761610000e5eb55efffd60b1ecdb251ce8941,https://open.spotify.com/artist/3QgKcOAzUQxRlENrawHNya
"February 07, 2025",choke enough,Oklou,Pop,Independent Artist,"Paris, France",April Clare Welsh,"Oklou, choke enough",matched,2YS8Z0Vc7FTOYBLgUoN2Lo,https://open.spotify.com/album/2YS8Z0Vc7FTOYBLgUoN2Lo,6fFcUOFcbjeIuEomuUthkw,Oklou,choke enough,2025-02-07,day,album,13.0,https://i.scdn.co/image/ab67616d0000b2730b68095c4016bdeabd032e89,,,,matched,https://i.scdn.co/image/ab6761610000e5ebf8b90fcffca3c4e28564f0e3,https://open.spotify.com/artist/6fFcUOFcbjeIuEomuUthkw
"February 06, 2025",Soul Rebels,Bob Marley and The Wailers,Reggae,Charly Records,"London, UK",Dean Van Nguyen,"Bob Marley and The Wailers, Soul Rebels",no_match,,,,,,,,,,,,,,,,
"February 05, 2025",Praise Poems 10,Various Artists,Jazz,Tramp Rec.,Germany,Jim Allen,"Various Artists, Praise Poems 10",matched,0Zp5fB36WR0BA0bmXaLxSy,https://open.spotify.com/album/0Zp5fB36WR0BA0bmXaLxSy,0LyfQWJT6nXafLPZqxe9Of,Various Artists,"Praise Poems, Vol. 10",2025-02-07,day,compilation,17.0,https://i.scdn.co/image/ab67616d0000b2735a898669130a2e83eeadaed6,,,,matched,https://i.scdn.co/image/ab6761610000e5eb6b134287e3095d2c84b7932a,https://open.spotify.com/artist/0LyfQWJT6nXafLPZqxe9Of
"February 04, 2025",Even The Horizon Knows Its Bounds,Lawrence English,Ambient,Independent Artist,"Brisbane, Australia",Ted Davis,"Lawrence English, Even The Horizon Knows Its Bounds",matched,5mc14YNWdxS83sReqvQt40,https://open.spotify.com/album/5mc14YNWdxS83sReqvQt40,0V1EXFlRy3LeOKB07YJucI,Lawrence English,Even The Horizon Knows Its Bounds,2025-02-07,day,album,8.0,https://i.scdn.co/image/ab67616d0000b273e4104662e4bf25828373cb1a,,,,matched,https://i.scdn.co/image/ab6761610000e5eb8076543d46aa7aa68420a6a0,https://open.spotify.com/artist/0V1EXFlRy3LeOKB07YJucI
"February 03, 2025",Showbiz!,MIKE,Hip-Hop/Rap,Independent Artist,"New York, New York",Nadine Smith,"MIKE, Showbiz!",matched,3M1PhSsHmAlh79bAz9jBZs,https://open.spotify.com/album/3M1PhSsHmAlh79bAz9jBZs,1wlzPS1hSNrkriIIwLFTmU,MIKE,Showbiz!,2025-01-31,day,album,24.0,https://i.scdn.co/image/ab67616d0000b273dbd96c57601c40366bb99ebc,,,,matched,https://i.scdn.co/image/ab6761610000e5eb592451e2718b94f9c49d2ebe,https://open.spotify.com/artist/1wlzPS1hSNrkriIIwLFTmU
"January 31, 2025","Adrian Younge, and Ali Shaheed Muhammad, Jazz Is Dead 22: Ebo Taylor",Ebo Taylor,World,Independent Artist,Ghana,Peter Margasak,"Ebo Taylor, Adrian Younge, and Ali Shaheed Muhammad, Jazz Is Dead 22: Ebo Taylor",no_match,,,,,,,,,,,,,,,,
"January 30, 2025",The Bad Fire,Mogwai,Alternative,Independent Artist,"Scotland, UK",Mike McGrath-Bryan,"Mogwai, The Bad Fire",matched,3wub9ovkqCGHDDHkdhdh1I,https://open.spotify.com/album/3wub9ovkqCGHDDHkdhdh1I,34UhPkLbtFKRq3nmfFgejG,Mogwai,The Bad Fire,2025-01-24,day,album,10.0,https://i.scdn.co/image/ab67616d0000b273919b2f5b260032f2946db65b,,,,matched,https://i.scdn.co/image/ab6761610000e5eb5c58771372707e8b22c664ee,https://open.spotify.com/artist/34UhPkLbtFKRq3nmfFgejG
"January 29, 2025",West Coast,Studio,Electronic,STUDIO,Sweden,Louis Pattison,"Studio, West Coast",matched,545TSuBXtKERt6xHTpQDSA,https://open.spotify.com/album/545TSuBXtKERt6xHTpQDSA,3S7qyu1bgdKJOULPObmxR8,Studio,West Coast,2025-01-24,day,album,12.0,https://i.scdn.co/image/ab67616d0000b2738622c70d107789a52b09f3c9,,,,matched,https://i.scdn.co/image/ab6761610000e5ebdf1cbe64f26d5c4c773251dc,https://open.spotify.com/artist/3S7qyu1bgdKJOULPObmxR8
"January 28, 2025",Mapambazuko,Ale Hop & Titi Bakorta,World,Nyege Nyege Tapes,"Kampala, Uganda",Joseph Francis,"Ale Hop & Titi Bakorta, Mapambazuko",no_match,,,,,,,,,,,,,,,,
"January 27, 2025",Sign Of The Storm,Century,Metal,Electric Assault Records,"Brooklyn, New York",Grayson Haver Currin,"Century, Sign Of The Storm",matched,2PpjDBNfgL08y2EKlnNc9P,https://open.spotify.com/album/2PpjDBNfgL08y2EKlnNc9P,0DiH2yz49jh3H1jYqXNs9Z,Century,Sign Of The Storm,2025-01-24,day,album,10.0,https://i.scdn.co/image/ab67616d0000b273eeeaabe8781280bba9564edd,,,,matched,https://i.scdn.co/image/ab6761610000e5eb7cf07dfabadfd1f4a33ce41c,https://open.spotify.com/artist/0DiH2yz49jh3H1jYqXNs9Z
"January 24, 2025",Goyard Ibn Said,Ghais Guevara,Hip-Hop/Rap,Independent Artist,"Philadelphia, Pennsylvania",Dash Lewis,"Ghais Guevara, Goyard Ibn Said",matched,2NiS2Ky8v1yGAjDLVxaIV3,https://open.spotify.com/album/2NiS2Ky8v1yGAjDLVxaIV3,7zQ4NNGWgCVWU80Rg6dXOH,Ghais Guevara,Goyard Ibn Said,2025-01-24,day,album,16.0,https://i.scdn.co/image/ab67616d0000b273f414220289f586b0958680c3,,,,matched,https://i.scdn.co/image/ab6761610000e5eb72f2512e8762a28e663fc6f3,https://open.spotify.com/artist/7zQ4NNGWgCVWU80Rg6dXOH
"January 23, 2025",7 Songs For Spiders,Dax Riggs,Alternative,Independent Artist,"Lafayette, Louisiana",Brad Sanders,"Dax Riggs, 7 Songs For Spiders",matched,4lzIeoBYz2rx7juW4sgCpB,https://open.spotify.com/album/4lzIeoBYz2rx7juW4sgCpB,62cbRT8HTVpFfiA7e2jJO0,Dax Riggs,7 Songs For Spiders,2025-01-24,day,album,7.0,https://i.scdn.co/image/ab67616d0000b2735c5cd9c5c7173567fe828612,,,,matched,https://i.scdn.co/image/ab6761610000e5ebb8e46a8aada66f5ad998691a,https://open.spotify.com/artist/62cbRT8HTVpFfiA7e2jJO0
"January 22, 2025",honey from a winter stone,Ambrose Akinmusire,Jazz,Independent Artist,"Berkeley, California",Stewart Smith,"Ambrose Akinmusire, honey from a winter stone",matched,69qmpFumQAb3y3UXgGCIbz,https://open.spotify.com/album/69qmpFumQAb3y3UXgGCIbz,4ai53dgSBGhQwcFtGyY1bF,Ambrose Akinmusire,honey from a winter stone,2025-01-31,day,album,5.0,https://i.scdn.co/image/ab67616d0000b27355fecbf5a4c86d9011c0465c,,,,matched,https://i.scdn.co/image/ab6761610000e5ebd846d2d13435f6ed32e19396,https://open.spotify.com/artist/4ai53dgSBGhQwcFtGyY1bF
"January 21, 2025",Humanhood,The Weather Station,Alternative,Independent Artist,"Toronto, Ontario",Taylor Ruckle,"The Weather Station, Humanhood",matched,5oiIdyuDWZ9einLEUdAccO,https://open.spotify.com/album/5oiIdyuDWZ9einLEUdAccO,39ZEMGRv3pIYTYKEhr4Abu,The Weather Station,Humanhood,2025-01-17,day,album,13.0,https://i.scdn.co/image/ab67616d0000b273a045ac7018d6f78b505a3e2c,,,,matched,https://i.scdn.co/image/ab6761610000e5eb4e605524b4d06cf2348e4257,https://open.spotify.com/artist/39ZEMGRv3pIYTYKEhr4Abu
"January 17, 2025",Cosmic​-​Astral,Memory Pearl,Ambient,Independent Artist,"Toronto, Ontario",Ted Davis,"Memory Pearl, Cosmic​-​Astral",matched,2uNHKmW4OA06uSyQHtTmcj,https://open.spotify.com/album/2uNHKmW4OA06uSyQHtTmcj,22jqaoK0HsEXfo8CyEelic,Memory Pearl,Cosmic-Astral,2025-01-31,day,album,9.0,https://i.scdn.co/image/ab67616d0000b2734c4c62e7f50895624a854aa1,,,,matched,https://i.scdn.co/image/ab6761610000e5ebd169ab39cf11d1cbf552218c,https://open.spotify.com/artist/22jqaoK0HsEXfo8CyEelic
"January 16, 2025",D​Í​A,Ela Minus,Electronic,Independent Artist,"Brooklyn, New York",Erin Lyndal Martin,"Ela Minus, D​Í​A",no_match,,,,,,,,,,,,,,,,
"January 15, 2025",Kosmischer Pitch,Jan Jelenik,Electronic,Jan Jelinek,"Berlin, Germany",April Clare Welsh,"Jan Jelenik, Kosmischer Pitch",no_match,,,,,,,,,,,,,,,,
"January 14, 2025",Dweller,Haunted Horses,Metal,HAUNTED HORSES,"Seattle, Washington",J. Bennett,"Haunted Horses, Dweller",matched,3SW367S1dF9OwKhjV8JMsZ,https://open.spotify.com/album/3SW367S1dF9OwKhjV8JMsZ,6snN2rjeQQ7pG8SMJ5w2Gm,Haunted Horses,Dweller,2025-01-10,day,album,9.0,https://i.scdn.co/image/ab67616d0000b273b8270e1e1e31d427883466a5,,,,matched,https://i.scdn.co/image/ab6761610000e5eb17fa60c223a12f31e69ae9ec,https://open.spotify.com/artist/6snN2rjeQQ7pG8SMJ5w2Gm
"January 13, 2025",Was It Medicine To You?,Zeta,Punk,zeta,"Puerto La Cruz, Venezuela",Eli Schoop,"Zeta, Was It Medicine To You?",matched,2iNFIVzqh0RA1aTFvB3tf7,https://open.spotify.com/album/2iNFIVzqh0RA1aTFvB3tf7,6syYSX0eLH4srCtXhUEMXD,Zeta,Was It Medicine To You?,2025-01-09,day,album,7.0,https://i.scdn.co/image/ab67616d0000b273b1cb2fd21ab12f6b8ef13a12,,,,matched,https://i.scdn.co/image/ab6761610000e5eb3325a9713d0bc9f4b1abb19e,https://open.spotify.com/artist/6syYSX0eLH4srCtXhUEMXD
"January 10, 2025",The Human Fear,Franz Ferdinand,Alternative,Independent Artist,"Glasgow, UK",Elle Carroll,"Franz Ferdinand, The Human Fear",matched,7LbR1L8thzNldHceu3tj1a,https://open.spotify.com/album/7LbR1L8thzNldHceu3tj1a,0XNa1vTidXlvJ2gHSsRi4A,Franz Ferdinand,The Human Fear,2025-01-10,day,album,11.0,https://i.scdn.co/image/ab67616d0000b2734129e8c4687ee7a9b73f2226,,,,matched,https://i.scdn.co/image/ab6761610000e5eb69ecfa7557856564c968640d,https://open.spotify.com/artist/0XNa1vTidXlvJ2gHSsRi4A
"January 09, 2025",Velours D​é​vorant,Toru,Metal,Independent Artist,France,Brad Cohan,"Toru, Velours D​é​vorant",no_match,,,,,,,,,,,,,,,,
"January 08, 2025",Cold Blows the Rain,Bridget Hayden and The Apparitions,Folk,Bridget Hayden,UK,Devon Leger,"Bridget Hayden and The Apparitions, Cold Blows the Rain",matched,7rKQevMLscKGJAKeG2I7VQ,https://open.spotify.com/album/7rKQevMLscKGJAKeG2I7VQ,2F1DNYxPFZrACAFK9upcXv,"Bridget Hayden and The Apparitions, Bridget Hayden",Cold Blows the Rain,2025-01-10,day,album,8.0,https://i.scdn.co/image/ab67616d0000b273cc95f3cd9736ea5c55ad85c6,,,,matched,https://i.scdn.co/image/ab67616d0000b273cc95f3cd9736ea5c55ad85c6,https://open.spotify.com/artist/2F1DNYxPFZrACAFK9upcXv
"December 06, 2024",Cosmic Waves Volume 1,Angel Olsen,Alternative,Independent Artist,"Asheville, North Carolina",Jennifer Kelly,"Angel Olsen, Cosmic Waves Volume 1",matched,46wiYtNT2Ix8E4YpkdwTzY,https://open.spotify.com/album/46wiYtNT2Ix8E4YpkdwTzY,6mKqFxGMS5TGDZI3XkT5Rt,Angel Olsen,Cosmic Waves Volume 1,2024-12-06,day,album,10.0,https://i.scdn.co/image/ab67616d0000b273434def485587f63151df081c,,,,matched,https://i.scdn.co/image/ab6761610000e5ebc2529fa7223c4a6190f07820,https://open.spotify.com/artist/6mKqFxGMS5TGDZI3XkT5Rt
"December 05, 2024",Dreaming the Strife for Love,Bedsore,Metal,20 Buck Spin,"Pittsburgh, Pennsylvania",Brad Sanders,"Bedsore, Dreaming the Strife for Love",matched,3KFaCfyta9b7t08QAXuI5P,https://open.spotify.com/album/3KFaCfyta9b7t08QAXuI5P,5voYmbejb8Nj564tCDZTBG,Bedsore,Dreaming the Strife for Love,2024-11-29,day,album,6.0,https://i.scdn.co/image/ab67616d0000b273a374449b5d9d73c1267db210,,,,matched,https://i.scdn.co/image/ab6761610000e5eb9a3361f7f6261c9a18dc19bf,https://open.spotify.com/artist/5voYmbejb8Nj564tCDZTBG
"December 04, 2024",Mosaic,Fennesz,Ambient,Independent Artist,"Vienna, Austria",April Clare Welsh,"Fennesz, Mosaic",matched,3BW7CgpmNbGYaxJncNrv9a,https://open.spotify.com/album/3BW7CgpmNbGYaxJncNrv9a,2DoQBgPsB9AdmWpIa2hUSz,Fennesz,Mosaic,2024-12-06,day,album,6.0,https://i.scdn.co/image/ab67616d0000b273f934fff78c44d6b066806e5a,,,,matched,https://i.scdn.co/image/ab6761610000e5eb1b80dcb0fe9de066bc28130e,https://open.spotify.com/artist/2DoQBgPsB9AdmWpIa2hUSz
"December 03, 2024",Rela,Negro Leo,Experimental,Independent Artist,"Rio De Janeiro, Brazil",Filipe Costa,"Negro Leo, Rela",matched,2iKXexPwdJ0t7ndiG2GPBk,https://open.spotify.com/album/2iKXexPwdJ0t7ndiG2GPBk,6UKn12Sg5H3SyiFX5GalB6,Negro Leo,RELA,2024-11-28,day,album,13.0,https://i.scdn.co/image/ab67616d0000b2731699cda4636134f790437e10,,,,matched,https://i.scdn.co/image/ab6761610000e5ebf13f5f2820eceb90702aedf8,https://open.spotify.com/artist/6UKn12Sg5H3SyiFX5GalB6
"December 02, 2024",Only the Void Stands Between Us,Julie Beth Napolin,Folk,Independent Artist,"Beacon, New York",Jim Allen,"Julie Beth Napolin, Only the Void Stands Between Us",matched,1kbxWe8tv0NMFBsqOUsKem,https://open.spotify.com/album/1kbxWe8tv0NMFBsqOUsKem,2eAGt8Hqgi7Um11veMi1fR,Julie Beth Napolin,Only the Void Stands Between Us,2024-11-29,day,album,7.0,https://i.scdn.co/image/ab67616d0000b273883784e7ffefed07cd016211,,,,matched,https://i.scdn.co/image/ab6761610000e5ebf8cc34bc67b5613dfcea0b36,https://open.spotify.com/artist/2eAGt8Hqgi7Um11veMi1fR
"November 27, 2024",Africanism,The Last Poets and Tony Allen Ft. Egypt 80,Spoken Word,Africa Seven,"London, UK",Marshall Gu,"The Last Poets and Tony Allen Ft. Egypt 80, Africanism",no_match,,,,,,,,,,,,,,,,
"November 26, 2024",Trellis,Lifted,Electronic,Independent Artist,"Washington, D.C.",Ted Davis,"Lifted, Trellis",matched,3RH41G95sJX1QEAlqiFbQX,https://open.spotify.com/album/3RH41G95sJX1QEAlqiFbQX,3183eBpNb3nicV6VkhwCUL,Lifted,Trellis,2024-11-22,day,album,7.0,https://i.scdn.co/image/ab67616d0000b2732f1147dabfdf4a953e746ca9,,,,matched,https://i.scdn.co/image/ab67616d0000b2732f1147dabfdf4a953e746ca9,https://open.spotify.com/artist/3183eBpNb3nicV6VkhwCUL
"November 25, 2024",Meaning’s Edge,Djrum,Electronic,Independent Artist,"England, UK",Jon Dale,"Djrum, Meaning’s Edge",no_match,,,,,,,,,,,,,,,,
"November 22, 2024",Neptunes EP,Kaitlyn Aurelia Smith & Joe Goddard,Electronic,Kaitlyn Aurelia Smith,"Los Angeles, California",Ted Davis,"Kaitlyn Aurelia Smith & Joe Goddard, Neptunes EP",no_match,,,,,,,,,,,,,,,,
"November 21, 2024",Chak Chak Chak Chak,Julián Mayorga,Latin,Independent Artist,Spain,Maria Barrios,"Julián Mayorga, Chak Chak Chak Chak",matched,2dnx2UfB4FopcIfGfpygzj,https://open.spotify.com/album/2dnx2UfB4FopcIfGfpygzj,2TcRGEZR3tYPVDe71l5Fui,Julián Mayorga,Chak Chak Chak Chak,2024-11-15,day,album,11.0,https://i.scdn.co/image/ab67616d0000b2737cf968345ba19ef0736b5ae4,,,,matched,https://i.scdn.co/image/ab6761610000e5eb4a3d5c1e39cab2c5b268fa02,https://open.spotify.com/artist/2TcRGEZR3tYPVDe71l5Fui
"November 20, 2024",Safa,Nizar Rohana,World,Independent Artist,Palestine,James Gui,"Nizar Rohana, Safa",matched,52z0eL1svCLsmV7HxvTHgB,https://open.spotify.com/album/52z0eL1svCLsmV7HxvTHgB,44aAXFZFMN1SHkD3z8rQZ7,Nizar Rohana,Safa,2024-11-15,day,album,10.0,https://i.scdn.co/image/ab67616d0000b273be1571481ae7d4e94be3a260,,,,matched,https://i.scdn.co/image/ab6761610000e5eb2509fe8557e721a6d1e95828,https://open.spotify.com/artist/44aAXFZFMN1SHkD3z8rQZ7
"November 19, 2024",君​が​ど​ん​ど​ん​離​れ​て​行​く You Are Leaving My Mind: The ‘Mariko’ and ‘Dokitto Station​!​!​’ Era,Maple Fyshh,Alternative,EM Records,"Osaka Prefecture, Japan",Elle Carroll,"Maple Fyshh, 君​が​ど​ん​ど​ん​離​れ​て​行​く You Are Leaving My Mind: The ‘Mariko’ and ‘Dokitto Station​!​!​’ Era",no_match,,,,,,,,,,,,,,,,
"November 18, 2024",Naya,Dawuna,Experimental,Independent Artist,"Baltimore, Maryland",Ted Davis,"Dawuna, Naya",matched,4ZBmrddUnOyhblPKD3Xpoh,https://open.spotify.com/album/4ZBmrddUnOyhblPKD3Xpoh,5EWXvpxUaFhmjgWJZlXlVY,Dawuna,Naya,2024-11-15,day,album,14.0,https://i.scdn.co/image/ab67616d0000b273df4a0c2b5f144089a7f31de8,,,,matched,https://i.scdn.co/image/ab67616d0000b273f6f39e407dc240de67bac584,https://open.spotify.com/artist/5EWXvpxUaFhmjgWJZlXlVY
"November 15, 2024",MM​.​.​FOOD (20 Year Anniversary Edition),MF DOOM,Hip-Hop/Rap,Independent Artist,,Dash Lewis,"MF DOOM, MM​.​.​FOOD (20 Year Anniversary Edition)",no_match,,,,,,,,,,,,,,,,
"November 14, 2024",Sufferer Sounds,Dennis Bovell,Reggae,Dennis Bovell MBE,"London, UK",Jared Proudfoot,"Dennis Bovell, Sufferer Sounds",no_match,,,,,,,,,,,,,,,,
"November 13, 2024",From the Heights of Our Pastureland,Yoo Doo Right,Alternative,yoo doo right,"Montreal, Québec",Mike McGrath-Bryan,"Yoo Doo Right, From the Heights of Our Pastureland",matched,5mFNRWn8JrkaQ0DRi8jmlA,https://open.spotify.com/album/5mFNRWn8JrkaQ0DRi8jmlA,2pVonF82aN2ttqFHsynVeW,Yoo Doo Right,From the Heights of Our Pastureland,2024-11-08,day,album,6.0,https://i.scdn.co/image/ab67616d0000b273d05d9ef2b57948900a065ded,,,,matched,https://i.scdn.co/image/ab6761610000e5eb8c0a733707b287e48d986d1c,https://open.spotify.com/artist/2pVonF82aN2ttqFHsynVeW
"November 12, 2024",Chromesthesia: The Colour of Sound Vol. 1,Various Artists,Electronic,Chromesthesia,"London, UK",April Clare Welsh,"Various Artists, Chromesthesia: The Colour of Sound Vol. 1",matched,10qHGPFvALiqBVUFyniDnj,https://open.spotify.com/album/10qHGPFvALiqBVUFyniDnj,0LyfQWJT6nXafLPZqxe9Of,Various Artists,Chromesthesia: the Colour of Sound Vol. 1,2024-11-08,day,compilation,9.0,https://i.scdn.co/image/ab67616d0000b2734f26c8be7cd755dc636c43c9,,,,matched,https://i.scdn.co/image/ab6761610000e5eb6b134287e3095d2c84b7932a,https://open.spotify.com/artist/0LyfQWJT6nXafLPZqxe9Of
"November 11, 2024",Tension,Mulatu Astatke & the Hoodna Orchestra,World,Mulatu Astatke,"Jimma, Ethiopia",Peter Margasak,"Mulatu Astatke & the Hoodna Orchestra, Tension",no_match,,,,,,,,,,,,,,,,
"November 08, 2024",Mr. Loverman (Original Score),Speakers Corner Quartet,Jazz,Independent Artist,UK,Michael J. West,"Speakers Corner Quartet, Mr. Loverman (Original Score)",matched,6ieeIRvzRwhsxJL2aThKv4,https://open.spotify.com/album/6ieeIRvzRwhsxJL2aThKv4,3lyeudxub9rOtJjF15IzxH,Speakers Corner Quartet,Mr Loverman (Original Score),2024-11-08,day,album,23.0,https://i.scdn.co/image/ab67616d0000b2735fd7073d9094bde9ba2c13a1,,,,matched,https://i.scdn.co/image/ab6761610000e5eb1ed2f197f71a4fa519660394,https://open.spotify.com/artist/3lyeudxub9rOtJjF15IzxH
"November 07, 2024",PP​’S: Compiled by El Palmas & El Dr​á​gon Criollo,PP’S,Alternative,PP´S,Spain,Elle Carroll,"PP’S, PP​’S: Compiled by El Palmas & El Dr​á​gon Criollo",no_match,,,,,,,,,,,,,,,,
"November 06, 2024",İstanbul Sokakları,Baba Zula,Rock,Independent Artist,"Istanbul, Turkey",Elle Carroll,"Baba Zula, İstanbul Sokakları",matched,6RqVyLkn4j1YwnPfJpL7c3,https://open.spotify.com/album/6RqVyLkn4j1YwnPfJpL7c3,39zIRxvWFOGGH4hxGqRkLy,Baba Zula,İstanbul Sokakları,2024-11-08,day,album,8.0,https://i.scdn.co/image/ab67616d0000b273acf6193da4bc7a769be79644,,,,matched,https://i.scdn.co/image/ab6761610000e5ebbc02e085c5a86199a4b28e7e,https://open.spotify.com/artist/39zIRxvWFOGGH4hxGqRkLy
"November 05, 2024",Do You Still Love Me?,Planes Mistaken For Stars,Alternative,Independent Artist,"Denver, Colorado",Spencer Hughes,"Planes Mistaken For Stars, Do You Still Love Me?",matched,3OaZY1ACQm9eO8zbiwj9fk,https://open.spotify.com/album/3OaZY1ACQm9eO8zbiwj9fk,2rfJuPYf7n3inXgdDNxMku,Planes Mistaken For Stars,Do You Still Love Me?,2024-11-01,day,album,13.0,https://i.scdn.co/image/ab67616d0000b27348a71baba342eb12549a2e10,,,,matched,https://i.scdn.co/image/ab6761610000e5ebdf2f820d0ea0f877279980aa,https://open.spotify.com/artist/2rfJuPYf7n3inXgdDNxMku
"November 04, 2024",Seed of a Seed,Haley Heynderickx,Folk,Independent Artist,"Portland, Oregon",Meredith Lawrence,"Haley Heynderickx, Seed of a Seed",matched,5WjjIOn40MG9kLfaeHBS5a,https://open.spotify.com/album/5WjjIOn40MG9kLfaeHBS5a,73MDShZzdL4vUGMkmXOG6X,Haley Heynderickx,Seed of a Seed,2024-11-01,day,album,10.0,https://i.scdn.co/image/ab67616d0000b273165741eb843a1a05155c8f65,,,,matched,https://i.scdn.co/image/ab6761610000e5eb7c63fcd03282ec205c37428f,https://open.spotify.com/artist/73MDShZzdL4vUGMkmXOG6X
"November 01, 2024","The Invisible Road: Original Recordings, 1985​–​1990",Sussan Deyhim & Richard Horowitz,Electronic,RVNG Intl.,"New York, New York",Jim Allen,"Sussan Deyhim & Richard Horowitz, The Invisible Road: Original Recordings, 1985​–​1990",no_match,,,,,,,,,,,,,,,,
"October 31, 2024",PALM WINE,YATTA,Experimental,Independent Artist,,Daniel Dylan Wray,"YATTA, PALM WINE",matched,4F5kviMJJjqb4sce4jh3Xe,https://open.spotify.com/album/4F5kviMJJjqb4sce4jh3Xe,111QPtbpDlO2bvIFI51bVD,YATTA,PALM WINE,2024-10-25,day,album,14.0,https://i.scdn.co/image/ab67616d0000b2731178087840e4c9c751a1675b,,,,matched,https://i.scdn.co/image/ab6761610000e5eb95ce5e9bd78fd67ef6cb9d99,https://open.spotify.com/artist/111QPtbpDlO2bvIFI51bVD
"October 30, 2024",Cherry Blossom Baby,Shigeto,Electronic,SHIGETO,"Detroit, Michigan",Eli Schoop,"Shigeto, Cherry Blossom Baby",matched,12nrw3ZgVqiLe9TnEmkQ4n,https://open.spotify.com/album/12nrw3ZgVqiLe9TnEmkQ4n,48C2RLG6w7o4jAJjCJKZM8,Shigeto,Cherry Blossom Baby,2024-10-25,day,album,10.0,https://i.scdn.co/image/ab67616d0000b273cb546088995571dec2868b5a,,,,matched,https://i.scdn.co/image/ab6761610000e5ebd9fb2255799494e5074bb3ec,https://open.spotify.com/artist/48C2RLG6w7o4jAJjCJKZM8
"October 29, 2024",Diamond Jubilee,Cindy Lee,Alternative,Independent Artist,"Toronto, Ontario",Eli Schoop,"Cindy Lee, Diamond Jubilee",no_match,,,,,,,,,,,,,,,,
"October 25, 2024",1981​-​1986,Primitive Art Group,Jazz,Independent Artist,"Wellington, New Zealand",Jon Dale,"Primitive Art Group, 1981​-​1986",matched,3sjU25wYzx5ivx9RIzQuCy,https://open.spotify.com/album/3sjU25wYzx5ivx9RIzQuCy,6BLazyZP7AwVPXFfQq4Hp1,Primitive Art Group,1981-1986,2024-10-25,day,album,11.0,https://i.scdn.co/image/ab67616d0000b273f14483448a03ad2847f1de2a,,,,matched,https://i.scdn.co/image/ab6761610000e5ebcddbd28e7a328ec1abd2208b,https://open.spotify.com/artist/6BLazyZP7AwVPXFfQq4Hp1
"October 24, 2024",From the Void,Hammock,Ambient,Independent Artist,"Nashville, Tennessee",Erick Bradshaw,"Hammock, From the Void",matched,7KjcNLEieBFrYXrWld0T0J,https://open.spotify.com/album/7KjcNLEieBFrYXrWld0T0J,0VOR7Ie9xUSb45fzIIVJQ1,Hammock,From the Void,2024-10-25,day,album,8.0,https://i.scdn.co/image/ab67616d0000b273638f95372cf6102565bc2881,,,,matched,https://i.scdn.co/image/ab6761610000e5ebbaede86bbfc2bd986d52a681,https://open.spotify.com/artist/0VOR7Ie9xUSb45fzIIVJQ1
"October 23, 2024","Ayo Ke Disco: Boogie, Pop & Funk from the South China Sea (1974​-​88)",Various Artists,World,Soundway Records,UK,Megan Iacobini de Fazio,"Various Artists, Ayo Ke Disco: Boogie, Pop & Funk from the South China Sea (1974​-​88)",matched,0seFmYFsgTmDFsMgp548pN,https://open.spotify.com/album/0seFmYFsgTmDFsMgp548pN,0LyfQWJT6nXafLPZqxe9Of,Various Artists,"Ayo Ke Disco: Boogie, Pop & Funk from the South China Sea (1974-88)",2024-11-08,day,compilation,10.0,https://i.scdn.co/image/ab67616d0000b2732985e18d3649a022ad9b3392,,,,matched,https://i.scdn.co/image/ab6761610000e5eb6b134287e3095d2c84b7932a,https://open.spotify.com/artist/0LyfQWJT6nXafLPZqxe9Of
"October 22, 2024",Dreamstate,Kelly Lee Owens,Electronic,Independent Artist,"London, UK",Joe Muggs,"Kelly Lee Owens, Dreamstate",matched,4OL7O0xoj0xjyRrTA3clwd,https://open.spotify.com/album/4OL7O0xoj0xjyRrTA3clwd,5eitAUlYmlha3LLWg7aBn5,Kelly Lee Owens,Dreamstate,2024-10-18,day,album,10.0,https://i.scdn.co/image/ab67616d0000b273b9e65601e32a0661663e4700,,,,matched,https://i.scdn.co/image/ab6761610000e5eb0a3339b0c187b2733cdb1145,https://open.spotify.com/artist/5eitAUlYmlha3LLWg7aBn5
"October 21, 2024",Venus Smiles Not in the House of Tears,Samora Pinderhughes,Alternative,Independent Artist,"New York, New York",Michael J. West,"Samora Pinderhughes, Venus Smiles Not in the House of Tears",matched,4W3J067k1YiSo6UFywZHoa,https://open.spotify.com/album/4W3J067k1YiSo6UFywZHoa,6Of92bKNSsFuoNkF4nQ6Za,Samora Pinderhughes,Venus Smiles Not in the House of Tears,2024-10-18,day,album,11.0,https://i.scdn.co/image/ab67616d0000b273975b93332749e507b404aaa3,,,,matched,https://i.scdn.co/image/ab6761610000e5ebbd01d35853604eaa31cd55f6,https://open.spotify.com/artist/6Of92bKNSsFuoNkF4nQ6Za
"October 18, 2024",3,Saagara,Jazz,Waclaw Zimpel,"Warsaw, Poland",Michal Wieczorek,"Saagara, 3",matched,3bYJhlYenYM6qavKCBkle8,https://open.spotify.com/album/3bYJhlYenYM6qavKCBkle8,3sTpGFOipufgpSwhWk47y0,"Saagara, Wacław Zimpel, Giridhar Udupa",3,2024-10-18,day,album,6.0,https://i.scdn.co/image/ab67616d0000b273299eb2a0aa268cef96a4a573,,,,matched,https://i.scdn.co/image/ab67616d0000b273299eb2a0aa268cef96a4a573,https://open.spotify.com/artist/3sTpGFOipufgpSwhWk47y0
"October 17, 2024",Municipal Dreams,Low End Activist,Electronic,Independent Artist,"Bristol, UK",Joe Muggs,"Low End Activist, Municipal Dreams",matched,11wQPaqfIv7IkbenDpvcS1,https://open.spotify.com/album/11wQPaqfIv7IkbenDpvcS1,72oF97JtpHOAEYBMLzKKDg,Low End Activist,Municipal Dreams,2024-10-18,day,album,14.0,https://i.scdn.co/image/ab67616d0000b2737f1605e3f6c3344d23de0dad,,,,matched,https://i.scdn.co/image/ab6761610000e5eb24acede7e168687eddb7de65,https://open.spotify.com/artist/72oF97JtpHOAEYBMLzKKDg
"October 16, 2024",Muuntautuja,Oranssi Pazuzu,Metal,Independent Artist,Finland,J. Bennett,"Oranssi Pazuzu, Muuntautuja",matched,6cRCD79pIJvu5aeKWVtskd,https://open.spotify.com/album/6cRCD79pIJvu5aeKWVtskd,3XFQRe2FsSOjrODygK4caW,Oranssi Pazuzu,Muuntautuja,2024-10-11,day,album,8.0,https://i.scdn.co/image/ab67616d0000b27388d48cef643e1ad3ac2ceedc,,,,matched,https://i.scdn.co/image/ab6761610000e5eb51c2a2bcbffebc87a49711cd,https://open.spotify.com/artist/3XFQRe2FsSOjrODygK4caW
"October 15, 2024",The Psychedelic Sounds Of The 13th Floor Elevators,The 13th Floor Elevators,Rock,Independent Artist,"Austin, Texas",Meredith Lawrence,"The 13th Floor Elevators, The Psychedelic Sounds Of The 13th Floor Elevators",no_match,,,,,,,,,,,,,,,,
"October 14, 2024",Psychotic Spew,Black Ends,Punk,Independent Artist,"Seattle, Washington",Eli Schoop,"Black Ends, Psychotic Spew",matched,4xZrw2913rmHj4sORndQt0,https://open.spotify.com/album/4xZrw2913rmHj4sORndQt0,5D8NXuzLwBMIZuL8o6U8q3,Black Ends,Psychotic Spew,2024-10-11,day,album,10.0,https://i.scdn.co/image/ab67616d0000b2734b7433e6eed1962bd5935b67,,,,matched,https://i.scdn.co/image/ab6761610000e5eb92d349f5e45d89c302d5f379,https://open.spotify.com/artist/5D8NXuzLwBMIZuL8o6U8q3
"October 11, 2024",REVELATOR,ELUCID,Hip-Hop/Rap,E L U C I D,New York,Dash Lewis,"ELUCID, REVELATOR",no_match,,,,,,,,,,,,,,,,
"October 10, 2024",I SHOULD CALL THEM,Dua Saleh,R&amp;B/Soul,Independent Artist,"Los Angeles, California",Joseph Francis,"Dua Saleh, I SHOULD CALL THEM",matched,1xdhvEWzPjEbhIqHGmz9SS,https://open.spotify.com/album/1xdhvEWzPjEbhIqHGmz9SS,2DGBzoOLcKLK3eWxFyugdB,Dua Saleh,I SHOULD CALL THEM,2024-10-11,day,album,11.0,https://i.scdn.co/image/ab67616d0000b27356797f9ff3fd9c897d75b3aa,,,,matched,https://i.scdn.co/image/ab6761610000e5eb8ea01e1ecab88cbaf8049279,https://open.spotify.com/artist/2DGBzoOLcKLK3eWxFyugdB
"October 09, 2024",Quiet in a World Full of Noise,Dawn Richard & Spencer Zahn,Alternative,DAWN,"Los Angeles, California",Ted Davis,"Dawn Richard & Spencer Zahn, Quiet in a World Full of Noise",no_match,,,,,,,,,,,,,,,,
"October 08, 2024",Dredging Heaven,White Suns,Metal,Decoherence Records,New York,Erick Bradshaw,"White Suns, Dredging Heaven",no_match,,,,,,,,,,,,,,,,
"October 07, 2024",The Hard Quartet,The Hard Quartet,Alternative,Independent Artist,"New York, New York",Peter Margasak,"The Hard Quartet, The Hard Quartet",matched,7tCKr50KVtUpGHGlWMhBsR,https://open.spotify.com/album/7tCKr50KVtUpGHGlWMhBsR,2fU2w19foGHouVAiJR7DJ6,The Hard Quartet,The Hard Quartet,2024-10-04,day,album,15.0,https://i.scdn.co/image/ab67616d0000b273c5998b4f428ae0a9210e3acb,,,,matched,https://i.scdn.co/image/ab6761610000e5ebb2e57e845b6cdc3f7fd51f34,https://open.spotify.com/artist/2fU2w19foGHouVAiJR7DJ6
"October 04, 2024",Alley of the Sun,Various Artists,Electronic,Not Not Fun Records,California,Erick Bradshaw,"Various Artists, Alley of the Sun",matched,1jKrazfDqfyDkReElJbQS3,https://open.spotify.com/album/1jKrazfDqfyDkReElJbQS3,0LyfQWJT6nXafLPZqxe9Of,Various Artists,Alley Of The Sun,2024-10-04,day,compilation,16.0,https://i.scdn.co/image/ab67616d0000b273e795f7e9e7684431e345288d,,,,matched,https://i.scdn.co/image/ab6761610000e5eb6b134287e3095d2c84b7932a,https://open.spotify.com/artist/0LyfQWJT6nXafLPZqxe9Of
"October 02, 2024","Dance, No One’s Watching",Ezra Collective,Jazz,Independent Artist,"London, UK",Michael J. West,"Ezra Collective, Dance, No One’s Watching",no_match,,,,,,,,,,,,,,,,
"October 01, 2024",Honey,Caribou,Electronic,Independent Artist,"London, UK",Barry Walters,"Caribou, Honey",matched,2BvZajPz4NlN7ZEG0grOZA,https://open.spotify.com/album/2BvZajPz4NlN7ZEG0grOZA,4aEnNH9PuU1HF3TsZTru54,Caribou,Honey,2024-10-04,day,album,12.0,https://i.scdn.co/image/ab67616d0000b273b98b3835c6f349eda06fb94e,,,,matched,https://i.scdn.co/image/ab6761610000e5ebd25c967e7df50abe5581d4f5,https://open.spotify.com/artist/4aEnNH9PuU1HF3TsZTru54
"September 30, 2024",How Ghosts Affect Relationships,His Name Is Alive,Alternative,Independent Artist,"Detroit, Michigan",Jim Allen,"His Name Is Alive, How Ghosts Affect Relationships",no_match,,,,,,,,,,,,,,,,
"September 27, 2024",Everything Around You,Feeling Figures,Rock,Independent Artist,"Montreal, Québec",Jennifer Kelly,"Feeling Figures, Everything Around You",matched,1rxBboz03UjKgRSJUxLIbK,https://open.spotify.com/album/1rxBboz03UjKgRSJUxLIbK,5IbTJK7LgTWTzRscoIX7Ga,Feeling Figures,Everything Around You,2024-09-27,day,album,11.0,https://i.scdn.co/image/ab67616d0000b2738ea0bcdf93f9f278580f71c3,,,,matched,https://i.scdn.co/image/ab6761610000e5ebf126fad8997d0367b5820cbf,https://open.spotify.com/artist/5IbTJK7LgTWTzRscoIX7Ga
"September 26, 2024",Odyssey,Nubya Garcia,Classical,Independent Artist,"London, UK",Michael J. West,"Nubya Garcia, Odyssey",matched,1ZoZu4AeEVIKybGiGgOYdd,https://open.spotify.com/album/1ZoZu4AeEVIKybGiGgOYdd,6O5k8LLRfDK8v9jj1GazAQ,Nubya Garcia,Odyssey,2024-09-20,day,album,12.0,https://i.scdn.co/image/ab67616d0000b273817e40fcecdbdc6ca4273daa,,,,matched,https://i.scdn.co/image/ab6761610000e5ebcc54044c371ab617c1b625bb,https://open.spotify.com/artist/6O5k8LLRfDK8v9jj1GazAQ
"September 25, 2024",opaque,Mo Dotti,Alternative,Independent Artist,"Los Angeles, California",Jude Noel,"Mo Dotti, opaque",matched,3qt2aiRlVVkOnjJKPIqhiH,https://open.spotify.com/album/3qt2aiRlVVkOnjJKPIqhiH,6tHrCJnt1azxhOFzIhf4mN,Mo Dotti,opaque,2024-09-20,day,album,10.0,https://i.scdn.co/image/ab67616d0000b27378becee8f8fee46fa1c49afc,,,,matched,https://i.scdn.co/image/ab6761610000e5eb584a8a5295a73169d0cf1856,https://open.spotify.com/artist/6tHrCJnt1azxhOFzIhf4mN
"September 24, 2024","For Peace And Liberty, In Paris dec 1972",Black Artist Group,Jazz,WEWANTSOUNDS,"Paris, France",Shaun Brady,"Black Artist Group, For Peace And Liberty, In Paris dec 1972",matched,5erW4n3uvrw3B4Rv75EFKz,https://open.spotify.com/album/5erW4n3uvrw3B4Rv75EFKz,3lLmEMhFNhONgoUFTW4kSI,Black Artist Group,"For Peace and Liberty, In Paris Dec 1972",2024-09-20,day,album,6.0,https://i.scdn.co/image/ab67616d0000b2737604c5aea05a5962d19ad86a,,,,matched,https://i.scdn.co/image/ab67616d0000b2737604c5aea05a5962d19ad86a,https://open.spotify.com/artist/3lLmEMhFNhONgoUFTW4kSI
"September 23, 2024",Nijerusalem,Mamman Sani & Tropikal Camel,Electronic,Mamman Sani,"Niamey, Niger",Joe Muggs,"Mamman Sani & Tropikal Camel, Nijerusalem",no_match,,,,,,,,,,,,,,,,
"September 20, 2024",Chain of Light,Nusrat Fateh Ali Khan & Party,World,Nusrat Fateh Ali Khan,Pakistan,Peter Margasak,"Nusrat Fateh Ali Khan & Party, Chain of Light",no_match,,,,,,,,,,,,,,,,
"September 19, 2024",Viva Tu,Manu Chao,Alternative,Independent Artist,France,Dean Van Nguyen,"Manu Chao, Viva Tu",matched,0de0VSMdg29Rwoe9MG4ck2,https://open.spotify.com/album/0de0VSMdg29Rwoe9MG4ck2,6wH6iStAh4KIaWfuhf0NYM,Manu Chao,Viva Tu,2024-09-20,day,album,13.0,https://i.scdn.co/image/ab67616d0000b273a2cab830efd2a509743ff230,,,,matched,https://i.scdn.co/image/ab6761610000e5ebf3373500e9ae4be34f94ae84,https://open.spotify.com/artist/6wH6iStAh4KIaWfuhf0NYM
"September 18, 2024",Indoor Safari,Nick Lowe & Los Straitjackets,Rock,Nick Lowe,"London, UK",Jim Allen,"Nick Lowe & Los Straitjackets, Indoor Safari",no_match,,,,,,,,,,,,,,,,
"September 17, 2024",Waiting For A Sign,Hataałii,Alternative,Independent Artist,"Window Rock, Arizona",Maria Barrios,"Hataałii, Waiting For A Sign",matched,2oHVIh9TaIZeslTYTbSkgX,https://open.spotify.com/album/2oHVIh9TaIZeslTYTbSkgX,7rT8X2eEsdKNFV0WTuNVdt,Hataalii,Waiting for a Sign,2024-09-13,day,album,12.0,https://i.scdn.co/image/ab67616d0000b2731ab56337561b1a4227c193e5,,,,matched,https://i.scdn.co/image/ab6761610000e5eb1c5f3849e317c6d3544283e9,https://open.spotify.com/artist/7rT8X2eEsdKNFV0WTuNVdt
"September 16, 2024",Choice Cuts 1978​–1983,Izumi “Mimi” Kobayashi,Funk,Time Capsule,"London, UK",Eli Schoop,"Izumi “Mimi” Kobayashi, Choice Cuts 1978​–1983",no_match,,,,,,,,,,,,,,,,
"September 13, 2024",Songs in Crimson,Satan,Metal,Independent Artist,"Newcastle Upon Tyne, UK",J. Bennett,"Satan, Songs in Crimson",matched,6dALdAr29xdlmAlvt4qVaL,https://open.spotify.com/album/6dALdAr29xdlmAlvt4qVaL,1LNgvz72fQVLe7ZNIw6Ipo,Satan,Songs in Crimson,2024-09-13,day,album,10.0,https://i.scdn.co/image/ab67616d0000b273ec367aaa6a96da03f5473290,,,,matched,https://i.scdn.co/image/ab6761610000e5eb5949baa260170b9d8fc6744e,https://open.spotify.com/artist/1LNgvz72fQVLe7ZNIw6Ipo
"September 12, 2024",Mute,El Khat,World,El Khat - القات,"Berlin, Germany",James Gui,"El Khat, Mute",matched,49q4Ksvs9NEH3RyCsHw6h8,https://open.spotify.com/album/49q4Ksvs9NEH3RyCsHw6h8,27VOCF4yATFcBGe9N7943c,El Khat,mute,2024-09-13,day,album,10.0,https://i.scdn.co/image/ab67616d0000b27341f4b8c3238b9be123dd9620,,,,matched,https://i.scdn.co/image/ab6761610000e5eb5d23040359eecf70aae4a579,https://open.spotify.com/artist/27VOCF4yATFcBGe9N7943c
"September 11, 2024",at Eulogy,Setting,Experimental,Independent Artist,North Carolina,Grayson Haver Currin,"Setting, at Eulogy",no_match,,,,,,,,,,,,,,,,
"September 10, 2024",A Sound Heart,Jaubi,Jazz,JAUBI,"London, UK",Michal Wieczorek,"Jaubi, A Sound Heart",matched,4CGFi4GBNqvOmLntZyNUb5,https://open.spotify.com/album/4CGFi4GBNqvOmLntZyNUb5,3nb0xF02MfjP2lM9zVNgnp,Jaubi,A Sound Heart,2024-09-06,day,album,10.0,https://i.scdn.co/image/ab67616d0000b27325eaccf22cdd84dbcb1fb5ab,,,,matched,https://i.scdn.co/image/ab6761610000e5ebed2a8b3f00f3bacbfc4bc72a,https://open.spotify.com/artist/3nb0xF02MfjP2lM9zVNgnp
"September 09, 2024",WOOF.,Fat Dog,Rock,Independent Artist,"London, UK",Casey Jarman,"Fat Dog, WOOF.",matched,5zuQQIzkoyry8lZrmW4744,https://open.spotify.com/album/5zuQQIzkoyry8lZrmW4744,4DLjEphXbW7qIhX4iwmNEe,Fat Dog,WOOF.,2024-09-06,day,album,9.0,https://i.scdn.co/image/ab67616d0000b2734d74c4a3fcfd96e16b6d3a9f,,,,matched,https://i.scdn.co/image/ab6761610000e5ebd16167373804efa154e23655,https://open.spotify.com/artist/4DLjEphXbW7qIhX4iwmNEe
"September 06, 2024",Free Energy,Dummy,Alternative,Independent Artist,"Los Angeles, California",Eli Schoop,"Dummy, Free Energy",matched,65xYYnCJh3cuM2OWFlKrN3,https://open.spotify.com/album/65xYYnCJh3cuM2OWFlKrN3,51ymXnZGhf6Z4OcNXPviZC,Dummy,Free Energy,2024-09-06,day,album,12.0,https://i.scdn.co/image/ab67616d0000b273ed5430ddcbc8307dee52bf03,,,,matched,https://i.scdn.co/image/ab6761610000e5ebbac6a911c1a290617a3a78cf,https://open.spotify.com/artist/51ymXnZGhf6Z4OcNXPviZC
"September 05, 2024",Endlessness,Nala Sinephro,Ambient,Independent Artist,"London, UK",Peter Margasak,"Nala Sinephro, Endlessness",matched,51CQQ3tQLRZlZJZ5jcpoGE,https://open.spotify.com/album/51CQQ3tQLRZlZJZ5jcpoGE,2h5syT5XdsQgKLq8Yn1klO,Nala Sinephro,Endlessness,2024-09-06,day,album,10.0,https://i.scdn.co/image/ab67616d0000b273e6d52246a013b10185e0f55b,,,,matched,https://i.scdn.co/image/ab6761610000e5ebaa48ab9a666e9778faa002da,https://open.spotify.com/artist/2h5syT5XdsQgKLq8Yn1klO
"September 04, 2024",Everything Squared,Seefeel,Electronic,Independent Artist,"London, UK",Louis Pattison,"Seefeel, Everything Squared",matched,7MnJHL3tK9Jbvf6Sgnvqmr,https://open.spotify.com/album/7MnJHL3tK9Jbvf6Sgnvqmr,0jyH4jtanxaysaxwDVhR6f,Seefeel,Everything Squared,2024-08-30,day,single,6.0,https://i.scdn.co/image/ab67616d0000b27319b76cf4769219e3c260eb9a,,,,matched,https://i.scdn.co/image/ab6761610000e5eb1ed86d546fe765c075b84f90,https://open.spotify.com/artist/0jyH4jtanxaysaxwDVhR6f
"September 03, 2024",Troubadour,Dorothy Carter,Folk,Independent Artist,Connecticut,Jim Allen,"Dorothy Carter, Troubadour",matched,4YD4rqFwpvlCz6SksQHnPb,https://open.spotify.com/album/4YD4rqFwpvlCz6SksQHnPb,1uO0gxuzPArdYYbSeC7sQ8,Dorothy Carter,Troubadour,1976-01-01,day,album,14.0,https://i.scdn.co/image/ab67616d0000b2734e7f47d761dbc49cd2708239,,,,matched,https://i.scdn.co/image/ab6761610000e5eb0fc9aaa9b1f7c56abc94c336,https://open.spotify.com/artist/1uO0gxuzPArdYYbSeC7sQ8
"August 30, 2024","Synthesizing the Silk Roads: Uzbek Disco, Tajik Folktronica, Uyghur Rock & Tatar Jazz from 1980s Soviet Central Asia",Various Artists,Electronic,Ostinato Records,"New York, New York",Dean Van Nguyen,"Various Artists, Synthesizing the Silk Roads: Uzbek Disco, Tajik Folktronica, Uyghur Rock & Tatar Jazz from 1980s Soviet Central Asia",matched,2npM7r1p4O6VYF5axAVvuS,https://open.spotify.com/album/2npM7r1p4O6VYF5axAVvuS,0LyfQWJT6nXafLPZqxe9Of,Various Artists,"Synthesizing the Silk Roads: Uzbek Disco, Tajik Folktronica, Uyghur Rock & Crimean Tatar Jazz from 1980s Soviet Central Asia",2024-08-30,day,compilation,15.0,https://i.scdn.co/image/ab67616d0000b2732db8d266e28d66077b96ed92,,,,matched,https://i.scdn.co/image/ab6761610000e5eb6b134287e3095d2c84b7932a,https://open.spotify.com/artist/0LyfQWJT6nXafLPZqxe9Of
"August 29, 2024",Frozen In Time,Los Yesterdays,R&amp;B/Soul,Independent Artist,"Los Angeles, California",Fred Pessaro,"Los Yesterdays, Frozen In Time",matched,4s3QzJtYZBoafbW18ow1K5,https://open.spotify.com/album/4s3QzJtYZBoafbW18ow1K5,0Hfk4u1LGIA1lLY7yduUfq,Los Yesterdays,Frozen In Time,2024-08-23,day,album,10.0,https://i.scdn.co/image/ab67616d0000b27312b5555c3480ca07f130526a,,,,matched,https://i.scdn.co/image/ab6761610000e5eb8a139a2d370a8952a6d2821a,https://open.spotify.com/artist/0Hfk4u1LGIA1lLY7yduUfq
"August 28, 2024",Matter,The None,Punk,THE NONE,"London, UK",Jon Buckland,"The None, Matter",matched,2KaMGItL1ANKsRp73FO07S,https://open.spotify.com/album/2KaMGItL1ANKsRp73FO07S,4h8RlQSJtDtEOgT800Q2OG,THE NONE,MATTER,2025-08-08,day,single,4.0,https://i.scdn.co/image/ab67616d0000b273391b9b76b41c9eef5bf03c01,,,,matched,https://i.scdn.co/image/ab6761610000e5eb2384cfec31fa7a339a601cbe,https://open.spotify.com/artist/4h8RlQSJtDtEOgT800Q2OG
"August 27, 2024",Wilurarrakutu,Keanu Nelson,World,Independent Artist,"Papunya, Australia",Dean Van Nguyen,"Keanu Nelson, Wilurarrakutu",matched,66xWjBi6f61SIBNHuI0aIE,https://open.spotify.com/album/66xWjBi6f61SIBNHuI0aIE,0TUcASMdcppH9mH0PzCpKG,Keanu Nelson,Wilurarrakutu,2023-11-03,day,album,10.0,https://i.scdn.co/image/ab67616d0000b27353ddebf6f02d4e3b0bc557c8,,,,matched,https://i.scdn.co/image/ab6761610000e5eb280512334591a9f1d3643224,https://open.spotify.com/artist/0TUcASMdcppH9mH0PzCpKG
"August 26, 2024",GREIF,Zeal & Ardor,Metal,Zeal and Ardor,"New York, New York",Grayson Haver Currin,"Zeal & Ardor, GREIF",matched,1chw1DFmefTueG1VbNVoGN,https://open.spotify.com/album/1chw1DFmefTueG1VbNVoGN,6yCjbLFZ9qAnWfsy9ujm5Y,Zeal & Ardor,GREIF,2024-08-23,day,album,14.0,https://i.scdn.co/image/ab67616d0000b273d365d1c5923d54a868996ce8,,,,matched,https://i.scdn.co/image/ab6761610000e5ebfd911c82faa64720eb283521,https://open.spotify.com/artist/6yCjbLFZ9qAnWfsy9ujm5Y
"August 23, 2024",Mucho Mistrust,Fake Fruit,Rock,Independent Artist,"Oakland, California",Spencer Hughes,"Fake Fruit, Mucho Mistrust",matched,3xeBFfWmIJR0mfR1cGCfUd,https://open.spotify.com/album/3xeBFfWmIJR0mfR1cGCfUd,3WpGIqLvk5kAcvvxEHztL9,Fake Fruit,Mucho Mistrust,2024-08-23,day,album,12.0,https://i.scdn.co/image/ab67616d0000b2735a6c0baaaffce9c7005d1232,,,,matched,https://i.scdn.co/image/ab6761610000e5eb2209fc687ec4ac0a75e380c4,https://open.spotify.com/artist/3WpGIqLvk5kAcvvxEHztL9
"August 22, 2024",Imaginal Disk,Magdalena Bay,Pop,Independent Artist,"Los Angeles, California",April Clare Welsh,"Magdalena Bay, Imaginal Disk",matched,2Htq1sHgmdGffojIBM6Q1s,https://open.spotify.com/album/2Htq1sHgmdGffojIBM6Q1s,1oPRcJUkloHaRLYx0olBLJ,Magdalena Bay,Imaginal Disk,2024-08-23,day,album,15.0,https://i.scdn.co/image/ab67616d0000b2737339f7e95927d4b823189f62,,,,matched,https://i.scdn.co/image/ab6761610000e5eb8257ff04aaf62d848030efeb,https://open.spotify.com/artist/1oPRcJUkloHaRLYx0olBLJ
"August 21, 2024",Bamako​*​Chicago Sound System,Nicole Mitchell and Ballaké Sissoko,Jazz,Nicole M Mitchell,North Carolina,Michael J. West,"Nicole Mitchell and Ballaké Sissoko, Bamako​*​Chicago Sound System",no_match,,,,,,,,,,,,,,,,
"August 20, 2024",Fossil Cocoon: The Music of K. Yoshimatsu,K. Yoshimatsu,Experimental,Phantom Limb,"Brighton, UK",Ted Davis,"K. Yoshimatsu, Fossil Cocoon: The Music of K. Yoshimatsu",matched,3BS70OTA9igAlxjiuPXWYn,https://open.spotify.com/album/3BS70OTA9igAlxjiuPXWYn,4YAzEhRLi2Yw77IfArPsxY,K. Yoshimatsu,Fossil Cocoon: The Music of K. Yoshimatsu,2024-08-16,day,album,6.0,https://i.scdn.co/image/ab67616d0000b273919febf5af82b4a7432363e4,,,,matched,https://i.scdn.co/image/ab67616d0000b273919febf5af82b4a7432363e4,https://open.spotify.com/artist/4YAzEhRLi2Yw77IfArPsxY
"August 19, 2024",UltraCopacetic (Copacetic Remixed and Expanded),Velocity Girl,Rock,Independent Artist,"Washington, D.C.",Hayden Merrick,"Velocity Girl, UltraCopacetic (Copacetic Remixed and Expanded)",matched,1TnuyaYj24kmLIsKTpCl04,https://open.spotify.com/album/1TnuyaYj24kmLIsKTpCl04,1fXw2uWfwAlNxlDsW8cKIS,Velocity Girl,UltraCopacetic (Copacetic Remixed and Expanded),2024-08-16,day,album,21.0,https://i.scdn.co/image/ab67616d0000b273e43c0734ba0bf2eba33e3cf3,,,,matched,https://i.scdn.co/image/ab6772690000c46c259ed9f331c8deb67e2c2ca2,https://open.spotify.com/artist/1fXw2uWfwAlNxlDsW8cKIS
"August 16, 2024",Sun Glories,Chuck Johnson,Ambient,Independent Artist,"Oakland, California",Ben Arthur,"Chuck Johnson, Sun Glories",matched,6HlX5NVp35YB0WzAwPNDVr,https://open.spotify.com/album/6HlX5NVp35YB0WzAwPNDVr,5lRVe4YjX70hurTNtjek0f,Chuck Johnson,Sun Glories,2024-08-16,day,album,6.0,https://i.scdn.co/image/ab67616d0000b273c3d68afd652580e102e8e1f7,,,,matched,https://i.scdn.co/image/ab6772690000c46c9d9643bf4a300c019e8d657a,https://open.spotify.com/artist/5lRVe4YjX70hurTNtjek0f
"August 15, 2024",Black Black Minds,The Travellers,Reggae,VP Records,"Queens, New York",Dean Van Nguyen,"The Travellers, Black Black Minds",matched,5xBZhnzP8Zlom6V35MirPq,https://open.spotify.com/album/5xBZhnzP8Zlom6V35MirPq,3IlWyejrTb0FcKBRodr3EX,The Travellers,Black Black Minds,2024-08-16,day,album,15.0,https://i.scdn.co/image/ab67616d0000b27378bcff29dac53269ddd2d2e3,,,,matched,https://i.scdn.co/image/ab6761610000e5ebcae65eca1fcbf96814812b20,https://open.spotify.com/artist/3IlWyejrTb0FcKBRodr3EX
"August 14, 2024",Falling,Henrik Meierkord,Ambient,Projekt Records,"Portland, Oregon",Ted Davis,"Henrik Meierkord, Falling",matched,6SuiBJBYMhwYFzCqpxM9r9,https://open.spotify.com/album/6SuiBJBYMhwYFzCqpxM9r9,1P3kpCPt72YWzJDjJ1Ii8D,Henrik Meierkord,Falling,2024-08-16,day,album,12.0,https://i.scdn.co/image/ab67616d0000b27333daf2205856f675313c29b0,,,,matched,https://i.scdn.co/image/ab6761610000e5ebc793443f374f6ccf66f82928,https://open.spotify.com/artist/1P3kpCPt72YWzJDjJ1Ii8D
"August 13, 2024",Let Tha Dopeness Begin,Yogi & Woof,Hip-Hop/Rap,Yogisoul,"Østfold, Norway",Fred Pessaro,"Yogi & Woof, Let Tha Dopeness Begin",no_match,,,,,,,,,,,,,,,,
"August 12, 2024",Perak,Thee Marloes,Pop,Independent Artist,"Surabaya, Indonesia",Will Ainsley,"Thee Marloes, Perak",matched,5FdHePoYyJiUsjG0ownNbb,https://open.spotify.com/album/5FdHePoYyJiUsjG0ownNbb,0rTTgwJUHLQWqQV9sNvcbE,Thee Marloes,Perak,2024-08-09,day,album,12.0,https://i.scdn.co/image/ab67616d0000b2730883739846664e3f02261e8c,,,,matched,https://i.scdn.co/image/ab6761610000e5eba7c1546afecb0959978454c2,https://open.spotify.com/artist/0rTTgwJUHLQWqQV9sNvcbE
"August 09, 2024",Megafauna,And So I Watch You From Afar,Rock,Independent Artist,"Belfast, UK",Will Ainsley,"And So I Watch You From Afar, Megafauna",matched,5qEemj4rNywiEnzQnAA1Nu,https://open.spotify.com/album/5qEemj4rNywiEnzQnAA1Nu,7qKMNwlACMZOUdMG3acwst,And So I Watch You from Afar,Megafauna,2024-08-09,day,album,9.0,https://i.scdn.co/image/ab67616d0000b27390c3407c5ae73620215d2766,,,,matched,https://i.scdn.co/image/ab6761610000e5eb99aee64117d3a009808efbf6,https://open.spotify.com/artist/7qKMNwlACMZOUdMG3acwst
"August 08, 2024",Freedom At Last,Freedom,Rock,BYG Records,"London, UK",Jim Allen,"Freedom, Freedom At Last",matched,5v8Aa6H20QBatRwdnjBZ8L,https://open.spotify.com/album/5v8Aa6H20QBatRwdnjBZ8L,1oD2lV4JlIYQV1fI5DHfJr,Freedom,Freedom At Last,1970-01-31,day,album,12.0,https://i.scdn.co/image/ab67616d0000b2736aacdc4abc0d8b06d678f58f,,,,matched,https://i.scdn.co/image/ab67616d0000b2737b95d46a86bdf8aab81b67a7,https://open.spotify.com/artist/1oD2lV4JlIYQV1fI5DHfJr
"August 07, 2024",Gb​ɛ​fal​ɔ​i (Travelers),Accra Quartet,Experimental,FPE Records,"Oak Park, Illinois",Ted Davis,"Accra Quartet, Gb​ɛ​fal​ɔ​i (Travelers)",no_match,,,,,,,,,,,,,,,,
"August 06, 2024",Flores para Verene / Cantos para Caramina,Tomin,Jazz,International Anthem,"Chicago, Illinois",Michael J. West,"Tomin, Flores para Verene / Cantos para Caramina",matched,1WunpH86EFckM57Fm5eoOf,https://open.spotify.com/album/1WunpH86EFckM57Fm5eoOf,0YMLTyB0Y3pZLxKK2tXcTj,Tomin,Flores para Verene / Cantos para Caramina,2024-08-20,day,album,24.0,https://i.scdn.co/image/ab67616d0000b27342ab0e46ee18d7171589184d,,,,matched,https://i.scdn.co/image/ab6761610000e5eb368fdc995d85625bd1eddc7b,https://open.spotify.com/artist/0YMLTyB0Y3pZLxKK2tXcTj
"August 05, 2024",The Kingdom Is Ours,Erang,Ambient,Independent Artist,France,Robert Newsome,"Erang, The Kingdom Is Ours",matched,4aOaskwVBcIs1XjTdxLsgJ,https://open.spotify.com/album/4aOaskwVBcIs1XjTdxLsgJ,084f5VMGkCRs4mV96QhJUM,Erang,The Kingdom is Ours,2024-08-16,day,album,13.0,https://i.scdn.co/image/ab67616d0000b273676a0d700d2823c130a9cb6b,,,,matched,https://i.scdn.co/image/ab6761610000e5ebc9cb4f17db5f0daf7268c6f8,https://open.spotify.com/artist/084f5VMGkCRs4mV96QhJUM
"August 02, 2024",Grim Iconic​.​.​.​(​Sadistic Mantra),J.R.C.G.,Punk,Independent Artist,"Tacoma, Washington",Jennifer Kelly,"J.R.C.G., Grim Iconic​.​.​.​(​Sadistic Mantra)",matched,52pJsduEFqmGnR6u9T2b8r,https://open.spotify.com/album/52pJsduEFqmGnR6u9T2b8r,4aNwMw5llWDwwA67i4sO7J,J.R.C.G.,Grim Iconic...(Sadistic Mantra),2024-08-02,day,album,9.0,https://i.scdn.co/image/ab67616d0000b273c31f0834db36ab2450ef6f1c,,,,matched,https://i.scdn.co/image/ab6761610000e5eb62dfd9bad19df76501e6f2d8,https://open.spotify.com/artist/4aNwMw5llWDwwA67i4sO7J
"August 01, 2024",Shadow Knell,Shadow Knell,Electronic,Independent Artist,"Philadelphia, Pennsylvania",Robert Newsome,"Shadow Knell, Shadow Knell",matched,07jr64QtO7MAF8fv2OawRc,https://open.spotify.com/album/07jr64QtO7MAF8fv2OawRc,5FtVRR9Ht6OvritIsgHW6z,Shadow Knell,Shadow Knell,2024-08-02,day,album,8.0,https://i.scdn.co/image/ab67616d0000b273908a8cb978ed8d3a3e30ace0,,,,matched,https://i.scdn.co/image/ab6761610000e5eba11d2bd3481ac4977e273d07,https://open.spotify.com/artist/5FtVRR9Ht6OvritIsgHW6z
"July 31, 2024",Wishing Well,Aaberg,Rock,Independent Artist,UK,Ted Davis,"Aaberg, Wishing Well",matched,759WMisE7ceUdQK2TZNPbr,https://open.spotify.com/album/759WMisE7ceUdQK2TZNPbr,40T8hiKdPVMOmPWV4uraUA,Aaberg,Wishing Well,2024-08-02,day,album,10.0,https://i.scdn.co/image/ab67616d0000b273c21e1c2cf773ec091bbaa641,,,,matched,https://i.scdn.co/image/ab6761610000e5ebb5998d588d0e8a2831d6c0ba,https://open.spotify.com/artist/40T8hiKdPVMOmPWV4uraUA
"July 30, 2024",Antologia Vol. 2,África Negra,World,Independent Artist,"Sao Tome, São Tomé and Príncipe",Michael J. West,"África Negra, Antologia Vol. 2",matched,0ZkuTpUVEkX6Kny8WHJu9J,https://open.spotify.com/album/0ZkuTpUVEkX6Kny8WHJu9J,1pEC7prcIelHH0enQml4eC,África Negra,Antologia Vol. 2,2024-08-02,day,album,13.0,https://i.scdn.co/image/ab67616d0000b2731a5bc7fdf9829e2290e41231,,,,matched,https://i.scdn.co/image/ab67616d0000b27313320829fb639987488edd4a,https://open.spotify.com/artist/1pEC7prcIelHH0enQml4eC
"July 29, 2024",Wild Guess,Robber Robber,Alternative,Independent Artist,"Burlington, Vermont",Elle Carroll,"Robber Robber, Wild Guess",matched,6Uv1WXllevEM4Ci8AGpAO6,https://open.spotify.com/album/6Uv1WXllevEM4Ci8AGpAO6,7kXZ3iTr0blml9QgUdfwGM,Robber Robber,Wild Guess,2024-07-26,day,album,9.0,https://i.scdn.co/image/ab67616d0000b273b41cf28b56099c5b27423c2b,,,,matched,https://i.scdn.co/image/ab6761610000e5eb4fd35509d60e67ae74e680d2,https://open.spotify.com/artist/7kXZ3iTr0blml9QgUdfwGM
"July 26, 2024",marked,Klein,Experimental,Independent Artist,"London, UK",Eli Schoop,"Klein, marked",matched,4lWw809nFEpvDghgjBwpW7,https://open.spotify.com/album/4lWw809nFEpvDghgjBwpW7,6chuFWw4BmHxOc3X0cC8Ct,Klein,marked,2024-07-26,day,album,17.0,https://i.scdn.co/image/ab67616d0000b273c8678b9f2062543004718c60,,,,matched,https://i.scdn.co/image/ab6761610000e5eb4d10f0aa572b02595e7befcd,https://open.spotify.com/artist/6chuFWw4BmHxOc3X0cC8Ct
"July 25, 2024",From Memory,Clothing,Pop,Independent Artist,"New York, New York",Elle Carroll,"Clothing, From Memory",matched,6hqUhTZDdHEsp30syMdOKp,https://open.spotify.com/album/6hqUhTZDdHEsp30syMdOKp,5EHcF3h1NIxCuuvhFJP08H,Clothing,From Memory,2024-07-26,day,album,8.0,https://i.scdn.co/image/ab67616d0000b2735cb20dfe7f9fbf0c92c63720,,,,matched,https://i.scdn.co/image/ab6761610000e5eb6dfd6148ad2fddfeb3a52515,https://open.spotify.com/artist/5EHcF3h1NIxCuuvhFJP08H
"July 24, 2024",Isthmus,Throwing Snow,Electronic,Independent Artist,"DL, Ireland",Joe Muggs,"Throwing Snow, Isthmus",matched,1xfDWJsi1OPdJ0qn2yfiwA,https://open.spotify.com/album/1xfDWJsi1OPdJ0qn2yfiwA,0Qur5LqqAVVunjY2PnjhUp,Throwing Snow,Isthmus,2024-07-26,day,album,13.0,https://i.scdn.co/image/ab67616d0000b273522dd1671c4c07b55b6752d5,,,,matched,https://i.scdn.co/image/d20e90d8f88d9dae4152f1564cf8d25b168f2c8f,https://open.spotify.com/artist/0Qur5LqqAVVunjY2PnjhUp
"July 23, 2024",Silver Shadow,Slowly Rolling Camera,Jazz,Independent Artist,"Cardiff, UK",Andy Thomas,"Slowly Rolling Camera, Silver Shadow",matched,77D07PWUVtGQXMW2nBStG2,https://open.spotify.com/album/77D07PWUVtGQXMW2nBStG2,5kH36nIamlV0iSe6ESDWvb,Slowly Rolling Camera,Silver Shadow,2024-07-26,day,album,8.0,https://i.scdn.co/image/ab67616d0000b273583a66291241d0d522265601,,,,matched,https://i.scdn.co/image/ab6761610000e5ebab796e9949bfc8994d29f69b,https://open.spotify.com/artist/5kH36nIamlV0iSe6ESDWvb
"July 22, 2024",Ancient​/​/​Future,Mourning [A] BLKstar,Experimental,Independent Artist,"Cleveland, Ohio",Jesse Bernard,"Mourning [A] BLKstar, Ancient​/​/​Future",matched,1gAkj5DaAlkkYrF5G6CHK1,https://open.spotify.com/album/1gAkj5DaAlkkYrF5G6CHK1,3d7JKcEcThVS0eNAMvsmtY,Mourning [A] BLKstar,Ancient//Future,2024-07-19,day,album,7.0,https://i.scdn.co/image/ab67616d0000b273db2574b9f747fce54161743a,,,,matched,https://i.scdn.co/image/ab6772690000c46c27d0d6af21785855da5d2e6f,https://open.spotify.com/artist/3d7JKcEcThVS0eNAMvsmtY
"July 19, 2024",STARFACE,Lava La Rue,Alternative,Independent Artist,"London, UK",Eli Schoop,"Lava La Rue, STARFACE",matched,2ygz2yoIAR5S9WWIxnvkAL,https://open.spotify.com/album/2ygz2yoIAR5S9WWIxnvkAL,271bbpX3pdCi56ZJA1jQ43,Lava La Rue,STARFACE,2024-07-19,day,album,17.0,https://i.scdn.co/image/ab67616d0000b2732e975b1e2113c800d86e02fd,,,,matched,https://i.scdn.co/image/ab6761610000e5eb03131b820f18337f9feab1df,https://open.spotify.com/artist/271bbpX3pdCi56ZJA1jQ43
"July 18, 2024",Drifts and Surfaces,Elori Saxl,Electronic,Independent Artist,"New York, New York",Grayson Haver Currin,"Elori Saxl, Drifts and Surfaces",matched,6CRaegrVWfzQ6wneCbUoxA,https://open.spotify.com/album/6CRaegrVWfzQ6wneCbUoxA,6ToGjPfiUS10Zds9xirvm0,Elori Saxl,Drifts and Surfaces,2024-07-19,day,single,3.0,https://i.scdn.co/image/ab67616d0000b273df119e48f242b77f8f171378,,,,matched,https://i.scdn.co/image/ab6761610000e5ebf7811ddc136eb81f4448aed6,https://open.spotify.com/artist/6ToGjPfiUS10Zds9xirvm0
"July 17, 2024",Fantasy World,Lilacs & Champagne,Electronic,Lilacs &amp; Champagne,"Malmö, Sweden",Casey Jarman,"Lilacs & Champagne, Fantasy World",matched,3F9Zi9eQtRCdTf13oaWitP,https://open.spotify.com/album/3F9Zi9eQtRCdTf13oaWitP,3RLmwfhrVzVSdo82pagPjd,Lilacs & Champagne,Fantasy World,2024-07-19,day,album,14.0,https://i.scdn.co/image/ab67616d0000b273df84f10f9af3bb785bdfb092,,,,matched,https://i.scdn.co/image/ab6761610000e5eb7260307f1a80a317f943980a,https://open.spotify.com/artist/3RLmwfhrVzVSdo82pagPjd
"July 16, 2024",King Of The Mischievous South Vol. 2,Denzel Curry,Hip-Hop/Rap,Independent Artist,"Miami, Florida",Dash Lewis,"Denzel Curry, King Of The Mischievous South Vol. 2",matched,6LoDd1G8en4TcqdSg7yqrV,https://open.spotify.com/album/6LoDd1G8en4TcqdSg7yqrV,6fxyWrfmjcbj5d12gXeiNV,Denzel Curry,King Of The Mischievous South Vol. 2,2024-07-19,day,album,15.0,https://i.scdn.co/image/ab67616d0000b2733fb9700186c245ff1f85b0fc,,,,matched,https://i.scdn.co/image/ab6761610000e5eb8e265da892579da2139b659f,https://open.spotify.com/artist/6fxyWrfmjcbj5d12gXeiNV
"July 15, 2024",Macro,Brijean,Alternative,Independent Artist,"Los Angeles, California",Blake Gillespie,"Brijean, Macro",matched,1iAqfn9vawMhkRuQQzP3qj,https://open.spotify.com/album/1iAqfn9vawMhkRuQQzP3qj,2TRNyrjoKJnqSc9G8jCZfb,Brijean,Macro,2024-07-12,day,album,12.0,https://i.scdn.co/image/ab67616d0000b2736d46fbe006dab1d887b5163a,,,,matched,https://i.scdn.co/image/ab6761610000e5eb0ca32e88271219592f271f62,https://open.spotify.com/artist/2TRNyrjoKJnqSc9G8jCZfb
"July 12, 2024",PASSE,Oruã,Rock,Independent Artist,"Rio De Janeiro, Brazil",Brad Cohan,"Oruã, PASSE",matched,0VZb2MWbxOqy0n6o89rvYk,https://open.spotify.com/album/0VZb2MWbxOqy0n6o89rvYk,2Wya1Moi5k4EX1dRpCf4Dm,Oruã,Passe,2024-07-19,day,album,13.0,https://i.scdn.co/image/ab67616d0000b273b68c9c515bd22965c4ec0aa1,,,,matched,https://i.scdn.co/image/ab6761610000e5eb32c16ce847de69dcf64eac1f,https://open.spotify.com/artist/2Wya1Moi5k4EX1dRpCf4Dm
"July 11, 2024",Seashell Angel Lucky Charm,Armlock,Electronic,Independent Artist,"Melbourne, Australia",Spencer Hughes,"Armlock, Seashell Angel Lucky Charm",matched,5SJXPM1Haxxp4DuXoOBQIb,https://open.spotify.com/album/5SJXPM1Haxxp4DuXoOBQIb,7BoU3VkauvnYvttpymQ7pG,Armlock,Seashell Angel Lucky Charm,2024-07-12,day,album,7.0,https://i.scdn.co/image/ab67616d0000b273c2eeaa034a3b45140983797f,,,,matched,https://i.scdn.co/image/ab6761610000e5ebda074f2476d12de42ee5e548,https://open.spotify.com/artist/7BoU3VkauvnYvttpymQ7pG
"July 10, 2024",Tailem Bend,ORB,Rock,O.R.B,"Melbourne, Australia",John Morrison,"ORB, Tailem Bend",matched,7fllzZfYCMpwyRIIC28JVM,https://open.spotify.com/album/7fllzZfYCMpwyRIIC28JVM,7ycDiDnCUNNpstcTwlXF8C,ORB,Tailem Bend,2024-07-12,day,album,8.0,https://i.scdn.co/image/ab67616d0000b2738753b5165c7dfe5274921bc8,,,,matched,https://i.scdn.co/image/ab6772690000c46cc8325f0b21fca89e7ea10511,https://open.spotify.com/artist/7ycDiDnCUNNpstcTwlXF8C
"July 09, 2024",Lambda,ZULI,Electronic,Independent Artist,Egypt,Joseph Francis,"ZULI, Lambda",matched,7uzOcKlkHCj0b1hn72UGUn,https://open.spotify.com/album/7uzOcKlkHCj0b1hn72UGUn,5Kur13kkU4pOoNFAE8K0YF,ZULI,Lambda,2024-07-05,day,album,13.0,https://i.scdn.co/image/ab67616d0000b273ff6c79d287778401bce5c85f,,,,matched,https://i.scdn.co/image/ab6761610000e5eb7f3096ed0432fee1ee2a9b4c,https://open.spotify.com/artist/5Kur13kkU4pOoNFAE8K0YF
"July 08, 2024",Queen of Eyes,West of Roan,Folk,Independent Artist,Washington,Mike McGrath-Bryan,"West of Roan, Queen of Eyes",matched,64MIudUJHTC2QzMpMZituE,https://open.spotify.com/album/64MIudUJHTC2QzMpMZituE,7iLRjYXZ6KrKUYhSwrWj20,West of Roan,Queen of Eyes,2024-07-12,day,album,13.0,https://i.scdn.co/image/ab67616d0000b2737bae285ce27165c91e1d3e6b,,,,matched,https://i.scdn.co/image/ab67616d0000b2730306f81bcbe9e57733ac1af9,https://open.spotify.com/artist/7iLRjYXZ6KrKUYhSwrWj20
"July 03, 2024",Violence,Truck Violence,Punk,Independent Artist,"Montreal, Québec",Eli Schoop,"Truck Violence, Violence",matched,2BBfwqdiF0cin2q8aBTnvt,https://open.spotify.com/album/2BBfwqdiF0cin2q8aBTnvt,37hhPwqpgSJ3sVixiThL0l,Truck Violence,Violence,2024-07-05,day,album,8.0,https://i.scdn.co/image/ab67616d0000b273001b377039b7efe510d80857,,,,matched,https://i.scdn.co/image/ab6761610000e5eb578663f9a24d51a720ce1266,https://open.spotify.com/artist/37hhPwqpgSJ3sVixiThL0l
"July 02, 2024",Small Medium Large,SML,Jazz,International Anthem,"Chicago, Illinois",Michael J. West,"SML, Small Medium Large",matched,3DpHrOJuKw6QSfcvLNanRO,https://open.spotify.com/album/3DpHrOJuKw6QSfcvLNanRO,5k8cbLF5EZnAhwDvHN6Toj,SML,Small Medium Large,2024-07-09,day,album,13.0,https://i.scdn.co/image/ab67616d0000b273d26638b180dcc216c195d663,,,,matched,https://i.scdn.co/image/ab6761610000e5eb5172666e290bf372e736dcc8,https://open.spotify.com/artist/5k8cbLF5EZnAhwDvHN6Toj
"July 01, 2024",Elude the Torch,The Drin,Punk,Independent Artist,"Cincinnati, Ohio",Erick Bradshaw,"The Drin, Elude the Torch",matched,3G1gIyPN9pjhRHZGD0sc0f,https://open.spotify.com/album/3G1gIyPN9pjhRHZGD0sc0f,4cGPrUtNiRS7pdfiKZ1EGw,The Drin,Elude the Torch,2024-06-28,day,album,12.0,https://i.scdn.co/image/ab67616d0000b273531fb1d862cacdec8f7cf98c,,,,matched,https://i.scdn.co/image/ab67616d0000b27337d79353375cc7e416dbbe80,https://open.spotify.com/artist/4cGPrUtNiRS7pdfiKZ1EGw
"June 28, 2024",Waking Up & Choosing Violence,YUNGMORPHEUS & Alexander Spit,Hip-Hop/Rap,YUNGMORPHEUS,"Los Angeles, California",Thomas Hobbs,"YUNGMORPHEUS & Alexander Spit, Waking Up & Choosing Violence",no_match,,,,,,,,,,,,,,,,
"June 27, 2024",Xeno,CVN,Electronic,Orange Milk Records,,James Gui,"CVN, Xeno",matched,3gi1O8YQLAwIw9vqveOeYG,https://open.spotify.com/album/3gi1O8YQLAwIw9vqveOeYG,19W7Iq71CaCJpLRiYp55rr,CVN,xeno,2024-06-21,day,album,10.0,https://i.scdn.co/image/ab67616d0000b2738cd6ec87094a2f98db4f555c,,,,matched,https://i.scdn.co/image/ab6761610000e5ebac50190d572a026390ce1c54,https://open.spotify.com/artist/19W7Iq71CaCJpLRiYp55rr
"June 26, 2024",Because It’s True,Laughing,Alternative,Independent Artist,"Montreal, Québec",Jim Allen,"Laughing, Because It’s True",no_match,,,,,,,,,,,,,,,,
"June 25, 2024",Musique Originale De Films: Volume 2,Ahmed Malek,World,Habibi Funk Records,"Berlin, Germany",Michael J. West,"Ahmed Malek, Musique Originale De Films: Volume 2",no_match,,,,,,,,,,,,,,,,
"June 24, 2024",All good?,Nonkeen,Electronic,nonkeen,"Berlin, Germany",George Grella,"Nonkeen, All good?",matched,0t6tusoh1iWAYXmI4ER144,https://open.spotify.com/album/0t6tusoh1iWAYXmI4ER144,4164ldqgBP6uc3FuA1gA4b,Nonkeen,All good?,2024-06-21,day,album,8.0,https://i.scdn.co/image/ab67616d0000b27391ee478e77656d017787ed3e,,,,matched,https://i.scdn.co/image/0ed7e3316f8953d8e48650b72fee7470c879f334,https://open.spotify.com/artist/4164ldqgBP6uc3FuA1gA4b
"June 21, 2024",Reflections Vol. 2: Black Decelerant,Black Decelerant,Ambient,Independent Artist,"Charleston, South Carolina",Ted Davis,"Black Decelerant, Reflections Vol. 2: Black Decelerant",matched,4OcHdK0Om2HMi3TNqhiLVq,https://open.spotify.com/album/4OcHdK0Om2HMi3TNqhiLVq,3hDJXXTF8ZlZwrmiRuWtYo,"Black Decelerant, Contour, Omari Jazz",Reflections Vol. 2: Black Decelerant,2024-06-21,day,album,9.0,https://i.scdn.co/image/ab67616d0000b27379389bcfcc28ad6874986ee1,,,,matched,https://i.scdn.co/image/ab6761610000e5ebeabd8ed8aca492c1038cb35f,https://open.spotify.com/artist/3hDJXXTF8ZlZwrmiRuWtYo
"June 20, 2024",Why Lawd?,NxWorries,Hip-Hop/Rap,Independent Artist,"Los Angeles, California",Dash Lewis,"NxWorries, Why Lawd?",matched,0LlzHi8Erl8zpTumqt88Qe,https://open.spotify.com/album/0LlzHi8Erl8zpTumqt88Qe,6PEMFpe3PTOksdV4ZXUpbE,"NxWorries, Anderson .Paak, Knxwledge",Why Lawd?,2024-06-14,day,album,19.0,https://i.scdn.co/image/ab67616d0000b273794bfd9705f40bfb3be95ef4,,,,matched,https://i.scdn.co/image/ab6761610000e5eb89fa062521347470d69ba4c2,https://open.spotify.com/artist/6PEMFpe3PTOksdV4ZXUpbE
"June 18, 2024",Searching,Staples Jr. Singers,R&amp;B/Soul,Independent Artist,"Aberdeen, Mississippi",Jim Allen,"Staples Jr. Singers, Searching",matched,3XzJXH6oYRE34dJOtcDIX1,https://open.spotify.com/album/3XzJXH6oYRE34dJOtcDIX1,63halKNP5I3HxmTjTfHWiN,Staples Jr. Singers,Searching,2024-06-14,day,album,8.0,https://i.scdn.co/image/ab67616d0000b273d00850e059531f815ad96863,,,,matched,https://i.scdn.co/image/ab6761610000e5ebc490ece4754621bbc23d7c7d,https://open.spotify.com/artist/63halKNP5I3HxmTjTfHWiN
"June 17, 2024",Disconnect,KRM & KMRU,Electronic,Phantom Limb,"Brighton, UK",Ted Davis,"KRM & KMRU, Disconnect",no_match,,,,,,,,,,,,,,,,
"June 14, 2024",The Stygian Rose,Crypt Sermon,Metal,Dark Descent Records,Colorado,Sam Sodomsky,"Crypt Sermon, The Stygian Rose",matched,4OlKEXySCOjFXugxgoD9qV,https://open.spotify.com/album/4OlKEXySCOjFXugxgoD9qV,363ih5wuNGWBFcjeKFG8cc,Crypt Sermon,The Stygian Rose,2024-06-14,day,album,6.0,https://i.scdn.co/image/ab67616d0000b273897237f81771270e38d0dfc5,,,,matched,https://i.scdn.co/image/ab6761610000e5ebe9e8ce7be6f3afe6d5391640,https://open.spotify.com/artist/363ih5wuNGWBFcjeKFG8cc
"June 13, 2024",Statik,Actress,Electronic,Independent Artist,"London, UK",Phil E. Bloomfield,"Actress, Statik",matched,7pkufIE73xUXW2A8qqXsid,https://open.spotify.com/album/7pkufIE73xUXW2A8qqXsid,3bg5rmICvmA8dmYVAdKGYH,Actress,Statik,2024-06-07,day,album,11.0,https://i.scdn.co/image/ab67616d0000b2731ea89417a4197ef49a3caa59,,,,matched,https://i.scdn.co/image/ab6761610000e5ebeec80df8b1890acd38a9f357,https://open.spotify.com/artist/3bg5rmICvmA8dmYVAdKGYH
"June 12, 2024",Fine Art,Kneecap,Hip-Hop/Rap,KNEECAP,"Belfast, UK",Mike McGrath-Bryan,"Kneecap, Fine Art",matched,6Wt3uI8G0yhXSvC0jAl9Cg,https://open.spotify.com/album/6Wt3uI8G0yhXSvC0jAl9Cg,1ZVACPeq7ccGCoUXwtafUU,KNEECAP,Fine Art,2024-06-14,day,album,18.0,https://i.scdn.co/image/ab67616d0000b273385bd4740ec9be7ec79d6851,,,,matched,https://i.scdn.co/image/ab6761610000e5eb89e7c69a7d827bcede0f4bad,https://open.spotify.com/artist/1ZVACPeq7ccGCoUXwtafUU
"June 11, 2024",You Said You’d Hold My Hand Through The Fire,Iceboy Violet & Nueen,Hip-Hop/Rap,Iceboy Violet,"Manchester, UK",Thomas Hobbs,"Iceboy Violet & Nueen, You Said You’d Hold My Hand Through The Fire",no_match,,,,,,,,,,,,,,,,
"June 10, 2024",I Hear You,Peggy Gou,Electronic,Independent Artist,"Berlin, Germany",Will Ainsley,"Peggy Gou, I Hear You",matched,5pnr4GOQkBuGuYPeiLw1T6,https://open.spotify.com/album/5pnr4GOQkBuGuYPeiLw1T6,2mLA48B366zkELXYx7hcDN,Peggy Gou,I Hear You,2024-06-07,day,album,10.0,https://i.scdn.co/image/ab67616d0000b273b58857b06c0d9ebf76458dc1,,,,matched,https://i.scdn.co/image/ab6761610000e5ebffbd43b1e54eb09a8c824f53,https://open.spotify.com/artist/2mLA48B366zkELXYx7hcDN
"June 07, 2024",Message To Our Folks,Art Ensemble of Chicago,Jazz,BYG Records,"London, UK",Michael J. West,"Art Ensemble of Chicago, Message To Our Folks",matched,1umxUFL0bkvqojIGw1f0dh,https://open.spotify.com/album/1umxUFL0bkvqojIGw1f0dh,0LTIwNcvI31Zf5wwFVRHyu,Art Ensemble Of Chicago,Message to Our Folks,1969-10-03,day,album,4.0,https://i.scdn.co/image/ab67616d0000b273a3493ffa666b63cb2eeb033f,,,,matched,https://i.scdn.co/image/01f6fb02c824b9c39d8014c27e73116a544e418b,https://open.spotify.com/artist/0LTIwNcvI31Zf5wwFVRHyu
"June 06, 2024",New Virginity,Nat Harvie,Pop,Independent Artist,"Minneapolis, Minnesota",Jim Allen,"Nat Harvie, New Virginity",matched,2rkcEePzRLCiu0j6wdWssk,https://open.spotify.com/album/2rkcEePzRLCiu0j6wdWssk,7exj5BWKe1UEJrt1MPZINh,Nat Harvie,New Virginity,2024-06-07,day,album,8.0,https://i.scdn.co/image/ab67616d0000b27308148927d158037cc973856e,,,,matched,https://i.scdn.co/image/ab6761610000e5ebb4fac157eac79ca3c7ccf3ed,https://open.spotify.com/artist/7exj5BWKe1UEJrt1MPZINh
"June 05, 2024",Blackgrass: From West Virginia to 125th St,Swamp Dogg,Country,Independent Artist,,John Morrison,"Swamp Dogg, Blackgrass: From West Virginia to 125th St",matched,54SnjhBk1E4JIAq1yytXYf,https://open.spotify.com/album/54SnjhBk1E4JIAq1yytXYf,6ZEUa75BqZkvpjhuVzCsdX,Swamp Dogg,Blackgrass: From West Virginia to 125th St,2024-05-31,day,album,12.0,https://i.scdn.co/image/ab67616d0000b273de11dab3b6fe9a68481d31b9,,,,matched,https://i.scdn.co/image/ab6761610000e5eb11b8b0214d8dcbdf40ff8f50,https://open.spotify.com/artist/6ZEUa75BqZkvpjhuVzCsdX
"June 04, 2024",ONEZ,Suzi Analogue,Hip-Hop/Rap,Independent Artist,"Miami, Florida",Dash Lewis,"Suzi Analogue, ONEZ",matched,7zriAnpj3gGZ4d6vaep2Sn,https://open.spotify.com/album/7zriAnpj3gGZ4d6vaep2Sn,0hNK7ZdOjiUJd2C17JAjK8,Suzi Analogue,ONEZ,2024-05-31,day,album,12.0,https://i.scdn.co/image/ab67616d0000b2739822ebf47c4c4fe64d0c5829,,,,matched,https://i.scdn.co/image/ab6761610000e5ebbfbe3f06289b566d9da79cc6,https://open.spotify.com/artist/0hNK7ZdOjiUJd2C17JAjK8
"June 03, 2024",Joy Machine,Dizraeli,Hip-Hop/Rap,Diz Undone (fka Dizraeli),"Bristol, UK",Blake Gillespie,"Dizraeli, Joy Machine",matched,21yZgiyW6174TObtXc1MoG,https://open.spotify.com/album/21yZgiyW6174TObtXc1MoG,3xjNFu3aAWJie7LQzDoYNa,"Dizraeli, Joy Machine",Joy Machine,2024-05-31,day,album,9.0,https://i.scdn.co/image/ab67616d0000b27388245f0db5ca901f180c9a0f,,,,matched,https://i.scdn.co/image/ab6761610000e5eb66be6836d5d074236d8587e0,https://open.spotify.com/artist/3xjNFu3aAWJie7LQzDoYNa
"May 31, 2024","Where I’ve Been, Isn’t Where I’m Going",Shaboozey,Country,Independent Artist,Virginia,Ben Salmon,"Shaboozey, Where I’ve Been, Isn’t Where I’m Going",no_match,,,,,,,,,,,,,,,,
"May 30, 2024",S/T,Bed Maker,Punk,Independent Artist,"Washington, D.C.",Jennifer Kelly,"Bed Maker, S/T",no_match,,,,,,,,,,,,,,,,
"May 29, 2024",3FOR82,Machinedrum,Hip-Hop/Rap,Independent Artist,North Carolina,Joe Muggs,"Machinedrum, 3FOR82",matched,5bOzaa9qvH7q8rEl3fg5nE,https://open.spotify.com/album/5bOzaa9qvH7q8rEl3fg5nE,06xa1OLBsMQJFXcl2tQkH4,Machinedrum,3FOR82,2024-05-24,day,album,12.0,https://i.scdn.co/image/ab67616d0000b2732e30da6ca874a2c25f7a3908,,,,matched,https://i.scdn.co/image/ab6761610000e5eb98a550ec93aaeba40973ac1c,https://open.spotify.com/artist/06xa1OLBsMQJFXcl2tQkH4
"May 28, 2024",Placenta,Carlos Niño & Friends,Jazz,International Anthem,"Chicago, Illinois",Andy Thomas,"Carlos Niño & Friends, Placenta",matched,7DeEHr0n3yZGJPBGv2NrgP,https://open.spotify.com/album/7DeEHr0n3yZGJPBGv2NrgP,5Vp9z1lRUNMLQCXbwrIbDK,Carlos Niño & Friends,Placenta,2024-06-12,day,album,13.0,https://i.scdn.co/image/ab67616d0000b2731fde42dee88bde117cd986d0,,,,matched,https://i.scdn.co/image/ab6761610000e5eb95cf343066618e2510c8336b,https://open.spotify.com/artist/5Vp9z1lRUNMLQCXbwrIbDK
"May 24, 2024",Camembert Electrique,Gong,Rock,BYG Records,"London, UK",Jim Allen,"Gong, Camembert Electrique",matched,0QWmqw8ui1akXCQmfUplsf,https://open.spotify.com/album/0QWmqw8ui1akXCQmfUplsf,47yvARr7dCOKqvjDVwfbf3,Gong,Camembert Electrique,1971,year,album,11.0,https://i.scdn.co/image/ab67616d0000b273744345f46a46d849956c165c,,,,matched,https://i.scdn.co/image/ab6761610000e5eb5a0069e1fbc0e15bf454cd86,https://open.spotify.com/artist/47yvARr7dCOKqvjDVwfbf3
"May 23, 2024",Dark Superstition,Gatecreeper,Metal,Independent Artist,Arizona,Sam Sodomsky,"Gatecreeper, Dark Superstition",matched,7BhpoTy951vKzT7xeQJg9e,https://open.spotify.com/album/7BhpoTy951vKzT7xeQJg9e,0eCB2pwtPnLywA4rxe4i4N,Gatecreeper,Dark Superstition,2024-05-17,day,album,10.0,https://i.scdn.co/image/ab67616d0000b273bd97a95f0caca0cf2e1574a1,,,,matched,https://i.scdn.co/image/ab6761610000e5ebf91b7e8f7a3eab6403396b4e,https://open.spotify.com/artist/0eCB2pwtPnLywA4rxe4i4N
"May 22, 2024",Fully Beat,Aluminum,Rock,Independent Artist,"San Francisco, California",Julie Landers,"Aluminum, Fully Beat",matched,2FcEPPM88y8dLYOfQy2ZaI,https://open.spotify.com/album/2FcEPPM88y8dLYOfQy2ZaI,6vLZIOiIW8QwSBWBLB4Zpa,Aluminum,Fully Beat,2024-05-24,day,album,10.0,https://i.scdn.co/image/ab67616d0000b27371bffa5c0c6a7b700c580b0d,,,,matched,https://i.scdn.co/image/ab6761610000e5eb6fa9ff7a7cda95c1c3181314,https://open.spotify.com/artist/6vLZIOiIW8QwSBWBLB4Zpa
"May 21, 2024",That’s What I Been Sayin’,Rami Gabriel,Alternative,Independent Artist,"Chicago, Illinois",Eli Schoop,"Rami Gabriel, That’s What I Been Sayin’",matched,7a3LxakyPGlhItvt7fHgcT,https://open.spotify.com/album/7a3LxakyPGlhItvt7fHgcT,6MbJytcVWWwSviMbzVO9JA,Rami Gabriel,That's what I been sayin',2024-05-24,day,album,11.0,https://i.scdn.co/image/ab67616d0000b2736725e3ad69f08a243e7eb7d2,,,,matched,https://i.scdn.co/image/ab6761610000e5eb1b21f52ae3ebb00d998f612b,https://open.spotify.com/artist/6MbJytcVWWwSviMbzVO9JA
"May 20, 2024",Combustible Gems,Lightheaded,Pop,lightheaded,New Jersey,Hayden Merrick,"Lightheaded, Combustible Gems",matched,44462odwE01esAUWaV6EUO,https://open.spotify.com/album/44462odwE01esAUWaV6EUO,7oTLtwUXWjKQqJhHTDT3lF,Lightheaded,Combustible Gems,2024-05-17,day,album,8.0,https://i.scdn.co/image/ab67616d0000b273b274c84f4fe3f4626dc6913f,,,,matched,https://i.scdn.co/image/ab6761610000e5eb312ef3e87c7131dd73368fbc,https://open.spotify.com/artist/7oTLtwUXWjKQqJhHTDT3lF
"May 17, 2024",Los manantiales,Daga Voladora,Rock,Independent Artist,"Madrid, Spain",Richard Villegas,"Daga Voladora, Los manantiales",matched,1DeO39I57XjQRWHED7GckT,https://open.spotify.com/album/1DeO39I57XjQRWHED7GckT,0HkkrjqypBf5EUrsCZNxca,Daga Voladora,Los Manantiales,2024-05-17,day,album,9.0,https://i.scdn.co/image/ab67616d0000b2732d2d1e8717ee8c1226e918b2,,,,matched,https://i.scdn.co/image/ab6761610000e5eba1d3fb69e8758363231223b0,https://open.spotify.com/artist/0HkkrjqypBf5EUrsCZNxca
"May 16, 2024",M​ố​i L​ư​ơ​ng Duy​ê​n,Saigon Soul Revival,Rock,Independent Artist,"Ho Chi Minh City, Vietnam",Megan Iacobini de Fazio,"Saigon Soul Revival, M​ố​i L​ư​ơ​ng Duy​ê​n",no_match,,,,,,,,,,,,,,,,
"May 15, 2024",Ukouk: Round Singing Voices of the Ainu 2012–2024,MAREWREW,World,Independent Artist,"Hokkaido, Japan",Matthew Blackwell,"MAREWREW, Ukouk: Round Singing Voices of the Ainu 2012–2024",matched,7EbEMw3mxWKC2n0K5ltfmg,https://open.spotify.com/album/7EbEMw3mxWKC2n0K5ltfmg,6FxJGmdxsJCoHaEOJZ6fIJ,MAREWREW,Ukouk. Round Singing Voices of the Ainu 2012-2024,2024-05-10,day,compilation,16.0,https://i.scdn.co/image/ab67616d0000b27393665b239769414d475f3541,,,,matched,https://i.scdn.co/image/ab67616d0000b273f6591192461f3a7113563fbd,https://open.spotify.com/artist/6FxJGmdxsJCoHaEOJZ6fIJ
"May 14, 2024",Repertoire,Shane Parish,Acoustic,Independent Artist,"Athens, Georgia",Stewart Smith,"Shane Parish, Repertoire",matched,2OGU4OghyaSBJAYsBVwiFj,https://open.spotify.com/album/2OGU4OghyaSBJAYsBVwiFj,3cvqyc36Wu2EbRd2Wf8dgr,Shane Parish,Repertoire,2024-05-17,day,album,14.0,https://i.scdn.co/image/ab67616d0000b273cb4963ed1517d50ad683d4de,,,,matched,https://i.scdn.co/image/ab6761610000e5ebe23492739a7a8872ac2c1f95,https://open.spotify.com/artist/3cvqyc36Wu2EbRd2Wf8dgr
"May 13, 2024",Eat Your Heart Out,Potatohead People,Hip-Hop/Rap,Independent Artist,"Vancouver, British Columbia",John Morrison,"Potatohead People, Eat Your Heart Out",matched,3k1hN6nSeOyz9InTfJnoFT,https://open.spotify.com/album/3k1hN6nSeOyz9InTfJnoFT,2lmWYYMM80tsoDES4aUB1m,Potatohead People,Eat Your Heart Out,2024-05-10,day,album,11.0,https://i.scdn.co/image/ab67616d0000b2738f421db7c115614627a306f5,,,,matched,https://i.scdn.co/image/ab6761610000e5ebb43f7d04f4cef96acd2e9757,https://open.spotify.com/artist/2lmWYYMM80tsoDES4aUB1m
"May 10, 2024",I’m totally fine with it 👍 don’t give a fuck anymore 👍,Arab Strap,Alternative,Independent Artist,"Scotland, UK",Mike McGrath-Bryan,"Arab Strap, I’m totally fine with it 👍 don’t give a fuck anymore 👍",no_match,,,,,,,,,,,,,,,,
"May 09, 2024",Find Your Flame,Nubiyan Twist,Jazz,Independent Artist,"London, UK",John Morrison,"Nubiyan Twist, Find Your Flame",matched,7dkkrLhrHCTPsmc7JucvgL,https://open.spotify.com/album/7dkkrLhrHCTPsmc7JucvgL,5HNkGissAKlCv88sus7rVO,Nubiyan Twist,Find Your Flame,2024-05-03,day,album,12.0,https://i.scdn.co/image/ab67616d0000b2732e7d91d0758556e5fdcf1c1e,,,,matched,https://i.scdn.co/image/ab6761610000e5eb4217f9689f738a294181a9d6,https://open.spotify.com/artist/5HNkGissAKlCv88sus7rVO
"May 08, 2024",Ship to Shore,Richard Thompson,Folk,Independent Artist,"London, UK",Jon Dale,"Richard Thompson, Ship to Shore",matched,1QSfjie17LKOoVroxZeuMV,https://open.spotify.com/album/1QSfjie17LKOoVroxZeuMV,5w75MoT8FfcGOMgjgrj1cz,Richard Thompson,Ship To Shore,2024-05-31,day,album,12.0,https://i.scdn.co/image/ab67616d0000b27320062b28f714d416b24c465a,,,,matched,https://i.scdn.co/image/ab6761610000e5ebdac2ff3f3bb9b0211bba5168,https://open.spotify.com/artist/5w75MoT8FfcGOMgjgrj1cz
"May 07, 2024",I AM JORDAN,I. JORDAN,Electronic,Independent Artist,"London, UK",Becca Inglis,"I. JORDAN, I AM JORDAN",matched,5FpECE3Ow4HGUEhnGN58yU,https://open.spotify.com/album/5FpECE3Ow4HGUEhnGN58yU,5RMLpCv3ic2KtGnqJ7eMG4,I. JORDAN,I AM JORDAN,2024-05-10,day,album,12.0,https://i.scdn.co/image/ab67616d0000b2739fe55a19d621dfcb8667ad5e,,,,matched,https://i.scdn.co/image/ab6761610000e5ebef71b64af39e8fd2e67546ac,https://open.spotify.com/artist/5RMLpCv3ic2KtGnqJ7eMG4
"May 06, 2024",Romanticism,hana vu,Pop,Independent Artist,"Los Angeles, California",Spencer Hughes,"hana vu, Romanticism",matched,6I7Al2K8HxKvyJcook1ZR8,https://open.spotify.com/album/6I7Al2K8HxKvyJcook1ZR8,3diDUq8QMCCtx8a4Jy42aO,Hana Vu,Romanticism,2024-05-03,day,album,12.0,https://i.scdn.co/image/ab67616d0000b2739da1f916fbec7a704385aab6,,,,matched,https://i.scdn.co/image/ab6761610000e5ebc4ee27d4262635b082669771,https://open.spotify.com/artist/3diDUq8QMCCtx8a4Jy42aO
"May 03, 2024",Big Hotel,Winged Wheel,Acoustic,Winged Wheel,"Detroit, Michigan",Jennifer Kelly,"Winged Wheel, Big Hotel",matched,17Z5o7NqM8378JDCunS6ae,https://open.spotify.com/album/17Z5o7NqM8378JDCunS6ae,3oxlQvJbiZ8bioc2884tIn,Winged Wheel,Big Hotel,2024-05-03,day,album,9.0,https://i.scdn.co/image/ab67616d0000b2734abbf7304ad6753fd1f8b5bc,,,,matched,https://i.scdn.co/image/ab67616d0000b2732a82a771635e7d302fb864a6,https://open.spotify.com/artist/3oxlQvJbiZ8bioc2884tIn
"May 02, 2024",Pull the Rope,Ibibio Sound Machine,Electronic,Independent Artist,UK,Jesse Locke,"Ibibio Sound Machine, Pull the Rope",matched,3I4RKOGCEEg8hrFpgyLW73,https://open.spotify.com/album/3I4RKOGCEEg8hrFpgyLW73,4J6CnIqPEtWYn3la2YYj2c,Ibibio Sound Machine,Pull the Rope,2024-05-03,day,album,10.0,https://i.scdn.co/image/ab67616d0000b273c52cfa6963debaefa15e7ab8,,,,matched,https://i.scdn.co/image/ab6761610000e5eb623013c295e33d19c512ba28,https://open.spotify.com/artist/4J6CnIqPEtWYn3la2YYj2c
"May 01, 2024",Spine,Kee Avil,Experimental,Independent Artist,"Montreal, Québec",Ted Davis,"Kee Avil, Spine",matched,13yeaCJ3IKOoA4w3YjNrvV,https://open.spotify.com/album/13yeaCJ3IKOoA4w3YjNrvV,178F3Nm61BKsUtDP3egSoR,Kee Avil,Spine,2024-05-03,day,album,10.0,https://i.scdn.co/image/ab67616d0000b2735d351f774d22f1cc899ee597,,,,matched,https://i.scdn.co/image/ab6761610000e5eb1819de6c2222757907a40972,https://open.spotify.com/artist/178F3Nm61BKsUtDP3egSoR
"April 30, 2024",The Cool Cloud of Okayness,Tara Jane O’Neil,Alternative,Tara Jane O&#39;Neil,California,Peter Margasak,"Tara Jane O’Neil, The Cool Cloud of Okayness",no_match,,,,,,,,,,,,,,,,
"April 29, 2024",So Sorry So Slow,Adult Jazz,Rock,Independent Artist,UK,Ted Davis,"Adult Jazz, So Sorry So Slow",matched,3k35lYkLtyXCQQYQiNM3H1,https://open.spotify.com/album/3k35lYkLtyXCQQYQiNM3H1,5as7SW1R7ACUdkVtmcG7TG,Adult Jazz,So Sorry So Slow,2024-04-26,day,album,12.0,https://i.scdn.co/image/ab67616d0000b273e06cf528b34882193f90b4c7,,,,matched,https://i.scdn.co/image/ab6761610000e5eb29bd5a72fa5fadbe11cb2191,https://open.spotify.com/artist/5as7SW1R7ACUdkVtmcG7TG
"April 26, 2024",New Heaven,Inter Arma,Metal,Independent Artist,"Richmond, Virginia",J. Bennett,"Inter Arma, New Heaven",matched,0HB3RzsvBPT3s0MzSjbdU7,https://open.spotify.com/album/0HB3RzsvBPT3s0MzSjbdU7,5ZG7r3Jg0Y1hGQRMQ8hdRs,Inter Arma,New Heaven,2024-04-26,day,album,8.0,https://i.scdn.co/image/ab67616d0000b273ab7f8b5573150d524f152b5b,,,,matched,https://i.scdn.co/image/ab6761610000e5ebe8e80c20a59cb01a204c38c7,https://open.spotify.com/artist/5ZG7r3Jg0Y1hGQRMQ8hdRs
"April 25, 2024",Out of Body,Geo,Punk,Independent Artist,Netherlands,Will Ainsley,"Geo, Out of Body",matched,0U3dgM7vbVVMgPATRte0Dt,https://open.spotify.com/album/0U3dgM7vbVVMgPATRte0Dt,0wTVDaW8R9u4fayJrhjscL,Geo,Out of Body,2024-04-26,day,album,10.0,https://i.scdn.co/image/ab67616d0000b273c1d1b66ac29384afaa56a6d5,,,,matched,https://i.scdn.co/image/ab6761610000e5ebdda02ec2cd3671b3480635dd,https://open.spotify.com/artist/0wTVDaW8R9u4fayJrhjscL
"April 24, 2024",Threnody for the KhoiSan,Garth Erasmus,World,garth erasmus,South Africa,Matthew Blackwell,"Garth Erasmus, Threnody for the KhoiSan",matched,3XjlBt1YemeHTUEoCLFuTE,https://open.spotify.com/album/3XjlBt1YemeHTUEoCLFuTE,6o6fEkg1iCri464vBTiplW,Garth Erasmus,Threnody for the KhoiSan,2024-04-26,day,album,14.0,https://i.scdn.co/image/ab67616d0000b2731c057e144bf17f1711395d29,,,,matched,https://i.scdn.co/image/ab67616d0000b2731c057e144bf17f1711395d29,https://open.spotify.com/artist/6o6fEkg1iCri464vBTiplW
"April 23, 2024",sleep paralysis,bbymutha,Hip-Hop/Rap,BIGMUTHA,"Chattanooga, Tennessee",Dash Lewis,"bbymutha, sleep paralysis",matched,7Eo5evnGzQDXdRUIOFbsYt,https://open.spotify.com/album/7Eo5evnGzQDXdRUIOFbsYt,21C9Dbg9CD3Dv8NaD7iW8e,BbyMutha,sleep paralysis,2024-04-19,day,album,11.0,https://i.scdn.co/image/ab67616d0000b2731f0526a8e7c9a05265f8b041,,,,matched,https://i.scdn.co/image/ab6761610000e5ebb12c347360117b2bbc73d433,https://open.spotify.com/artist/21C9Dbg9CD3Dv8NaD7iW8e
"April 22, 2024",sentiment,claire rousay,Experimental,Independent Artist,"Los Angeles, California",Lewis Gordon,"claire rousay, sentiment",matched,0QhdOeubTOElMLAVK52uQu,https://open.spotify.com/album/0QhdOeubTOElMLAVK52uQu,24KMaDNklCLuxhzamE6tmq,claire rousay,sentiment,2024-04-19,day,album,10.0,https://i.scdn.co/image/ab67616d0000b273f9f5c08a2a72ae1252e73651,,,,matched,https://i.scdn.co/image/ab6761610000e5eb2b6f6b6f99ba0adcebf9d6e7,https://open.spotify.com/artist/24KMaDNklCLuxhzamE6tmq
"April 19, 2024",Perseids,somesurprises,Rock,Independent Artist,"Seattle, Washington",Ben Salmon,"somesurprises, Perseids",matched,1cJFxAaBlQdxnJKuDM20Dn,https://open.spotify.com/album/1cJFxAaBlQdxnJKuDM20Dn,0qgRfYHnkX1aRKmlWOEJZV,Somesurprises,Perseids,2024-04-19,day,album,9.0,https://i.scdn.co/image/ab67616d0000b273b4f322187a34c73ba7d1fb13,,,,matched,https://i.scdn.co/image/ab6761610000e5eb427f53e6eae302b6fe208dc6,https://open.spotify.com/artist/0qgRfYHnkX1aRKmlWOEJZV
"April 18, 2024",Standing on Giant Shoulders,Seafood Sam,Hip-Hop/Rap,Independent Artist,"Long Beach, California",Dash Lewis,"Seafood Sam, Standing on Giant Shoulders",matched,5sGHMWrkuqwwJTFDa5mN3a,https://open.spotify.com/album/5sGHMWrkuqwwJTFDa5mN3a,42i1K4n41jrf6DuIOQW1BY,Seafood Sam,Standing on Giant Shoulders,2024-04-19,day,album,15.0,https://i.scdn.co/image/ab67616d0000b27392829e02089a60315dbc47b6,,,,matched,https://i.scdn.co/image/ab6761610000e5eb86de29a8478e8fc09776cc4b,https://open.spotify.com/artist/42i1K4n41jrf6DuIOQW1BY
"April 17, 2024",Talitakum,Avalanche Kaito,Punk,Independent Artist,"Brussels, Belgium",Megan Iacobini de Fazio,"Avalanche Kaito, Talitakum",matched,1kdMMqwEiobYHqyYzqh7D5,https://open.spotify.com/album/1kdMMqwEiobYHqyYzqh7D5,7CDHjhMMF91Lielq9ANGzg,Avalanche Kaito,Talitakum,2024-04-12,day,album,9.0,https://i.scdn.co/image/ab67616d0000b273b0743cb5a83fe74bfae5b2c3,,,,matched,https://i.scdn.co/image/ab6761610000e5eb9dc78d2297825959cbff64c7,https://open.spotify.com/artist/7CDHjhMMF91Lielq9ANGzg
"April 16, 2024",Airdrop,Low End Activist,Electronic,Independent Artist,"Bristol, UK",Joe Muggs,"Low End Activist, Airdrop",matched,0c5N4Q7SLkpK7akjGaNjgw,https://open.spotify.com/album/0c5N4Q7SLkpK7akjGaNjgw,72oF97JtpHOAEYBMLzKKDg,Low End Activist,Airdrop II,2025-11-14,day,album,10.0,https://i.scdn.co/image/ab67616d0000b27355a9ce9d0ab7af4fc622fd5e,,,,matched,https://i.scdn.co/image/ab6761610000e5eb24acede7e168687eddb7de65,https://open.spotify.com/artist/72oF97JtpHOAEYBMLzKKDg
"April 15, 2024",Thema Maboneng,Abacothozi,Rock,Independent Artist,"London, UK",Peter Margasak,"Abacothozi, Thema Maboneng",matched,5mXLvcZ34Cx7gnnbfQBspS,https://open.spotify.com/album/5mXLvcZ34Cx7gnnbfQBspS,6q0RdUllgGK6vkvHhQ98S1,Abacothozi,Thema Maboneng,1975-12-29,day,album,6.0,https://i.scdn.co/image/ab67616d0000b273861e830daa841c962c757453,,,,matched,https://i.scdn.co/image/ab67616d0000b273861e830daa841c962c757453,https://open.spotify.com/artist/6q0RdUllgGK6vkvHhQ98S1
"April 12, 2024",Up On Gravity Hill,Metz,Rock,METZ,"Toronto, Ontario",Will Ainsley,"Metz, Up On Gravity Hill",matched,7hvDQ45VsXZiWMOLtK6QtN,https://open.spotify.com/album/7hvDQ45VsXZiWMOLtK6QtN,18TNVFTJ6WfeicsMRrdJHI,Metz,Up On Gravity Hill,2024-04-12,day,album,8.0,https://i.scdn.co/image/ab67616d0000b273b15e888bbab2fcd2eea43f2d,,,,matched,https://i.scdn.co/image/ab6761610000e5eb5d2f255b5f3e19ede32a3cc6,https://open.spotify.com/artist/18TNVFTJ6WfeicsMRrdJHI
"April 11, 2024",Congo Funk!: Sound Madness From The Shores Of The Mighty Congo River (Kinshasa​/​Brazzaville 1969​–1982),Various Artists,Funk,Analog Africa,Germany,Megan Iacobini de Fazio,"Various Artists, Congo Funk!: Sound Madness From The Shores Of The Mighty Congo River (Kinshasa​/​Brazzaville 1969​–1982)",matched,5Fol8lbqQ41Hx7fF1w2gwk,https://open.spotify.com/album/5Fol8lbqQ41Hx7fF1w2gwk,0LyfQWJT6nXafLPZqxe9Of,Various Artists,Congo Funk! - Sound Madness From The Shores Of The Mighty Congo River (Kinshasa/Brazzaville 1969-1982) (Analog Africa No.38),2024-04-05,day,compilation,14.0,https://i.scdn.co/image/ab67616d0000b273751cf8ceb62ef97d48fa4303,,,,matched,https://i.scdn.co/image/ab6761610000e5eb6b134287e3095d2c84b7932a,https://open.spotify.com/artist/0LyfQWJT6nXafLPZqxe9Of
"April 09, 2024","If I don​’​t make it, I love u",Still House Plants,Rock,Independent Artist,"London, UK",Jesse Locke,"Still House Plants, If I don​’​t make it, I love u",no_match,,,,,,,,,,,,,,,,
"April 08, 2024",Violent Violins Exposed,Babak Ahteshamipour,Electronic,Independent Artist,"Athens, Greece",Joe Muggs,"Babak Ahteshamipour, Violent Violins Exposed",no_match,,,,,,,,,,,,,,,,
"April 05, 2024",The Garden Dream,gglum,Pop,Independent Artist,"London, UK",Elle Carroll,"gglum, The Garden Dream",matched,6ZaWKnLc8g4KDily8uOC9R,https://open.spotify.com/album/6ZaWKnLc8g4KDily8uOC9R,3AYjDTXEMqJP0h1iXq8eYO,gglum,The Garden Dream,2024-03-29,day,album,13.0,https://i.scdn.co/image/ab67616d0000b273cbc92cc3e5fa7271fc475875,,,,matched,https://i.scdn.co/image/ab6761610000e5eb2ca5a2f8c27beaf058560680,https://open.spotify.com/artist/3AYjDTXEMqJP0h1iXq8eYO
"April 04, 2024",One Million Love Songs,Bnny,Rock,Independent Artist,"Chicago, Illinois",Spencer Hughes,"Bnny, One Million Love Songs",matched,6ktuNkWlfl4kh4Nf6GLBDP,https://open.spotify.com/album/6ktuNkWlfl4kh4Nf6GLBDP,5WrIiG2BnDY2kouJxzQPsh,Bnny,One Million Love Songs,2024-04-05,day,album,11.0,https://i.scdn.co/image/ab67616d0000b2738909cf77b8aa501887f3e9f7,,,,matched,https://i.scdn.co/image/ab6761610000e5ebcd6ea5a60e99854cd0d1bb92,https://open.spotify.com/artist/5WrIiG2BnDY2kouJxzQPsh
"April 03, 2024",Quintela,Carme López,World,Independent Artist,"GA, Spain",Matthew Blackwell,"Carme López, Quintela",no_match,,,,,,,,,,,,,,,,
"April 02, 2024",Heart Fresh,Kopy,Electronic,Independent Artist,"Osaka, Japan",Jon Dale,"Kopy, Heart Fresh",matched,3kSWc8cyp1v07K6ZveBh4m,https://open.spotify.com/album/3kSWc8cyp1v07K6ZveBh4m,5CKkkXj7Shx7nYRWkY2GmB,Kopy,Heart Fresh,2024-03-29,day,album,10.0,https://i.scdn.co/image/ab67616d0000b273394d82e5713c08cdfd6f8eeb,,,,matched,https://i.scdn.co/image/ab67616d0000b27344167c1df3cb9fbeb6566174,https://open.spotify.com/artist/5CKkkXj7Shx7nYRWkY2GmB
"April 01, 2024",Temple Needs Water. Village Needs Peace.,Real Bad Man & Lukah,Hip-Hop/Rap,Real Bad Man,"Los Angeles, California",Blake Gillespie,"Real Bad Man & Lukah, Temple Needs Water. Village Needs Peace.",no_match,,,,,,,,,,,,,,,,
"March 29, 2024",Moves In the Field,Kelly Moran,Experimental,kelly moran,"New York, New York",Ted Davis,"Kelly Moran, Moves In the Field",matched,1z0KCPqug2XNK68UyPT4zz,https://open.spotify.com/album/1z0KCPqug2XNK68UyPT4zz,1SFqXNEGetmMW6VPZseNqy,Kelly Moran,Moves in the Field,2024-03-29,day,album,10.0,https://i.scdn.co/image/ab67616d0000b2732812b09d8746d71fd90e8fd3,,,,matched,https://i.scdn.co/image/ab6761610000e5eb19c7444a94639ab31c87a69d,https://open.spotify.com/artist/1SFqXNEGetmMW6VPZseNqy
"March 28, 2024",Forest Scenes,MIZU,Experimental,Independent Artist,"New York, New York",James Gui,"MIZU, Forest Scenes",matched,05xtEKZd5rZOh84vCpBOI7,https://open.spotify.com/album/05xtEKZd5rZOh84vCpBOI7,1ocXUwcqDsN6p6zRpAXOl6,MIZU,Forest Scenes,2024-03-22,day,album,8.0,https://i.scdn.co/image/ab67616d0000b273d66c13ef67c8f6821e4e31ad,,,,matched,https://i.scdn.co/image/ab6761610000e5eb7da5a9881b10cbdf04395a47,https://open.spotify.com/artist/1ocXUwcqDsN6p6zRpAXOl6
"March 27, 2024",Black Sheep,Cakes Da Killa,Hip-Hop/Rap,Independent Artist,"Brooklyn, New York",Dash Lewis,"Cakes Da Killa, Black Sheep",matched,53oR2UVkw0JyoVQDNQWyof,https://open.spotify.com/album/53oR2UVkw0JyoVQDNQWyof,6MoQZOH2KnQrJhVtO9VoXC,Cakes da Killa,Black Sheep,2024-04-26,day,album,16.0,https://i.scdn.co/image/ab67616d0000b273883ed27f1185553b096ccd9f,,,,matched,https://i.scdn.co/image/ab6761610000e5ebda8205a40d690ffb728d6eb9,https://open.spotify.com/artist/6MoQZOH2KnQrJhVtO9VoXC
"March 26, 2024",affinity,Fears,Pop,Independent Artist,"Dublin, Ireland",Vrinda Jagota,"Fears, affinity",matched,22jnUck6FXtxajMtLCQssd,https://open.spotify.com/album/22jnUck6FXtxajMtLCQssd,5W0ueLIhRR6IvnyPbnXQlT,Fears,affinity,2024-03-22,day,album,10.0,https://i.scdn.co/image/ab67616d0000b27319ce87f221feb1f67d01cb3a,,,,matched,https://i.scdn.co/image/ab6761610000e5ebe11e536f7af6301e0fc4442f,https://open.spotify.com/artist/5W0ueLIhRR6IvnyPbnXQlT
"March 25, 2024",The Liminality Of Her,Amanda Whiting,Jazz,Independent Artist,UK,Michael J. West,"Amanda Whiting, The Liminality Of Her",matched,3tNvEZnLV5OAnOmII0jTiU,https://open.spotify.com/album/3tNvEZnLV5OAnOmII0jTiU,6PGBkPJLeNHQQTM3wvlVv5,Amanda Whiting,The Liminality of Her,2024-03-22,day,album,10.0,https://i.scdn.co/image/ab67616d0000b2734368fc04bd37079af6bbafdb,,,,matched,https://i.scdn.co/image/ab6761610000e5ebb307e296c6d32619d207a5eb,https://open.spotify.com/artist/6PGBkPJLeNHQQTM3wvlVv5
"March 22, 2024",Akoma,Jlin,Electronic,Independent Artist,"Gary, Indiana",James Gui,"Jlin, Akoma",matched,4N8CfMDL60vLQamW30qZAE,https://open.spotify.com/album/4N8CfMDL60vLQamW30qZAE,23QKqAkKwti9zBiac6RFBA,Jlin,Akoma,2024-03-22,day,album,11.0,https://i.scdn.co/image/ab67616d0000b2731fea0f97fa92aa773e884312,,,,matched,https://i.scdn.co/image/ab6761610000e5ebff2eee5d6eb0fd9f2c8d0039,https://open.spotify.com/artist/23QKqAkKwti9zBiac6RFBA
"March 21, 2024",Unleash,Heavee,Electronic,Independent Artist,"Chicago, Illinois",Nadine Smith,"Heavee, Unleash",matched,1WO89Z7AUdGMP4Zu57ESP0,https://open.spotify.com/album/1WO89Z7AUdGMP4Zu57ESP0,3bTrwZAKTLYI9zozCH6zxw,Heavee,Unleash,2024-03-15,day,album,14.0,https://i.scdn.co/image/ab67616d0000b2739094d445d9671963da34d8cb,,,,matched,https://i.scdn.co/image/ab6761610000e5ebc39f56724bdac97d9de95352,https://open.spotify.com/artist/3bTrwZAKTLYI9zozCH6zxw
"March 20, 2024",Funk Tide: Tokyo Jazz​-​Funk From Electric Bird 1978​–87,Various Artists,Jazz,WEWANTSOUNDS,"Paris, France",Shy Clara Thompson,"Various Artists, Funk Tide: Tokyo Jazz​-​Funk From Electric Bird 1978​–87",no_match,,,,,,,,,,,,,,,,
"March 19, 2024",En La Conquista Del Mundo Latino,Salsa Suprema,World,Independent Artist,"Caracas, Venezuela",Richard Villegas,"Salsa Suprema, En La Conquista Del Mundo Latino",matched,22qMaifyCxNuuzu41udF78,https://open.spotify.com/album/22qMaifyCxNuuzu41udF78,6ZsktULsdRcTrqAshpc7I1,Salsa Suprema,En la Conquista del Mundo Latino,2024-03-29,day,album,10.0,https://i.scdn.co/image/ab67616d0000b273a00370893bae9dd8d325631e,,,,matched,https://i.scdn.co/image/ab6761610000e5ebdf68a0bd2c72acac00989e43,https://open.spotify.com/artist/6ZsktULsdRcTrqAshpc7I1
"March 18, 2024",Read the Air,Marbled Eye,Punk,MARBLED EYE,"Oakland, California",Jennifer Kelly,"Marbled Eye, Read the Air",matched,7KxW0m59zkwJbvZGDNAx58,https://open.spotify.com/album/7KxW0m59zkwJbvZGDNAx58,3V6GV39cSmmExOhjdcM60D,Marbled Eye,Read the Air,2024-03-22,day,album,10.0,https://i.scdn.co/image/ab67616d0000b2731dd40ad96647ae8556e12978,,,,matched,https://i.scdn.co/image/ab6761610000e5eb09d9da197cc4cf1b7d123846,https://open.spotify.com/artist/3V6GV39cSmmExOhjdcM60D
"March 14, 2024",New Monuments,Amirtha Kidambi’s Elder Ones,Jazz,Amirtha Kidambi,"New York, New York",Michael J. West,"Amirtha Kidambi’s Elder Ones, New Monuments",no_match,,,,,,,,,,,,,,,,
"March 13, 2024",A Forsaken Lover’s Plea,Chuck Strangers,Hip-Hop/Rap,Independent Artist,New York,Dylan Green,"Chuck Strangers, A Forsaken Lover’s Plea",no_match,,,,,,,,,,,,,,,,
"March 12, 2024",Dabrye Super Cassette,Dabrye,Electronic,Independent Artist,"Ann Arbor, Michigan",Andrew Parks,"Dabrye, Dabrye Super Cassette",no_match,,,,,,,,,,,,,,,,
"March 11, 2024",Bodies,Various Artists,Electronic,foundation.fm records,"London, UK",Joe Muggs,"Various Artists, Bodies",matched,1YvQvkG7v9sYKU8AEdfBSQ,https://open.spotify.com/album/1YvQvkG7v9sYKU8AEdfBSQ,0LyfQWJT6nXafLPZqxe9Of,Various Artists,Water Bodies,2025-06-27,day,compilation,21.0,https://i.scdn.co/image/ab67616d0000b27363c1eb92ddac22899016b7a3,,,,matched,https://i.scdn.co/image/ab6761610000e5eb6b134287e3095d2c84b7932a,https://open.spotify.com/artist/0LyfQWJT6nXafLPZqxe9Of
"March 08, 2024",Torrey,Torrey,Rock,Independent Artist,"Oakland, California",Shy Clara Thompson,"Torrey, Torrey",matched,3gnxJ35PCnoFiy30fiC1XZ,https://open.spotify.com/album/3gnxJ35PCnoFiy30fiC1XZ,4nutAUcCBEahYFSL2olXIa,Torrey,Torrey,2024-03-08,day,album,12.0,https://i.scdn.co/image/ab67616d0000b2738adbef438c10904b6ed1551e,,,,matched,https://i.scdn.co/image/ab6761610000e5ebfd0c99747d8d6dc2e8743f43,https://open.spotify.com/artist/4nutAUcCBEahYFSL2olXIa
"March 07, 2024",Chytridiomycosis Relinquished,Slimelord,Metal,20 Buck Spin,"Pittsburgh, Pennsylvania",Brad Sanders,"Slimelord, Chytridiomycosis Relinquished",matched,59htiEOknLAKuGr6dgdpVg,https://open.spotify.com/album/59htiEOknLAKuGr6dgdpVg,1xy6wgaYzFudJPtaNESVKg,Slimelord,Chytridiomycosis Relinquished,2024-03-08,day,album,7.0,https://i.scdn.co/image/ab67616d0000b27330827ed6d0b9f32d99b5ffc9,,,,matched,https://i.scdn.co/image/ab6761610000e5eb2a9bb93fcd3e03645dad9e6b,https://open.spotify.com/artist/1xy6wgaYzFudJPtaNESVKg
"March 06, 2024","Open Me, A Higher Consciousness of Sound and Spirit",Kahil El’Zabar’s Ethnic Heritage Ensemble,Jazz,Ethnic Heritage Ensemble,"Chicago, Illinois",Michael J. West,"Kahil El’Zabar’s Ethnic Heritage Ensemble, Open Me, A Higher Consciousness of Sound and Spirit",no_match,,,,,,,,,,,,,,,,
"March 05, 2024",A Single Sunbeam,Daniel Herskedal,Classical,Independent Artist,"Oslo, Norway",Peter Margasak,"Daniel Herskedal, A Single Sunbeam",matched,4VHSLUzVpXjg4Tnu5C3D0p,https://open.spotify.com/album/4VHSLUzVpXjg4Tnu5C3D0p,3zz8PxJE0tBfUqcZbf3SZS,Daniel Herskedal,A Single Sunbeam,2024-03-01,day,album,8.0,https://i.scdn.co/image/ab67616d0000b27343c0297efb69a985a8668aee,,,,matched,https://i.scdn.co/image/ab6761610000e5ebcf4e42814ce71b8f25f564e7,https://open.spotify.com/artist/3zz8PxJE0tBfUqcZbf3SZS
"March 04, 2024",Infants Under The Bulb,Uranium Club,Punk,Static Shock Records,"London, UK",Jennifer Kelly,"Uranium Club, Infants Under The Bulb",matched,6gB6BLeNZBlP4uy7DloZQI,https://open.spotify.com/album/6gB6BLeNZBlP4uy7DloZQI,0EfPKjhywHpqUo1jIQNiVI,Uranium Club,Infants Under The Bulb,2024-03-01,day,album,11.0,https://i.scdn.co/image/ab67616d0000b273cdd8baeb4bd7392762a93b8b,,,,matched,https://i.scdn.co/image/ab6772690000c46c01b03200db1a72008732d5d0,https://open.spotify.com/artist/0EfPKjhywHpqUo1jIQNiVI
"March 01, 2024",Alkemi,Daymé Arocena,Pop,Independent Artist,"London, UK",Rebecca Bodenheimer,"Daymé Arocena, Alkemi",matched,1BDQjKr3G3qEkYwPJo8ETg,https://open.spotify.com/album/1BDQjKr3G3qEkYwPJo8ETg,6LcWO77VeIUPqNY22N3fI0,Daymé Arocena,Alkemi,2024-02-23,day,album,10.0,https://i.scdn.co/image/ab67616d0000b273eb07b9d6c8a4a0a74661d4a2,,,,matched,https://i.scdn.co/image/ab6761610000e5eb106be0dd68e81bb6fa863966,https://open.spotify.com/artist/6LcWO77VeIUPqNY22N3fI0
"February 29, 2024",Nothing Else Matters & I So Liked Spring,Linda Smith,Pop,Independent Artist,"Baltimore, Maryland",Jude Noel,"Linda Smith, Nothing Else Matters & I So Liked Spring",no_match,,,,,,,,,,,,,,,,
"February 28, 2024",Dying,The Narcotix,R&amp;B/Soul,Independent Artist,"Brooklyn, New York",Nadine Smith,"The Narcotix, Dying",matched,6Lu3BWPmfNreYAvGXdgKHI,https://open.spotify.com/album/6Lu3BWPmfNreYAvGXdgKHI,3wC6DE9C6U4WxgstG9ofI2,The Narcotix,Dying,2024-03-01,day,album,9.0,https://i.scdn.co/image/ab67616d0000b2733764800f5f038057197ec351,,,,matched,https://i.scdn.co/image/ab6761610000e5eb320b862aa65eb7c48c01a411,https://open.spotify.com/artist/3wC6DE9C6U4WxgstG9ofI2
"February 27, 2024",Scope Neglect,Ben Frost,Electronic,Independent Artist,,Grayson Haver Currin,"Ben Frost, Scope Neglect",matched,35D3l5jRShkmApZIRaGyM3,https://open.spotify.com/album/35D3l5jRShkmApZIRaGyM3,6qEM4txXHvfMbOUOK9L7pl,Ben Frost,Scope Neglect,2024-03-01,day,album,8.0,https://i.scdn.co/image/ab67616d0000b273323983de43203fa1a1aeaeeb,,,,matched,https://i.scdn.co/image/ab6761610000e5eb34337c6e2c7674b7d9e63459,https://open.spotify.com/artist/6qEM4txXHvfMbOUOK9L7pl
"February 26, 2024",Too Hot To Sleep,Daniel Romano,Rock,Independent Artist,"Welland, Ontario",Casey Jarman,"Daniel Romano, Too Hot To Sleep",matched,0bbGGeVylC56xMaOfqRZX1,https://open.spotify.com/album/0bbGGeVylC56xMaOfqRZX1,2kTXvMOmrHVjVewErG5kHD,"Daniel Romano, The Outfit",Too Hot To Sleep,2024-03-01,day,album,10.0,https://i.scdn.co/image/ab67616d0000b2739e20fa77f39bcf944a4d93d3,,,,matched,https://i.scdn.co/image/ab6761610000e5eb5163953f9361745f1ea7f3b2,https://open.spotify.com/artist/2kTXvMOmrHVjVewErG5kHD
"February 23, 2024",Orchards of a Futile Heaven,The Body & Dis Fig,Metal,the body,"Portland, Oregon",Shane Burley,"The Body & Dis Fig, Orchards of a Futile Heaven",no_match,,,,,,,,,,,,,,,,
"February 22, 2024",Sheer Humanity,Tosser,Punk,Independent Artist,"Washington, D.C.",Pat Pilch,"Tosser, Sheer Humanity",matched,62F0S9bkzNv2IXQezInhvG,https://open.spotify.com/album/62F0S9bkzNv2IXQezInhvG,0dktK7w6Wo7cnJaLqxWEcK,Tosser,Sheer Humanity,2024-03-15,day,album,9.0,https://i.scdn.co/image/ab67616d0000b273c743cd6bbea2055dff2ded20,,,,matched,https://i.scdn.co/image/ab6761610000e5eb2765d33c64c2e22eb24509d2,https://open.spotify.com/artist/0dktK7w6Wo7cnJaLqxWEcK
"February 21, 2024",Oblivion Theater,Sadistik,Hip-Hop/Rap,Independent Artist,"Los Angeles, California",Phillip Mlynar,"Sadistik, Oblivion Theater",matched,6FdcIAczvPYl9WeooIUF7j,https://open.spotify.com/album/6FdcIAczvPYl9WeooIUF7j,3qgsChODA5iJM6AdA0rr21,"Sadistik, Maulskull",Oblivion Theater,2024-02-23,day,album,13.0,https://i.scdn.co/image/ab67616d0000b2739325216b9d5100d4e595005f,,,,matched,https://i.scdn.co/image/ab6761610000e5ebc017e8f2962c2d54b2685c5e,https://open.spotify.com/artist/3qgsChODA5iJM6AdA0rr21
"February 20, 2024",Untame the Tiger,Mary Timony,Alternative,Independent Artist,"Washington, D.C.",Elle Carroll,"Mary Timony, Untame the Tiger",matched,3GOL8cjQWIfRmAIGmaPgtT,https://open.spotify.com/album/3GOL8cjQWIfRmAIGmaPgtT,1FFaHFtnhdnHuY0xGZcnD1,Mary Timony,Untame the Tiger,2024-02-23,day,album,9.0,https://i.scdn.co/image/ab67616d0000b273e5f423fabb42a313111f7609,,,,matched,https://i.scdn.co/image/ab6761610000e5eb090794c42a48d9b9fadfc9d0,https://open.spotify.com/artist/1FFaHFtnhdnHuY0xGZcnD1
"February 16, 2024",Psychedelic Anxiety,Frances Chang,Experimental,frances chang,New York,Jude Noel,"Frances Chang, Psychedelic Anxiety",matched,3kWeEXca8CIZKRlits5Ggh,https://open.spotify.com/album/3kWeEXca8CIZKRlits5Ggh,4mGbLmr9tmgnWFM4CaFJRe,Frances Chang,Psychedelic Anxiety,2024-02-16,day,album,8.0,https://i.scdn.co/image/ab67616d0000b273ab00a033bf8e246c5f681853,,,,matched,https://i.scdn.co/image/ab6761610000e5eb1a254d09d04c8ed75df5e93c,https://open.spotify.com/artist/4mGbLmr9tmgnWFM4CaFJRe
"February 15, 2024",Imitation of War,Itasca,Folk,Independent Artist,"Los Angeles, California",Jim Allen,"Itasca, Imitation of War",matched,1gkcRYYNtYbgVBJp8r6b0Z,https://open.spotify.com/album/1gkcRYYNtYbgVBJp8r6b0Z,38fAj11eMUqp1hTaDaLkyZ,Itasca,Imitation of War,2024-02-09,day,album,10.0,https://i.scdn.co/image/ab67616d0000b273351873674d101317cab344b4,,,,matched,https://i.scdn.co/image/ab6761610000e5ebc302d63bf3e1d077c9147947,https://open.spotify.com/artist/38fAj11eMUqp1hTaDaLkyZ
"February 14, 2024",Big Anonymous,El Perro del Mar,Alternative,Independent Artist,Sweden,Elle Carroll,"El Perro del Mar, Big Anonymous",matched,6B1TpyCZ28bpZaF0wKRree,https://open.spotify.com/album/6B1TpyCZ28bpZaF0wKRree,0bnwha8WPTU2sf4Q4P6vE0,El Perro del Mar,Big Anonymous,2024-02-16,day,album,10.0,https://i.scdn.co/image/ab67616d0000b273ee1df7a1e4af7815b2e02f0b,,,,matched,https://i.scdn.co/image/ab6761610000e5ebd459e7df30c5b16376da39d0,https://open.spotify.com/artist/0bnwha8WPTU2sf4Q4P6vE0
"February 13, 2024",Merengue Típico: Nueva Generación!,Various Artists,Latin,Les Disques Bongo Joe,"Geneva, Switzerland",Richard Villegas,"Various Artists, Merengue Típico: Nueva Generación!",matched,5h9FeHRnet7pXbt93CNJvr,https://open.spotify.com/album/5h9FeHRnet7pXbt93CNJvr,0LyfQWJT6nXafLPZqxe9Of,Various Artists,Merengue Típico: Nueva Generación!,2024-02-09,day,compilation,10.0,https://i.scdn.co/image/ab67616d0000b273bf30c593a494b3ace5472865,,,,matched,https://i.scdn.co/image/ab6761610000e5eb6b134287e3095d2c84b7932a,https://open.spotify.com/artist/0LyfQWJT6nXafLPZqxe9Of
"February 12, 2024",Request Stop,Various Artists,Experimental,Brachliegen Tapes ☽,"Deal, UK",James Gui,"Various Artists, Request Stop",no_match,,,,,,,,,,,,,,,,
"February 09, 2024",David Nance & Mowed Sound,David Nance,Rock,Independent Artist,"Omaha, Nebraska",Jennifer Kelly,"David Nance, David Nance & Mowed Sound",matched,21TfocGa5C80fvSVZcrVAv,https://open.spotify.com/album/21TfocGa5C80fvSVZcrVAv,7p4c2nwJAhBa8pV0tvBRr9,David Nance,David Nance & Mowed Sound,2024-02-09,day,album,10.0,https://i.scdn.co/image/ab67616d0000b2732b5677972189087fa3358c0b,,,,matched,https://i.scdn.co/image/ab6761610000e5ebdfb40a51e0f1c4ff5d602354,https://open.spotify.com/artist/7p4c2nwJAhBa8pV0tvBRr9
"February 08, 2024","Hello, I’m Britti.",Britti,R&amp;B/Soul,Independent Artist,"New Orleans, Louisiana",Amaya Garcia,"Britti, Hello, I’m Britti.",no_match,,,,,,,,,,,,,,,,
"February 07, 2024",Rainbow,Champagne Dub,Alternative,Betamax Super hi-Max Vision Catalogue (Champagne Dub),"London, UK",Andy Thomas,"Champagne Dub, Rainbow",matched,7tp0XIrYWqF4gm05QlmTqw,https://open.spotify.com/album/7tp0XIrYWqF4gm05QlmTqw,5vnJuj2LadkkPZ0Tr4XiHT,Champagne Dub,Rainbow,2024-02-09,day,album,8.0,https://i.scdn.co/image/ab67616d0000b273c78c62884bd37ffa71ee5d99,,,,matched,https://i.scdn.co/image/ab67616d0000b273047f4aee89eed0c5aac44010,https://open.spotify.com/artist/5vnJuj2LadkkPZ0Tr4XiHT
"February 06, 2024",Acid Tab Vocab (The Definitive Edition),Tame One & Parallel Thought,Hip-Hop/Rap,Parallel Thought,"Freehold Township, New Jersey",Dash Lewis,"Tame One & Parallel Thought, Acid Tab Vocab (The Definitive Edition)",no_match,,,,,,,,,,,,,,,,
"February 05, 2024",Walls Have Ears,Sonic Youth,Alternative,Independent Artist,"New York, New York",Jesse Locke,"Sonic Youth, Walls Have Ears",matched,5DVmXtb5RwDQjuQkydYZwl,https://open.spotify.com/album/5DVmXtb5RwDQjuQkydYZwl,5UqTO8smerMvxHYA5xsXb6,Sonic Youth,Walls Have Ears,2024-02-09,day,album,17.0,https://i.scdn.co/image/ab67616d0000b273e0d21489abd99ec9abd70a38,,,,matched,https://i.scdn.co/image/af335c11a73e9311516bb28800be58311410d1be,https://open.spotify.com/artist/5UqTO8smerMvxHYA5xsXb6
"February 02, 2024",Basilisk,J. Robbins,Punk,Independent Artist,"Baltimore, Maryland",Jesse Locke,"J. Robbins, Basilisk",matched,19RKCMs2mIgoLuOKNmrtIA,https://open.spotify.com/album/19RKCMs2mIgoLuOKNmrtIA,7oYW3vYjdqYo2Qy5IA8ad1,J. Robbins,Basilisk,2024-02-02,day,album,11.0,https://i.scdn.co/image/ab67616d0000b2736b1363d9ea31d556b7943d10,,,,matched,https://i.scdn.co/image/ab6761610000e5eb1c39abed4dffa29cd581f1e1,https://open.spotify.com/artist/7oYW3vYjdqYo2Qy5IA8ad1
"February 01, 2024",Eye Flys,Eye Flys,Punk,Independent Artist,"Philadelphia, Pennsylvania",Saby Reyes-Kulkarni,"Eye Flys, Eye Flys",matched,5GYDrwpAmpT7dzbiglVapl,https://open.spotify.com/album/5GYDrwpAmpT7dzbiglVapl,7GzM51BvYYlZ6Hdef6fM41,Eye Flys,Eye Flys,2024-01-26,day,album,8.0,https://i.scdn.co/image/ab67616d0000b273b9430b916e04dc4217db7363,,,,matched,https://i.scdn.co/image/ab6761610000e5ebc2dfce7c176993bc26200150,https://open.spotify.com/artist/7GzM51BvYYlZ6Hdef6fM41
"January 31, 2024",Agustin Pereyra Lucena,Agustín Pereyra Lucena,World,Independent Artist,"Buenos Aires, Argentina",Richard Villegas,"Agustín Pereyra Lucena, Agustin Pereyra Lucena",matched,5s9wor1NCDNvKC2IouWtdy,https://open.spotify.com/album/5s9wor1NCDNvKC2IouWtdy,6lYTMu0moMkmypdvatWgYh,Agustin Pereyra Lucena,Agustin Pereyra Lucena,2023-12-15,day,album,10.0,https://i.scdn.co/image/ab67616d0000b2734569b6d19b56cbf1494b2ff6,,,,matched,https://i.scdn.co/image/ab6761610000e5eb7b6d3d2b795b14cbf4ceb7ef,https://open.spotify.com/artist/6lYTMu0moMkmypdvatWgYh
"January 30, 2024",Era,Ratigan Era,,HAKUNA KULALA,"Kampala, Uganda",Megan Iacobini de Fazio,"Ratigan Era, Era",matched,6mD9NSyC8fgGuP4KveDcvz,https://open.spotify.com/album/6mD9NSyC8fgGuP4KveDcvz,6XmSsmTptfw1G2FtpQfXe0,Ratigan Era,Era,2024-02-02,day,album,12.0,https://i.scdn.co/image/ab67616d0000b273fc061b024a4d19039544c10f,,,,matched,https://i.scdn.co/image/ab6761610000e5eb5cba58cb21a180a70b661cef,https://open.spotify.com/artist/6XmSsmTptfw1G2FtpQfXe0
"January 29, 2024",The First Fist to Make Contact When We Dap,R.A.P. Ferreira & Fumitake Tamura,,R.A.P. Ferreira,"Nashville, Tennessee",Blake Gillespie,"R.A.P. Ferreira & Fumitake Tamura, The First Fist to Make Contact When We Dap",no_match,,,,,,,,,,,,,,,,
"January 26, 2024",Obsidian Wreath,Infant Island,Punk,Independent Artist,"Fredericksburg, Virginia",Brad Cohan,"Infant Island, Obsidian Wreath",matched,5KV2TIucWQfU954VB5hF1y,https://open.spotify.com/album/5KV2TIucWQfU954VB5hF1y,34ZIRrOiowNWuyJYt5crZM,Infant Island,Obsidian Wreath,2024-01-12,day,album,10.0,https://i.scdn.co/image/ab67616d0000b273d2eb3a38673be91803f0f5b1,,,,matched,https://i.scdn.co/image/ab6761610000e5ebdd931113e903115e18b91972,https://open.spotify.com/artist/34ZIRrOiowNWuyJYt5crZM
"January 25, 2024",Nippon Acid Folk 1970​-​1980,Various Artists,Folk,Time Capsule,"London, UK",Will Ainsley,"Various Artists, Nippon Acid Folk 1970​-​1980",no_match,,,,,,,,,,,,,,,,
"January 24, 2024",Fairweather Friend,The Umbrellas,Punk,Independent Artist,"San Francisco, California",Hayden Merrick,"The Umbrellas, Fairweather Friend",matched,375T40s0gZee5plvhlbns9,https://open.spotify.com/album/375T40s0gZee5plvhlbns9,13qLXVHwUqLFWPYdNOyZwZ,The Umbrellas,Fairweather Friend,2024-01-26,day,album,10.0,https://i.scdn.co/image/ab67616d0000b273814783a73b287d6657b05ff6,,,,matched,https://i.scdn.co/image/ab6761610000e5eb9aadb5b29fb9c46d82bb5458,https://open.spotify.com/artist/13qLXVHwUqLFWPYdNOyZwZ
"January 23, 2024",Junk,Brion Gysin,Experimental,WEWANTSOUNDS,"Paris, France",John Morrison,"Brion Gysin, Junk",matched,1uPpg3aVjYVf6EEPh68ZLW,https://open.spotify.com/album/1uPpg3aVjYVf6EEPh68ZLW,5u9XTaNPsK03x6gCn2E54U,Brion Gysin,Junk,1995,year,album,10.0,https://i.scdn.co/image/ab67616d0000b273f9149a54dda0e9d7a9417722,,,,matched,https://i.scdn.co/image/ab67616d0000b273f9149a54dda0e9d7a9417722,https://open.spotify.com/artist/5u9XTaNPsK03x6gCn2E54U
"January 22, 2024",The Audacity of Free Thought,Delasi,Hip-Hop/Rap,Independent Artist,Ghana,Megan Iacobini de Fazio,"Delasi, The Audacity of Free Thought",no_match,,,,,,,,,,,,,,,,
"January 19, 2024",Les Grandes Vacances,Cosmic Analog Ensemble,R&amp;B/Soul,Hisstology,Lebanon,Blake Gillespie,"Cosmic Analog Ensemble, Les Grandes Vacances",matched,5Gl9GrhhceCwPE5lRWh2TV,https://open.spotify.com/album/5Gl9GrhhceCwPE5lRWh2TV,477PPCXcCS9mi3lRRnudCq,Cosmic Analog Ensemble,Les Grandes Vacances,2024-01-19,day,album,21.0,https://i.scdn.co/image/ab67616d0000b2736bbc3c8f5dc5a31e4a161369,,,,matched,https://i.scdn.co/image/ab6761610000e5eb631413bf4bd4b2be8451739c,https://open.spotify.com/artist/477PPCXcCS9mi3lRRnudCq
"January 18, 2024",Cloudward,Mary Halvorson,,Independent Artist,"New York, New York",Peter Margasak,"Mary Halvorson, Cloudward",matched,7pyMVbIw7GW24pEge8ufbC,https://open.spotify.com/album/7pyMVbIw7GW24pEge8ufbC,5tCfZ8dYbzaq6auQeSAsRl,Mary Halvorson,Cloudward,2024-01-19,day,album,8.0,https://i.scdn.co/image/ab67616d0000b273fd97e3ca5e757c6db97d6475,,,,matched,https://i.scdn.co/image/ab6761610000e5ebc7ff02897f68fffcf54bcb5d,https://open.spotify.com/artist/5tCfZ8dYbzaq6auQeSAsRl
"January 17, 2024",Selected Jambient Works Vol. 1,Cowboy Sadness,Ambient,Independent Artist,"Kingston, New York",Will Ainsley,"Cowboy Sadness, Selected Jambient Works Vol. 1",matched,06L5BvN5YEPJnlmyGil8KB,https://open.spotify.com/album/06L5BvN5YEPJnlmyGil8KB,1hKVCGjW7QQWoCdctMWLrV,Cowboy Sadness,"Selected Jambient Works, Vol. 1",2024-01-19,day,album,10.0,https://i.scdn.co/image/ab67616d0000b273c9e1e4f8883a380b1905ea5f,,,,matched,https://i.scdn.co/image/ab67616d0000b273c9e1e4f8883a380b1905ea5f,https://open.spotify.com/artist/1hKVCGjW7QQWoCdctMWLrV
"January 16, 2024",ILION,SLIFT,Metal,Independent Artist,"Toulouse, France",Grayson Haver Currin,"SLIFT, ILION",matched,13eFPkUHYAhYQ7uSSm9It3,https://open.spotify.com/album/13eFPkUHYAhYQ7uSSm9It3,0x9HCT7ZZlOEfLSVCDi5SO,SLIFT,ILION,2024-01-19,day,album,8.0,https://i.scdn.co/image/ab67616d0000b2739c225c975a394c627f75d07b,,,,matched,https://i.scdn.co/image/ab6761610000e5eb657b4ad5316520b9a39cb602,https://open.spotify.com/artist/0x9HCT7ZZlOEfLSVCDi5SO
"January 12, 2024",F_X_M_X_L_Y v2,Various Artists,Electronic,Black Techno Matters,"Washington, D.C.",John Morrison,"Various Artists, F_X_M_X_L_Y v2",matched,0LEZKymSBTIfnmaOPEO5Pb,https://open.spotify.com/album/0LEZKymSBTIfnmaOPEO5Pb,0LyfQWJT6nXafLPZqxe9Of,Various Artists,F_X_M_X_L_Y v2,2024-01-12,day,compilation,20.0,https://i.scdn.co/image/ab67616d0000b273bde0bb8e2db8b0977bce7881,,,,matched,https://i.scdn.co/image/ab6761610000e5eb6b134287e3095d2c84b7932a,https://open.spotify.com/artist/0LyfQWJT6nXafLPZqxe9Of
"January 11, 2024",RAT WARS,HEALTH,,Independent Artist,"Los Angeles, California",Saby Reyes-Kulkarni,"HEALTH, RAT WARS",matched,6tkuHFo0hTGGkWEGjdKOjz,https://open.spotify.com/album/6tkuHFo0hTGGkWEGjdKOjz,6FfjnGXMhxSsJTuGLWBDth,HEALTH,RAT WARS,2023-12-07,day,album,12.0,https://i.scdn.co/image/ab67616d0000b273bef783d554e7e1c4b1486ac3,,,,matched,https://i.scdn.co/image/ab6761610000e5eb5b2bf033db0073228084edb4,https://open.spotify.com/artist/6FfjnGXMhxSsJTuGLWBDth
"January 10, 2024","Bill Frisell, & Herlin Riley, Owl Song",Ambrose Akinmusire,Jazz,Independent Artist,"Berkeley, California",Peter Margasak,"Ambrose Akinmusire, Bill Frisell, & Herlin Riley, Owl Song",no_match,,,,,,,,,,,,,,,,
"January 09, 2024",Palermo,Conway the Machine & Wun Two,Hip-Hop/Rap,wun two,Germany,Dash Lewis,"Conway the Machine & Wun Two, Palermo",no_match,,,,,,,,,,,,,,,,
"January 08, 2024",Letter to Self,SPRINTS,Punk,Independent Artist,"Dublin, Ireland",Spencer Hughes,"SPRINTS, Letter to Self",matched,1PTPBDLcqveMGkymgIqZoZ,https://open.spotify.com/album/1PTPBDLcqveMGkymgIqZoZ,27nD8P491xX8UzG3j01eIY,SPRINTS,Letter to Self,2024-01-05,day,album,11.0,https://i.scdn.co/image/ab67616d0000b273d3abdd263a314cfcb62e7b29,,,,matched,https://i.scdn.co/image/ab6761610000e5ebc58b55ceabfb9169030ec452,https://open.spotify.com/artist/27nD8P491xX8UzG3j01eIY
"December 01, 2023",Of Shadow and Substance,Lea Bertucci,Experimental,Independent Artist,"New York, New York",Arielle Gordon,"Lea Bertucci, Of Shadow and Substance",no_match,,,,,,,,,,,,,,,,
"November 30, 2023",i​/​o,Peter Gabriel,Rock,Independent Artist,"England, UK",Brad Sanders,"Peter Gabriel, i​/​o",matched,2Rr46ynx6lOJnkbF2s9VXB,https://open.spotify.com/album/2Rr46ynx6lOJnkbF2s9VXB,7C4sUpWGlTy7IANjruj02I,Peter Gabriel,i/o,2023-12-01,day,compilation,24.0,https://i.scdn.co/image/ab67616d0000b2733b59552a3ff3cf0a897d894e,,,,matched,https://i.scdn.co/image/ab6761610000e5eb8e88ceb31181a33025007fd1,https://open.spotify.com/artist/7C4sUpWGlTy7IANjruj02I
"November 29, 2023",Albion,Harp,Folk,Independent Artist,North Carolina,Patrick King,"Harp, Albion",matched,3WiW1suHzsswq7fLWoN5z4,https://open.spotify.com/album/3WiW1suHzsswq7fLWoN5z4,3y80fftQVDjecHmMRfwgOU,Harp,Albion,2023-12-01,day,album,12.0,https://i.scdn.co/image/ab67616d0000b2739cc86d3bd6331f1055b09199,,,,matched,https://i.scdn.co/image/ab6761610000e5eb3e48c61a07787de68284219c,https://open.spotify.com/artist/3y80fftQVDjecHmMRfwgOU
"November 28, 2023",Beyond the Midnight Sun,Don Leisure & Amanda Whiting,Jazz,Don Leisure,"Cardiff, UK",Blake Gillespie,"Don Leisure & Amanda Whiting, Beyond the Midnight Sun",no_match,,,,,,,,,,,,,,,,
"November 27, 2023",Illuminated 1989,The Veldt,Alternative,Independent Artist,"Raleigh, North Carolina",John Morrison,"The Veldt, Illuminated 1989",no_match,,,,,,,,,,,,,,,,
"November 22, 2023",When The Roses Come Again,Daniel Bachman,Experimental,Independent Artist,"Madison, Virginia",Katie Kurtz,"Daniel Bachman, When The Roses Come Again",no_match,,,,,,,,,,,,,,,,
"November 21, 2023",Hypnotized,DJ Manny,Electronic,Dj Manny,"Chicago, Illinois",Lewis Gordon,"DJ Manny, Hypnotized",matched,55WvosDdf63tlS27lhHuAh,https://open.spotify.com/album/55WvosDdf63tlS27lhHuAh,5whJkWAzwCYfeetVpUJKn7,DJ Manny,Hypnotized,2023-11-17,day,album,12.0,https://i.scdn.co/image/ab67616d0000b273627fc75fb830f531a404f445,,,,matched,https://i.scdn.co/image/ab6761610000e5ebe06d5a4fe812e219adc74cb1,https://open.spotify.com/artist/5whJkWAzwCYfeetVpUJKn7
"November 20, 2023",Dimanche à Bamako,Bounaly,World,Independent Artist,"Bamako, Mali",Will Ainsley,"Bounaly, Dimanche à Bamako",matched,7tYcbXQreA6ujvtQMFtuz4,https://open.spotify.com/album/7tYcbXQreA6ujvtQMFtuz4,27SjHTyOiOMr4PUAjKC0b6,Bounaly,Dimanche à Bamako,2023-11-17,day,album,6.0,https://i.scdn.co/image/ab67616d0000b27332ebb3dd2aced9f44124e6ab,,,,matched,https://i.scdn.co/image/ab6761610000e5ebaab7e0bbc9f5dd33b7406328,https://open.spotify.com/artist/27SjHTyOiOMr4PUAjKC0b6
"November 17, 2023",Quaranta,Danny Brown,Hip-Hop/Rap,Independent Artist,"Detroit, Michigan",Dash Lewis,"Danny Brown, Quaranta",matched,2aswMmRN4vXGalI39pDsMb,https://open.spotify.com/album/2aswMmRN4vXGalI39pDsMb,7aA592KWirLsnfb5ulGWvU,Danny Brown,Quaranta,2023-11-17,day,album,11.0,https://i.scdn.co/image/ab67616d0000b273e9dddb75e4b6844ad5f8b4e5,,,,matched,https://i.scdn.co/image/ab6761610000e5eb3ed06c602b351dc33a30f018,https://open.spotify.com/artist/7aA592KWirLsnfb5ulGWvU
"November 16, 2023",Cash Corridos 3,Cash Bently,Latin,Independent Artist,"Los Angeles, California",Maria Barrios,"Cash Bently, Cash Corridos 3",matched,6iWSFTtmdFhvdvJs0lwM2r,https://open.spotify.com/album/6iWSFTtmdFhvdvJs0lwM2r,6yjpnGMq2yiLvJCSIVBwzd,Cash Bently,Cash Corridos 3,2023-11-10,day,album,12.0,https://i.scdn.co/image/ab67616d0000b273a448e4512a50a8130c9855fd,,,,matched,https://i.scdn.co/image/ab6761610000e5eb3dc5a0a69381d6f1f4de0de0,https://open.spotify.com/artist/6yjpnGMq2yiLvJCSIVBwzd
"November 15, 2023",Imagine My Surprise,Roy Werner,Electronic,Independent Artist,"Los Angeles, California",Ted Davis,"Roy Werner, Imagine My Surprise",matched,1SneFuDJwA349JGgvky9H8,https://open.spotify.com/album/1SneFuDJwA349JGgvky9H8,4G73yafMiNaSAAqjfSIVH9,Roy Werner,Imagine My Surprise,2023-11-17,day,album,10.0,https://i.scdn.co/image/ab67616d0000b273b8780a73fa521aec97d69a89,,,,matched,https://i.scdn.co/image/ab6761610000e5eb21ca4f26a3ec180ca5230314,https://open.spotify.com/artist/4G73yafMiNaSAAqjfSIVH9
"November 14, 2023",Nacre,Quade,Experimental,Independent Artist,"Bristol, UK",Ted Davis,"Quade, Nacre",matched,1AeV4Xx6W0YVwJDhLfxdnK,https://open.spotify.com/album/1AeV4Xx6W0YVwJDhLfxdnK,3jRUNsEZI2Zb06hF326tBX,Quade,Nacre,2023-11-17,day,album,7.0,https://i.scdn.co/image/ab67616d0000b2738f019bc8f9a14f7fe198c92f,,,,matched,https://i.scdn.co/image/ab6761610000e5ebad822fb2a573186ef6c99770,https://open.spotify.com/artist/3jRUNsEZI2Zb06hF326tBX
"November 13, 2023",Magg Tekki,Assiko Golden Band de Grand Yoff,World,Mississippi Records,"New York, New York",Megan Iacobini de Fazio,"Assiko Golden Band de Grand Yoff, Magg Tekki",matched,0jHhkCOOijoTJ01LvZcjdY,https://open.spotify.com/album/0jHhkCOOijoTJ01LvZcjdY,6WSeOPXOMlKhILrwhQ1KXs,Assiko Golden Band De Grand Yoff,Magg Tekki,2023-11-10,day,album,10.0,https://i.scdn.co/image/ab67616d0000b273de67c1e62cb2f4a57239315f,,,,matched,https://i.scdn.co/image/ab6761610000e5ebbe4c6613c011bf8fd537f190,https://open.spotify.com/artist/6WSeOPXOMlKhILrwhQ1KXs
"November 10, 2023",Integrated Tech Solutions,Aesop Rock,Hip-Hop/Rap,Independent Artist,,Phillip Mlynar,"Aesop Rock, Integrated Tech Solutions",matched,64L1urQKsuPJQMteCZX6pX,https://open.spotify.com/album/64L1urQKsuPJQMteCZX6pX,2fSaE6BXtQy0x7R7v9IOmZ,Aesop Rock,Integrated Tech Solutions,2023-11-10,day,album,18.0,https://i.scdn.co/image/ab67616d0000b2731946b068576319d7cc903adc,,,,matched,https://i.scdn.co/image/ab6761610000e5eb4398e5393ffcb2ed10b8075e,https://open.spotify.com/artist/2fSaE6BXtQy0x7R7v9IOmZ
"November 09, 2023",I was too young to hear silence,Patrick Shiroishi,Experimental,Independent Artist,"Los Angeles, California",James Gui,"Patrick Shiroishi, I was too young to hear silence",matched,0dafGYFOuBylwp0nVrh7CH,https://open.spotify.com/album/0dafGYFOuBylwp0nVrh7CH,2lHGXQLY8KwPpuxBRsINR2,Patrick Shiroishi,I Was Too Young To Hear Silence,2023-11-10,day,album,9.0,https://i.scdn.co/image/ab67616d0000b2734f070664466b26255bde156d,,,,matched,https://i.scdn.co/image/ab6761610000e5ebe42f49520e942bbf24ad3841,https://open.spotify.com/artist/2lHGXQLY8KwPpuxBRsINR2
"November 08, 2023",Whiplash,Asha Sheshadri,Experimental,Recital,"Glendale, California",Will Ainsley,"Asha Sheshadri, Whiplash",matched,3Z5dn97NvbRgDUj7qygDsX,https://open.spotify.com/album/3Z5dn97NvbRgDUj7qygDsX,4tU3mZEQpsd5c1kEmAeU3D,Asha Sheshadri,Whiplash,2023-11-10,day,album,9.0,https://i.scdn.co/image/ab67616d0000b273b717d24a35e94c5e181731fb,,,,matched,https://i.scdn.co/image/ab67616d0000b273b717d24a35e94c5e181731fb,https://open.spotify.com/artist/4tU3mZEQpsd5c1kEmAeU3D
"November 07, 2023",Diagnosis,Sen Morimoto,Alternative,Independent Artist,"Chicago, Illinois",Spencer Hughes,"Sen Morimoto, Diagnosis",matched,5fHr8JbVLdLHNJa91q9EUd,https://open.spotify.com/album/5fHr8JbVLdLHNJa91q9EUd,3zlWvRPwLwGSi2v6ltrhOl,Sen Morimoto,Diagnosis,2023-11-03,day,album,13.0,https://i.scdn.co/image/ab67616d0000b273367969556e3c27996892cfe5,,,,matched,https://i.scdn.co/image/ab6761610000e5ebb8f5770bf8172517ed62aa5a,https://open.spotify.com/artist/3zlWvRPwLwGSi2v6ltrhOl
"November 06, 2023",The Comeback Kid,Marnie Stern,Rock,Independent Artist,"New York, New York",Andrew Parks,"Marnie Stern, The Comeback Kid",matched,01N4unxNczwSNsrHDFMIg2,https://open.spotify.com/album/01N4unxNczwSNsrHDFMIg2,7CHNUgkepqsMm9tYnwtVDt,Marnie Stern,The Comeback Kid,2023-11-03,day,album,12.0,https://i.scdn.co/image/ab67616d0000b2734f64d401525284a676b2f35e,,,,matched,https://i.scdn.co/image/ab6761610000e5ebf32d820213642502937b18ce,https://open.spotify.com/artist/7CHNUgkepqsMm9tYnwtVDt
"November 03, 2023",Access To The Lonely,Rid of Me,Rock,Rid Of Me,"Philadelphia, Pennsylvania",Brad Cohan,"Rid of Me, Access To The Lonely",no_match,,,,,,,,,,,,,,,,
"November 02, 2023",Strata,El Búho,Electronic,Independent Artist,"Toulouse, France",Richard Villegas,"El Búho, Strata",matched,51yOcD8pr3bLVy6oxBroXN,https://open.spotify.com/album/51yOcD8pr3bLVy6oxBroXN,1I7FVmvisCtSFzmm87mbLR,El Búho,Strata,2023-11-03,day,album,9.0,https://i.scdn.co/image/ab67616d0000b27326ca508ea1e6c358992f390a,,,,matched,https://i.scdn.co/image/ab6761610000e5ebf49a914f44abb00910c99cca,https://open.spotify.com/artist/1I7FVmvisCtSFzmm87mbLR
"November 01, 2023",LXXXVIII,Actress,Electronic,Independent Artist,"London, UK",Joe Muggs,"Actress, LXXXVIII",matched,4jMtRqpTc30H2oEPDbnKC4,https://open.spotify.com/album/4jMtRqpTc30H2oEPDbnKC4,3bg5rmICvmA8dmYVAdKGYH,Actress,LXXXVIII,2023-11-03,day,album,13.0,https://i.scdn.co/image/ab67616d0000b273989e0b71fad7f7b27a1c7dcd,,,,matched,https://i.scdn.co/image/ab6761610000e5ebeec80df8b1890acd38a9f357,https://open.spotify.com/artist/3bg5rmICvmA8dmYVAdKGYH
"October 31, 2023",Hard Light,Drop Nineteens,Alternative,Independent Artist,"Boston, Massachusetts",Jesse Locke,"Drop Nineteens, Hard Light",matched,3GzUPre1YjcoEjvV3cv6kB,https://open.spotify.com/album/3GzUPre1YjcoEjvV3cv6kB,1s5mUpjVtK0XAScRqlErSE,Drop Nineteens,Hard Light,2023-11-03,day,album,11.0,https://i.scdn.co/image/ab67616d0000b27396ac58dd7b9164cab1f9e0ad,,,,matched,https://i.scdn.co/image/ab6761610000e5eb03d4ebe16e781d87e6e7ca0b,https://open.spotify.com/artist/1s5mUpjVtK0XAScRqlErSE
"October 30, 2023",KUANTALAENG,Pisitakun,Electronic,CHINABOT,"London, UK",James Gui,"Pisitakun, KUANTALAENG",matched,0QWfuLsJFLyoBpWPjYs4c5,https://open.spotify.com/album/0QWfuLsJFLyoBpWPjYs4c5,6p4iVlfFI2sIYlxmoPynVE,Pisitakun,KUANTALAENG,2023-11-01,day,album,8.0,https://i.scdn.co/image/ab67616d0000b2735babb74c18a30af8fb4ac0c9,,,,matched,https://i.scdn.co/image/ab67616d0000b27332e59e2859624d30e8335af4,https://open.spotify.com/artist/6p4iVlfFI2sIYlxmoPynVE
"October 27, 2023",Mehmet Aslan Presents ‘Senza Decoro: Liebe + Anarchia/Switzerland 1980​-​1990’,Various Artists,Alternative,Strut,"London, UK",Shy Clara Thompson,"Various Artists, Mehmet Aslan Presents ‘Senza Decoro: Liebe + Anarchia/Switzerland 1980​-​1990’",no_match,,,,,,,,,,,,,,,,
"October 26, 2023",Half Eaten By Dogs,The Serfs,Rock,Independent Artist,"Cincinnati, Ohio",Will Ainsley,"The Serfs, Half Eaten By Dogs",matched,5Idbd6ZQJUtjEGzU37ss0T,https://open.spotify.com/album/5Idbd6ZQJUtjEGzU37ss0T,4hGBPA9OiMmKdflu3mJO8o,The Serfs,Half Eaten By Dogs,2023-10-27,day,album,10.0,https://i.scdn.co/image/ab67616d0000b27306a6aa58c073b57d33216f9b,,,,matched,https://i.scdn.co/image/ab6761610000e5ebb9ee273ccebaeb8ff3e11437,https://open.spotify.com/artist/4hGBPA9OiMmKdflu3mJO8o
"October 25, 2023",Robed In Rareness,Shabazz Palaces,Hip-Hop/Rap,Independent Artist,"Seattle, Washington",Phillip Mlynar,"Shabazz Palaces, Robed In Rareness",matched,2ayrWnruBeS1vI4fPawoNk,https://open.spotify.com/album/2ayrWnruBeS1vI4fPawoNk,6C403AR4y6PjN0xNNGh42m,Shabazz Palaces,Robed in Rareness,2023-10-27,day,album,7.0,https://i.scdn.co/image/ab67616d0000b273c98af3b02c1e9f27924a3b6e,,,,matched,https://i.scdn.co/image/ab6761610000e5eb3533ae416f92932247cc67dd,https://open.spotify.com/artist/6C403AR4y6PjN0xNNGh42m
"October 24, 2023",Welcome To Hell,Joseph Shabason,Jazz,Independent Artist,"Toronto, Ontario",Jared Proudfoot,"Joseph Shabason, Welcome To Hell",matched,6CX2ZlLVDePdI6CBHrWUEs,https://open.spotify.com/album/6CX2ZlLVDePdI6CBHrWUEs,7xoTSPGUr9u8FWR4G8AWoS,Joseph Shabason,Welcome to Hell,2023-10-20,day,album,10.0,https://i.scdn.co/image/ab67616d0000b2737224a7c480e7a6245949cd68,,,,matched,https://i.scdn.co/image/ab6772690000c46c0b87b6812105e32b02b53f2e,https://open.spotify.com/artist/7xoTSPGUr9u8FWR4G8AWoS
"October 23, 2023",Fourth Album,Markus Floats,Electronic,Independent Artist,,Jesse Locke,"Markus Floats, Fourth Album",matched,3tByAKxYGMen0sXtjbxbPX,https://open.spotify.com/album/3tByAKxYGMen0sXtjbxbPX,4pK3XAPHEKPWwwEGpqwP1Z,Markus Floats,Fourth Album,2023-10-20,day,album,12.0,https://i.scdn.co/image/ab67616d0000b2731bf3886f44816f072aaed9d4,,,,matched,https://i.scdn.co/image/ab6761610000e5eb97a967aa12f13a5006fcb83c,https://open.spotify.com/artist/4pK3XAPHEKPWwwEGpqwP1Z
"October 20, 2023",Death is Home,Aïsha Devi,Electronic,Aisha Devi,Switzerland,Joe Muggs,"Aïsha Devi, Death is Home",matched,21YilFbUeimMwA8bK50VD9,https://open.spotify.com/album/21YilFbUeimMwA8bK50VD9,4RtrEYqj2bINZ2HXWUG3j4,Aïsha Devi,Death Is Home,2023-11-10,day,album,10.0,https://i.scdn.co/image/ab67616d0000b273517dae3b5e402c86d6c60646,,,,matched,https://i.scdn.co/image/ab6761610000e5eb3c6ab8b8e86ebc5f20902ccd,https://open.spotify.com/artist/4RtrEYqj2bINZ2HXWUG3j4
"October 19, 2023",Spike Field,Maria BC,Experimental,Independent Artist,,Maria Barrios,"Maria BC, Spike Field",matched,3FDF939z2WYQtXCh8OlE3L,https://open.spotify.com/album/3FDF939z2WYQtXCh8OlE3L,1GRdVyqsikMsJrvHskjwry,Maria BC,Spike Field,2023-10-20,day,album,12.0,https://i.scdn.co/image/ab67616d0000b273ff2d38dcd21bf9b3e0f26776,,,,matched,https://i.scdn.co/image/ab6761610000e5ebc7e88b4a7d32fcb1076dc850,https://open.spotify.com/artist/1GRdVyqsikMsJrvHskjwry
"October 18, 2023",I Killed Your Dog,L’Rain,Experimental,L&#39;Rain,"Brooklyn, New York",Ann-Derrick Gaillot,"L’Rain, I Killed Your Dog",no_match,,,,,,,,,,,,,,,,
"October 17, 2023",Sound of Blue,White Poppy,Alternative,Independent Artist,,April Clare Welsh,"White Poppy, Sound of Blue",matched,1dgW3tzdSPIUIo4uPBsEF1,https://open.spotify.com/album/1dgW3tzdSPIUIo4uPBsEF1,65BcicEkX7VQAJ1Cl9fgxM,White Poppy,Sound of Blue,2023-10-06,day,album,9.0,https://i.scdn.co/image/ab67616d0000b273ec60ee7995c48e2fc1274242,,,,matched,https://i.scdn.co/image/ab6761610000e5ebc7ef7c59f68cbf35a6873af3,https://open.spotify.com/artist/65BcicEkX7VQAJ1Cl9fgxM
"October 16, 2023",A Stranger That You Met Before,A Day Without Love,Alternative,Independent Artist,"Boston, Massachusetts",John Morrison,"A Day Without Love, A Stranger That You Met Before",matched,6imgl29tJGnbdrjnj3f5Sp,https://open.spotify.com/album/6imgl29tJGnbdrjnj3f5Sp,09JoYdZo9cekYMqyN1bsGD,A Day Without Love,A Stranger That You Met Before,2023-10-13,day,album,15.0,https://i.scdn.co/image/ab67616d0000b27304964fdadd58f5a6da58e62c,,,,matched,https://i.scdn.co/image/ab6761610000e5eb72bc53e2a78acd98a31030f5,https://open.spotify.com/artist/09JoYdZo9cekYMqyN1bsGD
"October 13, 2023",Water Made Us,Jamila Woods,R&amp;B/Soul,Independent Artist,"Chicago, Illinois",John Morrison,"Jamila Woods, Water Made Us",matched,5L24axiCil1SiY0kHV4S2T,https://open.spotify.com/album/5L24axiCil1SiY0kHV4S2T,4UodukR17NIQfNu5uaqm9B,Jamila Woods,Water Made Us,2023-10-13,day,album,17.0,https://i.scdn.co/image/ab67616d0000b273f1f3565be61026105af4d05e,,,,matched,https://i.scdn.co/image/ab6761610000e5eb56fa3ca08b34ab710c18cde1,https://open.spotify.com/artist/4UodukR17NIQfNu5uaqm9B
"October 12, 2023",The Father of Libyan Reggae,Ibrahim Hesnawi,Reggae,Habibi Funk Records,"Berlin, Germany",Maria Barrios,"Ibrahim Hesnawi, The Father of Libyan Reggae",matched,622AyQhhpX9DQzJI9lt3rl,https://open.spotify.com/album/622AyQhhpX9DQzJI9lt3rl,6tPa6NxEdaNHWKupImT46F,Ibrahim Hesnawi,The Father of Libyan Reggae (Habibi Funk 024),2023-10-06,day,album,9.0,https://i.scdn.co/image/ab67616d0000b27316f759fcb4372bff7f146652,,,,matched,https://i.scdn.co/image/ab6761610000e5ebda6c48f546eac77e619e9d68,https://open.spotify.com/artist/6tPa6NxEdaNHWKupImT46F
"October 11, 2023",Errors,Capra,,CAPRA,"Lafayette, Louisiana",Saby Reyes-Kulkarni,"Capra, Errors",matched,3fCRAPxbNpZP9qzDXiblCI,https://open.spotify.com/album/3fCRAPxbNpZP9qzDXiblCI,4jfu3bxtFywqyCRuTcsve4,Capra,Errors,2023-10-06,day,album,10.0,https://i.scdn.co/image/ab67616d0000b273984d90dfee79966f1b934c11,,,,matched,https://i.scdn.co/image/ab6761610000e5eb8589af8b20b48cc9a92825cb,https://open.spotify.com/artist/4jfu3bxtFywqyCRuTcsve4
"October 10, 2023",Buy This Now!,Uni Boys,Rock,Independent Artist,"Los Angeles, California",Jude Noel,"Uni Boys, Buy This Now!",matched,7BzChig5Ob1y2gcL6v3Ric,https://open.spotify.com/album/7BzChig5Ob1y2gcL6v3Ric,1xsSuFDTwn49CqWKpHF6HQ,Uni Boys,Buy This Now!,2023-10-13,day,album,12.0,https://i.scdn.co/image/ab67616d0000b2738e5af7cd9825b77f65858474,,,,matched,https://i.scdn.co/image/ab6761610000e5ebe2f0885f5e1ba33e126a52c4,https://open.spotify.com/artist/1xsSuFDTwn49CqWKpHF6HQ
"October 09, 2023",Afternoon X,Vanishing Twin,Alternative,Independent Artist,"London, UK",Will Ainsley,"Vanishing Twin, Afternoon X",matched,6yUptnHXA1lRp48hWzXsUl,https://open.spotify.com/album/6yUptnHXA1lRp48hWzXsUl,4idG41ELGGRKuiHLc3VLc5,Vanishing Twin,Afternoon X,2023-10-06,day,album,8.0,https://i.scdn.co/image/ab67616d0000b273e3597e15a6d85bff8e60713d,,,,matched,https://i.scdn.co/image/ab6761610000e5eb3547a450b031bbca01d1b1b0,https://open.spotify.com/artist/4idG41ELGGRKuiHLc3VLc5
"October 05, 2023",Golden Apples of the Sun,Suzanne Ciani & Jonathan Fitoussi,Electronic,Transversales Disques,"Paris, France",Ted Davis,"Suzanne Ciani & Jonathan Fitoussi, Golden Apples of the Sun",no_match,,,,,,,,,,,,,,,,
"October 04, 2023",Perfect Picture,Hannah Diamond,Pop,Independent Artist,"London, UK",April Clare Welsh,"Hannah Diamond, Perfect Picture",matched,1ChwZuPoRvA8Z5uprRsO2P,https://open.spotify.com/album/1ChwZuPoRvA8Z5uprRsO2P,3sXErEOw7EmO6Sj7EgjHdU,Hannah Diamond,Perfect Picture,2023-10-06,day,album,12.0,https://i.scdn.co/image/ab67616d0000b273cdadd1b7d10dce136854e8be,,,,matched,https://i.scdn.co/image/ab6761610000e5eb5942210e435aea99f6be681e,https://open.spotify.com/artist/3sXErEOw7EmO6Sj7EgjHdU
"October 03, 2023",Javelin,Sufjan Stevens,Alternative,Independent Artist,"New York, New York",Elle Carroll,"Sufjan Stevens, Javelin",matched,2KqSL3vLfyVO7rrZJL9tUs,https://open.spotify.com/album/2KqSL3vLfyVO7rrZJL9tUs,4MXUO7sVCaFgFjoTI5ox5c,Sufjan Stevens,Javelin,2023-10-06,day,album,10.0,https://i.scdn.co/image/ab67616d0000b27332a8498ea892ccd4fcf3f6cf,,,,matched,https://i.scdn.co/image/ab6761610000e5ebe70700c1329d2f26971c3914,https://open.spotify.com/artist/4MXUO7sVCaFgFjoTI5ox5c
"September 29, 2023",Dissolution Grip,KMRU,Ambient,Independent Artist,"Nairobi, Kenya",Eli Schoop,"KMRU, Dissolution Grip",matched,5KJ6knuB1IVgxIsYTNX6dd,https://open.spotify.com/album/5KJ6knuB1IVgxIsYTNX6dd,5blZUSGq0z7HhuSldSXV3a,KMRU,Dissolution Grip,2023-09-29,day,album,3.0,https://i.scdn.co/image/ab67616d0000b273eeab5be46822e747fb914a2e,,,,matched,https://i.scdn.co/image/ab6761610000e5eb7c61e9840d75ab0899633666,https://open.spotify.com/artist/5blZUSGq0z7HhuSldSXV3a
"September 29, 2023",Tender,zzzahara,,Independent Artist,"Los Angeles, California",Elle Carroll,"zzzahara, Tender",matched,46PzRhIkx2y6EUkd7YFnFl,https://open.spotify.com/album/46PzRhIkx2y6EUkd7YFnFl,26j38hvhD7PjC0a4EqdaSn,zzzahara,Tender,2023-09-22,day,album,10.0,https://i.scdn.co/image/ab67616d0000b273d9f65261b6514f1ea5cf6cbb,,,,matched,https://i.scdn.co/image/ab6761610000e5eb8400a2bd8fededc0331ad386,https://open.spotify.com/artist/26j38hvhD7PjC0a4EqdaSn
"September 28, 2023",Find Out,Filth Is Eternal,Punk,Filth is Eternal,"Seattle, Washington",Brad Sanders,"Filth Is Eternal, Find Out",matched,7LWzYlSZrZywjVQndLDjUS,https://open.spotify.com/album/7LWzYlSZrZywjVQndLDjUS,0BqcFG3uqS8l59OsCtIiH0,Filth is Eternal,Find Out,2023-09-29,day,album,14.0,https://i.scdn.co/image/ab67616d0000b273a8d02731cc74560015214111,,,,matched,https://i.scdn.co/image/ab6761610000e5eb4a739b12233f654c1fcf39d1,https://open.spotify.com/artist/0BqcFG3uqS8l59OsCtIiH0
"September 27, 2023",We Buy Diabetic Test Strips,Armand Hammer,Hip-Hop/Rap,Independent Artist,New York,Dash Lewis,"Armand Hammer, We Buy Diabetic Test Strips",matched,74vN8W3NHvyM69AnrL5Arp,https://open.spotify.com/album/74vN8W3NHvyM69AnrL5Arp,3SCI7sXHUZIeDKMWC5NT9C,"Armand Hammer, billy woods, E L U C I D",We Buy Diabetic Test Strips,2024-02-27,day,album,16.0,https://i.scdn.co/image/ab67616d0000b273e1d0067ee82182b2264c3783,,,,matched,https://i.scdn.co/image/ab6761610000e5eb36540146e6771f3508d8032a,https://open.spotify.com/artist/3SCI7sXHUZIeDKMWC5NT9C
"September 26, 2023",Sit Down For Dinner,Blonde Redhead,Alternative,Independent Artist,"New York, New York",Elle Carroll,"Blonde Redhead, Sit Down For Dinner",matched,3gsfmWwzdFZSJUC4L5zrEw,https://open.spotify.com/album/3gsfmWwzdFZSJUC4L5zrEw,5isqImG0rLfAgBJSPMEVXF,Blonde Redhead,Sit Down for Dinner,2023-09-29,day,album,11.0,https://i.scdn.co/image/ab67616d0000b273856eb96d591b7b4ead22a4e7,,,,matched,https://i.scdn.co/image/ab6761610000e5eb6f63ec3b0dd0c229ed8459a9,https://open.spotify.com/artist/5isqImG0rLfAgBJSPMEVXF
"September 25, 2023",The Enduring Spirit,Tomb Mold,Metal,20 Buck Spin,"Pittsburgh, Pennsylvania",Ben Salmon,"Tomb Mold, The Enduring Spirit",matched,27vpwk5EXUilPRY06umtHv,https://open.spotify.com/album/27vpwk5EXUilPRY06umtHv,1zFGR4NaBbCDBGwifPKGfM,Tomb Mold,The Enduring Spirit,2023-09-15,day,album,7.0,https://i.scdn.co/image/ab67616d0000b2738741191cc40dc87ffdde6288,,,,matched,https://i.scdn.co/image/ab67616d0000b273aa257ff5813873ffe87ec4f9,https://open.spotify.com/artist/1zFGR4NaBbCDBGwifPKGfM
"September 22, 2023",Gentle Confrontation,Loraine James,,Independent Artist,"London, UK",John Morrison,"Loraine James, Gentle Confrontation",matched,6t8EEPPBUhJiYucv3zsIKx,https://open.spotify.com/album/6t8EEPPBUhJiYucv3zsIKx,536qHynzDH1QviwhWY9dE3,Loraine James,Gentle Confrontation,2023-09-22,day,album,16.0,https://i.scdn.co/image/ab67616d0000b273ceb2b7a878b3c346aa1e6cd5,,,,matched,https://i.scdn.co/image/ab6761610000e5eb404b3e80d99a4ba201cd889e,https://open.spotify.com/artist/536qHynzDH1QviwhWY9dE3
"September 21, 2023",Sorry I Haven’t Called,Vagabon,,Independent Artist,"New York, New York",Ann-Derrick Gaillot,"Vagabon, Sorry I Haven’t Called",no_match,,,,,,,,,,,,,,,,
"September 20, 2023",No Ordinary Crown,Will Johnson,Folk,Independent Artist,"Austin, Texas",Josh Feola,"Will Johnson, No Ordinary Crown",matched,00bWfP8ZnnLbpvSCEc7ItO,https://open.spotify.com/album/00bWfP8ZnnLbpvSCEc7ItO,0GkLlslI4LMVTTuUkyQp57,Will Johnson,No Ordinary Crown,2023-09-15,day,album,10.0,https://i.scdn.co/image/ab67616d0000b27399f9e01d0a6a3e3b63bf03ea,,,,matched,https://i.scdn.co/image/ab6772690000c46ce45499f8d4ea9f7930010785,https://open.spotify.com/artist/0GkLlslI4LMVTTuUkyQp57
"September 19, 2023",Circus Underwater,Circus Underwater,Electronic,Soundway Records,UK,Will Ainsley,"Circus Underwater, Circus Underwater",matched,6YchcDMpRksUZoA0F3KU6q,https://open.spotify.com/album/6YchcDMpRksUZoA0F3KU6q,6hWyDvqELzRc5bwYWFD9qO,Circus Underwater,Circus Underwater,2023-09-15,day,album,13.0,https://i.scdn.co/image/ab67616d0000b273e602dc62340cf1f53011ce72,,,,matched,https://i.scdn.co/image/ab67616d0000b273e602dc62340cf1f53011ce72,https://open.spotify.com/artist/6hWyDvqELzRc5bwYWFD9qO
"September 18, 2023",Powders,Eartheater,Alternative,Independent Artist,"Queens, New York",Andrew Parks,"Eartheater, Powders",matched,3zjvJv9tqkQ5kdX9pOpT6U,https://open.spotify.com/album/3zjvJv9tqkQ5kdX9pOpT6U,18ca9d5EU5R1AhVKPR1cm0,Eartheater,Powders,2023-09-20,day,album,9.0,https://i.scdn.co/image/ab67616d0000b2736c22b071b85b6599997b7bb6,,,,matched,https://i.scdn.co/image/ab6761610000e5eb8c370bf15ef44b7227381ac3,https://open.spotify.com/artist/18ca9d5EU5R1AhVKPR1cm0
"September 15, 2023",All Around You,Subsonic Eye,Alternative,Independent Artist,Singapore,Will Ainsley,"Subsonic Eye, All Around You",matched,0V1dIAje2IVpyBQp6byOwi,https://open.spotify.com/album/0V1dIAje2IVpyBQp6byOwi,6nRhwtv2bwuDvPijPCjcie,Subsonic Eye,All Around You,2023-09-13,day,album,10.0,https://i.scdn.co/image/ab67616d0000b2733ecaf4508b999928f2310e2d,,,,matched,https://i.scdn.co/image/ab6761610000e5eb8780bf2fea93beb9c1496b79,https://open.spotify.com/artist/6nRhwtv2bwuDvPijPCjcie
"September 14, 2023","¡Con Piano, Sublime!: Early Recordings from the Caribbean 1907​-​1921",Various Artists,World,Magnificent Sounds Records,"Buffalo, New York",Shy Clara Thompson,"Various Artists, ¡Con Piano, Sublime!: Early Recordings from the Caribbean 1907​-​1921",no_match,,,,,,,,,,,,,,,,
"September 13, 2023",Buddy’s Magic Toy Box,Mega Ran,Hip-Hop/Rap,Independent Artist,"Phoenix, Arizona",Casey Jarman,"Mega Ran, Buddy’s Magic Toy Box",no_match,,,,,,,,,,,,,,,,
"September 12, 2023",DEATH AWAITS,Blind Equation,Metal,Independent Artist,"Chicago, Illinois",Colin Williams,"Blind Equation, DEATH AWAITS",matched,35VF7WrrpbK6IbUpeVsurN,https://open.spotify.com/album/35VF7WrrpbK6IbUpeVsurN,0tPLXpO9Br4cvdm2EF8lWS,Blind Equation,DEATH AWAITS,2023-09-15,day,album,10.0,https://i.scdn.co/image/ab67616d0000b27360c648ecddf8adb4c3327066,,,,matched,https://i.scdn.co/image/ab6761610000e5ebe543d4fe7728bca6381387a5,https://open.spotify.com/artist/0tPLXpO9Br4cvdm2EF8lWS
"September 11, 2023",Techxodus,Speaker Music,Electronic,Independent Artist,,John Morrison,"Speaker Music, Techxodus",matched,5dnnPG3uXELIZ6a09Z79Tv,https://open.spotify.com/album/5dnnPG3uXELIZ6a09Z79Tv,1H0aWZUg7aOHQmo5h09xso,Speaker Music,Techxodus,2023-09-08,day,album,9.0,https://i.scdn.co/image/ab67616d0000b273096a89f5b9bf59b6a6f1f547,,,,matched,https://i.scdn.co/image/ab6761610000e5eb104b7c29033e9a67b8b43e5c,https://open.spotify.com/artist/1H0aWZUg7aOHQmo5h09xso
"September 08, 2023",66689 BLVD Prequel,Kipp Stone,,Independent Artist,"Cleveland, Ohio",John Morrison,"Kipp Stone, 66689 BLVD Prequel",matched,3wUw6sLHN6Y4WMYMU6ZoCZ,https://open.spotify.com/album/3wUw6sLHN6Y4WMYMU6ZoCZ,3KSsoLvVR3TTJpzRReIs3X,Kipp Stone,66689 BLVD Prequel,2023-09-15,day,album,10.0,https://i.scdn.co/image/ab67616d0000b273cfcad9c2a20032b3cb714566,,,,matched,https://i.scdn.co/image/ab6761610000e5eb01657b623c6b0ae9fe80d5ec,https://open.spotify.com/artist/3KSsoLvVR3TTJpzRReIs3X
"September 07, 2023",Careful!,Deeper,Punk,Independent Artist,"Chicago, Illinois",Will Ainsley,"Deeper, Careful!",matched,4y7SBeyt5aznj46pLCxddm,https://open.spotify.com/album/4y7SBeyt5aznj46pLCxddm,2OdkcNnvSRbVRcziM3OK2S,Deeper,Careful!,2023-09-08,day,album,13.0,https://i.scdn.co/image/ab67616d0000b2738aa56c2134973bf2a2591a6d,,,,matched,https://i.scdn.co/image/ab6761610000e5ebcd5da4192712fbae87fc16a1,https://open.spotify.com/artist/2OdkcNnvSRbVRcziM3OK2S
"September 06, 2023","Private Recordings, August 1970",Sylvester,Devotional,Independent Artist,"San Francisco, California",Niko Stratis,"Sylvester, Private Recordings, August 1970",matched,5YLu92PsoPcTz37PLjtuXK,https://open.spotify.com/album/5YLu92PsoPcTz37PLjtuXK,5TGTpu4g8siFOIctZuQO7y,Sylvester,"Private Recordings, August 1970",2023-09-06,day,album,9.0,https://i.scdn.co/image/ab67616d0000b27309f628fc0e17ede2fd9a5e81,,,,matched,https://i.scdn.co/image/ab6761610000e5eb224edfd4e7b8101c4d217134,https://open.spotify.com/artist/5TGTpu4g8siFOIctZuQO7y
"September 05, 2023",Come Around And Love Me,Jalen Ngonda,,Independent Artist,"London, UK",John Morrison,"Jalen Ngonda, Come Around And Love Me",matched,7Fy0ZdCb6q5RC0J6y0PN8t,https://open.spotify.com/album/7Fy0ZdCb6q5RC0J6y0PN8t,2kEDso93O2hDgCbnuiSkkZ,Jalen Ngonda,Come Around And Love Me,2023-06-29,day,single,3.0,https://i.scdn.co/image/ab67616d0000b273012d8d1e3d65b29962039aa8,,,,matched,https://i.scdn.co/image/ab6761610000e5eb42b3620fa149f037543ceacd,https://open.spotify.com/artist/2kEDso93O2hDgCbnuiSkkZ
"September 01, 2023",HELLMODE,Jeff Rosenstock,Rock,Independent Artist,New York,Arielle Gordon,"Jeff Rosenstock, HELLMODE",matched,7Gw4NIOgnylpbryrOJksn9,https://open.spotify.com/album/7Gw4NIOgnylpbryrOJksn9,0wNZvrIMNUCs24G0wFg2D6,Jeff Rosenstock,HELLMODE,2023-08-31,day,album,11.0,https://i.scdn.co/image/ab67616d0000b27362d8e5c46ef0809534e687a6,,,,matched,https://i.scdn.co/image/ab6761610000e5ebf8d7a27045c5a56b817e7421,https://open.spotify.com/artist/0wNZvrIMNUCs24G0wFg2D6
"August 31, 2023",SUM,위댄스 (Wedance),Pop,Independent Artist,"Seoul, South Korea",James Gui,"위댄스 (Wedance), SUM",matched,7vVvr1XSdm4D0YKF7krPvf,https://open.spotify.com/album/7vVvr1XSdm4D0YKF7krPvf,70GGUtoiE6D1EAgpsbntuG,위댄스 Wedance,SUM,2023-07-13,day,single,1.0,https://i.scdn.co/image/ab67616d0000b273c640882aea1856cec88d47ca,,,,matched,https://i.scdn.co/image/ab6761610000e5ebca2023476899789d50a971f6,https://open.spotify.com/artist/70GGUtoiE6D1EAgpsbntuG
"August 30, 2023",Poppa Zesque,Josh Caffe,,Independent Artist,"London, UK",John Morrison,"Josh Caffe, Poppa Zesque",matched,6EW1u8G8ZAMKgDYrLVAEpg,https://open.spotify.com/album/6EW1u8G8ZAMKgDYrLVAEpg,3JOct1LuzqDQHeCHuHjpM2,Josh Caffé,Poppa Zesque,2023-09-08,day,album,11.0,https://i.scdn.co/image/ab67616d0000b2734dc79f17f0298dabc1822947,,,,matched,https://i.scdn.co/image/ab6761610000e5eb7443f8df224c8c66781e86ba,https://open.spotify.com/artist/3JOct1LuzqDQHeCHuHjpM2
"August 29, 2023",Perceptions,Jamma-Dee,Funk,Independent Artist,"Los Angeles, California",John Morrison,"Jamma-Dee, Perceptions",matched,72Owrtk5GPHED4sMrcDhdA,https://open.spotify.com/album/72Owrtk5GPHED4sMrcDhdA,2qIdgfyoBJ60s1O55LOmiH,Jamma-Dee,Perceptions,2023-09-05,day,album,15.0,https://i.scdn.co/image/ab67616d0000b2737045d97b1d7c9fe3d16c7744,,,,matched,https://i.scdn.co/image/ab67616d0000b273489c0a602eb475c908cab551,https://open.spotify.com/artist/2qIdgfyoBJ60s1O55LOmiH
"August 28, 2023",I Will Make A Baby In This Damn Economy,Fat Tony and Taydex,Hip-Hop/Rap,Fat Tony,"Houston, Texas",Dash Lewis,"Fat Tony and Taydex, I Will Make A Baby In This Damn Economy",no_match,,,,,,,,,,,,,,,,
"August 25, 2023",Songs for Children,Mr. Greg & Cass McCombs,Kids,Mr. Greg &amp; Cass McCombs,"San Francisco, California",Maria Barrios,"Mr. Greg & Cass McCombs, Songs for Children",no_match,,,,,,,,,,,,,,,,
"August 24, 2023",Blackity Black Black is Beautiful,Fay Victor,Jazz,Independent Artist,"Brooklyn, New York",John Morrison,"Fay Victor, Blackity Black Black is Beautiful",matched,405nvTmgrNIUsyUM2cY2Lw,https://open.spotify.com/album/405nvTmgrNIUsyUM2cY2Lw,1accqTJkw5p0YV3jodn3qr,Fay Victor,Blackity Black Black Is Beautiful,2023-08-25,day,album,9.0,https://i.scdn.co/image/ab67616d0000b27342fd7373dd2729a722a70b87,,,,matched,https://i.scdn.co/image/ab6761610000e5eb9aa0c85c31257fa70e5f9b90,https://open.spotify.com/artist/1accqTJkw5p0YV3jodn3qr
"August 23, 2023",Away Back In,Raw Poetic Feat. Damu the Fudgemunk,Hip-Hop/Rap,Damu The Fudgemunk,"Washington, D.C.",John Morrison,"Raw Poetic Feat. Damu the Fudgemunk, Away Back In",no_match,,,,,,,,,,,,,,,,
"August 22, 2023",Yonder,Dabda / 다브다,Rock,Independent Artist,"Seoul, South Korea",Jesse Locke,"Dabda / 다브다, Yonder",no_match,,,,,,,,,,,,,,,,
"August 21, 2023",SPELLLING & the Mystery School,SPELLLING,Experimental,Independent Artist,"Oakland, California",Richard Villegas,"SPELLLING, SPELLLING & the Mystery School",matched,0d698aE88j1wf4cbEIL0NM,https://open.spotify.com/album/0d698aE88j1wf4cbEIL0NM,7rlAAAiWScpsT1hmgURAmh,SPELLLING,SPELLLING & The Mystery School,2023-08-25,day,album,11.0,https://i.scdn.co/image/ab67616d0000b2738919727abfbaf0cbf01a2885,,,,matched,https://i.scdn.co/image/ab6761610000e5eba12c0b0e81e459e426cfd52c,https://open.spotify.com/artist/7rlAAAiWScpsT1hmgURAmh
"August 18, 2023",Festering Grotesqueries,Dripping Decay,Metal,Independent Artist,"Portland, Oregon",Saby Reyes-Kulkarni,"Dripping Decay, Festering Grotesqueries",matched,2KFGc31qNQw9pSqF00fVNP,https://open.spotify.com/album/2KFGc31qNQw9pSqF00fVNP,5D7UJcHPKqPJbFEQDflK85,Dripping Decay,Festering Grotesqueries,2023-08-18,day,album,14.0,https://i.scdn.co/image/ab67616d0000b2734fcb63224dddb439e0d3cb02,,,,matched,https://i.scdn.co/image/ab67616d0000b2734fcb63224dddb439e0d3cb02,https://open.spotify.com/artist/5D7UJcHPKqPJbFEQDflK85
"August 17, 2023",Homo Anxietatem,Shamir,,Independent Artist,"Philadelphia, Pennsylvania",Ann-Derrick Gaillot,"Shamir, Homo Anxietatem",matched,251HBDHJ3Mr9XFucQNSYpQ,https://open.spotify.com/album/251HBDHJ3Mr9XFucQNSYpQ,7JgXEHI1oEiQICAMeCsKTj,Shamir,Homo Anxietatem,2023-08-18,day,album,11.0,https://i.scdn.co/image/ab67616d0000b2739d23fc769ca53c84ebfae768,,,,matched,https://i.scdn.co/image/ab6761610000e5ebef064fa741ce235b6b53b248,https://open.spotify.com/artist/7JgXEHI1oEiQICAMeCsKTj
"August 16, 2023",Crazy Trip,Tomu DJ,,Independent Artist,,Andra Nikolayi,"Tomu DJ, Crazy Trip",matched,2D7N8UYjBa2IGcM5TK3cpr,https://open.spotify.com/album/2D7N8UYjBa2IGcM5TK3cpr,3IkZulWyXacENlNykgnmwh,Tomu DJ,Crazy Trip,2023-08-11,day,album,7.0,https://i.scdn.co/image/ab67616d0000b2731cf4a7e16bd114d3e44a463b,,,,matched,https://i.scdn.co/image/ab6761610000e5ebf0d207606c3af2b6216946fc,https://open.spotify.com/artist/3IkZulWyXacENlNykgnmwh
"August 15, 2023",Resolve,Arnold Dreyblatt and the Orchestra of Excited Strings,Classical,adlabels,"Berlin, Germany",Marc Masters,"Arnold Dreyblatt and the Orchestra of Excited Strings, Resolve",no_match,,,,,,,,,,,,,,,,
"August 14, 2023",The Katechon and the Unending Fire,Pyrkagion,Metal,PYRKAGION,,Colin Williams,"Pyrkagion, The Katechon and the Unending Fire",matched,74XupOdnpKSDif3eoL5M50,https://open.spotify.com/album/74XupOdnpKSDif3eoL5M50,2VUSKQ6XWfBri5NHKNXlIj,Pyrkagion,The Katechon and the Unending Fire,2023-08-18,day,single,2.0,https://i.scdn.co/image/ab67616d0000b27361838cc31ea73e7193646067,,,,matched,https://i.scdn.co/image/ab67616d0000b27361838cc31ea73e7193646067,https://open.spotify.com/artist/2VUSKQ6XWfBri5NHKNXlIj
"August 11, 2023",We’ll Hide Away: Complete Recordings 1993​-​1995,Grain,Punk,Independent Artist,"Cleveland, Ohio",Brad Cohan,"Grain, We’ll Hide Away: Complete Recordings 1993​-​1995",no_match,,,,,,,,,,,,,,,,
"August 10, 2023",DJs Di Guetto,DJs Di Guetto,Electronic,Príncipe,"Lisbon, Portugal",Eli Schoop,"DJs Di Guetto, DJs Di Guetto",matched,0JePTRlRhHFNmgONLq6D9x,https://open.spotify.com/album/0JePTRlRhHFNmgONLq6D9x,1tju2wJHQhhsFORnF2PZdI,DJs Di Guetto,DJs Di Guetto II,2026-03-06,day,album,9.0,https://i.scdn.co/image/ab67616d0000b2732aa38bc871bfd4f2843550f0,,,,matched,https://i.scdn.co/image/ab67616d0000b2732aa38bc871bfd4f2843550f0,https://open.spotify.com/artist/1tju2wJHQhhsFORnF2PZdI
"August 09, 2023",Non-Stop Healing Frequency,Ruth Mascelli,Experimental,Independent Artist,New York,Marc Masters,"Ruth Mascelli, Non-Stop Healing Frequency",matched,7aMe7WxRvY40nq5awKViEg,https://open.spotify.com/album/7aMe7WxRvY40nq5awKViEg,6wPVVMuhVWvJFrfBoiX0Zr,Ruth Mascelli,Non-Stop Healing Frequency,2023-07-28,day,album,11.0,https://i.scdn.co/image/ab67616d0000b273909b4b152eefa4b068bea0c4,,,,matched,https://i.scdn.co/image/ab6761610000e5ebb5111cf4776420f2c6c9075b,https://open.spotify.com/artist/6wPVVMuhVWvJFrfBoiX0Zr
"August 08, 2023",And Southern Star,Mikaela Davis,Country,Independent Artist,"Catskill, New York",Ben Salmon,"Mikaela Davis, And Southern Star",matched,0voCdR4wCB2koeAvpxhXS7,https://open.spotify.com/album/0voCdR4wCB2koeAvpxhXS7,6CbL78A3tB1CPFoduF7UM5,Mikaela Davis,And Southern Star,2023-08-04,day,album,9.0,https://i.scdn.co/image/ab67616d0000b273c65ef9e75a9a72d1fb455038,,,,matched,https://i.scdn.co/image/ab6761610000e5eba9e4bfbf8f31a03118aba7c2,https://open.spotify.com/artist/6CbL78A3tB1CPFoduF7UM5
"August 07, 2023",Chthonic,Lawrence English & Lea Bertucci,Experimental,Lawrence English &amp; Lea Bertucci,"Sydney, Australia",Ted Davis,"Lawrence English & Lea Bertucci, Chthonic",no_match,,,,,,,,,,,,,,,,
"August 04, 2023",Prestige,Girl Ray,Pop,Independent Artist,"London, UK",Elle Carroll,"Girl Ray, Prestige",matched,3vAzZOMM1BvxtVfKjyQI78,https://open.spotify.com/album/3vAzZOMM1BvxtVfKjyQI78,0MoDfakkeeD4FwftxAXwEd,Girl Ray,Prestige,2023-08-04,day,album,12.0,https://i.scdn.co/image/ab67616d0000b2738ac8f00f4f94458fe4ac5cbf,,,,matched,https://i.scdn.co/image/ab6761610000e5ebbf594fb4207a1d4780a091e6,https://open.spotify.com/artist/0MoDfakkeeD4FwftxAXwEd
"August 03, 2023",They Live in My Head,Bush Tetras,Punk,Independent Artist,"New York, New York",Sims Hardin,"Bush Tetras, They Live in My Head",matched,0R5IClV92QzCHZotQkYDP5,https://open.spotify.com/album/0R5IClV92QzCHZotQkYDP5,2X2Q1fpEwW7WtZxXb4acYb,Bush Tetras,They Live in My Head,2023-07-28,day,album,11.0,https://i.scdn.co/image/ab67616d0000b27312885d1940f8c4521459a50b,,,,matched,https://i.scdn.co/image/ab6761610000e5ebc8d69a0407362f542485dd64,https://open.spotify.com/artist/2X2Q1fpEwW7WtZxXb4acYb
"August 02, 2023",Love Hallucination,Jessy Lanza,,Independent Artist,"Hamilton, Ontario",April Clare Welsh,"Jessy Lanza, Love Hallucination",matched,0nNTcdbzi1dqnNZcJR6uS2,https://open.spotify.com/album/0nNTcdbzi1dqnNZcJR6uS2,4b99uGDv75xD1n2QHuPRDN,Jessy Lanza,Love Hallucination,2023-07-28,day,album,11.0,https://i.scdn.co/image/ab67616d0000b27326a0309eeb706a6fe045d8d8,,,,matched,https://i.scdn.co/image/ab6761610000e5eb8de05201b4e6b05c72ff7153,https://open.spotify.com/artist/4b99uGDv75xD1n2QHuPRDN
"August 01, 2023",Vol. II,Silicone Prairie,Punk,Independent Artist,"Kansas City, Missouri",Kerry Cardoza,"Silicone Prairie, Vol. II",matched,73YNaAGxipWa1Lqe3Y2Qf5,https://open.spotify.com/album/73YNaAGxipWa1Lqe3Y2Qf5,41Cb0AUOB1YtrPLiDffzb0,Silicone Prairie,Vol. II,2023-07-28,day,album,10.0,https://i.scdn.co/image/ab67616d0000b273f40df5d1d468fb514e9f3030,,,,matched,https://i.scdn.co/image/ab6761610000e5eba2884ce5ea5d1770017c945f,https://open.spotify.com/artist/41Cb0AUOB1YtrPLiDffzb0
"July 31, 2023",An​á​sana,Maroulita de Kol,Folk,Independent Artist,"Berlin, Germany",James Gui,"Maroulita de Kol, An​á​sana",no_match,,,,,,,,,,,,,,,,
"July 27, 2023","Bark Out Thunder, Roar Out Lightning",Chief Adjuah,,Independent Artist,"New Orleans, Louisiana",John Morrison,"Chief Adjuah, Bark Out Thunder, Roar Out Lightning",no_match,,,,,,,,,,,,,,,,
"July 27, 2023",Nos Habet Caramel | نص ح​ب​ة ك​ر​ا​م​ي​ل,El Kontessa,Electronic,Bilna&#39;es بالناقص,Palestine,James Gui,"El Kontessa, Nos Habet Caramel | نص ح​ب​ة ك​ر​ا​م​ي​ل",no_match,,,,,,,,,,,,,,,,
"July 26, 2023",Decay,Fatboi Sharif,Hip-Hop/Rap,Independent Artist,New Jersey,J. Edward Keyes,"Fatboi Sharif, Decay",matched,6qX8K8OnqxLFlMB28z4wO6,https://open.spotify.com/album/6qX8K8OnqxLFlMB28z4wO6,5HJ4w3pMArwtZi7xywAEWj,"Fatboi Sharif, Steel Tipped Dove",Decay,2023-07-21,day,album,17.0,https://i.scdn.co/image/ab67616d0000b273dd455faebde204d6da361e48,,,,matched,https://i.scdn.co/image/ab6761610000e5eb0b55ca105e763c412f0b55f8,https://open.spotify.com/artist/5HJ4w3pMArwtZi7xywAEWj
"July 25, 2023",Sot Wa Sada,Almaazz,,Independent Artist,"Vancouver, British Columbia",Andra Nikolayi,"Almaazz, Sot Wa Sada",matched,4r9mNzWnZmpfVEWAwaOxer,https://open.spotify.com/album/4r9mNzWnZmpfVEWAwaOxer,6XBauqUBSlap8C7Hgjw9Zv,"Almaazz, x/o",Sot Wa Sada,2023-07-20,day,single,5.0,https://i.scdn.co/image/ab67616d0000b2733cf2a4b97c33a0754ffa9722,,,,matched,https://i.scdn.co/image/ab6761610000e5ebf6a9587f045621c09bc6839d,https://open.spotify.com/artist/6XBauqUBSlap8C7Hgjw9Zv
"July 24, 2023",Journey to the Moon and Beyond,Mort Garson,Experimental,Independent Artist,"Los Angeles, California",Ted Davis,"Mort Garson, Journey to the Moon and Beyond",matched,6xaioaJ2ndCnEK8Zz5uOD7,https://open.spotify.com/album/6xaioaJ2ndCnEK8Zz5uOD7,0WmzT6tMLhdST5BfYagbha,Mort Garson,Journey to the Moon and Beyond,2023-07-21,day,album,15.0,https://i.scdn.co/image/ab67616d0000b273f72b5ee250bf845b56b4d885,,,,matched,https://i.scdn.co/image/ab6772690000c46cdb966fe52d2de3313d8d10e0,https://open.spotify.com/artist/0WmzT6tMLhdST5BfYagbha
"July 21, 2023",Black Weirdo,Kilamanzego,Electronic,Independent Artist,"Philadelphia, Pennsylvania",John Morrison,"Kilamanzego, Black Weirdo",matched,6aIvrUPpanm7pI0Xb48ZCR,https://open.spotify.com/album/6aIvrUPpanm7pI0Xb48ZCR,14tWfD2wOEhMgqZ3A4PfKT,Kilamanzego,Black Weirdo,2020-06-24,day,single,1.0,https://i.scdn.co/image/ab67616d0000b273460471e86a30fca9630f5952,,,,matched,https://i.scdn.co/image/ab6761610000e5eb6ddbb5b2f2a4ab6743a66ef6,https://open.spotify.com/artist/14tWfD2wOEhMgqZ3A4PfKT
"July 20, 2023",Infinite Psychic Depths,Outer Heaven,Metal,Independent Artist,"Douglassville, Pennsylvania",Brad Sanders,"Outer Heaven, Infinite Psychic Depths",matched,0lMl71P95JvckQzY0Tppsw,https://open.spotify.com/album/0lMl71P95JvckQzY0Tppsw,1JsmMPIpC3NY8JUcUj8AbU,Outer Heaven,Infinite Psychic Depths,2023-07-21,day,album,11.0,https://i.scdn.co/image/ab67616d0000b273d6195be58503bcae73937359,,,,matched,https://i.scdn.co/image/ab6761610000e5eb7ead4b17f180b25420eb369c,https://open.spotify.com/artist/1JsmMPIpC3NY8JUcUj8AbU
"July 19, 2023",New Future City Radio,Damon Locks and Rob Mazurek,Electronic,International Anthem,"Chicago, Illinois",John Morrison,"Damon Locks and Rob Mazurek, New Future City Radio",no_match,,,,,,,,,,,,,,,,
"July 18, 2023",Agriculture,Agriculture,Metal,Independent Artist,"Los Angeles, California",Ben Salmon,"Agriculture, Agriculture",matched,12vzq91UrxC2r3zcHnhaiX,https://open.spotify.com/album/12vzq91UrxC2r3zcHnhaiX,23Skjj6LyKEVkNIUFrLBUY,Agriculture,Agriculture,2023-07-21,day,album,6.0,https://i.scdn.co/image/ab67616d0000b2737418c8b1fa436c331a37e758,,,,matched,https://i.scdn.co/image/ab6761610000e5ebd6c75d98fd1cbdc2275a9bcd,https://open.spotify.com/artist/23Skjj6LyKEVkNIUFrLBUY
"July 17, 2023",Marzipan,Charif Megarbane,World,Habibi Funk Records,"Berlin, Germany",Dean Van Nguyen,"Charif Megarbane, Marzipan",matched,24gikrQsuL6djhOAaBtesY,https://open.spotify.com/album/24gikrQsuL6djhOAaBtesY,3251WMUEVLhM2xvYlpkyG4,Charif Megarbane,Marzipan (Habibi Funk 023),2023-07-14,day,album,18.0,https://i.scdn.co/image/ab67616d0000b27332a11f29a222ae1dfb8e83d3,,,,matched,https://i.scdn.co/image/ab6761610000e5ebb9e6c824a829aa188ec27c56,https://open.spotify.com/artist/3251WMUEVLhM2xvYlpkyG4
"July 14, 2023",Coh B​â​le,Marc Richter,Experimental,BLACK TO COMM,"Hamburg, Germany",Marc Masters,"Marc Richter, Coh B​â​le",no_match,,,,,,,,,,,,,,,,
"July 13, 2023",The Ones Ahead,Beverly Glenn-Copeland,Experimental,Independent Artist,"Hamilton, Ontario",Vanessa Ague,"Beverly Glenn-Copeland, The Ones Ahead",matched,0AdkBNWEM8uprSOb2ah8aD,https://open.spotify.com/album/0AdkBNWEM8uprSOb2ah8aD,2bN5hXtWZXEIfnHO34eXfe,Beverly Glenn-Copeland,The Ones Ahead,2023-07-28,day,album,9.0,https://i.scdn.co/image/ab67616d0000b27319a3a36c6fb6eb69fa1a95fa,,,,matched,https://i.scdn.co/image/ab6761610000e5eb07b3234ab7b108c79cee6a2f,https://open.spotify.com/artist/2bN5hXtWZXEIfnHO34eXfe
"July 12, 2023",Natural Wonder Beauty Concept,Natural Wonder Beauty Concept,,Independent Artist,"Queens, New York",Ann-Derrick Gaillot,"Natural Wonder Beauty Concept, Natural Wonder Beauty Concept",matched,0W8AIAf0mUGX4VZ0jH31FX,https://open.spotify.com/album/0W8AIAf0mUGX4VZ0jH31FX,5fuCjaj3t1OkkrMH7EjuLu,Natural Wonder Beauty Concept,Natural Wonder Beauty Concept,2023-07-14,day,album,10.0,https://i.scdn.co/image/ab67616d0000b2737a5327795bc273051cfd97ab,,,,matched,https://i.scdn.co/image/ab6761610000e5eb05f1140e857df218aa1c90a2,https://open.spotify.com/artist/5fuCjaj3t1OkkrMH7EjuLu
"July 11, 2023",Absurd Matter,Shapednoise,Electronic,Independent Artist,"Berlin, Germany",Eli Schoop,"Shapednoise, Absurd Matter",matched,039jNSVnhFi2ScPnjvR7Dx,https://open.spotify.com/album/039jNSVnhFi2ScPnjvR7Dx,18U1MCeHH1JAqRMHp3aPuv,Shapednoise,Absurd Matter,2023-07-14,day,album,10.0,https://i.scdn.co/image/ab67616d0000b273148f8029a33a30ffb3bfbbd6,,,,matched,https://i.scdn.co/image/ab6761610000e5ebb287b07dec6b6945ddcbe951,https://open.spotify.com/artist/18U1MCeHH1JAqRMHp3aPuv
"July 10, 2023",Natural Internet,Will Sprott,Rock,Independent Artist,"Grass Valley, California",Will Ainsley,"Will Sprott, Natural Internet",matched,0KozWCU0qNhtDvbifqIzdn,https://open.spotify.com/album/0KozWCU0qNhtDvbifqIzdn,2s5RkxF2TelEbqqQsLj9cY,Will Sprott,Natural Internet,2023-07-05,day,album,11.0,https://i.scdn.co/image/ab67616d0000b273288849d9964c950e00be3670,,,,matched,https://i.scdn.co/image/ab6761610000e5ebc9000aa4d141575f29c0fb78,https://open.spotify.com/artist/2s5RkxF2TelEbqqQsLj9cY
"July 07, 2023",Calling,Cherise,,CHERISE,"London, UK",Jaelani Turner-Williams,"Cherise, Calling",matched,6GmQbbAubfdTePHW6edf93,https://open.spotify.com/album/6GmQbbAubfdTePHW6edf93,36J979CZNAI4GsrElYFUOC,CHERISE,Calling,2023-07-07,day,album,12.0,https://i.scdn.co/image/ab67616d0000b2734b282266cfc840e8850cd37e,,,,matched,https://i.scdn.co/image/ab6761610000e5ebc616781989eeaa97358e1b0a,https://open.spotify.com/artist/36J979CZNAI4GsrElYFUOC
"July 06, 2023",Adultish,Substantial,Hip-Hop/Rap,Independent Artist,"Alexandria, Virginia",Phillip Mlynar,"Substantial, Adultish",matched,5F0lGEBCqviXiv7YKinLBR,https://open.spotify.com/album/5F0lGEBCqviXiv7YKinLBR,5FmThJ74ycmeBdQnu4Cfcw,Substantial,Adultish,2023-07-28,day,album,15.0,https://i.scdn.co/image/ab67616d0000b273d3b39ac3a5f755f82f482b06,,,,matched,https://i.scdn.co/image/ab6761610000e5eb5f9767766dbe75e9a9e91a17,https://open.spotify.com/artist/5FmThJ74ycmeBdQnu4Cfcw
"July 05, 2023",Canyon,Saloli,Electronic,Independent Artist,"Portland, Oregon",Casey Jarman,"Saloli, Canyon",matched,1GoDkBDJmaYAO1lDarIj3b,https://open.spotify.com/album/1GoDkBDJmaYAO1lDarIj3b,6tZ3TVCfSW7ZuoPovDYKWj,Saloli,Canyon,2023-07-07,day,album,8.0,https://i.scdn.co/image/ab67616d0000b273c8aa0542fb9e559aad11f075,,,,matched,https://i.scdn.co/image/ab6761610000e5eb8a556f342f326de1772c7216,https://open.spotify.com/artist/6tZ3TVCfSW7ZuoPovDYKWj
"July 04, 2023",Far From the Rhythm,Fit of Body,Electronic,Independent Artist,"Atlanta, Georgia",James Gui,"Fit of Body, Far From the Rhythm",matched,6Dql0hDxyqCGyqqyOqpkv0,https://open.spotify.com/album/6Dql0hDxyqCGyqqyOqpkv0,4odLPnuUiRJYPFn8o4vfrw,Fit Of Body,Far From The Rhythm,2023-07-07,day,album,10.0,https://i.scdn.co/image/ab67616d0000b2734caa2becb0a22c24de4a374c,,,,matched,https://i.scdn.co/image/ab6761610000e5ebb09b7c58293ebc3266063253,https://open.spotify.com/artist/4odLPnuUiRJYPFn8o4vfrw
"July 03, 2023",Fake Is Real,SDH,Electronic,Independent Artist,"Barcelona, Spain",Andi Harriman,"SDH, Fake Is Real",matched,3PcWmcmH2uVsLzEe4oVKCK,https://open.spotify.com/album/3PcWmcmH2uVsLzEe4oVKCK,2RA8ReKDkqwdnz1SSkWikD,SDH (Semiotics Department of Heteronyms),Fake Is Real,2023-06-30,day,album,9.0,https://i.scdn.co/image/ab67616d0000b273bd277606649752fa11c9ee01,,,,matched,https://i.scdn.co/image/ab6761610000e5eb1983e1e4ca9118f969051de2,https://open.spotify.com/artist/2RA8ReKDkqwdnz1SSkWikD
"June 30, 2023",Yebo! Rare Mzansi Party Beats from Apartheid’s Dying Years,Various Artists,Pop,BBE,"London, UK",Andy Thomas,"Various Artists, Yebo! Rare Mzansi Party Beats from Apartheid’s Dying Years",no_match,,,,,,,,,,,,,,,,
"June 29, 2023",Systemic,Divide and Dissolve,Metal,Independent Artist,"Melbourne, Australia",Ned Raggett,"Divide and Dissolve, Systemic",matched,1d2G0souL1gl0smNF37GXN,https://open.spotify.com/album/1d2G0souL1gl0smNF37GXN,4YmPo9Zke9OYNmV5WW7CMS,Divide And Dissolve,Systemic,2023-06-30,day,album,9.0,https://i.scdn.co/image/ab67616d0000b273643e60dcc3234286086613bc,,,,matched,https://i.scdn.co/image/ab6761610000e5eb99d27fadcd302005d945aa17,https://open.spotify.com/artist/4YmPo9Zke9OYNmV5WW7CMS
"June 28, 2023",Figura de Cristal,Estrella del Sol,,Independent Artist,"Mexico City, Mexico",Maria Barrios,"Estrella del Sol, Figura de Cristal",matched,7Fj3Ex7rvD1rjHJMYPPoVH,https://open.spotify.com/album/7Fj3Ex7rvD1rjHJMYPPoVH,5oQPWni89oK2A4pM3TLFh0,Estrella del Sol,Figura de Cristal,2023-06-30,day,album,9.0,https://i.scdn.co/image/ab67616d0000b27389064dd46082ed24210d32dc,,,,matched,https://i.scdn.co/image/ab6761610000e5ebe66d3e0862055afda36839b6,https://open.spotify.com/artist/5oQPWni89oK2A4pM3TLFh0
"June 27, 2023",Drum Money,Ekiti Sound,Electronic,Independent Artist,"Lagos, Nigeria",Joe Muggs,"Ekiti Sound, Drum Money",matched,2eR72DDsJdPlzPZI1loqsX,https://open.spotify.com/album/2eR72DDsJdPlzPZI1loqsX,4iIuf2xQjhx2pfyCBodPwa,Ekiti Sound,Drum Money,2023-06-23,day,album,17.0,https://i.scdn.co/image/ab67616d0000b2737fd42a393bdf7980bdcd22a3,,,,matched,https://i.scdn.co/image/ab6761610000e5eb290f10544297eeabbcb09bf2,https://open.spotify.com/artist/4iIuf2xQjhx2pfyCBodPwa
"June 26, 2023",Tao Fire 道火,Mong Tong 夢東,Experimental,Mong Tong,Taiwan,Josh Feola,"Mong Tong 夢東, Tao Fire 道火",no_match,,,,,,,,,,,,,,,,
"June 23, 2023",Death’s Toll,DeathCollector,Metal,DeathCollectorUK,"Birmingham, UK",Colin Williams,"DeathCollector, Death’s Toll",no_match,,,,,,,,,,,,,,,,
"June 22, 2023",Control Center,BusCrates,,Independent Artist,Pittsburgh,Blake Gillespie,"BusCrates, Control Center",matched,0hP9J7Xjovt8lj2nn3IZzV,https://open.spotify.com/album/0hP9J7Xjovt8lj2nn3IZzV,2xVtLMwf4oZwJT5d1J5289,BusCrates,Control Center,2023-06-23,day,album,10.0,https://i.scdn.co/image/ab67616d0000b2738d22a9b656972f0a78747f75,,,,matched,https://i.scdn.co/image/ab6761610000e5eb27c71ca42106079188196dea,https://open.spotify.com/artist/2xVtLMwf4oZwJT5d1J5289
"June 21, 2023",RBGxDD,Abderraouf B Grissa & Dan Drohan,Jazz,Uno Loop,,John Morrison,"Abderraouf B Grissa & Dan Drohan, RBGxDD",no_match,,,,,,,,,,,,,,,,
"June 20, 2023",MICHAEL,Killer Mike,Hip-Hop/Rap,Independent Artist,,Dash Lewis,"Killer Mike, MICHAEL",matched,2mBH7RhAS6vRKkSlA7IRIJ,https://open.spotify.com/album/2mBH7RhAS6vRKkSlA7IRIJ,2N4EYkIlG1kv25g6Wv8LGI,Killer Mike,MICHAEL,2023-06-16,day,album,14.0,https://i.scdn.co/image/ab67616d0000b2730df6fde15c74b41449275c44,,,,matched,https://i.scdn.co/image/ab6761610000e5eb529dee5aaa5b6d45813f93d9,https://open.spotify.com/artist/2N4EYkIlG1kv25g6Wv8LGI
"June 16, 2023","Julius Eastman Vol. 3: If You’re So Smart, Why Aren’t You Rich?",Wild Up,,Independent Artist,"Los Angeles, California",Shy Clara Thompson,"Wild Up, Julius Eastman Vol. 3: If You’re So Smart, Why Aren’t You Rich?",no_match,,,,,,,,,,,,,,,,
"June 15, 2023",Synthesized Sudan: Astro​-​Nubian Electronic Jaglara Dance Sounds from the Fashaga Underground,Jantra,Electronic,Ostinato Records,"New York, New York",Megan Iacobini de Fazio,"Jantra, Synthesized Sudan: Astro​-​Nubian Electronic Jaglara Dance Sounds from the Fashaga Underground",matched,5bIPJ4G0LcX4UgUohtiMOF,https://open.spotify.com/album/5bIPJ4G0LcX4UgUohtiMOF,3MxZN1bBa3Skcr8qR22mNN,Jantra,Synthesized Sudan: Astro-Nubian Electronic Jaglara Dance Sounds from the Fashaga Underground,2023-06-16,day,album,10.0,https://i.scdn.co/image/ab67616d0000b2730573503c963bea52a805282e,,,,matched,https://i.scdn.co/image/ab67616d0000b2730573503c963bea52a805282e,https://open.spotify.com/artist/3MxZN1bBa3Skcr8qR22mNN
"June 14, 2023",Currency // Castration,GELD,,Independent Artist,"Melbourne, Australia",Alex Deller,"GELD, Currency // Castration",no_match,,,,,,,,,,,,,,,,
"June 13, 2023","Late, Late Show",pel mel,Alternative,Efficient Space,"Melbourne, Australia",Andi Harriman,"pel mel, Late, Late Show",matched,2mZCpwMsqjDqDMTSYph1pI,https://open.spotify.com/album/2mZCpwMsqjDqDMTSYph1pI,0rkYiWK2Mk3h35dxO56t7Z,Pel Mel,"Late, Late Show",1985,year,single,6.0,https://i.scdn.co/image/ab67616d0000b2739208f83100380a2a2717863d,,,,matched,https://i.scdn.co/image/ab67616d0000b2739b99ea204a0b1bbb4ea0aeaa,https://open.spotify.com/artist/0rkYiWK2Mk3h35dxO56t7Z
"June 12, 2023",O Yinne!,Alogte Oho and his Sounds of Joy,World,Independent Artist,"Bolgatanga, Ghana",Andy Thomas,"Alogte Oho and his Sounds of Joy, O Yinne!",matched,44sQZjLg99YdsNsPAkBNXj,https://open.spotify.com/album/44sQZjLg99YdsNsPAkBNXj,4rGa6nIVxUyi8xWSwkHDE1,Alogte Oho & His Sounds of Joy,O Yinne!,2023-06-02,day,album,8.0,https://i.scdn.co/image/ab67616d0000b2739a4b33a922a91d7dc30e0ff2,,,,matched,https://i.scdn.co/image/ab6761610000e5eb9599aacd9cf54cf9085074bd,https://open.spotify.com/artist/4rGa6nIVxUyi8xWSwkHDE1
"June 09, 2023",Guy,Jayda G,,Independent Artist,"London, UK",April Clare Welsh,"Jayda G, Guy",matched,1yGK2fGDPhaZ3O9AhGrkRS,https://open.spotify.com/album/1yGK2fGDPhaZ3O9AhGrkRS,3NKVm2Jedcf6ibJr6pMUVx,Jayda G,Guy,2023-06-09,day,album,13.0,https://i.scdn.co/image/ab67616d0000b273c98c4f0fd9f25c4ae22a726f,,,,matched,https://i.scdn.co/image/ab6761610000e5ebb1c7f85b0224e0a79e3fbec8,https://open.spotify.com/artist/3NKVm2Jedcf6ibJr6pMUVx
"June 08, 2023",Tabaco: Compiled by El Drag​​​ó​​​n Criollo & El Palmas,Tabaco,Latin,Independent Artist,"Caracas, Venezuela",Phillipe Roberts,"Tabaco, Tabaco: Compiled by El Drag​​​ó​​​n Criollo & El Palmas",matched,0Bnl0Dkifg7KrUvXlFoZj0,https://open.spotify.com/album/0Bnl0Dkifg7KrUvXlFoZj0,5fOsE0msWkyhFpJMLg76VE,"Tabaco, El Palmas, El Dragón Criollo",Tabaco (Compiled By el Dragón Criollo & El Palmas),2023-06-09,day,album,12.0,https://i.scdn.co/image/ab67616d0000b273a19358e807b263d1894f69e9,,,,matched,https://i.scdn.co/image/ab6761610000e5eb61f1920e88c6cf7a99c6e022,https://open.spotify.com/artist/5fOsE0msWkyhFpJMLg76VE
"June 07, 2023",Ang Pagdaloy,Pantayo,,Independent Artist,"Toronto, Ontario",James Gui,"Pantayo, Ang Pagdaloy",no_match,,,,,,,,,,,,,,,,
"June 06, 2023",Brain Worms,RVG,Alternative,Independent Artist,"Preston, Australia",Shannon Nico Shreibak,"RVG, Brain Worms",matched,5qAcUPxM27DFP7xvO4nHho,https://open.spotify.com/album/5qAcUPxM27DFP7xvO4nHho,4a2c6VZMfp0CdNg1JgSPR9,RVG,Brain Worms,2023-06-02,day,album,10.0,https://i.scdn.co/image/ab67616d0000b273b6786117a6736ee10dbc10e4,,,,matched,https://i.scdn.co/image/ab6761610000e5ebe97637b27f9109b4f8e8afac,https://open.spotify.com/artist/4a2c6VZMfp0CdNg1JgSPR9
"June 05, 2023",Zango,WITCH,Rock,Independent Artist,Zambia,Ana Leorne,"WITCH, Zango",matched,3UAsIlnVNCfZc2HwYjAZKx,https://open.spotify.com/album/3UAsIlnVNCfZc2HwYjAZKx,0LMkPoi2xIgpOPUSJMftqM,WITCH,Zango,2023-06-02,day,album,10.0,https://i.scdn.co/image/ab67616d0000b273764eb99053d9ab1cf53910cb,,,,matched,https://i.scdn.co/image/ab6761610000e5eb0661c14b524b544322897887,https://open.spotify.com/artist/0LMkPoi2xIgpOPUSJMftqM
"June 02, 2023",Lucky For You,Bully,Alternative,Independent Artist,"Nashville, Tennessee",Elle Carroll,"Bully, Lucky For You",matched,0Wl5Z73DtV3cgqf0MLXgxz,https://open.spotify.com/album/0Wl5Z73DtV3cgqf0MLXgxz,34LdbFt5sVXKTJOzf1iExQ,Bully,Lucky For You,2023-06-02,day,album,10.0,https://i.scdn.co/image/ab67616d0000b2730e10e3ce5c735a10b665a7d5,,,,matched,https://i.scdn.co/image/ab6761610000e5eb295620325f5525560d83f2e8,https://open.spotify.com/artist/34LdbFt5sVXKTJOzf1iExQ
"June 01, 2023",Starling,Katherine Kyu Hyeon Lim,Classical,Independent Artist,"New York, New York",Vanessa Ague,"Katherine Kyu Hyeon Lim, Starling",matched,5gY4lMfkdFEbCVvtEImLkc,https://open.spotify.com/album/5gY4lMfkdFEbCVvtEImLkc,7sQBkMwTwuEA1N9dTsQKHj,Katherine Kyu Hyeon Lim,Starling,2023-06-02,day,album,9.0,https://i.scdn.co/image/ab67616d0000b273da1da0295f1b15f30f62ac88,,,,matched,https://i.scdn.co/image/ab6761610000e5ebaa65e02c3dd0b79ca8756819,https://open.spotify.com/artist/7sQBkMwTwuEA1N9dTsQKHj
"May 31, 2023",brutalovechamp,Brandon Seabrook’s Epic Proportions,Experimental,Brandon Seabrook,"Brooklyn, New York",Brad Cohan,"Brandon Seabrook’s Epic Proportions, brutalovechamp",no_match,,,,,,,,,,,,,,,,
"May 30, 2023",Romantic Piano,Gia Margaret,,Independent Artist,"Chicago, Illinois",Arielle Gordon,"Gia Margaret, Romantic Piano",matched,4TFQoPpiHkSsYDbhfXMqCM,https://open.spotify.com/album/4TFQoPpiHkSsYDbhfXMqCM,7fnMav7xXJwwjbyWbSjF4C,Gia Margaret,Romantic Piano,2023-05-26,day,album,12.0,https://i.scdn.co/image/ab67616d0000b2736a7b47d1f0c64d6bcb56fdfa,,,,matched,https://i.scdn.co/image/ab6761610000e5eb3bedf9e7fb912e9e59fbaf75,https://open.spotify.com/artist/7fnMav7xXJwwjbyWbSjF4C
"May 26, 2023",My Soft Machine,Arlo Parks,,Independent Artist,"London, UK",Jaelani Turner-Williams,"Arlo Parks, My Soft Machine",matched,4YCScpRHPfvu81qmsIGGmn,https://open.spotify.com/album/4YCScpRHPfvu81qmsIGGmn,4kIwETcbpuFgRukE8o7Opx,Arlo Parks,My Soft Machine,2023-05-26,day,album,12.0,https://i.scdn.co/image/ab67616d0000b273a3873d9a6b28f0c77801478d,,,,matched,https://i.scdn.co/image/ab6761610000e5ebd0c1a13a2710aef33ee5f819,https://open.spotify.com/artist/4kIwETcbpuFgRukE8o7Opx
"May 25, 2023",REAL B*TCHES DON’T DIE!,Kari Faux,Hip-Hop/Rap,Independent Artist,"Little Rock, Arkansas",Dash Lewis,"Kari Faux, REAL B*TCHES DON’T DIE!",matched,2man3aalGPUqaZqKrTBdDX,https://open.spotify.com/album/2man3aalGPUqaZqKrTBdDX,4c2ighP1wj8E5dVGJDCOiB,Kari Faux,REAL B*TCHES DON'T DIE!,2023-05-26,day,album,13.0,https://i.scdn.co/image/ab67616d0000b2736b31039eeb0bb2e1d6c6932b,,,,matched,https://i.scdn.co/image/ab6761610000e5ebaa4761ff01e686afe6f9dc21,https://open.spotify.com/artist/4c2ighP1wj8E5dVGJDCOiB
"May 24, 2023",Akousmatikous,Salami Rose Joe Louis,Alternative,salami rose joe louis,California,John Morrison,"Salami Rose Joe Louis, Akousmatikous",matched,2rIjJDL6c2IlN8rrWOhwGD,https://open.spotify.com/album/2rIjJDL6c2IlN8rrWOhwGD,6EHS9kZ9PpeXaJ4wZO3FSX,Salami Rose Joe Louis,Akousmatikous,2023-05-19,day,album,16.0,https://i.scdn.co/image/ab67616d0000b27349eab52eb66d8eeb9f927515,,,,matched,https://i.scdn.co/image/ab6761610000e5eb5f2307c96e58f8acda662274,https://open.spotify.com/artist/6EHS9kZ9PpeXaJ4wZO3FSX
"May 23, 2023",Calm Ya Farm,The Murlocs,Rock,Independent Artist,"Melbourne, Australia",Saby Reyes-Kulkarni,"The Murlocs, Calm Ya Farm",no_match,,,,,,,,,,,,,,,,
"May 22, 2023","Indiana, i’ve seen a way",Mandy,,"Mandy, Indiana","Manchester, UK",Ted Davis,"Mandy, Indiana, i’ve seen a way",no_match,,,,,,,,,,,,,,,,
"May 19, 2023",Dog Dreams (​개​꿈​),Lucy Liyou,Experimental,Independent Artist,"San Francisco, California",James Gui,"Lucy Liyou, Dog Dreams (​개​꿈​)",no_match,,,,,,,,,,,,,,,,
"May 18, 2023",Great Big Open Sky,Daisies,Electronic,Independent Artist,"Olympia, Washington",Sims Hardin,"Daisies, Great Big Open Sky",matched,05Q7OrLLh77W2mjiDadqm1,https://open.spotify.com/album/05Q7OrLLh77W2mjiDadqm1,1blgyRhlGKEz9giyB0Pejv,Daisies,Great Big Open Sky,2023-05-12,day,album,8.0,https://i.scdn.co/image/ab67616d0000b2731099343476f66bc615bcb836,,,,matched,https://i.scdn.co/image/ab6761610000e5eba1fc71d9d36946f47fcabb84,https://open.spotify.com/artist/1blgyRhlGKEz9giyB0Pejv
"May 17, 2023",BIZCAS10: Ten Years of Business Casual,Various Artists,Electronic,business casual,,Sam Goldner,"Various Artists, BIZCAS10: Ten Years of Business Casual",no_match,,,,,,,,,,,,,,,,
"May 16, 2023",Position,PANGAR,Electronic,Independent Artist,Réunion,Joe Muggs,"PANGAR, Position",matched,649AtNZKDkTOPquRWoH3bH,https://open.spotify.com/album/649AtNZKDkTOPquRWoH3bH,62rNxONP3TTWka8ZBNlVkx,PANGAR,POSITION,2023-06-02,day,album,10.0,https://i.scdn.co/image/ab67616d0000b273e4896394f0d95bd7ee6cabd2,,,,matched,https://i.scdn.co/image/ab6761610000e5ebbe6a649412cbe92586de60ff,https://open.spotify.com/artist/62rNxONP3TTWka8ZBNlVkx
"May 15, 2023",Orbweaving,Midwife & Vyva Melinkolya,Alternative,Vyva Melinkolya,"Louisville, Kentucky",Arielle Gordon,"Midwife & Vyva Melinkolya, Orbweaving",no_match,,,,,,,,,,,,,,,,
"May 11, 2023",Flowers At Your Feet,Rahill,,Independent Artist,"New York, New York",Elle Carroll,"Rahill, Flowers At Your Feet",matched,2SAtIfz2jFRAn36xCUT8xd,https://open.spotify.com/album/2SAtIfz2jFRAn36xCUT8xd,0a0L1YLGhMT64hsSh9M9aM,Rahill,Flowers At Your Feet,2023-05-12,day,album,14.0,https://i.scdn.co/image/ab67616d0000b2730a6b496ea0d09b24b9be6be7,,,,matched,https://i.scdn.co/image/ab6761610000e5ebea98a8ba8751752808323ca8,https://open.spotify.com/artist/0a0L1YLGhMT64hsSh9M9aM
"May 10, 2023",Ilgrain,Sequoyah Murray,Electronic,Real Blue Love Rips,"Brooklyn, New York",Amaya Garcia,"Sequoyah Murray, Ilgrain",no_match,,,,,,,,,,,,,,,,
"May 09, 2023",Maps,billy woods & Kenny Segal,,billy woods,"New York, New York",Nadine Smith,"billy woods & Kenny Segal, Maps",no_match,,,,,,,,,,,,,,,,
"May 08, 2023",Turbulence and Pulse,Asher Gamedze,Jazz,International Anthem,"Chicago, Illinois",John Morrison,"Asher Gamedze, Turbulence and Pulse",matched,09P4xEQuIgveCiY4vGQHrZ,https://open.spotify.com/album/09P4xEQuIgveCiY4vGQHrZ,0seHw20kF6a8af3qsufKyQ,Asher Gamedze,Turbulence and Pulse,2023-05-05,day,album,10.0,https://i.scdn.co/image/ab67616d0000b2736c2ebc702383cddb8343d0ce,,,,matched,https://i.scdn.co/image/ab6761610000e5ebf95cff787c6e76c87868e5d6,https://open.spotify.com/artist/0seHw20kF6a8af3qsufKyQ
"May 05, 2023",Gateway Experience,Witch Prophet,,Independent Artist,"Toronto, Ontario",Nadine Smith,"Witch Prophet, Gateway Experience",matched,6Kir4PBQBZRRgOHRhcr3Eh,https://open.spotify.com/album/6Kir4PBQBZRRgOHRhcr3Eh,5AkXlAsYDGWVZIYOhboeSM,Witch Prophet,Gateway Experience,2023-05-01,day,album,11.0,https://i.scdn.co/image/ab67616d0000b273e1703821bd55c3b56d22ec41,,,,matched,https://i.scdn.co/image/ab6761610000e5ebf0440f2f1a3bbea2aa2de661,https://open.spotify.com/artist/5AkXlAsYDGWVZIYOhboeSM
"May 04, 2023",Silver Haze,SQÜRL,Experimental,Independent Artist,"New York, New York",Colin Joyce,"SQÜRL, Silver Haze",matched,3WOwQhN4cfhQ5hpExRheWz,https://open.spotify.com/album/3WOwQhN4cfhQ5hpExRheWz,1UXCB5V3DpKjiTGkVodQYA,SQÜRL,Silver Haze,2023-05-05,day,album,8.0,https://i.scdn.co/image/ab67616d0000b273ff1dcbce24854a1915c368e9,,,,matched,https://i.scdn.co/image/ab6761610000e5ebaf16062447f6b5fe5b3dcb58,https://open.spotify.com/artist/1UXCB5V3DpKjiTGkVodQYA
"May 03, 2023",CBD Reiki Moonbeam,Neggy Gemmy,Electronic,Independent Artist,"Los Angeles, California",Natalie Marlin,"Neggy Gemmy, CBD Reiki Moonbeam",matched,00ar1ctC3Xe2Wm4jguerZR,https://open.spotify.com/album/00ar1ctC3Xe2Wm4jguerZR,3SU7pCbOPCUMboKnxMvHVW,Neggy Gemmy,CBD Reiki Moonbeam,2023-04-28,day,album,15.0,https://i.scdn.co/image/ab67616d0000b2734bc61f73fac6dc64e1d177a3,,,,matched,https://i.scdn.co/image/ab6761610000e5eb47b372fd36ae0c49f0a0fe0d,https://open.spotify.com/artist/3SU7pCbOPCUMboKnxMvHVW
"May 02, 2023",Karma 業,P.H.0,Electronic,Independent Artist,"New York, New York",James Gui,"P.H.0, Karma 業",no_match,,,,,,,,,,,,,,,,
"May 01, 2023",DREAMER,Nabihah Iqbal,Electronic,Independent Artist,"London, UK",Elle Carroll,"Nabihah Iqbal, DREAMER",matched,1Jr7mHRUgVIbdnbC6LI07M,https://open.spotify.com/album/1Jr7mHRUgVIbdnbC6LI07M,7pPOvwCq4bb2iObs8twDir,Nabihah Iqbal,DREAMER,2023-04-28,day,album,10.0,https://i.scdn.co/image/ab67616d0000b27396bd7c683dbf5eec511fabfe,,,,matched,https://i.scdn.co/image/ab6761610000e5eb230ac530c8f4efbdeb938b06,https://open.spotify.com/artist/7pPOvwCq4bb2iObs8twDir
"April 28, 2023",From Whence It Came,YUNGMORPHEUS,,Independent Artist,"Los Angeles, California",Michael Penn,"YUNGMORPHEUS, From Whence It Came",matched,2mGL8K4lJ7NIXqDpIKE4xk,https://open.spotify.com/album/2mGL8K4lJ7NIXqDpIKE4xk,5PUI10TbC61V7ypB2h8Vfy,YUNGMORPHEUS,From Whence It Came,2023-04-28,day,album,19.0,https://i.scdn.co/image/ab67616d0000b273d2d80a6debdc9bdc4847bf0f,,,,matched,https://i.scdn.co/image/ab6761610000e5ebe719a9dad24a8d61a878226a,https://open.spotify.com/artist/5PUI10TbC61V7ypB2h8Vfy
"April 27, 2023","Slowly Forgetting, Barely Remembering",Martyna Basta,Experimental,Independent Artist,"Kraków, Poland",Shy Clara Thompson,"Martyna Basta, Slowly Forgetting, Barely Remembering",matched,7y1JyEvftvgWMTfyQLUSUq,https://open.spotify.com/album/7y1JyEvftvgWMTfyQLUSUq,0vRyt5xtZZ8cve0YTSxNIw,Martyna Basta,"Slowly Forgetting, Barely Remembering",2023-04-28,day,album,8.0,https://i.scdn.co/image/ab67616d0000b2730e62f557af47a828847ba276,,,,matched,https://i.scdn.co/image/ab6761610000e5ebfcae58c1b498e30c63bdea95,https://open.spotify.com/artist/0vRyt5xtZZ8cve0YTSxNIw
"April 26, 2023",I Want To Leave This Earth Behind,Stefana Fratila,Ambient,Independent Artist,"Toronto, Ontario",Maria Barrios,"Stefana Fratila, I Want To Leave This Earth Behind",matched,5jdnAxqWRWw9uVPkJZIwXx,https://open.spotify.com/album/5jdnAxqWRWw9uVPkJZIwXx,1zwF1b8zLXpoNmDOt2GsNu,Stefana Fratila,I want to leave this Earth behind,2023-04-21,day,album,8.0,https://i.scdn.co/image/ab67616d0000b2731600588cd9b6c16b8810debd,,,,matched,https://i.scdn.co/image/ab6761610000e5ebe99f36b41c32b6f06cf4ac4f,https://open.spotify.com/artist/1zwF1b8zLXpoNmDOt2GsNu
"April 25, 2023",Paved With Good Intentions,SolarFive and Custom Made,Hip-Hop/Rap,SoLaRfIvE,"Chicago, Illinois",Dash Lewis,"SolarFive and Custom Made, Paved With Good Intentions",no_match,,,,,,,,,,,,,,,,
"April 24, 2023",Death Folk Country,Dorthia Cottrell,Folk,Independent Artist,"Richmond, Virginia",Ben Salmon,"Dorthia Cottrell, Death Folk Country",matched,0WQRayI4MZYxYkc15fdprK,https://open.spotify.com/album/0WQRayI4MZYxYkc15fdprK,1J8PAwqD8XlDzXQiKvQ63P,Dorthia Cottrell,Death Folk Country,2023-04-21,day,album,11.0,https://i.scdn.co/image/ab67616d0000b27394c6a1bc1e7987e20afad60e,,,,matched,https://i.scdn.co/image/ab6761610000e5ebedcd78d7076c50044f40a72e,https://open.spotify.com/artist/1J8PAwqD8XlDzXQiKvQ63P
"April 21, 2023",I Came From Love,Dave Okumu & The 7 Generations,,Dave Okumu,"London, UK",John Morrison,"Dave Okumu & The 7 Generations, I Came From Love",no_match,,,,,,,,,,,,,,,,
"April 20, 2023",MotherFather,Petite Noir,Experimental,Independent Artist,"Cape Town, South Africa",Amaya Garcia,"Petite Noir, MotherFather",matched,6G76PblQXf5i8JB7mC0mv3,https://open.spotify.com/album/6G76PblQXf5i8JB7mC0mv3,4dGwtd1FYag1VY1vaR1U8y,Petite Noir,MotherFather,2023-04-14,day,album,10.0,https://i.scdn.co/image/ab67616d0000b273d89fd5e7dfd1a04a806c7ed5,,,,matched,https://i.scdn.co/image/ab6761610000e5ebdf80b49d3a55ff00abf746cf,https://open.spotify.com/artist/4dGwtd1FYag1VY1vaR1U8y
"April 19, 2023",Vandalized Statue To Be Replaced With Shrine,Monde UFO,Ambient,monde ufo,"Los Angeles, California",Sam Goldner,"Monde UFO, Vandalized Statue To Be Replaced With Shrine",matched,7bprIVUxxtX1ZPfm3aqWbn,https://open.spotify.com/album/7bprIVUxxtX1ZPfm3aqWbn,0zU3wUdqv85zN0yPJEozBN,Monde UFO,Vandalized Statue To Be Replaced With Shrine,2023-04-21,day,album,10.0,https://i.scdn.co/image/ab67616d0000b273519604b36cf1378188a92031,,,,matched,https://i.scdn.co/image/ab6761610000e5ebf5e3e88522f640f6f3401f96,https://open.spotify.com/artist/0zU3wUdqv85zN0yPJEozBN
"April 18, 2023",Yallah Beibe,MC Yallah,Hip-Hop/Rap,HAKUNA KULALA,"Kampala, Uganda",James Gui,"MC Yallah, Yallah Beibe",matched,74FbvNoV00hE1ZcCohkoP3,https://open.spotify.com/album/74FbvNoV00hE1ZcCohkoP3,5JEqaMjU6dwGqFJu2wn5Gg,MC Yallah,Yallah Beibe,2023-04-14,day,album,12.0,https://i.scdn.co/image/ab67616d0000b273cea83b98408b4ef6f853b657,,,,matched,https://i.scdn.co/image/ab6761610000e5ebf0ab7c21cb955cbec81b1027,https://open.spotify.com/artist/5JEqaMjU6dwGqFJu2wn5Gg
"April 17, 2023",Why Does the Earth Give Us People to Love?,Kara Jackson,,Independent Artist,"Oak Park, Illinois",Ann-Derrick Gaillot,"Kara Jackson, Why Does the Earth Give Us People to Love?",matched,2itoipNg0XOD1uwThhkVtO,https://open.spotify.com/album/2itoipNg0XOD1uwThhkVtO,2lciIw4vq0jQqevXA2TEUl,Kara Jackson,Why Does the Earth Give Us People to Love?,2023-04-14,day,album,13.0,https://i.scdn.co/image/ab67616d0000b273ddcca64eceb4a2e82daa91ba,,,,matched,https://i.scdn.co/image/ab6761610000e5eb5c1fafd21917947a5225c60a,https://open.spotify.com/artist/2lciIw4vq0jQqevXA2TEUl
"April 14, 2023",Since Time is Gravity,Natural Information Society,Jazz,eremite records,Hawaii,Philip Freeman,"Natural Information Society, Since Time is Gravity",matched,00zIAjFLbdPhJ6q1wagFgz,https://open.spotify.com/album/00zIAjFLbdPhJ6q1wagFgz,7uVynPDWBSuIkL6uTAQSxt,Natural Information Society,Since Time Is Gravity,2023-04-14,day,album,8.0,https://i.scdn.co/image/ab67616d0000b273b70923bedda40135f54e6cf0,,,,matched,https://i.scdn.co/image/ab6761610000e5eb677c8131b1a1e0cd00e4f9c0,https://open.spotify.com/artist/7uVynPDWBSuIkL6uTAQSxt
"April 13, 2023",Heavenly Spheres,Penelope Trappes,Electronic,Independent Artist,"Brighton, UK",Ted Davis,"Penelope Trappes, Heavenly Spheres",matched,2HZr5KN3hWIMPfk6kVEQus,https://open.spotify.com/album/2HZr5KN3hWIMPfk6kVEQus,6shE4Y1z4lzRqoDp65XfzT,Penelope Trappes,Heavenly Spheres,2023-04-14,day,album,8.0,https://i.scdn.co/image/ab67616d0000b273e64d5acc0fd894471351fbdb,,,,matched,https://i.scdn.co/image/ab6761610000e5eb3c0acec00e41a458911ae5f2,https://open.spotify.com/artist/6shE4Y1z4lzRqoDp65XfzT
"April 12, 2023",Call Me Terry,Terry,Punk,Upset The Rhythm,"London, UK",Jude Noel,"Terry, Call Me Terry",matched,6Dav5AE72lPw91zXhXHgN8,https://open.spotify.com/album/6Dav5AE72lPw91zXhXHgN8,7rVi5rhJnyxph7p39eKjJE,Terry,Call Me Terry,2023-04-14,day,album,10.0,https://i.scdn.co/image/ab67616d0000b27397524d2e79d1a57cd6b25eca,,,,matched,https://i.scdn.co/image/ab67616d0000b273293f0738c4c4d6566c0204d0,https://open.spotify.com/artist/7rVi5rhJnyxph7p39eKjJE
"April 11, 2023",Music Inferno: The Indestructible Beat Tour 1988​-​89,Mahlathini and the Mahotella Queens,World,Umsakazo Records,UK,Dean Van Nguyen,"Mahlathini and the Mahotella Queens, Music Inferno: The Indestructible Beat Tour 1988​-​89",matched,5JXtFRbaX5hFZ2jiYPaijy,https://open.spotify.com/album/5JXtFRbaX5hFZ2jiYPaijy,5LFWp4p0pMURif2d7z3ijQ,Mahlathini & The Mahotella Queens,Music Inferno: The Indestructible Beat Tour 1988-89,2023-04-03,day,album,16.0,https://i.scdn.co/image/ab67616d0000b2733202bfa0f508b4b54294e9e5,,,,matched,https://i.scdn.co/image/ab6761610000e5ebec70e0260702a468313b5e37,https://open.spotify.com/artist/5LFWp4p0pMURif2d7z3ijQ
"April 10, 2023",Still Life in Decay,FACS,Alternative,Independent Artist,"Chicago, Illinois",Shannon Nico Shreibak,"FACS, Still Life in Decay",matched,4QSyg2uSOqiBEXBtAygjHg,https://open.spotify.com/album/4QSyg2uSOqiBEXBtAygjHg,2h0hfblKFcjOdz52vre1OV,FACS,Still Life In Decay,2023-04-07,day,album,6.0,https://i.scdn.co/image/ab67616d0000b27338d0b9b28a6e2efedd304759,,,,matched,https://i.scdn.co/image/ab6761610000e5eb68f8788ab72ebea9f43da7df,https://open.spotify.com/artist/2h0hfblKFcjOdz52vre1OV
"April 07, 2023",On The Romance Of Being,Desire Marea,,Independent Artist,"KZN, South Africa",Megan Iacobini de Fazio,"Desire Marea, On The Romance Of Being",matched,4t3W8ktkFU1bAx8bwvJr4P,https://open.spotify.com/album/4t3W8ktkFU1bAx8bwvJr4P,7xfBWpNiwO2yteiY68OB6C,Desire Marea,On the Romance of Being,2023-04-07,day,album,8.0,https://i.scdn.co/image/ab67616d0000b2734728d9e52d0be811796c0617,,,,matched,https://i.scdn.co/image/ab6761610000e5ebe85cddcd18aceb735d9379d0,https://open.spotify.com/artist/7xfBWpNiwO2yteiY68OB6C
"April 06, 2023",Distant Intervals,Issei Herr,Classical,MIZU,"New York, New York",Vanessa Ague,"Issei Herr, Distant Intervals",no_match,,,,,,,,,,,,,,,,
"April 05, 2023",We’re Still Here,HIRS,Punk,Independent Artist,"Philadelphia, Pennsylvania",Leah B. Levinson,"HIRS, We’re Still Here",no_match,,,,,,,,,,,,,,,,
"April 04, 2023",Humid Sun,Masahiro Takahashi,Electronic,Independent Artist,"Toronto, Ontario",Piotr Orlov,"Masahiro Takahashi, Humid Sun",matched,5hzknSlnHu94uX4LY6F7PJ,https://open.spotify.com/album/5hzknSlnHu94uX4LY6F7PJ,3lV9hq2ucA2hYlq4OmhhFR,Masahiro Takahashi,Humid Sun,2023-03-31,day,album,10.0,https://i.scdn.co/image/ab67616d0000b2733fe36417841d173c5b936ad6,,,,matched,https://i.scdn.co/image/ab6761610000e5eb881d48e9f2fe14c83df62514,https://open.spotify.com/artist/3lV9hq2ucA2hYlq4OmhhFR
"April 03, 2023",Leather Blvd.,B. Cool-Aid,,Independent Artist,"Los Angeles, California",John Morrison,"B. Cool-Aid, Leather Blvd.",matched,4BtJqNCU69QUgOTGFtFP3e,https://open.spotify.com/album/4BtJqNCU69QUgOTGFtFP3e,2Ng5YIxfFxELV3scQVISlB,"B. Cool-Aid, Pink Siifu, Ahwlee",Leather Blvd.,2023-03-31,day,album,16.0,https://i.scdn.co/image/ab67616d0000b27390e61d2fb982ebfb93076ba4,,,,matched,https://i.scdn.co/image/ab6761610000e5ebc5c6fca828a29f92d335ad74,https://open.spotify.com/artist/2Ng5YIxfFxELV3scQVISlB
"March 31, 2023",A​ş​k,Altın Gün,Rock,Altin Gün,"Amsterdam, Netherlands",Joshua Minsoo Kim,"Altın Gün, A​ş​k",no_match,,,,,,,,,,,,,,,,
"March 30, 2023",绿帽 Green Hat,Tzusing,Electronic,Independent Artist,"Shanghai, China",James Gui,"Tzusing, 绿帽 Green Hat",matched,4ly0DCSbwqgvQtaYum7RAD,https://open.spotify.com/album/4ly0DCSbwqgvQtaYum7RAD,7Ifvnt1HhJ0b1QwOxLAu2s,Tzusing,绿帽 Green Hat,2023-03-31,day,album,12.0,https://i.scdn.co/image/ab67616d0000b27359143c3d57eb12e7de803c2b,,,,matched,https://i.scdn.co/image/ab6761610000e5eb931f4072ddf9b42a713baebf,https://open.spotify.com/artist/7Ifvnt1HhJ0b1QwOxLAu2s
"March 29, 2023",Fawn/Brute,Katie Gately,Alternative,Independent Artist,"Pasadena, California",Joe Muggs,"Katie Gately, Fawn/Brute",matched,6ggQm8654R1lTv0MyqCe9V,https://open.spotify.com/album/6ggQm8654R1lTv0MyqCe9V,6FP6ynzSPeBFX46vkI1OsW,Katie Gately,Fawn / Brute,2023-03-31,day,album,11.0,https://i.scdn.co/image/ab67616d0000b273a23a4d301cf240f002eb5ade,,,,matched,https://i.scdn.co/image/ab6761610000e5ebf56c229a9460ffba1a246764,https://open.spotify.com/artist/6FP6ynzSPeBFX46vkI1OsW
"March 28, 2023",Fractured Whole,Cruel Diagonals,Experimental,Independent Artist,"Los Angeles, California",Vanessa Ague,"Cruel Diagonals, Fractured Whole",matched,4LLeRNBrcuwxj6QrhMmQ0K,https://open.spotify.com/album/4LLeRNBrcuwxj6QrhMmQ0K,0C7jgMYmKXPmy5bHH5ebEN,Cruel Diagonals,Fractured Whole,2023-03-24,day,album,11.0,https://i.scdn.co/image/ab67616d0000b273ce0e56337a4558caf5fb50a5,,,,matched,https://i.scdn.co/image/ab6761610000e5eb113c2b1f393d4841a20e265c,https://open.spotify.com/artist/0C7jgMYmKXPmy5bHH5ebEN
"March 27, 2023",Saturnian Bloodstorm,Lamp of Murmuur,Metal,Lamp Of Murmuur,"Los Angeles, California",Colin Williams,"Lamp of Murmuur, Saturnian Bloodstorm",matched,3RiP62xwY0dV8TfB1vcKzh,https://open.spotify.com/album/3RiP62xwY0dV8TfB1vcKzh,1kPJs4pSGj3yUsYwmGmJF3,Lamp of Murmuur,Saturnian Bloodstorm,2023-03-26,day,album,6.0,https://i.scdn.co/image/ab67616d0000b27344ebca74c661898a828ff253,,,,matched,https://i.scdn.co/image/ab6761610000e5eb689eed6aaffbdf7b9827f676,https://open.spotify.com/artist/1kPJs4pSGj3yUsYwmGmJF3
"March 24, 2023",The Art of Forgetting,Caroline Rose,Pop,Independent Artist,"Los Angeles, California",Mariana Timony,"Caroline Rose, The Art of Forgetting",matched,5Mp4C3BHi9AxPkgexCT8sg,https://open.spotify.com/album/5Mp4C3BHi9AxPkgexCT8sg,06W84OT2eFUNVwG85UsxJw,Caroline Rose,The Art of Forgetting,2023-03-24,day,album,14.0,https://i.scdn.co/image/ab67616d0000b273f4cb0f572480038a51f9daa7,,,,matched,https://i.scdn.co/image/ab6761610000e5eb9e65eed36b4a3c194aa88951,https://open.spotify.com/artist/06W84OT2eFUNVwG85UsxJw
"March 23, 2023",Raw Lessons,Spectacular Diagnostics,Hip-Hop/Rap,Independent Artist,"Chicago, Illinois",Phillip Mlynar,"Spectacular Diagnostics, Raw Lessons",matched,0lo28iaCZPvNN8TozSAdD4,https://open.spotify.com/album/0lo28iaCZPvNN8TozSAdD4,3z32OCr8soKhZ5CYuTti9a,Spectacular Diagnostics,Raw Lessons,2023-03-24,day,album,16.0,https://i.scdn.co/image/ab67616d0000b27355c39f25da4865d53bc5c905,,,,matched,https://i.scdn.co/image/ab6761610000e5ebf652c0b6e7162b3a2a493320,https://open.spotify.com/artist/3z32OCr8soKhZ5CYuTti9a
"March 22, 2023",Post-American,MSPAINT,Punk,Independent Artist,"Hattiesburg, Mississippi",Spencer Hughes,"MSPAINT, Post-American",matched,0O9TQ88Zb6NE6oa6Gkb0S9,https://open.spotify.com/album/0O9TQ88Zb6NE6oa6Gkb0S9,5sn6aQFrJvjsSIuaomA4to,MSPAINT,Post-American,2023-03-10,day,album,11.0,https://i.scdn.co/image/ab67616d0000b27319e9ca497edd9b531cd42404,,,,matched,https://i.scdn.co/image/ab6761610000e5ebf43b37fd0cc0acb46f2952e9,https://open.spotify.com/artist/5sn6aQFrJvjsSIuaomA4to
"March 21, 2023",Birds (in my mind anyway),Doc Sleep,Electronic,DOC SLEEP,Washington,Andra Nikolayi,"Doc Sleep, Birds (in my mind anyway)",matched,1Xn7W5FqkuphToaJ1MdgBt,https://open.spotify.com/album/1Xn7W5FqkuphToaJ1MdgBt,5o1pKpYbHcqZanSu2DCrJI,Doc Sleep,Birds (in my mind anyway),2023-03-17,day,album,12.0,https://i.scdn.co/image/ab67616d0000b273742dcd9263b1417e37505273,,,,matched,https://i.scdn.co/image/ab6761610000e5eb6c2cada4da867bc45f2aa273,https://open.spotify.com/artist/5o1pKpYbHcqZanSu2DCrJI
"March 20, 2023","Praise A Lord Who Chews But Which Does Not Consume; (Or Simply, Hot Between Worlds)",Yves Tumor,,Independent Artist,,Andy Beta,"Yves Tumor, Praise A Lord Who Chews But Which Does Not Consume; (Or Simply, Hot Between Worlds)",matched,5LIlFbWpjACyQFNW0nYvUC,https://open.spotify.com/album/5LIlFbWpjACyQFNW0nYvUC,0qu422H5MOoQxGjd4IzHbS,Yves Tumor,"Praise A Lord Who Chews But Which Does Not Consume; (Or Simply, Hot Between Worlds)",2023-03-17,day,album,12.0,https://i.scdn.co/image/ab67616d0000b273eab75988d94b573becaaab12,,,,matched,https://i.scdn.co/image/ab6761610000e5eb10afe006fe4c3309711f1966,https://open.spotify.com/artist/0qu422H5MOoQxGjd4IzHbS
"March 17, 2023",Impumelelo,DJ Black Low,Electronic,Independent Artist,"Pretoria, South Africa",Dean Van Nguyen,"DJ Black Low, Impumelelo",matched,5w0jENajUHTriQtGa5i9z8,https://open.spotify.com/album/5w0jENajUHTriQtGa5i9z8,3R6duxKXTU6YDfm4VT6FAk,DJ Black Low,Impumelelo,2023-03-17,day,album,12.0,https://i.scdn.co/image/ab67616d0000b27358c3fc3badf8b6919d03ea27,,,,matched,https://i.scdn.co/image/ab67616d0000b2732357e06f674591379b92951e,https://open.spotify.com/artist/3R6duxKXTU6YDfm4VT6FAk
"March 16, 2023",Tokyo,Bodikhuu,Hip-Hop/Rap,Mississippi Records,"New York, New York",Eli Schoop,"Bodikhuu, Tokyo",matched,1i1CjdgPS6MhUR89izRK3n,https://open.spotify.com/album/1i1CjdgPS6MhUR89izRK3n,6H6edBGSNltgBialYci7aM,Bodikhuu,Tokyo,2023-03-24,day,album,13.0,https://i.scdn.co/image/ab67616d0000b27314cd041f747e32bd6b136aea,,,,matched,https://i.scdn.co/image/ab6761610000e5eb383228052d714a35487b8511,https://open.spotify.com/artist/6H6edBGSNltgBialYci7aM
"March 15, 2023",Crash Recoil,Surgeon,Electronic,Independent Artist,"Birmingham, UK",Henry Ivry,"Surgeon, Crash Recoil",matched,074BDQSfufLOuL8qWsRsyg,https://open.spotify.com/album/074BDQSfufLOuL8qWsRsyg,1PSylklb2w06BAAHEtepqM,Surgeon,Crash Recoil,2023-03-17,day,album,8.0,https://i.scdn.co/image/ab67616d0000b27307e9277da3a078474a9a915b,,,,matched,https://i.scdn.co/image/ab6761610000e5eb8ae4656aec07cd8d43364630,https://open.spotify.com/artist/1PSylklb2w06BAAHEtepqM
"March 14, 2023",Love As Projection,Frankie Rose,Alternative,Independent Artist,New York,Andrew Parks,"Frankie Rose, Love As Projection",matched,0qCPga8B4ALdIoVTn0mvnj,https://open.spotify.com/album/0qCPga8B4ALdIoVTn0mvnj,44mVqYPHmFgrDJxv6CWrOo,Frankie Rose,Love As Projection,2023-03-10,day,album,10.0,https://i.scdn.co/image/ab67616d0000b2732da15c0595e928824cb84159,,,,matched,https://i.scdn.co/image/ab6761610000e5eb6b7e8a10a81a7acfd048c91a,https://open.spotify.com/artist/44mVqYPHmFgrDJxv6CWrOo
"March 13, 2023",Manzanita,Shana Cleveland,Folk,Independent Artist,California,Mariana Timony,"Shana Cleveland, Manzanita",matched,1U7BenRoyJVYOzEmt6o8uI,https://open.spotify.com/album/1U7BenRoyJVYOzEmt6o8uI,5E6dR5oDjhT39zr1YuXRq0,Shana Cleveland,Manzanita,2023-03-10,day,album,14.0,https://i.scdn.co/image/ab67616d0000b273af6030cc16df2b6ef5cf9bca,,,,matched,https://i.scdn.co/image/ab6761610000e5eb76f460e6d8b5c6332c128640,https://open.spotify.com/artist/5E6dR5oDjhT39zr1YuXRq0
"March 10, 2023",Walk the Wheel,Truth Cult,Punk,Independent Artist,"Baltimore, Maryland",Spencer Hughes,"Truth Cult, Walk the Wheel",matched,62sp2ksHKvPsMGCZOnGmMS,https://open.spotify.com/album/62sp2ksHKvPsMGCZOnGmMS,3idKv5QWykt5CeMmgogMMh,Truth Cult,Walk the Wheel,2023-03-03,day,album,11.0,https://i.scdn.co/image/ab67616d0000b273c8f84c03d31ebb85232b16f7,,,,matched,https://i.scdn.co/image/ab6761610000e5ebebc0a6a250a77d9e7392b43f,https://open.spotify.com/artist/3idKv5QWykt5CeMmgogMMh
"March 09, 2023",Lotus Glow,Adi Oasis,,Independent Artist,New York,John Morrison,"Adi Oasis, Lotus Glow",matched,0e4dBWmBHPevyfC9Zle4mv,https://open.spotify.com/album/0e4dBWmBHPevyfC9Zle4mv,5RRfTrwXUGYiBB0DMV4hyh,Adi Oasis,Lotus Glow,2023-03-03,day,album,14.0,https://i.scdn.co/image/ab67616d0000b273aadecbe6414e30c56fa8efab,,,,matched,https://i.scdn.co/image/ab6761610000e5eb8494682bebfe5877f13bdb60,https://open.spotify.com/artist/5RRfTrwXUGYiBB0DMV4hyh
"March 08, 2023",White Space,Youniss,Experimental,Independent Artist,"Antwerp, Belgium",James Gui,"Youniss, White Space",matched,1x5mlGG8JyPfy0DpiOi3AN,https://open.spotify.com/album/1x5mlGG8JyPfy0DpiOi3AN,7fskdNWLHmFZ9JGU1xGu7V,Youniss,White Space,2023-03-08,day,album,10.0,https://i.scdn.co/image/ab67616d0000b27322eb870bcaf796ca415e54c4,,,,matched,https://i.scdn.co/image/ab6761610000e5ebd4dcc91b75192172acc458ef,https://open.spotify.com/artist/7fskdNWLHmFZ9JGU1xGu7V
"March 07, 2023",Galaxia de Emociones,Jackie Mendoza,Pop,Independent Artist,"San Diego, California",Maria Barrios,"Jackie Mendoza, Galaxia de Emociones",matched,5xQAocxk6ixRppkNtRwPP0,https://open.spotify.com/album/5xQAocxk6ixRppkNtRwPP0,2ZIEeX505EvIuA10fNgnHa,Jackie Mendoza,Galaxia de Emociones,2023-03-03,day,album,13.0,https://i.scdn.co/image/ab67616d0000b273af86cf78417713093e1a8138,,,,matched,https://i.scdn.co/image/ab6761610000e5eb246702cf6f06c339fd3826e2,https://open.spotify.com/artist/2ZIEeX505EvIuA10fNgnHa
"March 06, 2023",Al Hadr,Sabrina Bellaouel,R&amp;B/Soul,Independent Artist,"Paris, France",Richard Villegas,"Sabrina Bellaouel, Al Hadr",matched,3jZY0izNMQXP2w8KEgWGMZ,https://open.spotify.com/album/3jZY0izNMQXP2w8KEgWGMZ,1TI3pJmtWgehlVMJzKJaJB,Sabrina Bellaouel,Al Hadr,2023-03-03,day,album,13.0,https://i.scdn.co/image/ab67616d0000b2732e91953e0c7f63846963a475,,,,matched,https://i.scdn.co/image/ab6761610000e5ebb529df91029109bcacbd79ad,https://open.spotify.com/artist/1TI3pJmtWgehlVMJzKJaJB
"March 03, 2023",Feeling Body,Nyokabi Kariũki,,Independent Artist,"Nairobi, Kenya",Vanessa Ague,"Nyokabi Kariũki, Feeling Body",matched,4uhV1rLLOooG13vhOS6myQ,https://open.spotify.com/album/4uhV1rLLOooG13vhOS6myQ,04vacT34stkfP2TFkNvDf2,Nyokabi Kariuki,FEELING BODY,2023-03-03,day,album,6.0,https://i.scdn.co/image/ab67616d0000b273624db6517fa3d9463a5d4eac,,,,matched,https://i.scdn.co/image/ab6761610000e5ebc00998a13c4c9fa33e5a3118,https://open.spotify.com/artist/04vacT34stkfP2TFkNvDf2
"March 02, 2023",Flower of Life,Taleen Kali,Alternative,Independent Artist,"Los Angeles, California",Elle Carroll,"Taleen Kali, Flower of Life",matched,5td5V1kgc8pLH6gpZ6JJRW,https://open.spotify.com/album/5td5V1kgc8pLH6gpZ6JJRW,1WCm8CXsOSCFpSWqDNDn65,Taleen Kali,Flower of Life,2023-03-03,day,album,10.0,https://i.scdn.co/image/ab67616d0000b27336e857b0825114b1a178b720,,,,matched,https://i.scdn.co/image/ab6761610000e5ebd8d3c1573b287fc371c72170,https://open.spotify.com/artist/1WCm8CXsOSCFpSWqDNDn65
"March 01, 2023",Dogsbody,Model/Actriz,Alternative,Independent Artist,"Brooklyn, New York",J. Edward Keyes,"Model/Actriz, Dogsbody",matched,0y3keM8qBATFXedTlrpwlw,https://open.spotify.com/album/0y3keM8qBATFXedTlrpwlw,7gdb1IQFHFQqCc5KoLTYNC,Model/Actriz,Dogsbody,2023-02-24,day,album,10.0,https://i.scdn.co/image/ab67616d0000b273cedcf385726b7ee0a88cbb7e,,,,matched,https://i.scdn.co/image/ab6761610000e5eb1359d08341c26bd15c4549e0,https://open.spotify.com/artist/7gdb1IQFHFQqCc5KoLTYNC
"February 28, 2023",A New Tomorrow,Zulu,Punk,Flatspot Records,"Baltimore, Maryland",John Morrison,"Zulu, A New Tomorrow",matched,1ryJUQ0QhRnvVJu4pINYZ2,https://open.spotify.com/album/1ryJUQ0QhRnvVJu4pINYZ2,38tO9pZm2G0JjANgRFvC1a,Zulu,A New Tomorrow,2023-03-03,day,album,15.0,https://i.scdn.co/image/ab67616d0000b273f62e85740233c56c37055ce2,,,,matched,https://i.scdn.co/image/ab6761610000e5ebb31499208ccccf71d1395f01,https://open.spotify.com/artist/38tO9pZm2G0JjANgRFvC1a
"February 27, 2023",Evicted In The Morning,Saint Abdullah & Jason Nazary,Experimental,Saint Abdullah,"New York, New York",James Gui,"Saint Abdullah & Jason Nazary, Evicted In The Morning",no_match,,,,,,,,,,,,,,,,
"February 23, 2023",Girl In the Half Pearl,Liv.e,,(Liv).e,"Dallas, Texas",Mercy Kassa,"Liv.e, Girl In the Half Pearl",matched,45oxyD0tdWU3AGK2w55W2w,https://open.spotify.com/album/45oxyD0tdWU3AGK2w55W2w,0YCL71Clky5els6NireSBP,Liv.e,Girl In The Half Pearl,2023-02-10,day,album,17.0,https://i.scdn.co/image/ab67616d0000b27325aa60a4ade8af97b0eacf90,,,,matched,https://i.scdn.co/image/ab6761610000e5eb7715e0efa8b952e5f4eb01b2,https://open.spotify.com/artist/0YCL71Clky5els6NireSBP
"February 22, 2023",I Don’t Wanna Be Too Cool (Expanded Edition),Kate Fagan,Punk,Independent Artist,"Chicago, Illinois",Andi Harriman,"Kate Fagan, I Don’t Wanna Be Too Cool (Expanded Edition)",matched,2dkc1Gqf4ngfEafVHctCDU,https://open.spotify.com/album/2dkc1Gqf4ngfEafVHctCDU,0RHqgb7Q8LeJzHxAZoKAyw,Kate Fagan,I Don't Wanna Be Too Cool (Expanded Edition),2023-02-24,day,album,8.0,https://i.scdn.co/image/ab67616d0000b2731ed3ec5e0a644fa510c4f9d6,,,,matched,https://i.scdn.co/image/ab6761610000e5ebc61d1acd476f12f31cd57e44,https://open.spotify.com/artist/0RHqgb7Q8LeJzHxAZoKAyw
"February 21, 2023",Abri Cyclonique,Polobi & the Gwo Ka Masters,World,Polobi &amp; the Gwo Ka Masters,Guadeloupe,Andy Beta,"Polobi & the Gwo Ka Masters, Abri Cyclonique",matched,0YhigZZ3OKtZvlh7qsBQkP,https://open.spotify.com/album/0YhigZZ3OKtZvlh7qsBQkP,1PnbBsdahaCLaQrgLCLKbb,Polobi & the Gwo Ka Masters,Abri Cyclonique,2023-02-17,day,album,13.0,https://i.scdn.co/image/ab67616d0000b273a24b30165fd90ca8101cc70c,,,,matched,https://i.scdn.co/image/ab6761610000e5eb51e12b2051a30f2b6c88fc75,https://open.spotify.com/artist/1PnbBsdahaCLaQrgLCLKbb
"February 17, 2023",Mute the Charm,Unwed Sailor,Alternative,Independent Artist,"Tulsa, Oklahoma",Andrew Parks,"Unwed Sailor, Mute the Charm",matched,5twqHKCTdOqbtGaMAwtngT,https://open.spotify.com/album/5twqHKCTdOqbtGaMAwtngT,7kkPAVpkDYfXCSDzaRk6IU,Unwed Sailor,Mute the Charm,2023-02-10,day,album,9.0,https://i.scdn.co/image/ab67616d0000b27303d945b2531076c4feb4a533,,,,matched,https://i.scdn.co/image/ab6761610000e5eb2580571248362d19b3b99ef7,https://open.spotify.com/artist/7kkPAVpkDYfXCSDzaRk6IU
"February 16, 2023",Nivraym (Revisited),Koenjihyakkei,Experimental,SKiN GRAFT Records,"St. Louis, Missouri",Jim Allen,"Koenjihyakkei, Nivraym (Revisited)",matched,6zlZFxNO0w2eV92P5t9Z8S,https://open.spotify.com/album/6zlZFxNO0w2eV92P5t9Z8S,5RT5HhX4GcWV55NVHt99X4,Koenjihyakkei,Nivraym Revisited,2023-02-17,day,album,12.0,https://i.scdn.co/image/ab67616d0000b273661ed8334ffe9bb84657bad4,,,,matched,https://i.scdn.co/image/ab67616d0000b273057d70596e6485b871cea463,https://open.spotify.com/artist/5RT5HhX4GcWV55NVHt99X4
"February 15, 2023",Mourning Due,Nappy Nina,,Independent Artist,"Brooklyn, New York",Mercy Kassa,"Nappy Nina, Mourning Due",matched,1iiOXu7q1d5yJ7s3ldDmSG,https://open.spotify.com/album/1iiOXu7q1d5yJ7s3ldDmSG,021A20H2EVS9igRiNhozcx,Nappy Nina,Mourning Due,2023-02-17,day,album,14.0,https://i.scdn.co/image/ab67616d0000b2737dad0d17b5f43644d532b64c,,,,matched,https://i.scdn.co/image/ab6761610000e5eb520462b0ff93647e4696cf76,https://open.spotify.com/artist/021A20H2EVS9igRiNhozcx
"February 14, 2023",All in Good Time,Blues Lawyer,Rock,Independent Artist,"Oakland, California",Ethan Beck,"Blues Lawyer, All in Good Time",matched,0t4lT0t2NXxLWHnSYJwo6Z,https://open.spotify.com/album/0t4lT0t2NXxLWHnSYJwo6Z,0HQY2LDEs6fPsYmILlAVQJ,Blues Lawyer,All In Good Time,2023-02-17,day,album,14.0,https://i.scdn.co/image/ab67616d0000b273a7569e1fba826fa23123b513,,,,matched,https://i.scdn.co/image/ab6761610000e5ebfb7620aa979cd063116e377c,https://open.spotify.com/artist/0HQY2LDEs6fPsYmILlAVQJ
"February 13, 2023",Raven,Kelela,Electronic,Independent Artist,,Richard Villegas,"Kelela, Raven",matched,06uhdSmIYrWRkdnAPjcRcT,https://open.spotify.com/album/06uhdSmIYrWRkdnAPjcRcT,1U0sIzpRtDkvu1hXXzxh60,Kelela,Raven,2023-02-10,day,album,15.0,https://i.scdn.co/image/ab67616d0000b2732396dfe4d63814cd2293ab3f,,,,matched,https://i.scdn.co/image/ab6761610000e5eb83ffae7fe0242c07cc55adbb,https://open.spotify.com/artist/1U0sIzpRtDkvu1hXXzxh60
"February 10, 2023","The Land, The Water, The Sky",Black Belt Eagle Scout,Alternative,Independent Artist,"Portland, Oregon",Jude Noel,"Black Belt Eagle Scout, The Land, The Water, The Sky",matched,3TBUsH85t2wRWS6DfMHcga,https://open.spotify.com/album/3TBUsH85t2wRWS6DfMHcga,1CUUXdvZE6UzwQyBUm5YVD,Black Belt Eagle Scout,"The Land, The Water, The Sky",2023-02-10,day,album,12.0,https://i.scdn.co/image/ab67616d0000b2732fe61fe5e48cc46721fd68d4,,,,matched,https://i.scdn.co/image/ab6761610000e5ebd71b1c5af6b974f5489a9b0e,https://open.spotify.com/artist/1CUUXdvZE6UzwQyBUm5YVD
"February 09, 2023",Szabads​​​á​​​g,Adela Mede,Experimental,Night School,"Glasgow, UK",Matthew Blackwell,"Adela Mede, Szabads​​​á​​​g",no_match,,,,,,,,,,,,,,,,
"February 08, 2023",Somewhere Over the Mystic Moon,India Sky,R&amp;B/Soul,Ratskin Records,"Oakland, California",Amaya Garcia,"India Sky, Somewhere Over the Mystic Moon",matched,4VigQlmLXSVGnTvZ3Zioqc,https://open.spotify.com/album/4VigQlmLXSVGnTvZ3Zioqc,0NrcyX7K1ixpEViov1WyWD,India Sky,Somewhere Over The Mystic Moon,2023-02-05,day,album,9.0,https://i.scdn.co/image/ab67616d0000b2731cd0b13cdbba58c8e6717812,,,,matched,https://i.scdn.co/image/ab6761610000e5ebff97b8a9a20968db20c14f13,https://open.spotify.com/artist/0NrcyX7K1ixpEViov1WyWD
"February 07, 2023",Spandrel?,Evita Manji,Electronic,Independent Artist,Greece,James Gui,"Evita Manji, Spandrel?",matched,5jf9wv39NeXCqcJGZWyYVY,https://open.spotify.com/album/5jf9wv39NeXCqcJGZWyYVY,3GJYQIEbjMlGeo4eXP8xqk,Evita Manji,Spandrel?,2023-01-30,day,album,10.0,https://i.scdn.co/image/ab67616d0000b273f6a566cd11922eef76081d9f,,,,matched,https://i.scdn.co/image/ab6761610000e5eb055f1d36b316e77e938d88d8,https://open.spotify.com/artist/3GJYQIEbjMlGeo4eXP8xqk
"February 06, 2023",Eye Of I,James Brandon Lewis,,Independent Artist,"New York, New York",John Morrison,"James Brandon Lewis, Eye Of I",matched,4QMevzEjkMADSzgx2nTXWm,https://open.spotify.com/album/4QMevzEjkMADSzgx2nTXWm,4vPE7pt5RgtB8cqDqQHhMK,James Brandon Lewis,Eye Of I,2023-02-03,day,album,11.0,https://i.scdn.co/image/ab67616d0000b2739c8601d31f9224bef4c78689,,,,matched,https://i.scdn.co/image/ab6761610000e5ebc8624967c2bfaf06224562b7,https://open.spotify.com/artist/4vPE7pt5RgtB8cqDqQHhMK
"February 03, 2023",Anarchist Gospel,Sunny War,Folk,Independent Artist,"Los Angeles, California",John Morrison,"Sunny War, Anarchist Gospel",matched,6Lj7fDEEx68OYdAZ41hlK6,https://open.spotify.com/album/6Lj7fDEEx68OYdAZ41hlK6,01GKiTphQwz4guZQntMha8,Sunny War,Anarchist Gospel,2023-02-03,day,album,14.0,https://i.scdn.co/image/ab67616d0000b27314143d23f84b152fcaa67a69,,,,matched,https://i.scdn.co/image/ab6761610000e5eb15d39a15a5e3ca8c4c2494a0,https://open.spotify.com/artist/01GKiTphQwz4guZQntMha8
"February 02, 2023",We Cater To Cowards,Oozing Wound,Punk,Independent Artist,"Chicago, Illinois",Saby Reyes-Kulkarni,"Oozing Wound, We Cater To Cowards",matched,652gSzDdNiAWYObZrkq29Q,https://open.spotify.com/album/652gSzDdNiAWYObZrkq29Q,1eV5PI4mo2MQjY40K4NNiF,Oozing Wound,We Cater To Cowards,2023-01-27,day,album,10.0,https://i.scdn.co/image/ab67616d0000b273c7fc5b7a222a70f3c50a6ac3,,,,matched,https://i.scdn.co/image/ab6761610000e5eb06ace4b42b57fc70c88389bc,https://open.spotify.com/artist/1eV5PI4mo2MQjY40K4NNiF
"February 01, 2023",Today My Friend You Drunk The Venom,The Drin,Punk,Independent Artist,"Cincinnati, Ohio",Kerry Cardoza,"The Drin, Today My Friend You Drunk The Venom",matched,5ymOBLosxGp0g0gSR03TlW,https://open.spotify.com/album/5ymOBLosxGp0g0gSR03TlW,4cGPrUtNiRS7pdfiKZ1EGw,The Drin,Today My Friend You Drunk the Venom,2023-01-27,day,album,10.0,https://i.scdn.co/image/ab67616d0000b27369426406307307d8a0ab97a0,,,,matched,https://i.scdn.co/image/ab67616d0000b27337d79353375cc7e416dbbe80,https://open.spotify.com/artist/4cGPrUtNiRS7pdfiKZ1EGw
"January 31, 2023",Compositions,Deathprod,Electronic,Independent Artist,"Oslo, Norway",Louis Pattison,"Deathprod, Compositions",matched,6Evac9SBtnBJvi2o2Atccl,https://open.spotify.com/album/6Evac9SBtnBJvi2o2Atccl,7o8rvnbMRm0zygvVauFqaO,Deathprod,Compositions,2023-01-27,day,album,17.0,https://i.scdn.co/image/ab67616d0000b27368376f6278e30058ef0f9061,,,,matched,https://i.scdn.co/image/ab6761610000e5eb9d084f292f11dbc618b6fe5f,https://open.spotify.com/artist/7o8rvnbMRm0zygvVauFqaO
"January 30, 2023",Lockstep Bloodwar,Sightless Pit,Electronic,Independent Artist,Rhode Island,Brad Sanders,"Sightless Pit, Lockstep Bloodwar",matched,52LLqCJ2rSdFDihrMwvWEv,https://open.spotify.com/album/52LLqCJ2rSdFDihrMwvWEv,6Krvwu4Lw3Uc0CbU028AP8,Sightless Pit,Lockstep Bloodwar,2023-01-27,day,album,9.0,https://i.scdn.co/image/ab67616d0000b2734995a2d2420161d341f9ca07,,,,matched,https://i.scdn.co/image/ab6761610000e5eb52932841a2ba110a960eb37b,https://open.spotify.com/artist/6Krvwu4Lw3Uc0CbU028AP8
"January 27, 2023",Honey,Samia,,Independent Artist,"New York, New York",Ruth Jiang,"Samia, Honey",matched,6xQIAbfKyR8HaoJmxTnOHv,https://open.spotify.com/album/6xQIAbfKyR8HaoJmxTnOHv,1Uk1GyijF6fSfX4mWq5bfR,Samia,Honey,2023-01-27,day,album,11.0,https://i.scdn.co/image/ab67616d0000b27339896528d75115f89b4a2563,,,,matched,https://i.scdn.co/image/ab6761610000e5eb2d2126fd7b1dac0a7e138d54,https://open.spotify.com/artist/1Uk1GyijF6fSfX4mWq5bfR
"January 26, 2023",Dilijans,Ayizan,Jazz,Independent Artist,"New York, New York",John Morrison,"Ayizan, Dilijans",matched,1AF8bvucTxGiXFUP505alX,https://open.spotify.com/album/1AF8bvucTxGiXFUP505alX,79sld1YLezFVLgOaeJAbGG,AYIZAN,DILIJANS,2023-01-27,day,album,5.0,https://i.scdn.co/image/ab67616d0000b2733983ac43f834ac19c87676ea,,,,matched,https://i.scdn.co/image/ab67616d0000b2733983ac43f834ac19c87676ea,https://open.spotify.com/artist/79sld1YLezFVLgOaeJAbGG
"January 24, 2023",Noise à Noise 23: Noise vs. Silence (Vol. I​-​IV),Various Artists,Experimental,Noise à Noise,"Tehran, Iran",Andra Nikolayi,"Various Artists, Noise à Noise 23: Noise vs. Silence (Vol. I​-​IV)",no_match,,,,,,,,,,,,,,,,
"January 23, 2023",Keeper Is The Heart,Nighttime,Folk,Independent Artist,"Los Angeles, California",Hayden Merrick,"Nighttime, Keeper Is The Heart",matched,2rQO6TxeDUhCK5BeQIzqww,https://open.spotify.com/album/2rQO6TxeDUhCK5BeQIzqww,6s5kIMaWT9z9oj1Ku4IpV2,Nighttime,Keeper is the Heart,2023-01-20,day,album,11.0,https://i.scdn.co/image/ab67616d0000b273bbce12645d411c3679f4ee25,,,,matched,https://i.scdn.co/image/ab6761610000e5ebeaaa4987598d0ff1cd81a25a,https://open.spotify.com/artist/6s5kIMaWT9z9oj1Ku4IpV2
"January 20, 2023",To What End,Oddisee,,Independent Artist,"Washington, D.C.",John Morrison,"Oddisee, To What End",matched,1bLJelUsSvsOZ93XAtyIZm,https://open.spotify.com/album/1bLJelUsSvsOZ93XAtyIZm,72tRiBHei5G9M8it4h4sfC,Oddisee,To What End,2023-01-20,day,album,16.0,https://i.scdn.co/image/ab67616d0000b2736ca1318477f40593f9f2924a,,,,matched,https://i.scdn.co/image/ab6761610000e5eb7107fa871c65e7abbff237d6,https://open.spotify.com/artist/72tRiBHei5G9M8it4h4sfC
"January 19, 2023",Courts or Wars,Second Layer,Punk,Independent Artist,"London, UK",Alex Deller,"Second Layer, Courts or Wars",no_match,,,,,,,,,,,,,,,,
"January 18, 2023",Big World,Grim Beazley,Electronic,Constellation Tatsu,"Oakland, California",Andrew Parks,"Grim Beazley, Big World",matched,5d7aOylqC313nBkm4wvVn4,https://open.spotify.com/album/5d7aOylqC313nBkm4wvVn4,3BYmJZCp1G1fxeczQSJzsr,Grim Beazley,Big World,2023-01-17,day,single,4.0,https://i.scdn.co/image/ab67616d0000b273d182d8d65db9d486b5634208,,,,matched,https://i.scdn.co/image/ab67616d0000b2736862dd0063a82e8f084adbeb,https://open.spotify.com/artist/3BYmJZCp1G1fxeczQSJzsr
"January 17, 2023",Blue Period,Beauty Pill,Rock,Independent Artist,"Washington, D.C.",Patrick King,"Beauty Pill, Blue Period",matched,1uG9WkWtkjdxZH6XjUEDqL,https://open.spotify.com/album/1uG9WkWtkjdxZH6XjUEDqL,1S6tHqeTm8aqnjL4rGqAhm,Beauty Pill,Blue Period,2023-01-20,day,album,23.0,https://i.scdn.co/image/ab67616d0000b273da99dd4aa01068884f4201ef,,,,matched,https://i.scdn.co/image/ab6761610000e5eb2fe5183adf846f92fa362e37,https://open.spotify.com/artist/1S6tHqeTm8aqnjL4rGqAhm
"January 13, 2023",The Weight Of Remembrance,Tribunal,Metal,20 Buck Spin,"Pittsburgh, Pennsylvania",Jon Wiederhorn,"Tribunal, The Weight Of Remembrance",matched,1f9LEiZlMVhiEAzM6BSxd8,https://open.spotify.com/album/1f9LEiZlMVhiEAzM6BSxd8,4XzAp08yh8r8sN30JjYnL2,Tribunal,The Weight of Remembrance,2023-01-20,day,album,7.0,https://i.scdn.co/image/ab67616d0000b273d61baf2f0ce251ce4e38b7d1,,,,matched,https://i.scdn.co/image/ab6761610000e5ebec809872a77bccef783d3964,https://open.spotify.com/artist/4XzAp08yh8r8sN30JjYnL2
"January 12, 2023","Nina Persson & The Second Hand Orchestra, The Great White Sea Eagle",James Yorkston,Folk,Independent Artist,"Scotland, UK",Ben Salmon,"James Yorkston, Nina Persson & The Second Hand Orchestra, The Great White Sea Eagle",no_match,,,,,,,,,,,,,,,,
"January 11, 2023",mole,poolblood,,Independent Artist,"Toronto, Ontario",Amaya Garcia,"poolblood, mole",matched,3QqaGNMUHUb0xNWuIcpmUF,https://open.spotify.com/album/3QqaGNMUHUb0xNWuIcpmUF,6TaXt2ECGxZ0MteLXaYsYs,poolblood,mole,2023-01-13,day,album,9.0,https://i.scdn.co/image/ab67616d0000b27379a71c44e36e6c929980cb5e,,,,matched,https://i.scdn.co/image/ab6761610000e5eb357f9c105cd3a3f68f95a95a,https://open.spotify.com/artist/6TaXt2ECGxZ0MteLXaYsYs
"January 10, 2023",I’M NOT SURE AT ALL,Marlody,Alternative,Independent Artist,"England, UK",Elle Carroll,"Marlody, I’M NOT SURE AT ALL",no_match,,,,,,,,,,,,,,,,
"January 09, 2023",You Will Love Again,Kate Ferencz,Alternative,Independent Artist,"Philadelphia, Pennsylvania",Andi Harriman,"Kate Ferencz, You Will Love Again",matched,6cXkcxgzGxE4GNDQHVjpUT,https://open.spotify.com/album/6cXkcxgzGxE4GNDQHVjpUT,4gL8Px6TmoznyYrSJCde3r,Kate Ferencz,You Will Love Again,2022-12-02,day,album,10.0,https://i.scdn.co/image/ab67616d0000b27379370e90b244be75058138a4,,,,matched,https://i.scdn.co/image/ab67616d0000b27379370e90b244be75058138a4,https://open.spotify.com/artist/4gL8Px6TmoznyYrSJCde3r
"December 09, 2022",Common Ground Vol. 2,Various Artists,Ambient,Safe Ground Rec.,"Brussels, Belgium",Ted Davis,"Various Artists, Common Ground Vol. 2",matched,25qENi4zj5bQrhylDDd5L2,https://open.spotify.com/album/25qENi4zj5bQrhylDDd5L2,0LyfQWJT6nXafLPZqxe9Of,Various Artists,"Common Ground, Vol. 2",2022-11-24,day,compilation,10.0,https://i.scdn.co/image/ab67616d0000b273bf1f296777ae6a7a2a657d26,,,,matched,https://i.scdn.co/image/ab6761610000e5eb6b134287e3095d2c84b7932a,https://open.spotify.com/artist/0LyfQWJT6nXafLPZqxe9Of
"December 08, 2022",Unsettling Scores,Lamin Fofana,,Independent Artist,"New York, New York",John Morrison,"Lamin Fofana, Unsettling Scores",matched,0QxA3VCfFG4FQHTQpZlyQQ,https://open.spotify.com/album/0QxA3VCfFG4FQHTQpZlyQQ,6j6rR9uFQ6yYMDcxmqPMhf,Lamin Fofana,Unsettling Scores,2022-12-02,day,album,7.0,https://i.scdn.co/image/ab67616d0000b273c41b776e7c8412371a5e6d67,,,,matched,https://i.scdn.co/image/ab6761610000e5ebe4a0d17637ec2f2252cbdfed,https://open.spotify.com/artist/6j6rR9uFQ6yYMDcxmqPMhf
"December 07, 2022",Homecore! Miami All-Stars,Various Artists,Electronic,Omnidisc,"Miami, Florida",James Gui,"Various Artists, Homecore! Miami All-Stars",matched,66XFndmwDXr8Eu6llRCzSd,https://open.spotify.com/album/66XFndmwDXr8Eu6llRCzSd,0LyfQWJT6nXafLPZqxe9Of,Various Artists,Homecore! Miami All-Stars,2022-12-09,day,compilation,44.0,https://i.scdn.co/image/ab67616d0000b273218844eb476e4174f07bed32,,,,matched,https://i.scdn.co/image/ab6761610000e5eb6b134287e3095d2c84b7932a,https://open.spotify.com/artist/0LyfQWJT6nXafLPZqxe9Of
"December 06, 2022",Que Bellas Son,Moncho y Su Banda,World,Independent Artist,"Charallave, Venezuela",Elle Carroll,"Moncho y Su Banda, Que Bellas Son",matched,7tucEasU0CeQuFSiHavmCQ,https://open.spotify.com/album/7tucEasU0CeQuFSiHavmCQ,12c62nvnRatIOb3hmzae9H,Moncho y Su Banda,Que Bellas Son,2022-12-02,day,album,10.0,https://i.scdn.co/image/ab67616d0000b27352e166fdcd9e45d9427dd524,,,,matched,https://i.scdn.co/image/ab6761610000e5ebc4acbbb809702ea3f775f30c,https://open.spotify.com/artist/12c62nvnRatIOb3hmzae9H
"December 05, 2022",Overtaker,Hammers of Misfortune,Metal,Hammers Of Misfortune,montana,Brad Sanders,"Hammers of Misfortune, Overtaker",matched,7fJYG6f3MUrE6KEAr4hBDk,https://open.spotify.com/album/7fJYG6f3MUrE6KEAr4hBDk,3xIrP1oPgrtB8LvEUfqIqN,Hammers of Misfortune,Overtaker,2022-12-02,day,album,10.0,https://i.scdn.co/image/ab67616d0000b273909b4c48e3a5e39cb9c338db,,,,matched,https://i.scdn.co/image/ab67616d0000b273895afab91e91e94788119aba,https://open.spotify.com/artist/3xIrP1oPgrtB8LvEUfqIqN
"December 02, 2022",Memoirs of a Dream,The Sea Ensemble,Jazz,Independent Artist,"New York, New York",John Morrison,"The Sea Ensemble, Memoirs of a Dream",matched,1m3nzCH602DlZXnI9SLylT,https://open.spotify.com/album/1m3nzCH602DlZXnI9SLylT,2xeZY7dkKoE6Muf6ecoXiW,The Sea Ensemble,Memoirs of a Dream,2022-12-02,day,album,14.0,https://i.scdn.co/image/ab67616d0000b2730141f3307001cc984e4bca70,,,,matched,https://i.scdn.co/image/ab67616d0000b273378bd98b4001eb9be8985c7b,https://open.spotify.com/artist/2xeZY7dkKoE6Muf6ecoXiW
"December 01, 2022",Everything Returns,Black Ox Orkestar,Folk,Independent Artist,"Montreal, Québec",Yoni Kroll,"Black Ox Orkestar, Everything Returns",matched,5na6QVDkFx3jnTLzFPEdzZ,https://open.spotify.com/album/5na6QVDkFx3jnTLzFPEdzZ,02LmJ1Rtg8U9dJ65IYx7Bv,Black Ox Orkestar,Everything Returns,2022-12-02,day,album,9.0,https://i.scdn.co/image/ab67616d0000b2733fd176863fcecc2816e4ab48,,,,matched,https://i.scdn.co/image/ab6761610000e5eba02f0ddcae9c254bfcac2ae4,https://open.spotify.com/artist/02LmJ1Rtg8U9dJ65IYx7Bv
"November 30, 2022",I Turned Myself Into Myself,Shirt,Hip-Hop/Rap,Mello Music Group,"Tucson, Arizona",Blake Gillespie,"Shirt, I Turned Myself Into Myself",matched,4LayWpeIgOuZKXAeQBIHlc,https://open.spotify.com/album/4LayWpeIgOuZKXAeQBIHlc,4e3dkPcyps1LVGvdRcqw6Z,"Shirt, Jack Splash",I Turned Myself into Myself,2022-11-22,day,album,9.0,https://i.scdn.co/image/ab67616d0000b273231bbeb506534707122a9404,,,,matched,https://i.scdn.co/image/ab6761610000e5eb29753b7b7b32fa9f38d9a927,https://open.spotify.com/artist/4e3dkPcyps1LVGvdRcqw6Z
"November 29, 2022",Fireside Stories (Hebden Bridge circa 1971-1974),Trevor Beales,Folk,Independent Artist,"Hebden Bridge, UK",Elle Carroll,"Trevor Beales, Fireside Stories (Hebden Bridge circa 1971-1974)",no_match,,,,,,,,,,,,,,,,
"November 28, 2022",Flaming Swords,Fievel Is Glauque,Alternative,Independent Artist,"Brooklyn, New York",Miles Bowe,"Fievel Is Glauque, Flaming Swords",matched,2xMgonFbgmmk5SF8EZCiL9,https://open.spotify.com/album/2xMgonFbgmmk5SF8EZCiL9,0aCjVhVSBUMVwo7WRrdLiJ,Fievel Is Glauque,Flaming Swords,2022-11-25,day,album,18.0,https://i.scdn.co/image/ab67616d0000b2735aaa8fc2244e935ca4f14446,,,,matched,https://i.scdn.co/image/ab6761610000e5eb939c314c20b6bc23a5ccbe23,https://open.spotify.com/artist/0aCjVhVSBUMVwo7WRrdLiJ
"November 23, 2022",Genes,Lee Clarke,Electronic,Independent Artist,"Philadelphia, Pennsylvania",Ben Salmon,"Lee Clarke, Genes",matched,3eqzW1ArGwV4pY8OZf1NdD,https://open.spotify.com/album/3eqzW1ArGwV4pY8OZf1NdD,4jqirZJS6xzBZ93vQxKSQc,Lee Clarke,Genes,2022-11-25,day,album,22.0,https://i.scdn.co/image/ab67616d0000b2738f37b84eb125db90143bbbfe,,,,matched,https://i.scdn.co/image/ab6761610000e5ebf867dec61e8a1c2771970a16,https://open.spotify.com/artist/4jqirZJS6xzBZ93vQxKSQc
"November 22, 2022",Alessandroni Proibito (Music from Red Light Films 1977​-​1980),Alessandro Alessandroni,Soundtrack,Four Flies Records,Italy,Elle Carroll,"Alessandro Alessandroni, Alessandroni Proibito (Music from Red Light Films 1977​-​1980)",matched,6DzIkmzANSYqC9dr3GManS,https://open.spotify.com/album/6DzIkmzANSYqC9dr3GManS,6NXwJ5CEziDQrfimLpr7gZ,Alessandro Alessandroni,Alessandroni Proibito (Music from Red Light Films 1977-1980),2022-11-18,day,compilation,14.0,https://i.scdn.co/image/ab67616d0000b27360b5010a4518e2c86af829c7,,,,matched,https://i.scdn.co/image/ab6761610000e5eb7c7a5fa05a53cdce7a848344,https://open.spotify.com/artist/6NXwJ5CEziDQrfimLpr7gZ
"November 21, 2022",isomonstrosity,isomonstrosity,,Independent Artist,"New York, New York",John Morrison,"isomonstrosity, isomonstrosity",matched,4Zu4oPIIukPnJaVSlOMBzr,https://open.spotify.com/album/4Zu4oPIIukPnJaVSlOMBzr,4DfieEPxO3kEpaMuOCPtqi,"isomonstrosity, International Contemporary Ensemble",isomonstrosity,2022-11-18,day,album,12.0,https://i.scdn.co/image/ab67616d0000b2738c1187e8835683697a7c79e4,,,,matched,https://i.scdn.co/image/ab6761610000e5eb0702ee192d446dec40e9873e,https://open.spotify.com/artist/4DfieEPxO3kEpaMuOCPtqi
"November 18, 2022",Mirrored,Vanessa Wagner,Classical,Independent Artist,"Montreuil, France",Vanessa Ague,"Vanessa Wagner, Mirrored",matched,0SsL5gEgRhjvYeX6aB3W0o,https://open.spotify.com/album/0SsL5gEgRhjvYeX6aB3W0o,5Dw4dHIo9XEpwPGFuTZFn0,Vanessa Wagner,Mirrored,2022-11-25,day,album,10.0,https://i.scdn.co/image/ab67616d0000b273268ff49e8f4fa8ce038921f7,,,,matched,https://i.scdn.co/image/ab6761610000e5eb58c0b042a837500481fb66fe,https://open.spotify.com/artist/5Dw4dHIo9XEpwPGFuTZFn0
"November 17, 2022",Atalaya,Dezron Douglas,,International Anthem,"Chicago, Illinois",John Morrison,"Dezron Douglas, Atalaya",matched,5W41trSVFwtgSKfs1At0l3,https://open.spotify.com/album/5W41trSVFwtgSKfs1At0l3,3HtyiTNRFO5HOPU5Cj3at7,Dezron Douglas,ATALAYA,2022-11-18,day,album,10.0,https://i.scdn.co/image/ab67616d0000b273f53dabecc9998931454cb1ec,,,,matched,https://i.scdn.co/image/ab6761610000e5eb03177b6f42ef0b048fd278e6,https://open.spotify.com/artist/3HtyiTNRFO5HOPU5Cj3at7
"November 16, 2022",Memoirs of Hi-Tech Jazz,Waajeed,Electronic,Independent Artist,"Detroit, Michigan",Piotr Orlov,"Waajeed, Memoirs of Hi-Tech Jazz",matched,2PcwdNEqJA327r4cFzr7pf,https://open.spotify.com/album/2PcwdNEqJA327r4cFzr7pf,4dXRZcf1AdzvwZ9AiRIsmT,Waajeed,Memoirs of Hi-Tech Jazz,2022-11-25,day,album,12.0,https://i.scdn.co/image/ab67616d0000b27363fa04f9d56b18eccb74899c,,,,matched,https://i.scdn.co/image/ab6761610000e5eb099d7db8f0c4655cc1d567fa,https://open.spotify.com/artist/4dXRZcf1AdzvwZ9AiRIsmT
"November 15, 2022",Almanac Behind,Daniel Bachman,Experimental,Independent Artist,"Madison, Virginia",Katie Kurtz,"Daniel Bachman, Almanac Behind",no_match,,,,,,,,,,,,,,,,
"November 14, 2022",Mariage,Wau Wau Collectif,World,Independent Artist,"Toubab Dialao, Senegal",Andy Beta,"Wau Wau Collectif, Mariage",matched,4eQgkCzPV37AxWlcIpIdEz,https://open.spotify.com/album/4eQgkCzPV37AxWlcIpIdEz,0g1mW8qeEDFIktpvuU8ZId,Wau Wau Collectif,Mariage,2022-11-11,day,album,12.0,https://i.scdn.co/image/ab67616d0000b27371e835a775b3d88e4cdafbe4,,,,matched,https://i.scdn.co/image/ab6761610000e5eb04c891ceedb4302d8498f12e,https://open.spotify.com/artist/0g1mW8qeEDFIktpvuU8ZId
"November 10, 2022",Pray 4 Tomorrow,Dumb,Rock,dumb,"Vancouver, British Columbia",Chloe Liebenthal,"Dumb, Pray 4 Tomorrow",matched,1UXBDOqExmVUVIioEq7ZbR,https://open.spotify.com/album/1UXBDOqExmVUVIioEq7ZbR,0Odl3aF4VeFp5vsrCC7dQq,Dumb,Pray 4 Tomorrow,2022-11-11,day,album,18.0,https://i.scdn.co/image/ab67616d0000b2731b022e2f2616dc00e876986c,,,,matched,https://i.scdn.co/image/ab6761610000e5eb31df91ff5013e9b3cb7fb698,https://open.spotify.com/artist/0Odl3aF4VeFp5vsrCC7dQq
"November 09, 2022",Endure,Special Interest,Punk,SPECIAL INTEREST,,Kerry Cardoza,"Special Interest, Endure",matched,7EU4Jf2J97Iamh3lwHCHy9,https://open.spotify.com/album/7EU4Jf2J97Iamh3lwHCHy9,2CYTLJOt91YLe1JLStFu6m,Special Interest,Endure,2022-11-04,day,album,11.0,https://i.scdn.co/image/ab67616d0000b27332c9ec838067b56c1a1049a8,,,,matched,https://i.scdn.co/image/ab6761610000e5eb9ae1a50bd19dd63b738a2c2f,https://open.spotify.com/artist/2CYTLJOt91YLe1JLStFu6m
"November 08, 2022",The Living World’s Demands,Ami Dang,Experimental,Independent Artist,"Baltimore, Maryland",Vanessa Ague,"Ami Dang, The Living World’s Demands",no_match,,,,,,,,,,,,,,,,
"November 07, 2022",Please Don’t Take Me Back,Martha,Punk,Independent Artist,"Durham, UK",Alex Deller,"Martha, Please Don’t Take Me Back",matched,5BGnge1rtVdRGpLVVAQIIN,https://open.spotify.com/album/5BGnge1rtVdRGpLVVAQIIN,13pUNMhUQ52yyV50VbuhtK,Martha,Please Don't Take Me Back,2022-10-28,day,album,11.0,https://i.scdn.co/image/ab67616d0000b27338e20257bee4fb4fd6ae1ad9,,,,matched,https://i.scdn.co/image/ab6761610000e5eb1e0e06c7f13a9cf0e2d3753c,https://open.spotify.com/artist/13pUNMhUQ52yyV50VbuhtK
"November 04, 2022",Comradely Objects,Horse Lords,Experimental,Independent Artist,"Baltimore, Maryland",Vanessa Ague,"Horse Lords, Comradely Objects",matched,77I9CjThngVCVpPtvC67yp,https://open.spotify.com/album/77I9CjThngVCVpPtvC67yp,0Oslq5zLftqRVwKseBJ7MV,Horse Lords,Comradely Objects,2022-11-04,day,album,7.0,https://i.scdn.co/image/ab67616d0000b27333b59fd2f2e6738c01cc50cb,,,,matched,https://i.scdn.co/image/ab6761610000e5eba363c74b4f7a0ca4812c4670,https://open.spotify.com/artist/0Oslq5zLftqRVwKseBJ7MV
"November 03, 2022",Marvin Tate’s D-Settlement,Marvin Tate’s D-Settlement,Rock,Marvin Tate&#39;s D-Settlement,"Chicago, Illinois",John Morrison,"Marvin Tate’s D-Settlement, Marvin Tate’s D-Settlement",matched,0LmRWas2GX9m2nFFKgmt0d,https://open.spotify.com/album/0LmRWas2GX9m2nFFKgmt0d,5MgXoyyi5mRDiS6nuPnu1u,Marvin Tate's D-Settlement,Marvin Tate's D-Settlement,2022-11-04,day,album,32.0,https://i.scdn.co/image/ab67616d0000b2732ae887f92963644d8e5eb037,,,,matched,https://i.scdn.co/image/ab67616d0000b2732ae887f92963644d8e5eb037,https://open.spotify.com/artist/5MgXoyyi5mRDiS6nuPnu1u
"November 02, 2022",Meeting with a Judas Tree,Duval Timothy,,Independent Artist,"England, UK",John Morrison,"Duval Timothy, Meeting with a Judas Tree",matched,2JEmFCOxEi8Onik59bRrMg,https://open.spotify.com/album/2JEmFCOxEi8Onik59bRrMg,4t5XnkAKxcaYcDXI726A4Y,Duval Timothy,Meeting with a Judas Tree,2022-11-11,day,album,6.0,https://i.scdn.co/image/ab67616d0000b273196a28526d4ef92b36a47032,,,,matched,https://i.scdn.co/image/ab6761610000e5eb8339771aa39705bb28747e99,https://open.spotify.com/artist/4t5XnkAKxcaYcDXI726A4Y
"November 01, 2022",Autumn Fair,Autumn Fair,Experimental,Recital,"Glendale, California",Shy Clara Thompson,"Autumn Fair, Autumn Fair",matched,3PMgvBaqmzkJ0qVYS2uE9B,https://open.spotify.com/album/3PMgvBaqmzkJ0qVYS2uE9B,1b0aApyTYSkh89HLNf73qz,Autumn Fair,Autumn Fair,2022-10-28,day,album,10.0,https://i.scdn.co/image/ab67616d0000b273c5ba90a8a2b06b1d126605c9,,,,matched,https://i.scdn.co/image/ab67616d0000b273c5ba90a8a2b06b1d126605c9,https://open.spotify.com/artist/1b0aApyTYSkh89HLNf73qz
"October 31, 2022",Autonomy,Secret Shame,Rock,Independent Artist,"Asheville, North Carolina",Brad Cohan,"Secret Shame, Autonomy",matched,3EkSuILzfPWCgIUU1XZOjv,https://open.spotify.com/album/3EkSuILzfPWCgIUU1XZOjv,0QFIowD5P1Ej1Pb0gsZPzN,Secret Shame,Autonomy,2022-10-28,day,album,11.0,https://i.scdn.co/image/ab67616d0000b2730d5440b1a6c75f67bf4d90cd,,,,matched,https://i.scdn.co/image/ab6761610000e5ebecb0f941a5cbf95c8937a023,https://open.spotify.com/artist/0QFIowD5P1Ej1Pb0gsZPzN
"October 28, 2022",yield,cktrl,,Independent Artist,"London, UK",Megan Iacobini de Fazio,"cktrl, yield",matched,3X78VQrVwmvp1j1oBcmFG1,https://open.spotify.com/album/3X78VQrVwmvp1j1oBcmFG1,2eO4klJg324zroGqnBkqk3,cktrl,yield,2022-10-28,day,single,5.0,https://i.scdn.co/image/ab67616d0000b2736721e77cdb8f4f7a80f42b38,,,,matched,https://i.scdn.co/image/ab6761610000e5ebed1b889d24feb9af3ffebba3,https://open.spotify.com/artist/2eO4klJg324zroGqnBkqk3
"October 27, 2022",Hit With The Most,Ribbon Stage,Punk,Independent Artist,"New York, New York",Ben Salmon,"Ribbon Stage, Hit With The Most",matched,6xvzHDDnTzOROoE140BSbE,https://open.spotify.com/album/6xvzHDDnTzOROoE140BSbE,4f7oDcY7sHQ69tiuRomYRZ,RIBBON STAGE,Hit With The Most,2022-10-21,day,album,11.0,https://i.scdn.co/image/ab67616d0000b2731f41f9f8f62535ec7b84184c,,,,matched,https://i.scdn.co/image/ab6761610000e5eb12706dae2bf20569ca5b4354,https://open.spotify.com/artist/4f7oDcY7sHQ69tiuRomYRZ
"October 26, 2022",Síntesis Moderna: An Alternative Vision Of Argentinian Music 1980-1990,Various Artists,Electronic,Soundway Records,UK,Richard Villegas,"Various Artists, Síntesis Moderna: An Alternative Vision Of Argentinian Music 1980-1990",no_match,,,,,,,,,,,,,,,,
"October 25, 2022",N’Djila Wa Mudujimu,Lady Aicha & Pisko Crane’s Original Fulu Miziki of Kinshasa,,Nyege Nyege Tapes,"Kampala, Uganda",James Gui,"Lady Aicha & Pisko Crane’s Original Fulu Miziki of Kinshasa, N’Djila Wa Mudujimu",no_match,,,,,,,,,,,,,,,,
"October 24, 2022",Spells of Silence,Mt Fog,Alternative,Independent Artist,"Seattle, Washington",Patrick King,"Mt Fog, Spells of Silence",no_match,,,,,,,,,,,,,,,,
"October 21, 2022",Pigments,Dawn Richard & Spencer Zahn,Ambient,DAWN,"Los Angeles, California",Ted Davis,"Dawn Richard & Spencer Zahn, Pigments",no_match,,,,,,,,,,,,,,,,
"October 20, 2022",劇變 (Jubian),Ripped to Shreds,Metal,Independent Artist,"San Jose, California",Colin Williams,"Ripped to Shreds, 劇變 (Jubian)",matched,7p4lFRfi4snBH7Mj3hMUmQ,https://open.spotify.com/album/7p4lFRfi4snBH7Mj3hMUmQ,4A5KPL22zRCWO0ysGjYbD7,Ripped to Shreds,劇變 (Jubian),2022-10-14,day,album,8.0,https://i.scdn.co/image/ab67616d0000b2730fbd2260949f50bf42a6b643,,,,matched,https://i.scdn.co/image/ab6761610000e5eb87fe5e95a0d6f5845d8c13bd,https://open.spotify.com/artist/4A5KPL22zRCWO0ysGjYbD7
"October 19, 2022",Cyclorama,Ariel Zetina,Electronic,Independent Artist,"Chicago, Illinois",James Gui,"Ariel Zetina, Cyclorama",matched,2CRwVRfQYQEXd7KQsFje2M,https://open.spotify.com/album/2CRwVRfQYQEXd7KQsFje2M,6cjiGWRAWK2SuDdqhBy51m,Ariel Zetina,Cyclorama,2022-10-20,day,album,9.0,https://i.scdn.co/image/ab67616d0000b27315d41c70535d4aef132d4390,,,,matched,https://i.scdn.co/image/ab6761610000e5eb0576aadc85ccdc8e6f5df22e,https://open.spotify.com/artist/6cjiGWRAWK2SuDdqhBy51m
"October 18, 2022",YTI​⅃​A​Ǝ​Я,Bill Callahan,Alternative,Independent Artist,"Austin, Texas",Charlie Zaillian,"Bill Callahan, YTI​⅃​A​Ǝ​Я",no_match,,,,,,,,,,,,,,,,
"October 17, 2022",COMETA,Nick Hakim,,Independent Artist,New York,John Morrison,"Nick Hakim, COMETA",matched,0NV262RAj9h3a0DlLkJuYB,https://open.spotify.com/album/0NV262RAj9h3a0DlLkJuYB,1Goe2NezNnym45kco2xTk6,Nick Hakim,COMETA,2022-10-21,day,album,10.0,https://i.scdn.co/image/ab67616d0000b273aab1e5f782cc560358af4ed6,,,,matched,https://i.scdn.co/image/ab6761610000e5eb2a5999737ca6791ba9a449f8,https://open.spotify.com/artist/1Goe2NezNnym45kco2xTk6
"October 14, 2022",Njyhi,Nok Cultural Ensemble,Jazz,Nok Cultural Ensemble,"London, UK",John Morrison,"Nok Cultural Ensemble, Njyhi",no_match,,,,,,,,,,,,,,,,
"October 13, 2022",Building Something Beautiful For Me,Loraine James,,Independent Artist,"London, UK",John Morrison,"Loraine James, Building Something Beautiful For Me",matched,5gFtEuIbE2pwS5qnvUQeak,https://open.spotify.com/album/5gFtEuIbE2pwS5qnvUQeak,536qHynzDH1QviwhWY9dE3,Loraine James,Building Something Beautiful For Me,2022-10-07,day,album,8.0,https://i.scdn.co/image/ab67616d0000b273611c0f2ac7ee03a36d107f9b,,,,matched,https://i.scdn.co/image/ab6761610000e5eb404b3e80d99a4ba201cd889e,https://open.spotify.com/artist/536qHynzDH1QviwhWY9dE3
"October 12, 2022",Se Ve Desde Aquí,Mabe Fratti,Experimental,TAR / MM / UOH,,Vanessa Ague,"Mabe Fratti, Se Ve Desde Aquí",matched,3rILkSjs53hks3tsSYn3lN,https://open.spotify.com/album/3rILkSjs53hks3tsSYn3lN,7yHfb2D8qIBgrzclpSsTeo,Mabe Fratti,Se Ve Desde Aquí,2022-10-14,day,album,9.0,https://i.scdn.co/image/ab67616d0000b27334d95325ab26cda91544bbce,,,,matched,https://i.scdn.co/image/ab6761610000e5eb5266c521f8488dc0fe9cf51d,https://open.spotify.com/artist/7yHfb2D8qIBgrzclpSsTeo
"October 11, 2022",a tape called component system with the auto reverse,Open Mike Eagle,Hip-Hop/Rap,Independent Artist,Los Angeles,Phillip Mlynar,"Open Mike Eagle, a tape called component system with the auto reverse",no_match,,,,,,,,,,,,,,,,
"October 10, 2022",A Square is a Shape of Power,Courtney and Brad,Rock,Independent Artist,"Providence, Rhode Island",Shy Clara Thompson,"Courtney and Brad, A Square is a Shape of Power",matched,2GZ5yGNRQ8PFr5mB018r6K,https://open.spotify.com/album/2GZ5yGNRQ8PFr5mB018r6K,1uCx5fkPMh1Zlp8jwfE8gF,Courtney and Brad,A Square Is A Shape of Power,2022-09-02,day,album,9.0,https://i.scdn.co/image/ab67616d0000b273a3a66a5fa4f5c56cb169696b,,,,matched,https://i.scdn.co/image/ab67616d0000b273a3a66a5fa4f5c56cb169696b,https://open.spotify.com/artist/1uCx5fkPMh1Zlp8jwfE8gF
"October 07, 2022",Capricorn Sun,TSHA,,Independent Artist,"London, UK",Amaya Garcia,"TSHA, Capricorn Sun",matched,5maY5nikux4eBxcRCThzrA,https://open.spotify.com/album/5maY5nikux4eBxcRCThzrA,2kLa7JZu4Ijdz1Gle2khZh,TSHA,Capricorn Sun,2022-10-07,day,album,13.0,https://i.scdn.co/image/ab67616d0000b27300402fb671431882e0375da4,,,,matched,https://i.scdn.co/image/ab6761610000e5eb83537848b55ac7dbbeb249c9,https://open.spotify.com/artist/2kLa7JZu4Ijdz1Gle2khZh
"October 06, 2022",Please Have a Seat,NNAMDÏ,,Independent Artist,"Chicago, Illinois",Anna White,"NNAMDÏ, Please Have a Seat",matched,1yBhhNIe3FKYZA8J3ds0vf,https://open.spotify.com/album/1yBhhNIe3FKYZA8J3ds0vf,6gACF5PEinqx3AzMLjiH90,NNAMDÏ,Please Have A Seat,2022-10-07,day,album,14.0,https://i.scdn.co/image/ab67616d0000b273b689677c4d739555e3d23203,,,,matched,https://i.scdn.co/image/ab6761610000e5eb2146ca649a9defc0a4acdf93,https://open.spotify.com/artist/6gACF5PEinqx3AzMLjiH90
"October 05, 2022",An Orange Colored Day,Arima Ederra,,Independent Artist,"Los Angeles, California",Mercy Kassa,"Arima Ederra, An Orange Colored Day",matched,7vSVYdbkNGZfSryuGlr80N,https://open.spotify.com/album/7vSVYdbkNGZfSryuGlr80N,0wJIP9Wlhn3aSLLaB31IK3,Arima Ederra,An Orange Colored Day,2022-10-07,day,album,11.0,https://i.scdn.co/image/ab67616d0000b2739878a662279faddfc7fc90d2,,,,matched,https://i.scdn.co/image/ab6761610000e5ebd8cf3f8ac0a2dde72fed8063,https://open.spotify.com/artist/0wJIP9Wlhn3aSLLaB31IK3
"October 04, 2022",Blood In My Eye (A Soul Insurgent Guide),Konjur Collective,Experimental,Independent Artist,"Baltimore, Maryland",John Morrison,"Konjur Collective, Blood In My Eye (A Soul Insurgent Guide)",matched,6gLXPjulMwbtl0xPIFdnMx,https://open.spotify.com/album/6gLXPjulMwbtl0xPIFdnMx,600TZuipXbqzH8cIgdJKrw,Konjur Collective,Blood In My Eye: A Soul Insurgent Guide,2022-10-07,day,album,8.0,https://i.scdn.co/image/ab67616d0000b273ab8bab5c49390b00304f1ee0,,,,matched,https://i.scdn.co/image/ab67616d0000b273ab8bab5c49390b00304f1ee0,https://open.spotify.com/artist/600TZuipXbqzH8cIgdJKrw
"October 03, 2022",BodyLepsis,Gutterring,Electronic,gutterring,"London, UK",Joe Muggs,"Gutterring, BodyLepsis",no_match,,,,,,,,,,,,,,,,
"September 30, 2022",Living Sky,Sun Ra Arkestra,Jazz,Independent Artist,Alabama,Michael J. West,"Sun Ra Arkestra, Living Sky",matched,64v2pOaCSvUXgTGIqvJKx5,https://open.spotify.com/album/64v2pOaCSvUXgTGIqvJKx5,5V5vvh5MgM7vDuPp4lJYkh,Sun Ra Arkestra,Living Sky,2022-10-07,day,album,7.0,https://i.scdn.co/image/ab67616d0000b27314626297eb23e1d8deb6e09f,,,,matched,https://i.scdn.co/image/ab6761610000e5eb2abb27f606f1c3dfb678a1d1,https://open.spotify.com/artist/5V5vvh5MgM7vDuPp4lJYkh
"September 29, 2022",Patience of a Traitor,Saint Abdullah and Eomac,Experimental,Other People,"New York, New York",James Gui,"Saint Abdullah and Eomac, Patience of a Traitor",no_match,,,,,,,,,,,,,,,,
"September 28, 2022",The Muslim Highlife of Alhaji Waziri Oshomah,Alhaji Waziri Oshomah,World,Independent Artist,"Auchi, Nigeria",Andy Beta,"Alhaji Waziri Oshomah, The Muslim Highlife of Alhaji Waziri Oshomah",matched,1ew9mQC12m1CQBnXUm7Z2K,https://open.spotify.com/album/1ew9mQC12m1CQBnXUm7Z2K,1HU7Y99wyFwcvSznHNxQ0s,Alhaji Waziri Oshomah,World Spirituality Classics 3: The Muslim Highlife of Alhaji Waziri Oshomah,2022-09-23,day,album,7.0,https://i.scdn.co/image/ab67616d0000b2732d79f8941b7f868b61bce689,,,,matched,https://i.scdn.co/image/ab67616d0000b2739429893c30ca19b3b461910f,https://open.spotify.com/artist/1HU7Y99wyFwcvSznHNxQ0s
"September 27, 2022",Bourbonese Qualk,Bourbonese Qualk,Alternative,Mannequin Records,Germany,Michael Lawson,"Bourbonese Qualk, Bourbonese Qualk",matched,7qybUC7jLbKu0A9jx5M1JN,https://open.spotify.com/album/7qybUC7jLbKu0A9jx5M1JN,631AHY7OuS17Q3EK0y00un,Bourbonese Qualk,Bourbonese Qualk 1983-1987,2015-03-23,day,album,26.0,https://i.scdn.co/image/ab67616d0000b273fcd8b8b345ecdcdbcbc522c5,,,,matched,https://i.scdn.co/image/ab6761610000e5eb48daf0c21062101f2ea5c1f6,https://open.spotify.com/artist/631AHY7OuS17Q3EK0y00un
"September 26, 2022",Searching in Grenoble: The 1978 Solo Piano Concert,Mal Waldron,Jazz,Tompkins Square,"San Francisco, California",Michael J. West,"Mal Waldron, Searching in Grenoble: The 1978 Solo Piano Concert",matched,7LijvBcp5Kb23YTAVzbGzW,https://open.spotify.com/album/7LijvBcp5Kb23YTAVzbGzW,4cP0bprQSFtZdI9QEKKZA3,Mal Waldron,Searching in Grenoble : The 1978 Solo Piano Concert (Live),2022-10-21,day,album,12.0,https://i.scdn.co/image/ab67616d0000b273a60d5afbc3e32d16c8ae5695,,,,matched,https://i.scdn.co/image/ab6772690000c46c0e552645bf5283c0c79537f2,https://open.spotify.com/artist/4cP0bprQSFtZdI9QEKKZA3
"September 23, 2022",Weather Alive,Beth Orton,Alternative,Independent Artist,"London, UK",Will Pritchard,"Beth Orton, Weather Alive",matched,6YJyxeLZjSPvuget8DYOgh,https://open.spotify.com/album/6YJyxeLZjSPvuget8DYOgh,6cLEWhEKQl6nAvgr60M7zC,Beth Orton,Weather Alive,2022-09-23,day,album,8.0,https://i.scdn.co/image/ab67616d0000b273e4a5e603382192041251dadb,,,,matched,https://i.scdn.co/image/ab6761610000e5eb6f4a5c99f3d56c9863d674c2,https://open.spotify.com/artist/6cLEWhEKQl6nAvgr60M7zC
"September 22, 2022",In These Times,Makaya McCraven,Jazz,International Anthem,"Chicago, Illinois",Stewart Smith,"Makaya McCraven, In These Times",matched,1HZw70A6Y71aDRIkPtW7e0,https://open.spotify.com/album/1HZw70A6Y71aDRIkPtW7e0,5FnpXrrMdJVZCK54oHWqUa,Makaya McCraven,In These Times,2022-09-23,day,album,11.0,https://i.scdn.co/image/ab67616d0000b273e3e796997e37d6d89e3441db,,,,matched,https://i.scdn.co/image/ab6761610000e5ebc45b5954bceab3f88642f4c4,https://open.spotify.com/artist/5FnpXrrMdJVZCK54oHWqUa
"September 21, 2022",Conduit,Coby Sey,,Independent Artist,"London, UK",Mercy Kassa,"Coby Sey, Conduit",matched,5ywCFs1YQJIlDkyYVY6Rsy,https://open.spotify.com/album/5ywCFs1YQJIlDkyYVY6Rsy,0d0XAaRW0dxgAtvZ1clgLX,Coby Sey,Conduit,2022-09-09,day,album,8.0,https://i.scdn.co/image/ab67616d0000b273a108dfe6451ea355f12e72b5,,,,matched,https://i.scdn.co/image/ab6761610000e5eb7606560f9f17b57755abc65e,https://open.spotify.com/artist/0d0XAaRW0dxgAtvZ1clgLX
"September 20, 2022",In Paris,Star Feminine Band,World,STAR FEMININE BAND,"Natitingou, Benin",Megan Iacobini de Fazio,"Star Feminine Band, In Paris",matched,7iA1ctkJkjlcI6fqgSm8jg,https://open.spotify.com/album/7iA1ctkJkjlcI6fqgSm8jg,3dy8kIwzqBk3FvlJkfhVjy,Star Feminine Band,In Paris,2022-10-07,day,album,10.0,https://i.scdn.co/image/ab67616d0000b273e94de15ba35cd7a3669c2f35,,,,matched,https://i.scdn.co/image/ab6772690000c46c4b039dd223d0e19b0ea72d33,https://open.spotify.com/artist/3dy8kIwzqBk3FvlJkfhVjy
"September 19, 2022",Last Spa on Earth,Divino Niño,Electronic,Independent Artist,"Chicago, Illinois",Richard Villegas,"Divino Niño, Last Spa on Earth",matched,0Wcevqdyy01R4lGtAYoleB,https://open.spotify.com/album/0Wcevqdyy01R4lGtAYoleB,2O2KJngZ80ZTK71HamDNYi,Divino Niño,Last Spa on Earth,2022-09-23,day,album,12.0,https://i.scdn.co/image/ab67616d0000b273a270329bf448cd6743fa8697,,,,matched,https://i.scdn.co/image/ab6761610000e5eb624910af3c4d056643c40f40,https://open.spotify.com/artist/2O2KJngZ80ZTK71HamDNYi
"September 16, 2022",Energy Bar,Heaven For Real,Punk,Independent Artist,"Halifax, Nova Scotia",Hayden Merrick,"Heaven For Real, Energy Bar",matched,2BdP3X8fb34j5kD5agh6AY,https://open.spotify.com/album/2BdP3X8fb34j5kD5agh6AY,0De6AsHTSn4Q2Jc049oh0U,Heaven For Real,Energy Bar,2022-09-16,day,album,10.0,https://i.scdn.co/image/ab67616d0000b273097471a348b7a62b47d651ff,,,,matched,https://i.scdn.co/image/ab6761610000e5eb29b06fbdfd7ec000180165a1,https://open.spotify.com/artist/0De6AsHTSn4Q2Jc049oh0U
"September 15, 2022",Dreamkiller,Sumerlands,Metal,Independent Artist,"Philadelphia, Pennsylvania",Brad Sanders,"Sumerlands, Dreamkiller",matched,12Yv3UWaeM3DpJT1TEnbei,https://open.spotify.com/album/12Yv3UWaeM3DpJT1TEnbei,5rASExwQQilVMuKmaOV2eW,Sumerlands,Dreamkiller,2022-09-16,day,album,8.0,https://i.scdn.co/image/ab67616d0000b27351121df01df3a7385a8f7676,,,,matched,https://i.scdn.co/image/ab6761610000e5eb213f4b18a3bd47dba520b806,https://open.spotify.com/artist/5rASExwQQilVMuKmaOV2eW
"September 14, 2022",Expert in a Dying Field,The Beths,Alternative,Independent Artist,"Auckland, New Zealand",Elle Carroll,"The Beths, Expert in a Dying Field",matched,1nAQg0AjzpuT7lINu1J87y,https://open.spotify.com/album/1nAQg0AjzpuT7lINu1J87y,7DjwIxbe8kpw4pqnzAMoin,The Beths,Expert In A Dying Field,2022-09-16,day,album,12.0,https://i.scdn.co/image/ab67616d0000b27342185bc39407adc74a39212a,,,,matched,https://i.scdn.co/image/ab6761610000e5ebeb26b0d0de46b77e23675281,https://open.spotify.com/artist/7DjwIxbe8kpw4pqnzAMoin
"September 13, 2022",Raw Space,Authentically Plastic,Electronic,HAKUNA KULALA,"Kampala, Uganda",James Gui,"Authentically Plastic, Raw Space",matched,6JPNx7NEJFP5D57sufgVze,https://open.spotify.com/album/6JPNx7NEJFP5D57sufgVze,1Gum664eHo0JeNdHWb4hoY,Authentically Plastic,Raw Space,2022-09-16,day,album,9.0,https://i.scdn.co/image/ab67616d0000b2733a958ff8db0af43977f506dd,,,,matched,https://i.scdn.co/image/ab6761610000e5ebeb0b8b8224239371f55f508d,https://open.spotify.com/artist/1Gum664eHo0JeNdHWb4hoY
"September 12, 2022",Infinite Zonez,Suzi Analogue,,Independent Artist,"Miami, Florida",Amaya Garcia,"Suzi Analogue, Infinite Zonez",matched,2vPj7zt2HngjbEzf8EDYh9,https://open.spotify.com/album/2vPj7zt2HngjbEzf8EDYh9,0hNK7ZdOjiUJd2C17JAjK8,Suzi Analogue,Infinite Zonez,2022-09-09,day,album,16.0,https://i.scdn.co/image/ab67616d0000b2731c33274dbb5205e83b5cafdf,,,,matched,https://i.scdn.co/image/ab6761610000e5ebbfbe3f06289b566d9da79cc6,https://open.spotify.com/artist/0hNK7ZdOjiUJd2C17JAjK8
"September 09, 2022",Natural Brown Prom Queen,Sudan Archives,R&amp;B/Soul,Independent Artist,"Los Angeles, California",Tasha Viets-VanLear,"Sudan Archives, Natural Brown Prom Queen",matched,1QSo9HgowUqAc5BI3AdkqN,https://open.spotify.com/album/1QSo9HgowUqAc5BI3AdkqN,2MPHBxznH1fj59jbOWY38u,Sudan Archives,Natural Brown Prom Queen,2022-09-09,day,album,18.0,https://i.scdn.co/image/ab67616d0000b2739c351edcaee4de7d242e7aea,,,,matched,https://i.scdn.co/image/ab6761610000e5eb0937734c7a4d13d8ef02e2f7,https://open.spotify.com/artist/2MPHBxznH1fj59jbOWY38u
"September 08, 2022",I Like it When You Smile,S. Raekwon,,Independent Artist,"New York, New York",Antoinette Isama,"S. Raekwon, I Like it When You Smile",matched,13lAF3dsZJJ3DOkL1KEAvs,https://open.spotify.com/album/13lAF3dsZJJ3DOkL1KEAvs,13O0dF37al4XD57GenV5wC,S. Raekwon,I Like It When You Smile,2022-09-02,day,single,4.0,https://i.scdn.co/image/ab67616d0000b2739953db8d4659fd1d3a0f1451,,,,matched,https://i.scdn.co/image/ab6761610000e5ebc91f309a3f15c260006b99cc,https://open.spotify.com/artist/13O0dF37al4XD57GenV5wC
"September 07, 2022",Whipped Stream and Other Earthly Delights,Moth Cock,Experimental,Independent Artist,"Kent, Ohio",Leah B. Levinson,"Moth Cock, Whipped Stream and Other Earthly Delights",matched,5jMiiqQufvyhwOJP64Mwfj,https://open.spotify.com/album/5jMiiqQufvyhwOJP64Mwfj,0cy2Put9xQeGWlHN3Hc1Vw,Moth Cock,Whipped Stream and Other Earthly Delights,2022-08-26,day,album,14.0,https://i.scdn.co/image/ab67616d0000b273a2acfac3f4e28deb42c20ca3,,,,matched,https://i.scdn.co/image/ab6761610000e5eb843b91813c03870742c5cbcb,https://open.spotify.com/artist/0cy2Put9xQeGWlHN3Hc1Vw
"September 06, 2022",Like Neptune,Son Little,,Independent Artist,"Philadelphia, Pennsylvania",John Morrison,"Son Little, Like Neptune",matched,014KjVEwCWxN2hWFYsUWNB,https://open.spotify.com/album/014KjVEwCWxN2hWFYsUWNB,4lujUKeO6nQAJXpq37Epn7,Son Little,Like Neptune,2022-09-09,day,album,12.0,https://i.scdn.co/image/ab67616d0000b273e8958a117cda0d3b5c474bf8,,,,matched,https://i.scdn.co/image/ab6761610000e5eb2033f514d351b838c670e46c,https://open.spotify.com/artist/4lujUKeO6nQAJXpq37Epn7
"September 02, 2022",Dreaming Kind,The Orchids,Punk,Independent Artist,"Glasgow, UK",Jude Noel,"The Orchids, Dreaming Kind",matched,57DHg5GArbakU7VkRMYtpi,https://open.spotify.com/album/57DHg5GArbakU7VkRMYtpi,6W8VbSclDd31QHMBwoC84H,The Orchids,Dreaming Kind,2022-09-02,day,album,13.0,https://i.scdn.co/image/ab67616d0000b2735f05e00c6a89b2a61bac0735,,,,matched,https://i.scdn.co/image/ab6761610000e5eb1dec1ea363fc610108cfba81,https://open.spotify.com/artist/6W8VbSclDd31QHMBwoC84H
"September 01, 2022",Heaven Come Crashing,Rachika Nayar,,Independent Artist,"Los Angeles, California",Amaya Garcia,"Rachika Nayar, Heaven Come Crashing",matched,6on4UQpBdXq1jTWT4KLDFx,https://open.spotify.com/album/6on4UQpBdXq1jTWT4KLDFx,6afqNtQw2IUvXw6JeIRgQZ,Rachika Nayar,Heaven Come Crashing,2022-08-26,day,album,11.0,https://i.scdn.co/image/ab67616d0000b27339bd8602f6140aceeccd36dc,,,,matched,https://i.scdn.co/image/ab6761610000e5eb44bf1083728a0b76f2cd2dbd,https://open.spotify.com/artist/6afqNtQw2IUvXw6JeIRgQZ
"August 31, 2022",Lion Piss + Arm Vulnerability,Genital Shame,Metal,Independent Artist,"Los Angeles, California",Leah B. Levinson,"Genital Shame, Lion Piss + Arm Vulnerability",matched,5cf2U5z7QN7SfPMhnpX2o0,https://open.spotify.com/album/5cf2U5z7QN7SfPMhnpX2o0,6jEQ9wweXV1cIGa6Wga1do,Genital Shame,Lion Piss + Arm Vulnerability,2022-08-26,day,single,3.0,https://i.scdn.co/image/ab67616d0000b2733691d5eccb74f023f54dfa48,,,,matched,https://i.scdn.co/image/ab6761610000e5ebe0981c65ec561e414df303ab,https://open.spotify.com/artist/6jEQ9wweXV1cIGa6Wga1do
"August 30, 2022",Xia Ye,Night Swimmer,Electronic,Independent Artist,"Wuhan, China",Andy Beta,"Night Swimmer, Xia Ye",matched,5T4BK7TxZyNl2zJ8TIQkyT,https://open.spotify.com/album/5T4BK7TxZyNl2zJ8TIQkyT,16PybX9Q4kcULF92GUfMyL,Night Swimmer,Xia Ye,2022-07-07,day,album,11.0,https://i.scdn.co/image/ab67616d0000b273ef61f6a8a632c839dfa0ba91,,,,matched,https://i.scdn.co/image/ab6761610000e5ebaf4d0100738911bf3a73551f,https://open.spotify.com/artist/16PybX9Q4kcULF92GUfMyL
"August 29, 2022",S3RP3NT,Mona Demone,,Ratskin Records,"Oakland, California",Andi Harriman,"Mona Demone, S3RP3NT",matched,405IXX9iwcMwgGngJMybUk,https://open.spotify.com/album/405IXX9iwcMwgGngJMybUk,5M325rgH0WgqnasOiqDotq,Mona Demone,S3rp3nt,2022-08-23,day,album,9.0,https://i.scdn.co/image/ab67616d0000b27355b6f3862f60b7c80f9b349c,,,,matched,https://i.scdn.co/image/ab6761610000e5eb327822532a29d7b47b45e3ed,https://open.spotify.com/artist/5M325rgH0WgqnasOiqDotq
"August 26, 2022",Rest,Thanya Iyer,,Independent Artist,"Montreal, Québec",Ruth Jiang,"Thanya Iyer, Rest",matched,1xtYPXVaSaZJtVrcr7zDgn,https://open.spotify.com/album/1xtYPXVaSaZJtVrcr7zDgn,5t5C8BHZ8ch5p0wvbcWh6P,Thanya Iyer,rest,2022-08-24,day,single,5.0,https://i.scdn.co/image/ab67616d0000b273c6ffa1aee7f24b5db1883e27,,,,matched,https://i.scdn.co/image/ab6761610000e5eb23ce6bcf3620f0210468865a,https://open.spotify.com/artist/5t5C8BHZ8ch5p0wvbcWh6P
"August 25, 2022",First of the Brooklyn Cowgirls,Mimi Roman,Country,Independent Artist,"Brooklyn, New York",Ben Salmon,"Mimi Roman, First of the Brooklyn Cowgirls",matched,4cVjjODEDDQlxEkP5fZ77J,https://open.spotify.com/album/4cVjjODEDDQlxEkP5fZ77J,4Bxk7G6dhHxRoNdvgwjphY,Mimi Roman,First Of The Brooklyn Cowgirls,2022-08-26,day,album,35.0,https://i.scdn.co/image/ab67616d0000b2733ea0f09da4505c32a752e6c8,,,,matched,https://i.scdn.co/image/ab67616d0000b2733ea0f09da4505c32a752e6c8,https://open.spotify.com/artist/4Bxk7G6dhHxRoNdvgwjphY
"August 24, 2022",Vortex,Terence Etc.,Experimental,Independent Artist,"Brooklyn, New York",Nicolas-Tyrell Scott,"Terence Etc., Vortex",no_match,,,,,,,,,,,,,,,,
"August 23, 2022",Let’s Turn It Into Sound,Kaitlyn Aurelia Smith,Electronic,Independent Artist,"Los Angeles, California",Ted Davis,"Kaitlyn Aurelia Smith, Let’s Turn It Into Sound",matched,6OejvHOkJc24k5Psvw2kS3,https://open.spotify.com/album/6OejvHOkJc24k5Psvw2kS3,6P86FLVAK4sxu8OhyQJBvH,Kaitlyn Aurelia Smith,Let's Turn It Into Sound,2022-08-26,day,album,10.0,https://i.scdn.co/image/ab67616d0000b27363dad636a6e07d4c03a57fa1,,,,matched,https://i.scdn.co/image/ab6761610000e5eba26adc44e8b8fc891acdcd85,https://open.spotify.com/artist/6P86FLVAK4sxu8OhyQJBvH
"August 22, 2022",Green of Winter,Battle Trance,Classical,Independent Artist,New York,Alex Heigl,"Battle Trance, Green of Winter",matched,5x60rQGB7HSNRhu74bfBrQ,https://open.spotify.com/album/5x60rQGB7HSNRhu74bfBrQ,4t9SgRk7LdLOVj2BSs2vRn,Battle Trance,Green of Winter,2022-08-26,day,album,3.0,https://i.scdn.co/image/ab67616d0000b273622940ba46624dccfbf9be71,,,,matched,https://i.scdn.co/image/ab67616d0000b2734fc85abfd74699e5eaffb697,https://open.spotify.com/artist/4t9SgRk7LdLOVj2BSs2vRn
"August 19, 2022",Recordar É Viver: Antologia Vol​.​1,Pedro Lima,World,Independent Artist,"Sao Tome, São Tomé and Príncipe",Andy Beta,"Pedro Lima, Recordar É Viver: Antologia Vol​.​1",matched,49iNznTfwYRXpeYqtISXNW,https://open.spotify.com/album/49iNznTfwYRXpeYqtISXNW,2cYnTYDOHReg1lhMHuRH1z,Pedro Lima,Recordar É Viver : Antologia Vol. 1,2022-08-19,day,compilation,12.0,https://i.scdn.co/image/ab67616d0000b2731d1c184a482ae03cf8efa7ad,,,,matched,https://i.scdn.co/image/ab67616d0000b2731f5fa72e9a69f16797660e76,https://open.spotify.com/artist/2cYnTYDOHReg1lhMHuRH1z
"August 18, 2022",In The Fade,Tony Molina,Rock,Independent Artist,"San Francisco, California",Charlie Zaillian,"Tony Molina, In The Fade",matched,4K1M6PPAB77e1PnXJAsIHM,https://open.spotify.com/album/4K1M6PPAB77e1PnXJAsIHM,2fmfhABysLV519rQYOBvtm,Tony Molina,In the Fade,2022-08-12,day,album,14.0,https://i.scdn.co/image/ab67616d0000b273471a33fd985009e37fc6e264,,,,matched,https://i.scdn.co/image/ab6761610000e5eb1415c368e887872ad6a109b9,https://open.spotify.com/artist/2fmfhABysLV519rQYOBvtm
"August 17, 2022",Hypnotic Guitar of John Ondolo,John Ondolo,Acoustic,Mississippi Records,"New York, New York",Andy Beta,"John Ondolo, Hypnotic Guitar of John Ondolo",matched,3FTUrblrqG2ePhf2oNaVGx,https://open.spotify.com/album/3FTUrblrqG2ePhf2oNaVGx,36x7fi87rFOlJ9h7X8gHhC,John Ondolo,Hypnotic Guitar of John Ondolo,2022-09-02,day,album,12.0,https://i.scdn.co/image/ab67616d0000b273e5f4f5c88b11abd6ed03b65e,,,,matched,https://i.scdn.co/image/ab67616d0000b273e5f4f5c88b11abd6ed03b65e,https://open.spotify.com/artist/36x7fi87rFOlJ9h7X8gHhC
"August 16, 2022",Ever Crashing,SRSQ,Alternative,Independent Artist,"Los Angeles, California",Jude Noel,"SRSQ, Ever Crashing",matched,3S2kyxAjYyABh360bDQgtn,https://open.spotify.com/album/3S2kyxAjYyABh360bDQgtn,7oTWrSAsrqQnBE1LRUBZPE,SRSQ,Ever Crashing,2022-08-19,day,album,10.0,https://i.scdn.co/image/ab67616d0000b27322623b234482eccb09976c97,,,,matched,https://i.scdn.co/image/ab6761610000e5eb231b5f4b74ec3c60ad8b2d14,https://open.spotify.com/artist/7oTWrSAsrqQnBE1LRUBZPE
"August 15, 2022",Mutualism,SAUL,Electronic,Rhythm Section International,"London, UK",John Morrison,"SAUL, Mutualism",matched,2SfFxl5npTeodwZiBoWQ0D,https://open.spotify.com/album/2SfFxl5npTeodwZiBoWQ0D,2MNs5thhanEPaL3qUHJP0V,Saul,Mutualism,2022-08-19,day,album,7.0,https://i.scdn.co/image/ab67616d0000b273dcfbbfa668a551259c2c6c87,,,,matched,https://i.scdn.co/image/ab6761610000e5eb6755b86cd762dc92f6ec8e1f,https://open.spotify.com/artist/2MNs5thhanEPaL3qUHJP0V
"August 12, 2022",Up Against The Wall; A Degree Of Lunacy,YUNGMORPHEUS & THERAVADA,Hip-Hop/Rap,YUNGMORPHEUS,"Los Angeles, California",Phillip Mlynar,"YUNGMORPHEUS & THERAVADA, Up Against The Wall; A Degree Of Lunacy",no_match,,,,,,,,,,,,,,,,
"August 11, 2022",a lot’s gonna change,Claude,Pop,Independent Artist,"Chicago, Illinois",Elle Carroll,"Claude, a lot’s gonna change",no_match,,,,,,,,,,,,,,,,
"August 10, 2022","I Survived, It’s Over",Rich Ruth,Ambient,Independent Artist,"Nashville, Tennessee",Piotr Orlov,"Rich Ruth, I Survived, It’s Over",matched,5oWXBPAnsuUy12jzPcOHpv,https://open.spotify.com/album/5oWXBPAnsuUy12jzPcOHpv,3fzSa1ee522CjcS8Fdo7dl,Rich Ruth,"I Survived, It's Over",2022-08-12,day,album,7.0,https://i.scdn.co/image/ab67616d0000b273915eb590992d4ce2069ff9e0,,,,matched,https://i.scdn.co/image/ab6761610000e5eb95effd3086e4f3321630cf6a,https://open.spotify.com/artist/3fzSa1ee522CjcS8Fdo7dl
"August 09, 2022",Morir y Renacer,Conjunto Primitivo,Electronic,Chicago Research,"Chicago, Illinois",Richard Villegas,"Conjunto Primitivo, Morir y Renacer",matched,4JucK216wTeBQKr846IzCB,https://open.spotify.com/album/4JucK216wTeBQKr846IzCB,06A3asQFzi5Ni3hOKgRDvZ,Conjunto Primitivo,Morir y Renacer,2022-08-10,day,album,8.0,https://i.scdn.co/image/ab67616d0000b2730d4396d4364369cdad77572f,,,,matched,https://i.scdn.co/image/ab6761610000e5eb76ec9caa28fe89ce2a572297,https://open.spotify.com/artist/06A3asQFzi5Ni3hOKgRDvZ
"August 08, 2022",American Rituals,Cheri Knight,Experimental,Independent Artist,"Olympia, Washington",Erin Margaret Day,"Cheri Knight, American Rituals",matched,3QDLnNGEw7lgQq00UmMKiH,https://open.spotify.com/album/3QDLnNGEw7lgQq00UmMKiH,5l5e5HHNASB4FIki35d2wn,Cheri Knight,American Rituals,2022-07-15,day,album,7.0,https://i.scdn.co/image/ab67616d0000b27390398725b335e83b29657023,,,,matched,https://i.scdn.co/image/ab67616d0000b27390398725b335e83b29657023,https://open.spotify.com/artist/5l5e5HHNASB4FIki35d2wn
"August 05, 2022",Marci,Marci,Pop,Independent Artist,"Montreal, Québec",Tasha Viets-VanLear,"Marci, Marci",matched,4A8z3O9t9mhH0rIBZ1Et7e,https://open.spotify.com/album/4A8z3O9t9mhH0rIBZ1Et7e,2YvVKe1MfcslinaPCv402E,Marci,Marci,2022-08-05,day,album,11.0,https://i.scdn.co/image/ab67616d0000b2732ceb44df554ce2fdbc941193,,,,matched,https://i.scdn.co/image/ab6761610000e5eb064d089967e7034320bf3e94,https://open.spotify.com/artist/2YvVKe1MfcslinaPCv402E
"August 04, 2022",Crowd Can Talk,Lifeguard,Rock,Independent Artist,"Chicago, Illinois",Erin Margaret Day,"Lifeguard, Crowd Can Talk",matched,5hoWYtJW69PebXsJLI0jnB,https://open.spotify.com/album/5hoWYtJW69PebXsJLI0jnB,17HkDJlzsK1YoBja2XmY5O,Lifeguard,Crowd Can Talk,2022-08-05,day,single,4.0,https://i.scdn.co/image/ab67616d0000b27399ca8c4f8d3c7bed7394248f,,,,matched,https://i.scdn.co/image/ab6761610000e5ebd7fb568852ba9ed5a9f47d10,https://open.spotify.com/artist/17HkDJlzsK1YoBja2XmY5O
"August 03, 2022",Soothsayer,Kyle Kidd,R&amp;B/Soul,Independent Artist,"Cleveland, Ohio",Erin Margaret Day,"Kyle Kidd, Soothsayer",no_match,,,,,,,,,,,,,,,,
"August 02, 2022",Chopper,Kiwi Jr.,Rock,Kiwi jr,"Toronto, Ontario",Hayden Merrick,"Kiwi Jr., Chopper",matched,5KgqAmpA8ajKLOgIgrkoB1,https://open.spotify.com/album/5KgqAmpA8ajKLOgIgrkoB1,4CMdLKWNEoNSLpaJ6QMWYy,Kiwi jr.,Chopper,2022-08-12,day,album,10.0,https://i.scdn.co/image/ab67616d0000b27371eef6ddfe1d23ce73863312,,,,matched,https://i.scdn.co/image/ab6761610000e5eba90a6471ee3da48c37dc31fb,https://open.spotify.com/artist/4CMdLKWNEoNSLpaJ6QMWYy
"August 01, 2022",Mental Picture,Sarah Bethe Nelson,Rock,Independent Artist,"San Francisco, California",Elle Carroll,"Sarah Bethe Nelson, Mental Picture",matched,0QXijt25NrFALNyyKLuU1A,https://open.spotify.com/album/0QXijt25NrFALNyyKLuU1A,0nsKEeVs2u2SD9ZSbRUeLX,Sarah Bethe Nelson,Mental Picture,2022-07-29,day,album,8.0,https://i.scdn.co/image/ab67616d0000b273452f8998ca2d3dd7df096f13,,,,matched,https://i.scdn.co/image/ab6761610000e5eba0614f113f2b854b43bd29b8,https://open.spotify.com/artist/0nsKEeVs2u2SD9ZSbRUeLX
"July 29, 2022",P​.​O​.​C (Proof of Concept),Zenizen,R&amp;B/Soul,Independent Artist,"Brooklyn, New York",Tasha Viets-VanLear,"Zenizen, P​.​O​.​C (Proof of Concept)",matched,6wfl3Oks8Uja2rSHml7WEK,https://open.spotify.com/album/6wfl3Oks8Uja2rSHml7WEK,1MaWvJ5Y0Na24KMG79WxDU,Zenizen,P.O.C (Proof of Concept),2022-07-27,day,album,12.0,https://i.scdn.co/image/ab67616d0000b2732971b603a0b817860f2d040d,,,,matched,https://i.scdn.co/image/ab6761610000e5ebae7b47e4ec1d9d887307913d,https://open.spotify.com/artist/1MaWvJ5Y0Na24KMG79WxDU
"July 28, 2022",Summons,Heart of the Ghost,Jazz,Independent Artist,"Washington, D.C.",John Morrison,"Heart of the Ghost, Summons",matched,48YUn4MLGe4JYZnzwsbwlS,https://open.spotify.com/album/48YUn4MLGe4JYZnzwsbwlS,0ReP86OfTp47v2xQxaDEBQ,Heart of the Ghost,Summons,2022-07-29,day,album,4.0,https://i.scdn.co/image/ab67616d0000b273a27c13f800c1fe223625a28d,,,,matched,https://i.scdn.co/image/ab67616d0000b273a27c13f800c1fe223625a28d,https://open.spotify.com/artist/0ReP86OfTp47v2xQxaDEBQ
"July 27, 2022",Sons Of,Sam Prekop and John McEntire,Experimental,Sam Prekop,"Chicago, Illinois",Piotr Orlov,"Sam Prekop and John McEntire, Sons Of",no_match,,,,,,,,,,,,,,,,
"July 26, 2022",Sedale Threat,Wrecking Crew,Hip-Hop/Rap,Independent Artist,"Philadelphia, Pennsylvania",Blake Gillespie,"Wrecking Crew, Sedale Threat",matched,3zhjnOVCtjcFoaPi2jGXsM,https://open.spotify.com/album/3zhjnOVCtjcFoaPi2jGXsM,5wB7QWNM9CrKtCrmWylPf7,Wrecking Crew,Sedale Threat,2022-07-11,day,album,12.0,https://i.scdn.co/image/ab67616d0000b2732fa9d8bdabccd422c70626d6,,,,matched,https://i.scdn.co/image/ab67616d0000b2732fa9d8bdabccd422c70626d6,https://open.spotify.com/artist/5wB7QWNM9CrKtCrmWylPf7
"July 25, 2022",Hiss,Wormrot,Metal,Independent Artist,Singapore,Colin Williams,"Wormrot, Hiss",matched,6XfFWtshKIYvwjI6qAqR8m,https://open.spotify.com/album/6XfFWtshKIYvwjI6qAqR8m,3vMnvW7u5207ATyxTQIxNz,Wormrot,Hiss,2022-07-08,day,album,21.0,https://i.scdn.co/image/ab67616d0000b27306f0de93513a76d400114e9f,,,,matched,https://i.scdn.co/image/ab6761610000e5eb6c9ed8bf245e196e5d8cdb04,https://open.spotify.com/artist/3vMnvW7u5207ATyxTQIxNz
"July 22, 2022",The Antidote Suite,JoVia Armstrong & Eunoia Society,Jazz,JoVia Armstrong &amp; Eunoia Society,"Detroit, Michigan",Piotr Orlov,"JoVia Armstrong & Eunoia Society, The Antidote Suite",no_match,,,,,,,,,,,,,,,,
"July 21, 2022",Emahoy Tsege Mariam Gebru,Emahoy Tsege Mariam Gebru,Classical,Independent Artist,"Addis Ababa, Ethiopia",Mercy Kassa,"Emahoy Tsege Mariam Gebru, Emahoy Tsege Mariam Gebru",matched,4N1i31RMnv4z2KopdpItSG,https://open.spotify.com/album/4N1i31RMnv4z2KopdpItSG,1D86M7ewUQH1vS0QsXCmI9,Emahoy Tsege Mariam Gebru,Emahoy Tsege Mariam Gebru,2016-09-16,day,compilation,11.0,https://i.scdn.co/image/ab67616d0000b2739a698ea95ccb219ae0a55f90,,,,matched,https://i.scdn.co/image/ab6761610000e5eb4a6f3766a23e91536d7ee6ed,https://open.spotify.com/artist/1D86M7ewUQH1vS0QsXCmI9
"July 20, 2022",Belief,Belief,Electronic,Independent Artist,"Los Angeles, California",James Gui,"Belief, Belief",matched,22pOYT7ORQ8bbxZgLWeLqF,https://open.spotify.com/album/22pOYT7ORQ8bbxZgLWeLqF,2jylVs4eHBl0js5mOleBsY,"Belief, Boom Bip, Stella Mozgawa",Belief,2022-07-15,day,album,11.0,https://i.scdn.co/image/ab67616d0000b2735e4cf1808161d50cbf5fe393,,,,matched,https://i.scdn.co/image/ab6761610000e5eb9f1deef86a41648ef2a93a19,https://open.spotify.com/artist/2jylVs4eHBl0js5mOleBsY
"July 19, 2022","Hello, Hi",Ty Segall,Rock,Independent Artist,"Los Angeles, California",Elle Carroll,"Ty Segall, Hello, Hi",matched,6GQh3hPNHA7ZOixEdKQKD9,https://open.spotify.com/album/6GQh3hPNHA7ZOixEdKQKD9,58XGUNsRNu3cVOIOYk5chx,Ty Segall,"""Hello, Hi""",2022-07-22,day,album,10.0,https://i.scdn.co/image/ab67616d0000b273d3c76c9f6c6ed649518321cc,,,,matched,https://i.scdn.co/image/ab6761610000e5eb3d15ba7d102292487fec0995,https://open.spotify.com/artist/58XGUNsRNu3cVOIOYk5chx
"July 18, 2022",Ima ایما,Tegh & Adel Poursamadi,Ambient,Tegh,"Tehran, Iran",Will Pritchard,"Tegh & Adel Poursamadi, Ima ایما",no_match,,,,,,,,,,,,,,,,
"July 15, 2022",Spectral,Madeline Cocolas,Ambient,Madeleine Cocolas,"Tokyo, Japan",Ted Davis,"Madeline Cocolas, Spectral",no_match,,,,,,,,,,,,,,,,
"July 14, 2022",Connection,The Maghreban,Electronic,Independent Artist,"London, UK",Andy Beta,"The Maghreban, Connection",matched,4XH8Rai7y2L4E3Gsq30xGQ,https://open.spotify.com/album/4XH8Rai7y2L4E3Gsq30xGQ,5irwGfNb30z0m7UbZvFIcm,The Maghreban,Connection,2022-07-22,day,album,10.0,https://i.scdn.co/image/ab67616d0000b2737569ac634ca0461d6bbbea2b,,,,matched,https://i.scdn.co/image/ab6761610000e5eb4e27ff4d272564c1ab1659fa,https://open.spotify.com/artist/5irwGfNb30z0m7UbZvFIcm
"July 13, 2022",Renaissance,DoomCannon,Jazz,Independent Artist,"London, UK",John Morrison,"DoomCannon, Renaissance",matched,36ViqkFmLJGdZuBVq9euD0,https://open.spotify.com/album/36ViqkFmLJGdZuBVq9euD0,1EKCFythC6ga1G4x4jYDwy,DoomCannon,Renaissance,2022-07-15,day,album,9.0,https://i.scdn.co/image/ab67616d0000b273c7d18102858c4b05c6e629a2,,,,matched,https://i.scdn.co/image/ab6761610000e5eb8c09908908b09e7b7c9f8cb3,https://open.spotify.com/artist/1EKCFythC6ga1G4x4jYDwy
"July 12, 2022",Bigger Sprout,Lawn,Rock,Independent Artist,"New Orleans, Louisiana",Charlie Zaillian,"Lawn, Bigger Sprout",matched,6KufZVK7ZztV1n8bjN2Zfc,https://open.spotify.com/album/6KufZVK7ZztV1n8bjN2Zfc,5Dk3G2pCM54sYxkRpzcMUh,Lawn,Bigger Sprout,2022-07-15,day,album,7.0,https://i.scdn.co/image/ab67616d0000b2731000f26f74a07bdadac0a44d,,,,matched,https://i.scdn.co/image/ab6761610000e5eb33d38d5ac698c0a6e2ebf55a,https://open.spotify.com/artist/5Dk3G2pCM54sYxkRpzcMUh
"July 11, 2022",LOGGERHEAD,Wu-Lu,Alternative,Independent Artist,"London, UK",Joe Muggs,"Wu-Lu, LOGGERHEAD",matched,346cEAiUJrCcj2ddihbTAV,https://open.spotify.com/album/346cEAiUJrCcj2ddihbTAV,5yRolHpTcDas7KX7KiH6Wd,Wu-Lu,LOGGERHEAD,2022-07-08,day,album,12.0,https://i.scdn.co/image/ab67616d0000b273addf94ee998c2a4b25c053d8,,,,matched,https://i.scdn.co/image/ab6761610000e5eb4e75c6887fe1fa387b9625f3,https://open.spotify.com/artist/5yRolHpTcDas7KX7KiH6Wd
"July 08, 2022",Spirit Exit,Caterina Barbieri,Ambient,caterina barbieri,"Berlin, Germany",Vanessa Ague,"Caterina Barbieri, Spirit Exit",matched,5KHpUME9BlHi5Dhf3thJoH,https://open.spotify.com/album/5KHpUME9BlHi5Dhf3thJoH,61WgG5fz5ilJrMne7tE1zu,Caterina Barbieri,Spirit Exit,2022-07-08,day,album,8.0,https://i.scdn.co/image/ab67616d0000b27312280c6f7ceff15a178d3961,,,,matched,https://i.scdn.co/image/ab6761610000e5ebf55a3292ede0421351cd3b0d,https://open.spotify.com/artist/61WgG5fz5ilJrMne7tE1zu
"July 07, 2022",The Real Work,Party Dozen,Rock,Independent Artist,"Sydney, Australia",Brad Cohan,"Party Dozen, The Real Work",matched,2F5tmLKUwzhiIPdaUgIUIx,https://open.spotify.com/album/2F5tmLKUwzhiIPdaUgIUIx,5LeiYFiAx31mpoPKxdOLOm,Party Dozen,The Real Work,2022-07-08,day,album,9.0,https://i.scdn.co/image/ab67616d0000b2732459b4eab7f3a14560540e8b,,,,matched,https://i.scdn.co/image/ab6761610000e5eb0cdd6fca9d75f59658b136a1,https://open.spotify.com/artist/5LeiYFiAx31mpoPKxdOLOm
"July 06, 2022",Beanna,Mejiwahn,Experimental,mejiwahn,"Oakland, California",Tasha Viets-VanLear,"Mejiwahn, Beanna",matched,1Xc1F47HzRtftRdK4hyPcR,https://open.spotify.com/album/1Xc1F47HzRtftRdK4hyPcR,5nwqAZGgbbZOuK11nRCGyj,Mejiwahn,Beanna,2022-07-01,day,album,13.0,https://i.scdn.co/image/ab67616d0000b273fbbeb8fdabb26985493f9401,,,,matched,https://i.scdn.co/image/ab6761610000e5eb89be6ddea359815d2ec81c95,https://open.spotify.com/artist/5nwqAZGgbbZOuK11nRCGyj
"July 05, 2022",Human Capital,Bad Breeding,Punk,Independent Artist,"Stevenage, UK",Kerry Cardoza,"Bad Breeding, Human Capital",matched,6ifUscdPQJDb1LciGhmzGi,https://open.spotify.com/album/6ifUscdPQJDb1LciGhmzGi,781vvvQYKgDjg3i90b7vtV,Bad Breeding,Human Capital,2022-07-08,day,album,12.0,https://i.scdn.co/image/ab67616d0000b273f0611ae367b7b7fc2427bf3b,,,,matched,https://i.scdn.co/image/ab6761610000e5eb46541c5c4f4da19432350a64,https://open.spotify.com/artist/781vvvQYKgDjg3i90b7vtV
"July 01, 2022",Killed By Mock Execution,Mock Execution,Punk,LA VIDA ES UN MUS DISCOS,"London, UK",Kerry Cardoza,"Mock Execution, Killed By Mock Execution",matched,51apLeRQhTMMeBDDOX1bcx,https://open.spotify.com/album/51apLeRQhTMMeBDDOX1bcx,6A20FhxAx1Z03bIJgpfuQm,Mock Execution,Killed By Mock Execution,2022-06-24,day,album,9.0,https://i.scdn.co/image/ab67616d0000b2735dd5c0e7e1224760807e06a2,,,,matched,https://i.scdn.co/image/ab67616d0000b2735dd5c0e7e1224760807e06a2,https://open.spotify.com/artist/6A20FhxAx1Z03bIJgpfuQm
"June 30, 2022",Páthos,Conjurer,Metal,Independent Artist,"Rugby, UK",Colin Williams,"Conjurer, Páthos",matched,602wn38YItSknzxdpiXl69,https://open.spotify.com/album/602wn38YItSknzxdpiXl69,38eUVFRyGFT6VnEbaFRScQ,Conjurer,Páthos,2022-07-01,day,album,8.0,https://i.scdn.co/image/ab67616d0000b273105b0411d8a52a8717e31b08,,,,matched,https://i.scdn.co/image/ab6761610000e5eb77798a411af765c838f468e4,https://open.spotify.com/artist/38eUVFRyGFT6VnEbaFRScQ
"June 28, 2022",The Spur,Joan Shelley,Folk,Independent Artist,"Louisville, Kentucky",Peter Margasak,"Joan Shelley, The Spur",matched,17JVuhlvgwEEk5fv3ISJdQ,https://open.spotify.com/album/17JVuhlvgwEEk5fv3ISJdQ,4eR9k3I0YKCQUvvP2ojptw,Joan Shelley,The Spur,2022-06-24,day,album,12.0,https://i.scdn.co/image/ab67616d0000b2736223df7d884b5342a0275901,,,,matched,https://i.scdn.co/image/ab6761610000e5eba2825c0d030120a174b48de4,https://open.spotify.com/artist/4eR9k3I0YKCQUvvP2ojptw
"June 27, 2022",The Evil One,Nervus,Rock,Independent Artist,"Watford, UK",Charlie Zaillian,"Nervus, The Evil One",matched,5uDbykE8wmtmGGUgNM5uNH,https://open.spotify.com/album/5uDbykE8wmtmGGUgNM5uNH,4vApur54D4XetXX1xnIAKv,Nervus,The Evil One,2022-06-24,day,album,10.0,https://i.scdn.co/image/ab67616d0000b273473c7732643414beea2c5ac0,,,,matched,https://i.scdn.co/image/ab6761610000e5ebbb7983a9e1db004eb11017bf,https://open.spotify.com/artist/4vApur54D4XetXX1xnIAKv
"June 24, 2022",Heaven Is Here,Candy,Metal,Independent Artist,,Spencer Hughes,"Candy, Heaven Is Here",matched,4ehKSfXDueVpMXqUTnWbme,https://open.spotify.com/album/4ehKSfXDueVpMXqUTnWbme,4oWlenweHbPcDXKvyNUbBl,CANDY,Heaven is Here,2022-06-24,day,album,10.0,https://i.scdn.co/image/ab67616d0000b273813b3a1e995b281223f89fed,,,,matched,https://i.scdn.co/image/ab6761610000e5eb3bf3f3d3bb7026a25ab24d53,https://open.spotify.com/artist/4oWlenweHbPcDXKvyNUbBl
"June 23, 2022",Aura,Hatis Noit,Experimental,Independent Artist,"London, UK",James Gui,"Hatis Noit, Aura",matched,1CtdQTfP0DzM3GJA95Po52,https://open.spotify.com/album/1CtdQTfP0DzM3GJA95Po52,1VMXdJgyzy12hZGmEk8LPY,Hatis Noit,Aura,2022-06-24,day,album,8.0,https://i.scdn.co/image/ab67616d0000b27336b742fc2a985dcacff37885,,,,matched,https://i.scdn.co/image/ab6761610000e5ebfad9aaa1a2589489a4fd36e3,https://open.spotify.com/artist/1VMXdJgyzy12hZGmEk8LPY
"June 22, 2022",King Cobra,Infinity Knives & Brian Ennals,Hip-Hop/Rap,INFINITY KNIVES,"Baltimore, Maryland",Phillip Mlynar,"Infinity Knives & Brian Ennals, King Cobra",no_match,,,,,,,,,,,,,,,,
"June 21, 2022",Seabed​-​Sunbath,Loris S. Sarid,Ambient,Loris S Sarid,"Glasgow, UK",Eli Schoop,"Loris S. Sarid, Seabed​-​Sunbath",matched,5dazs6Z7DynTPgZVRR4X4J,https://open.spotify.com/album/5dazs6Z7DynTPgZVRR4X4J,0gYheMncGk0zhnDEwpRidl,Loris S. Sarid,Seabed-Sunbath,2022-06-24,day,album,10.0,https://i.scdn.co/image/ab67616d0000b273894f5adc87eaead7ac19b1ec,,,,matched,https://i.scdn.co/image/ab6761610000e5eb9ed61b06f1e8d18388b115f6,https://open.spotify.com/artist/0gYheMncGk0zhnDEwpRidl
"June 20, 2022",Color Me Country: 2022 Remaster,Linda Martell,Country,Independent Artist,"Batesburg Leesville, South Carolina",Jim Allen,"Linda Martell, Color Me Country: 2022 Remaster",matched,7BaWpPM8leKGtJM3lOiqRF,https://open.spotify.com/album/7BaWpPM8leKGtJM3lOiqRF,78adFi9EyRkMh3CTIatrV9,Linda Martell,Color Me Country (Remastered 2022),1970-08-07,day,album,11.0,https://i.scdn.co/image/ab67616d0000b2735c3cf52b6a2d3c5826dafe4c,,,,matched,https://i.scdn.co/image/ab6761610000e5eb796108ed547cc16ba25d84a8,https://open.spotify.com/artist/78adFi9EyRkMh3CTIatrV9
"June 17, 2022",Pink Dolphins,Anteloper,Jazz,International Anthem,"Chicago, Illinois",Michael J. West,"Anteloper, Pink Dolphins",matched,76JSUyC7xQ4lp3KwAR4yMn,https://open.spotify.com/album/76JSUyC7xQ4lp3KwAR4yMn,22N13sDYkfrSOZp1CptvIN,Anteloper,Pink Dolphins,2022-06-17,day,album,5.0,https://i.scdn.co/image/ab67616d0000b273c1d30dbda3c87ca762014be3,,,,matched,https://i.scdn.co/image/ab6761610000e5eb1e81ad1c50798a1f70535f09,https://open.spotify.com/artist/22N13sDYkfrSOZp1CptvIN
"June 16, 2022",Love Is Yours,Flasher,Rock,Independent Artist,"Washington, D.C.",Charlie Zaillian,"Flasher, Love Is Yours",matched,5dDZ1oTb2lW1TXCogqbIJO,https://open.spotify.com/album/5dDZ1oTb2lW1TXCogqbIJO,1qPMBDzIv4WJoToZqNxb1f,Flasher,Love Is Yours,2022-06-17,day,album,13.0,https://i.scdn.co/image/ab67616d0000b27337afd9cca9306189c30b6fcc,,,,matched,https://i.scdn.co/image/ab6761610000e5eba49bb85b67c4227de49abdae,https://open.spotify.com/artist/1qPMBDzIv4WJoToZqNxb1f
"June 15, 2022",I Told Bessie,ELUCID,Hip-Hop/Rap,E L U C I D,New York,Nadine Smith,"ELUCID, I Told Bessie",no_match,,,,,,,,,,,,,,,,
"June 14, 2022",Ndikho Xaba and the Natives,Ndikho Xaba and the Natives,Jazz,Mississippi Records,"New York, New York",John Morrison,"Ndikho Xaba and the Natives, Ndikho Xaba and the Natives",no_match,,,,,,,,,,,,,,,,
"June 13, 2022",Kind Blade,MJ Noble,Experimental,Independent Artist,"Los Angeles, California",Elle Carroll,"MJ Noble, Kind Blade",matched,79NfL7LHRsSOtnfoyEOD4w,https://open.spotify.com/album/79NfL7LHRsSOtnfoyEOD4w,4WU1luuySmDwpYWFwT2PvY,MJ Noble,Kind Blade,2022-06-10,day,album,13.0,https://i.scdn.co/image/ab67616d0000b27303b9059f21fd29ca2c1faaa1,,,,matched,https://i.scdn.co/image/ab6761610000e5ebf975961afb4999d112c3e2a7,https://open.spotify.com/artist/4WU1luuySmDwpYWFwT2PvY
"June 10, 2022",Persecution of the Living,Grave Infestation,Metal,Invictus Productions,"Dublin, Ireland",Sarah Kitteringham,"Grave Infestation, Persecution of the Living",no_match,,,,,,,,,,,,,,,,
"June 09, 2022",BRC Vol. 2,Black Rave Culture,Electronic,Independent Artist,"Washington, D.C.",James Gui,"Black Rave Culture, BRC Vol. 2",no_match,,,,,,,,,,,,,,,,
"June 08, 2022",Justice – The Vocal Works of Oliver Lake,Sonic Liberation Front,Jazz,High Two,"Philadelphia, Pennsylvania",John Morrison,"Sonic Liberation Front, Justice – The Vocal Works of Oliver Lake",matched,7ge3rmkJLTQRyQpORB87oP,https://open.spotify.com/album/7ge3rmkJLTQRyQpORB87oP,7fqbJuvRvx0RwP2NHPA2Rx,Sonic Liberation Front,Justice: The Vocal Works of Oliver Lake,2022-06-10,day,album,8.0,https://i.scdn.co/image/ab67616d0000b273f13edbc0d8078f3117324f6e,,,,matched,https://i.scdn.co/image/ab67616d0000b273f13edbc0d8078f3117324f6e,https://open.spotify.com/artist/7fqbJuvRvx0RwP2NHPA2Rx
"June 07, 2022",Beja Power! Electric Soul & Brass from Sudan’s Red Sea Coast,Noori & His Dorpa Band,World,Ostinato Records,"New York, New York",Joshua Minsoo Kim,"Noori & His Dorpa Band, Beja Power! Electric Soul & Brass from Sudan’s Red Sea Coast",matched,0ZQXSgS6LoPELRv87Gpw6L,https://open.spotify.com/album/0ZQXSgS6LoPELRv87Gpw6L,1AHTwYi1DaZhwzg8mSuB3G,Noori & His Dorpa Band,Beja Power! Electric Soul & Brass from Sudan's Red Sea Coast,2022-06-24,day,album,6.0,https://i.scdn.co/image/ab67616d0000b27358ee9bae6e1907091abf045a,,,,matched,https://i.scdn.co/image/ab67616d0000b27358ee9bae6e1907091abf045a,https://open.spotify.com/artist/1AHTwYi1DaZhwzg8mSuB3G
"June 06, 2022",SUKISTAN,EMÆNUEL,Experimental,Independent Artist,"London, UK",Andy Beta,"EMÆNUEL, SUKISTAN",matched,4V1KmQvOPg4POANdfVsesO,https://open.spotify.com/album/4V1KmQvOPg4POANdfVsesO,0Ru4csqeEEzVZlC9LYb2Ky,EMÆNUEL,SUKISTAN,2022-05-27,day,album,8.0,https://i.scdn.co/image/ab67616d0000b2734e19a97893b0c0a20edc087e,,,,matched,https://i.scdn.co/image/ab6761610000e5eb8e762e5af6990a5e09baf3e4,https://open.spotify.com/artist/0Ru4csqeEEzVZlC9LYb2Ky
"June 03, 2022",Síntomas de Techno: Ondas Electrónicas Subterráneas desde Perú (1985​-​1991),Various Artists,Experimental,Buh Records,"Lima, Peru",Jinhyung Kim,"Various Artists, Síntomas de Techno: Ondas Electrónicas Subterráneas desde Perú (1985​-​1991)",matched,7L6nq4Q1fHUM2tioFhHScz,https://open.spotify.com/album/7L6nq4Q1fHUM2tioFhHScz,0LyfQWJT6nXafLPZqxe9Of,Various Artists,Síntomas de Techno: Ondas Electrónicas Subterráneas Desde Perú (1985-1991),2022-06-03,day,compilation,9.0,https://i.scdn.co/image/ab67616d0000b273719ded166945ee05478a120d,,,,matched,https://i.scdn.co/image/ab6761610000e5eb6b134287e3095d2c84b7932a,https://open.spotify.com/artist/0LyfQWJT6nXafLPZqxe9Of
"June 02, 2022",Flying Doesn’t Help,Anthony Moore,Experimental,Independent Artist,"Saint Leonards, UK",Sunik Kim,"Anthony Moore, Flying Doesn’t Help",no_match,,,,,,,,,,,,,,,,
"June 01, 2022",The Afrorack,Afrorack,Electronic,HAKUNA KULALA,"Kampala, Uganda",John Morrison,"Afrorack, The Afrorack",matched,4ZpfDwkIXqBWT0B1aZBdtA,https://open.spotify.com/album/4ZpfDwkIXqBWT0B1aZBdtA,3pKiRvMjWOAkLWLeNq0XPU,Afrorack,The Afrorack,2022-05-27,day,album,9.0,https://i.scdn.co/image/ab67616d0000b273f40bf7658dc0b6205f81bc5a,,,,matched,https://i.scdn.co/image/ab67616d0000b273715505a894320f1b31401c6b,https://open.spotify.com/artist/3pKiRvMjWOAkLWLeNq0XPU
"May 31, 2022",Hyaline,Maria BC,Ambient,Independent Artist,,Ted Davis,"Maria BC, Hyaline",matched,6J1NeQ3OmX4LW5Yg9EhPjd,https://open.spotify.com/album/6J1NeQ3OmX4LW5Yg9EhPjd,1GRdVyqsikMsJrvHskjwry,Maria BC,Hyaline,2022-05-27,day,album,11.0,https://i.scdn.co/image/ab67616d0000b2736e5c349730a88a01c6673344,,,,matched,https://i.scdn.co/image/ab6761610000e5ebc7e88b4a7d32fcb1076dc850,https://open.spotify.com/artist/1GRdVyqsikMsJrvHskjwry
"May 27, 2022",Gone Girl,Magi Merlin,R&amp;B/Soul,Independent Artist,"Montreal, Québec",Brittny Pierre,"Magi Merlin, Gone Girl",matched,2T7fRyXghil0lQDvHNHa7n,https://open.spotify.com/album/2T7fRyXghil0lQDvHNHa7n,6uOvQgcFOmdzhunx7n83J2,Magi Merlin,Gone Girl,2022-05-27,day,album,7.0,https://i.scdn.co/image/ab67616d0000b2739a3516bf3f64d135a4b56914,,,,matched,https://i.scdn.co/image/ab6761610000e5eb6a4fecbbdbed6f4fa14073b3,https://open.spotify.com/artist/6uOvQgcFOmdzhunx7n83J2
"May 25, 2022",Pripyat,Marina Herlop,Experimental,Independent Artist,"Barcelona, Spain",Sam McLemore,"Marina Herlop, Pripyat",matched,0jwNPISM1nMtFfBqJvPnHE,https://open.spotify.com/album/0jwNPISM1nMtFfBqJvPnHE,4ZG4S6skttdVhHz08AjMhR,Marina Herlop,Pripyat,2022-05-20,day,album,7.0,https://i.scdn.co/image/ab67616d0000b2732eecebb8eeb2c135d7ff5b4b,,,,matched,https://i.scdn.co/image/ab6761610000e5ebc1bdf2d05ce8043d65a7841b,https://open.spotify.com/artist/4ZG4S6skttdVhHz08AjMhR
"May 24, 2022",Inside Out,Tourist,Electronic,Independent Artist,"London, UK",Will Pritchard,"Tourist, Inside Out",matched,5VSjUsRU41obhoHo0ghMO0,https://open.spotify.com/album/5VSjUsRU41obhoHo0ghMO0,2ABBMkcUeM9hdpimo86mo6,Tourist,Inside Out,2022-05-20,day,album,10.0,https://i.scdn.co/image/ab67616d0000b273b612dd83fcd8ca724ba54382,,,,matched,https://i.scdn.co/image/ab6761610000e5eb40ba24d03ba041fc74f30eba,https://open.spotify.com/artist/2ABBMkcUeM9hdpimo86mo6
"May 23, 2022",Personal Computer,Master Boot Record,Metal,MASTER BOOT RECORD,"Rome, Italy",Andrew Parks,"Master Boot Record, Personal Computer",matched,4kpwecE3iU3D431SaMBtrG,https://open.spotify.com/album/4kpwecE3iU3D431SaMBtrG,77s5NAGQbxu8oLstaqSwHE,MASTER BOOT RECORD,PERSONAL COMPUTER,2022-05-13,day,album,10.0,https://i.scdn.co/image/ab67616d0000b273a71f0689de6b3774e6985e15,,,,matched,https://i.scdn.co/image/ab6761610000e5eb152905907abce8efe58481c6,https://open.spotify.com/artist/77s5NAGQbxu8oLstaqSwHE
"May 20, 2022",Face the Wall,Jordana,Alternative,Independent Artist,"Los Angeles, California",Ruth Jiang,"Jordana, Face the Wall",matched,67ZGIrFqkFVQLqiZnGXAeL,https://open.spotify.com/album/67ZGIrFqkFVQLqiZnGXAeL,5Bw9kFNhy019e4IBCJZlzw,Jordana,Face The Wall,2022-05-20,day,album,10.0,https://i.scdn.co/image/ab67616d0000b2739fd84f63307d140c137a00de,,,,matched,https://i.scdn.co/image/ab6761610000e5eb856b7f7308eff9c24c17cb88,https://open.spotify.com/artist/5Bw9kFNhy019e4IBCJZlzw
"May 19, 2022",DEATHFAME,Quelle Chris,Hip-Hop/Rap,Independent Artist,"Detroit, Michigan",Phillip Mlynar,"Quelle Chris, DEATHFAME",matched,4mgxTmIBJgjV2kzwL8MdjS,https://open.spotify.com/album/4mgxTmIBJgjV2kzwL8MdjS,2SlUrJAcTYbWR8GcmB9IEi,Quelle Chris,Deathfame,2022-05-13,day,album,14.0,https://i.scdn.co/image/ab67616d0000b2738e4a66e6f2b3f9ef593e2ce9,,,,matched,https://i.scdn.co/image/ab6761610000e5ebc36277a70171d07015fe12b1,https://open.spotify.com/artist/2SlUrJAcTYbWR8GcmB9IEi
"May 18, 2022",EG2: Dowsing Voice,Emma Ruth Rundle,Experimental,Independent Artist,"Portland, Oregon",Amaya Garcia,"Emma Ruth Rundle, EG2: Dowsing Voice",no_match,,,,,,,,,,,,,,,,
"May 17, 2022",A Light for Attracting Attention,The Smile,Alternative,Independent Artist,"Oxford, UK",Andy Beta,"The Smile, A Light for Attracting Attention",matched,009EjjwUjtdjvH7UP0wHzi,https://open.spotify.com/album/009EjjwUjtdjvH7UP0wHzi,6styCzc1Ej4NxISL0LiigM,The Smile,A Light for Attracting Attention,2022-05-13,day,album,13.0,https://i.scdn.co/image/ab67616d0000b273423ac018d0ec2301e40948a0,,,,matched,https://i.scdn.co/image/ab6761610000e5ebb43db49ce029948457972352,https://open.spotify.com/artist/6styCzc1Ej4NxISL0LiigM
"May 16, 2022",Bi Cinnete Bakar,Lalalar,Funk,Independent Artist,"İstanbul, Turkey",Joshua Minsoo Kim,"Lalalar, Bi Cinnete Bakar",matched,1mquqLFUgoWjvIht7pWb9V,https://open.spotify.com/album/1mquqLFUgoWjvIht7pWb9V,6CWQ7KWveleaeFagKCz26T,Lalalar,Bi Cinnete Bakar,2022-05-06,day,album,15.0,https://i.scdn.co/image/ab67616d0000b27332b2239b36bd339c2e09e3e8,,,,matched,https://i.scdn.co/image/ab6761610000e5eba63747eeb65da7702d746336,https://open.spotify.com/artist/6CWQ7KWveleaeFagKCz26T
"May 13, 2022",The Last Thing Left,Say Sue Me,Rock,Say Sue Me 세이수미,"Busan, South Korea",Jude Noel,"Say Sue Me, The Last Thing Left",matched,72cFlLceKsrnhEOMugnHNj,https://open.spotify.com/album/72cFlLceKsrnhEOMugnHNj,4tvbo17gXpYgSr8sTlkaby,Say Sue Me,The Last Thing Left,2022-05-13,day,album,10.0,https://i.scdn.co/image/ab67616d0000b273c184349f244d295f8242f850,,,,matched,https://i.scdn.co/image/ab6761610000e5eb12c80e0eb6780a7bdff89695,https://open.spotify.com/artist/4tvbo17gXpYgSr8sTlkaby
"May 12, 2022",Phototroph,Moon Tooth,Rock,Independent Artist,,Brad Sanders,"Moon Tooth, Phototroph",matched,0yUaaeiII1xyniv3cSqN1o,https://open.spotify.com/album/0yUaaeiII1xyniv3cSqN1o,7ssGZO3qDsbwCaBOBcQ4aA,Moon Tooth,Phototroph,2022-05-13,day,album,11.0,https://i.scdn.co/image/ab67616d0000b273a3047033e1900a48588d7dbe,,,,matched,https://i.scdn.co/image/ab6761610000e5eba7eb5a600c4084afe07ee542,https://open.spotify.com/artist/7ssGZO3qDsbwCaBOBcQ4aA
"May 11, 2022",The Rise & Fall Of Jaymie Silk & Rave Culture,Jaymie Silk,Electronic,Independent Artist,"Paris, France",Joe Muggs,"Jaymie Silk, The Rise & Fall Of Jaymie Silk & Rave Culture",matched,1NEXyiV89bhqIObxJs9vzn,https://open.spotify.com/album/1NEXyiV89bhqIObxJs9vzn,3OvgRSozWRb0Tu1yqblOfr,Jaymie Silk,The Rise & Fall Of Jaymie Silk & Rave Culture,2022-05-06,day,album,8.0,https://i.scdn.co/image/ab67616d0000b273d7418de54ad5cecb63fc2932,,,,matched,https://i.scdn.co/image/ab6761610000e5eb27b848fc87a767e13318273d,https://open.spotify.com/artist/3OvgRSozWRb0Tu1yqblOfr
"May 10, 2022",Regrowth,Kalia Vandever,Classical,Independent Artist,"Brooklyn, New York",Vanessa Ague,"Kalia Vandever, Regrowth",matched,3OlYRSrmaj5AeLgUi6t9Qw,https://open.spotify.com/album/3OlYRSrmaj5AeLgUi6t9Qw,2eFIJMz1OPMcyyqxVbh8tL,Kalia Vandever,Regrowth,2022-05-06,day,album,8.0,https://i.scdn.co/image/ab67616d0000b27315fb8d766f168133972742ad,,,,matched,https://i.scdn.co/image/ab6761610000e5eb7b52861ebcbce9e40719341d,https://open.spotify.com/artist/2eFIJMz1OPMcyyqxVbh8tL
"May 09, 2022",Hydroplane,Hydroplane,Alternative,Independent Artist,"Melbourne, Australia",Shy Clara Thompson,"Hydroplane, Hydroplane",matched,4FUKkdHaowXuk8KWJv7Spe,https://open.spotify.com/album/4FUKkdHaowXuk8KWJv7Spe,7eqFqkzQ3HTB9RyR9QtsPt,Hydroplane,Hydroplane,2022-05-06,day,album,14.0,https://i.scdn.co/image/ab67616d0000b273f6723d1f448737722118b645,,,,matched,https://i.scdn.co/image/ab6761610000e5eba8c6d17459e4671815d02f2c,https://open.spotify.com/artist/7eqFqkzQ3HTB9RyR9QtsPt
"May 06, 2022",A Bit of Previous,Belle & Sebastian,Alternative,Belle and Sebastian,"Glasgow, UK",Charlie Zaillian,"Belle & Sebastian, A Bit of Previous",matched,2VWqqmcIjjzdzayaawToIU,https://open.spotify.com/album/2VWqqmcIjjzdzayaawToIU,4I2BJf80C0skQpp1sQmA0h,Belle and Sebastian,A Bit of Previous,2022-05-06,day,album,12.0,https://i.scdn.co/image/ab67616d0000b273d59a82906bf6e03df83082f7,,,,matched,https://i.scdn.co/image/ab6761610000e5eb6a456088b3e6c53b6501502c,https://open.spotify.com/artist/4I2BJf80C0skQpp1sQmA0h
"May 05, 2022",A Chant About the Beauty of the Moon at Night: Hawaiian Steel Guitar Masters 1913-1921,Various Artists,,Magnificent Sounds Records,"Buffalo, New York",Shy Clara Thompson,"Various Artists, A Chant About the Beauty of the Moon at Night: Hawaiian Steel Guitar Masters 1913-1921",no_match,,,,,,,,,,,,,,,,
"May 04, 2022",Air Born,Varnrable,Alternative,Independent Artist,"Copenhagen, Denmark",Elle Carroll,"Varnrable, Air Born",matched,0ls4psJxLvTkEkV4rqZJgl,https://open.spotify.com/album/0ls4psJxLvTkEkV4rqZJgl,0iQfg54FwLvBWOMuludW1X,Varnrable,Air Born,2022-04-29,day,album,10.0,https://i.scdn.co/image/ab67616d0000b273a3ef238905c663ba10040ab5,,,,matched,https://i.scdn.co/image/ab6761610000e5ebd7b4569fd5f58e0b5a2a5538,https://open.spotify.com/artist/0iQfg54FwLvBWOMuludW1X
"May 03, 2022",Where’s The One?,Congotronics International,Rock,Independent Artist,,Andy Beta,"Congotronics International, Where’s The One?",no_match,,,,,,,,,,,,,,,,
"May 02, 2022",No Island,Winged Wheel,Experimental,Winged Wheel,"Detroit, Michigan",Erin Margaret Day,"Winged Wheel, No Island",matched,0hEjmt22wVOPEXq2mhk1Uw,https://open.spotify.com/album/0hEjmt22wVOPEXq2mhk1Uw,3oxlQvJbiZ8bioc2884tIn,Winged Wheel,No Island,2022-04-21,day,album,8.0,https://i.scdn.co/image/ab67616d0000b273896fcd0e5d00ef313e24198f,,,,matched,https://i.scdn.co/image/ab67616d0000b2732a82a771635e7d302fb864a6,https://open.spotify.com/artist/3oxlQvJbiZ8bioc2884tIn
"April 29, 2022",… y que Calvos!,Los Calvos,Latin,Independent Artist,"Caracas, Venezuela",Richard Villegas,"Los Calvos, … y que Calvos!",matched,6rBsJGxW3vgRs0yfw2ZGVl,https://open.spotify.com/album/6rBsJGxW3vgRs0yfw2ZGVl,7EysVBxbAXcaVkrvgZ3a2z,Los Calvos,...Y Que Calvos,2022-04-29,day,album,10.0,https://i.scdn.co/image/ab67616d0000b2739f3d1cde3f3f4f98fd9dad29,,,,matched,https://i.scdn.co/image/ab6761610000e5ebdd3ef5ead7ddd961a592132c,https://open.spotify.com/artist/7EysVBxbAXcaVkrvgZ3a2z
"April 28, 2022",Void,SCALPING,Electronic,SCALER,"Bristol, UK",Colin Joyce,"SCALPING, Void",no_match,,,,,,,,,,,,,,,,
"April 27, 2022",WEMA,WEMA,World,Independent Artist,"London, UK",Piotr Orlov,"WEMA, WEMA",matched,7wopc0xgBoZnqA0nIYfHnS,https://open.spotify.com/album/7wopc0xgBoZnqA0nIYfHnS,5aPv7qXVKLZfs9p4d8fnAE,WEMA,WEMA,2022-04-29,day,album,15.0,https://i.scdn.co/image/ab67616d0000b27347c2055f95e8756f4dc9c7ff,,,,matched,https://i.scdn.co/image/ab6761610000e5ebb15a5751da5179a04c3805de,https://open.spotify.com/artist/5aPv7qXVKLZfs9p4d8fnAE
"April 26, 2022",everything perfect is already here,claire rousay,Experimental,Independent Artist,"Los Angeles, California",Miles Bowe,"claire rousay, everything perfect is already here",matched,2xqLXbxaqNAssDSmbsTQn4,https://open.spotify.com/album/2xqLXbxaqNAssDSmbsTQn4,24KMaDNklCLuxhzamE6tmq,claire rousay,everything perfect is already here,2022-04-22,day,album,2.0,https://i.scdn.co/image/ab67616d0000b273419f5435dbe775e245234a8e,,,,matched,https://i.scdn.co/image/ab6761610000e5eb2b6f6b6f99ba0adcebf9d6e7,https://open.spotify.com/artist/24KMaDNklCLuxhzamE6tmq
"April 25, 2022",Crime of Passing,Crime of Passing,Punk,Independent Artist,"Cincinnati, Ohio",Kerry Cardoza,"Crime of Passing, Crime of Passing",matched,5XB6fMRSN8AarArQ0jZiA3,https://open.spotify.com/album/5XB6fMRSN8AarArQ0jZiA3,0WGypnZT1r7eqYO19uzv2s,Crime of Passing,Crime of Passing,2022-04-22,day,album,9.0,https://i.scdn.co/image/ab67616d0000b2731035a3dd164e6c521894bf82,,,,matched,https://i.scdn.co/image/ab6761610000e5ebf3650363ec1c6c12ed312d54,https://open.spotify.com/artist/0WGypnZT1r7eqYO19uzv2s
"April 22, 2022",HOP HOP,Tigris,Funk,Independent Artist,"Tel Aviv, Israel",Dave Jenkins,"Tigris, HOP HOP",matched,756VOPrvHeZ4dYMO8BsOmn,https://open.spotify.com/album/756VOPrvHeZ4dYMO8BsOmn,3fSf7W66IrgqJSczEsmHOH,TIGRIS,HOP HOP,2022-04-20,day,album,8.0,https://i.scdn.co/image/ab67616d0000b273c7ff105d930afc518a6713a5,,,,matched,https://i.scdn.co/image/ab67616d0000b273c7ff105d930afc518a6713a5,https://open.spotify.com/artist/3fSf7W66IrgqJSczEsmHOH
"April 21, 2022",imagine naked!,OHYUNG,Ambient,Independent Artist,"New York, New York",Ruth Jiang,"OHYUNG, imagine naked!",matched,7mrQXwxxsg3uQpdJqraTsk,https://open.spotify.com/album/7mrQXwxxsg3uQpdJqraTsk,15Va8zoP4v4Z3T8qwCYAXG,OHYUNG,imagine naked!,2022-04-22,day,album,11.0,https://i.scdn.co/image/ab67616d0000b2731314c3a9b674ca9b8c1f4af9,,,,matched,https://i.scdn.co/image/ab6761610000e5eb367ffafd5f2e406537f23193,https://open.spotify.com/artist/15Va8zoP4v4Z3T8qwCYAXG
"April 20, 2022",Incubator,Primer,Alternative,Independent Artist,"Los Angeles, California",Tasha Viets-VanLear,"Primer, Incubator",matched,2UBP5LTRPorrjG65xfmeNS,https://open.spotify.com/album/2UBP5LTRPorrjG65xfmeNS,0RZs9ZOXkINVtC9rnV24MI,Primer,Incubator,2022-04-15,day,album,10.0,https://i.scdn.co/image/ab67616d0000b27397f319783d9f11705b3e8a3d,,,,matched,https://i.scdn.co/image/ab6761610000e5ebd6c3ffdb2a9fbdd7ddecfbc5,https://open.spotify.com/artist/0RZs9ZOXkINVtC9rnV24MI
"April 19, 2022",SOS,Straw Man Army,Punk,LA VIDA ES UN MUS DISCOS,"London, UK",JJ Skolnik,"Straw Man Army, SOS",matched,0n1Y4V5Tp1dHiPVIsgjsor,https://open.spotify.com/album/0n1Y4V5Tp1dHiPVIsgjsor,6rFhssJkbBIptBACb7mfSB,Straw Man Army,SOS,2022-04-15,day,album,13.0,https://i.scdn.co/image/ab67616d0000b2736bfb36dfe1c934b0a3470d2d,,,,matched,https://i.scdn.co/image/ab67616d0000b2731bcea50a83c918561b64d8df,https://open.spotify.com/artist/6rFhssJkbBIptBACb7mfSB
"April 18, 2022",Dreams Drenched in Static,Cremation Lily,Metal,Independent Artist,"England, UK",Louis Pattison,"Cremation Lily, Dreams Drenched in Static",matched,1gKIGL5LlqZXEaECt2Ydbe,https://open.spotify.com/album/1gKIGL5LlqZXEaECt2Ydbe,0cLSrHAGimBuxfOfgyRvPg,Cremation Lily,Dreams Drenched in Static,2022-04-15,day,album,10.0,https://i.scdn.co/image/ab67616d0000b2730d57166570ec56b47226a0d1,,,,matched,https://i.scdn.co/image/ab6761610000e5eb38e64d2021b33ae6468bf3d1,https://open.spotify.com/artist/0cLSrHAGimBuxfOfgyRvPg
"April 15, 2022",Aethiopes,billy woods,Hip-Hop/Rap,Independent Artist,"New York, New York",Phillip Mlynar,"billy woods, Aethiopes",matched,5wTUw3RhMlfZhiejI3qmFq,https://open.spotify.com/album/5wTUw3RhMlfZhiejI3qmFq,39vtb2iiz3079nqfL5nfFc,billy woods,Aethiopes,2022-04-08,day,album,13.0,https://i.scdn.co/image/ab67616d0000b2734f8a28641c1969557280ef9f,,,,matched,https://i.scdn.co/image/ab6761610000e5eb5175bd62c4f1c1d8436a0a16,https://open.spotify.com/artist/39vtb2iiz3079nqfL5nfFc
"April 14, 2022",Papillon de Nuit: The Night Butterfly,Tanika Charles,R&amp;B/Soul,Independent Artist,Toronto,Piotr Orlov,"Tanika Charles, Papillon de Nuit: The Night Butterfly",matched,1umzlgmfi2EQDJxM3B8C2f,https://open.spotify.com/album/1umzlgmfi2EQDJxM3B8C2f,0BYgmolIl2cU1K2XZa7N7I,Tanika Charles,Papillon de Nuit: The Night Butterfly,2022-04-08,day,album,11.0,https://i.scdn.co/image/ab67616d0000b2734976f6efea4555fcca6d6954,,,,matched,https://i.scdn.co/image/ab6761610000e5eb6dd4388df6f050e71d9c6951,https://open.spotify.com/artist/0BYgmolIl2cU1K2XZa7N7I
"April 13, 2022","Live in New York City, February 8, 1975",Alan Braufman,Jazz,Independent Artist,"New York, New York",Britt Robson,"Alan Braufman, Live in New York City, February 8, 1975",matched,4Hnv8GaFa8kQgOUn1WeJtM,https://open.spotify.com/album/4Hnv8GaFa8kQgOUn1WeJtM,2e0U1o784LrLomZQcvKH6H,Alan Braufman,"Live in New York City, February 8, 1975",2022-04-08,day,album,18.0,https://i.scdn.co/image/ab67616d0000b27387a246608881a818d9c82703,,,,matched,https://i.scdn.co/image/ab6761610000e5ebd05059fd65ce457fba856c89,https://open.spotify.com/artist/2e0U1o784LrLomZQcvKH6H
"April 12, 2022",Other Ways of Living,Local Tourist,Rock,Independent Artist,Virginia,Annie Zaleski,"Local Tourist, Other Ways of Living",matched,7dB0lRpJlilrKojRaOP9Ce,https://open.spotify.com/album/7dB0lRpJlilrKojRaOP9Ce,36NztS16NkZkNK7bQPrkDK,Local Tourist,Other Ways of Living,2022-04-08,day,album,8.0,https://i.scdn.co/image/ab67616d0000b27359bc3ad4a3544ac99c1393b0,,,,matched,https://i.scdn.co/image/ab6761610000e5eb77f0cb92e89b0c609ca4fb59,https://open.spotify.com/artist/36NztS16NkZkNK7bQPrkDK
"April 11, 2022",Viento Sur,Various Artists,Experimental,Vampisoul,"Madrid, Spain",Andy Beta,"Various Artists, Viento Sur",matched,3y7FPKaRc0EezSpCJQ8yrK,https://open.spotify.com/album/3y7FPKaRc0EezSpCJQ8yrK,0LyfQWJT6nXafLPZqxe9Of,Various Artists,Viento Sur (Experimental & Fusion Music From Argentina),2022-04-08,day,compilation,11.0,https://i.scdn.co/image/ab67616d0000b273ffc83c884164acf9c15108ac,,,,matched,https://i.scdn.co/image/ab6761610000e5eb6b134287e3095d2c84b7932a,https://open.spotify.com/artist/0LyfQWJT6nXafLPZqxe9Of
"April 08, 2022",Tuqoos | طُقُوس,Julmud,Electronic,Bilna&#39;es بالناقص,Palestine,James Gui,"Julmud, Tuqoos | طُقُوس",no_match,,,,,,,,,,,,,,,,
"April 07, 2022",Nothing’s Ever Fine,Oceanator,Alternative,Independent Artist,New York,Elle Carroll,"Oceanator, Nothing’s Ever Fine",no_match,,,,,,,,,,,,,,,,
"April 06, 2022",I Just Want To Be A Good Man,Pastor Champion,Devotional,Independent Artist,"Oakland, California",John Morrison,"Pastor Champion, I Just Want To Be A Good Man",matched,0HSdpGAtUNq9luyOaSyU42,https://open.spotify.com/album/0HSdpGAtUNq9luyOaSyU42,4ldHbK9IHABtDHGqu75e3O,Pastor Champion,I Just Want to Be a Good Man,2022-04-01,day,album,10.0,https://i.scdn.co/image/ab67616d0000b27398c06686548619803904cd19,,,,matched,https://i.scdn.co/image/ab6772690000c46c5527ad6d11915fb85087c7ef,https://open.spotify.com/artist/4ldHbK9IHABtDHGqu75e3O
"April 05, 2022",THE UNRAVELING OF PUPTHEBAND,PUP,Punk,Independent Artist,"Toronto, Ontario",Charlie Zaillian,"PUP, THE UNRAVELING OF PUPTHEBAND",matched,7sGOQncTJ6iMPl4RZUv42N,https://open.spotify.com/album/7sGOQncTJ6iMPl4RZUv42N,6A7uqgC2N1nUhrCLAytHxN,PUP,THE UNRAVELING OF PUPTHEBAND,2022-04-01,day,album,12.0,https://i.scdn.co/image/ab67616d0000b273ff5609202474fa98133a8653,,,,matched,https://i.scdn.co/image/ab6761610000e5eb13a016fd3b4bcca7a22e5d2d,https://open.spotify.com/artist/6A7uqgC2N1nUhrCLAytHxN
"April 04, 2022",Midnight Rocker,Horace Andy,Reggae,Independent Artist,"Kingston, Jamaica",John Morrison,"Horace Andy, Midnight Rocker",matched,7IXCeod59EH4biom5rxQsl,https://open.spotify.com/album/7IXCeod59EH4biom5rxQsl,2ieAXAuLe6qQ3RJsqCxpoC,Horace Andy,Midnight Rocker,2022-04-08,day,album,10.0,https://i.scdn.co/image/ab67616d0000b273584b685aaa773fd47d4af1ef,,,,matched,https://i.scdn.co/image/ab6772690000c46ca60968641586880e27d0daff,https://open.spotify.com/artist/2ieAXAuLe6qQ3RJsqCxpoC
"April 01, 2022",The Leather Lemon,P.E.,Alternative,Independent Artist,"Brooklyn, New York",Andrew Parks,"P.E., The Leather Lemon",matched,5l6xWFVL90BmW5x3V8IUVX,https://open.spotify.com/album/5l6xWFVL90BmW5x3V8IUVX,6vDz2Cxho567iMF53qsw2Q,P.E.,The Leather Lemon,2022-03-25,day,album,10.0,https://i.scdn.co/image/ab67616d0000b273876b3d14bb15d9858b22ff0a,,,,matched,https://i.scdn.co/image/ab6761610000e5eb6bbb1112fb5902fc8994f49e,https://open.spotify.com/artist/6vDz2Cxho567iMF53qsw2Q
"March 31, 2022",Key to a Vanishing Future,Falls of Rauros,Metal,Gilead Media,"Oshkosh, Wisconsin",Ben Salmon,"Falls of Rauros, Key to a Vanishing Future",matched,0MxXLX6lLvygwbFsepAK2x,https://open.spotify.com/album/0MxXLX6lLvygwbFsepAK2x,4Y5CKbAT8fHWEbpLGFNygB,Falls of Rauros,Key to a Vanishing Future,2022-03-25,day,album,6.0,https://i.scdn.co/image/ab67616d0000b2735e1d982439f746e4e56b58e2,,,,matched,https://i.scdn.co/image/ab6761610000e5ebf623b145b0d797eed5d26346,https://open.spotify.com/artist/4Y5CKbAT8fHWEbpLGFNygB
"March 30, 2022",Whatever The Weather,Whatever The Weather,Ambient,Independent Artist,"London, UK",Ted Davis,"Whatever The Weather, Whatever The Weather",matched,1WL4LG5vRVBARp8QI5wA5O,https://open.spotify.com/album/1WL4LG5vRVBARp8QI5wA5O,49y4h4GL1qZZ3KwYIb9NfQ,Whatever The Weather,Whatever The Weather,2022-04-08,day,album,11.0,https://i.scdn.co/image/ab67616d0000b273a073010ca13b517bcceb852b,,,,matched,https://i.scdn.co/image/ab6761610000e5eb396889aaa8e2d505df24ffa9,https://open.spotify.com/artist/49y4h4GL1qZZ3KwYIb9NfQ
"March 29, 2022",Mabanzo,Juanita Euka,Latin,Independent Artist,"London, UK",Amaya Garcia,"Juanita Euka, Mabanzo",matched,27YMkY29ejf68IpDywP91w,https://open.spotify.com/album/27YMkY29ejf68IpDywP91w,5a7zFB39QFXzf8amit9zJh,Juanita Euka,Mabanzo,2022-03-25,day,album,12.0,https://i.scdn.co/image/ab67616d0000b2734b55ab5a7014bc5cb98fe61a,,,,matched,https://i.scdn.co/image/ab6761610000e5ebc8f63e825cb7c7146090f8e0,https://open.spotify.com/artist/5a7zFB39QFXzf8amit9zJh
"March 28, 2022",Electricity,Ibibio Sound Machine,World,Independent Artist,UK,Saby Reyes-Kulkarni,"Ibibio Sound Machine, Electricity",matched,3xAIjrk5sUi8ELOMk8ZLD5,https://open.spotify.com/album/3xAIjrk5sUi8ELOMk8ZLD5,4J6CnIqPEtWYn3la2YYj2c,Ibibio Sound Machine,Electricity,2022-03-25,day,album,12.0,https://i.scdn.co/image/ab67616d0000b2739921e83c357bc5a21fbaac68,,,,matched,https://i.scdn.co/image/ab6761610000e5eb623013c295e33d19c512ba28,https://open.spotify.com/artist/4J6CnIqPEtWYn3la2YYj2c
"March 25, 2022",Warm Chris,Aldous Harding,Folk,Independent Artist,New Zealand,Mariana Timony,"Aldous Harding, Warm Chris",matched,56rWsCsd2UF9l1XTpUfZ1v,https://open.spotify.com/album/56rWsCsd2UF9l1XTpUfZ1v,3lmR0qMiGuoIF9UC54egcG,Aldous Harding,Warm Chris,2022-03-25,day,album,10.0,https://i.scdn.co/image/ab67616d0000b27392ac6168fdf9911d5d6d49c7,,,,matched,https://i.scdn.co/image/ab6761610000e5eb871a0b81a51fd252770cb714,https://open.spotify.com/artist/3lmR0qMiGuoIF9UC54egcG
"March 24, 2022",Medhead,Cosmo Vitelli,Electronic,Independent Artist,"Berlin, Germany",Miles Bowe,"Cosmo Vitelli, Medhead",matched,3zw7lYDnI5AWGY5kIT0C4M,https://open.spotify.com/album/3zw7lYDnI5AWGY5kIT0C4M,0mFsbKrHaJDM5DgL8g3Ke3,Cosmo Vitelli,Medhead,2022-03-18,day,album,8.0,https://i.scdn.co/image/ab67616d0000b27393d4b6f18d0fab815aa426dd,,,,matched,https://i.scdn.co/image/ab67616d0000b27393d4b6f18d0fab815aa426dd,https://open.spotify.com/artist/0mFsbKrHaJDM5DgL8g3Ke3
"March 23, 2022",Laminated Skies,Raw Poetic and Damu The Fudgemunk,Hip-Hop/Rap,Raw Poetic,"Washington, D.C.",John Morrison,"Raw Poetic and Damu The Fudgemunk, Laminated Skies",no_match,,,,,,,,,,,,,,,,
"March 22, 2022",Between Two Worlds / Entre Dos Mundos,Amaru Tribe,Latin,Independent Artist,"Melbourne, Australia",Rebecca Bodenheimer,"Amaru Tribe, Between Two Worlds / Entre Dos Mundos",no_match,,,,,,,,,,,,,,,,
"March 21, 2022",The Art of Flight: For Alvin Fielder,Survival Unit III,Jazz,Independent Artist,"Poughkeepsie, New York",Peter Margasak,"Survival Unit III, The Art of Flight: For Alvin Fielder",matched,670u8R0GffzH8LzV8bMKwP,https://open.spotify.com/album/670u8R0GffzH8LzV8bMKwP,3BIPzUbtxAWZhmfBaE0QU1,Survival Unit III,The Art of Flight: For Alvin Fielder,2022-03-18,day,album,5.0,https://i.scdn.co/image/ab67616d0000b2730ff83482a88e8137d4e5b384,,,,matched,https://i.scdn.co/image/ab67616d0000b273d8dfc2c899ddf5efe8f7db39,https://open.spotify.com/artist/3BIPzUbtxAWZhmfBaE0QU1
"March 18, 2022",Holy Body Roll,A. Billi Free & The Lasso,Funk,The Lasso,Michigan,Amaya Garcia,"A. Billi Free & The Lasso, Holy Body Roll",no_match,,,,,,,,,,,,,,,,
"March 17, 2022",Yayoyanoh,Yayoyanoh,Electronic,Precious Metals,"London, UK",John Morrison,"Yayoyanoh, Yayoyanoh",matched,0sLb7JvQEuIoe1eXe35jsA,https://open.spotify.com/album/0sLb7JvQEuIoe1eXe35jsA,0fzgjxZTQn4E7y3MGPI3AC,Yayoyanoh,Yayoyanoh,2022-03-11,day,album,14.0,https://i.scdn.co/image/ab67616d0000b2737bf34c28f18447ab57e08b26,,,,matched,https://i.scdn.co/image/ab6761610000e5eb089c9950fbcb9e138afa7540,https://open.spotify.com/artist/0fzgjxZTQn4E7y3MGPI3AC
"March 16, 2022",V4 Visions: Of Love & Androids,Various Artists,R&amp;B/Soul,V4 Visions,"London, UK",Blake Gillespie,"Various Artists, V4 Visions: Of Love & Androids",matched,03LiljlCkJwcsr7zON8tLb,https://open.spotify.com/album/03LiljlCkJwcsr7zON8tLb,0LyfQWJT6nXafLPZqxe9Of,Various Artists,V4 Visions: Of Love & Androids,2022-03-11,day,compilation,18.0,https://i.scdn.co/image/ab67616d0000b2736044bd57f3b37f6e36134466,,,,matched,https://i.scdn.co/image/ab6761610000e5eb6b134287e3095d2c84b7932a,https://open.spotify.com/artist/0LyfQWJT6nXafLPZqxe9Of
"March 15, 2022",Crease,Kee Avil,Experimental,Independent Artist,"Montreal, Québec",Miles Bowe,"Kee Avil, Crease",matched,5HrRbXAcV7NZ2G2Z2ghcF6,https://open.spotify.com/album/5HrRbXAcV7NZ2G2Z2ghcF6,178F3Nm61BKsUtDP3egSoR,Kee Avil,Crease,2022-03-11,day,album,10.0,https://i.scdn.co/image/ab67616d0000b2732748be3984582ffd0f82971e,,,,matched,https://i.scdn.co/image/ab6761610000e5eb1819de6c2222757907a40972,https://open.spotify.com/artist/178F3Nm61BKsUtDP3egSoR
"March 14, 2022",ONDAMICUNDERDACOZMICLYTZ,NAPPYNAPPA,Hip-Hop/Rap,Independent Artist,"Washington, D.C.",Jonathan Williger,"NAPPYNAPPA, ONDAMICUNDERDACOZMICLYTZ",matched,330jFkrOwXTJCirDpplPek,https://open.spotify.com/album/330jFkrOwXTJCirDpplPek,65NidLkO1RYt4w4ioYdm4v,NAPPYNAPPA,ONDAMICUNDERDACOZMICLYTZ,2022-03-11,day,album,10.0,https://i.scdn.co/image/ab67616d0000b273065b3bf9a13a3a42906f49b8,,,,matched,https://i.scdn.co/image/ab6761610000e5ebb1278f40db7096f6776512c1,https://open.spotify.com/artist/65NidLkO1RYt4w4ioYdm4v
"March 11, 2022",Meadow Flower,Star Party,Punk,Independent Artist,"Seattle, Washington",Ben Salmon,"Star Party, Meadow Flower",matched,63UBS69g0oKwbhJahsvpDt,https://open.spotify.com/album/63UBS69g0oKwbhJahsvpDt,1lyf6RStyflycSWTv6BpCl,Star Party,Meadow Flower,2022-03-11,day,album,8.0,https://i.scdn.co/image/ab67616d0000b273d40c44b98e5971a292010557,,,,matched,https://i.scdn.co/image/ab6761610000e5eb2c14cd02f9308bd639392b87,https://open.spotify.com/artist/1lyf6RStyflycSWTv6BpCl
"March 10, 2022",Too Small to Be a Plain,Lia Kohl,Experimental,SHINKOYO / ARTIST POOL,,Shy Clara Thompson,"Lia Kohl, Too Small to Be a Plain",matched,2OVqLLrLSia0G7qRZBFC14,https://open.spotify.com/album/2OVqLLrLSia0G7qRZBFC14,2rEgtrYH7OM54i96WMze8s,Lia Kohl,Too Small to be a Plain,2022-03-04,day,album,6.0,https://i.scdn.co/image/ab67616d0000b2734c843aa8a45c5c474e32e3ca,,,,matched,https://i.scdn.co/image/ab6761610000e5ebfa037ff6ee90e66fae7c5666,https://open.spotify.com/artist/2rEgtrYH7OM54i96WMze8s
"March 09, 2022",IV,Letting Up Despite Great Faults,Alternative,Independent Artist,"Los Angeles, California",Jude Noel,"Letting Up Despite Great Faults, IV",matched,22zgU3sjrM9qbnMksqPgEM,https://open.spotify.com/album/22zgU3sjrM9qbnMksqPgEM,0xTjrY68V2oc6mOUKXBvv8,Letting Up Despite Great Faults,IV,2022-03-04,day,album,10.0,https://i.scdn.co/image/ab67616d0000b2730f6bbf63577a9eff65f6b1bd,,,,matched,https://i.scdn.co/image/ab6761610000e5eba012508a0a7afb6e8dd0602f,https://open.spotify.com/artist/0xTjrY68V2oc6mOUKXBvv8
"March 08, 2022","The Tunnel, The Well, Holy Bedlam",JIRM,Rock,Ripple Music,"San Ramon, California",Jeff Terich,"JIRM, The Tunnel, The Well, Holy Bedlam",matched,7cugPMh9biP5u1XDzDlxK6,https://open.spotify.com/album/7cugPMh9biP5u1XDzDlxK6,4AztGy3STP83W7CQw0xHdz,JIRM,"The Tunnel, The Well, Holy Bedlam",2022-03-04,day,album,6.0,https://i.scdn.co/image/ab67616d0000b27311abdafbe82b49143c7f1ea1,,,,matched,https://i.scdn.co/image/ab6761610000e5eba97e5e0edf201e3c61d0d014,https://open.spotify.com/artist/4AztGy3STP83W7CQw0xHdz
"March 07, 2022",Maloo,Maylee Todd,,Independent Artist,"Los Angeles, California",Tasha Viets-VanLear,"Maylee Todd, Maloo",matched,3yEjOZEqS72I0ykBEQ5YcO,https://open.spotify.com/album/3yEjOZEqS72I0ykBEQ5YcO,1fJYXB9ZFQbNduuZX4jyFl,Maylee Todd,Maloo,2022-03-04,day,album,11.0,https://i.scdn.co/image/ab67616d0000b27317ccf85fedea2a70b8a57a46,,,,matched,https://i.scdn.co/image/ab6761610000e5ebcfd9002ea455c41ea5d083cc,https://open.spotify.com/artist/1fJYXB9ZFQbNduuZX4jyFl
"March 04, 2022",It Was a Home,KAINA,R&amp;B/Soul,Independent Artist,"Chicago, Illinois",Amaya Garcia,"KAINA, It Was a Home",matched,58P2lPtss9SD7sA4RIeESu,https://open.spotify.com/album/58P2lPtss9SD7sA4RIeESu,7c6eQSFEfIt9rV3gh4cgtj,KAINA,It Was a Home,2022-03-04,day,album,12.0,https://i.scdn.co/image/ab67616d0000b273b6435a19c0a12b46806bf58c,,,,matched,https://i.scdn.co/image/ab6761610000e5eb04e7c2c591c4db0d5f16c59f,https://open.spotify.com/artist/7c6eQSFEfIt9rV3gh4cgtj
"March 03, 2022","Fiscal, Remote, Distilled",Blanche Blanche Blanche,Experimental,Fievel Is Glauque,"Brooklyn, New York",Miles Bowe,"Blanche Blanche Blanche, Fiscal, Remote, Distilled",matched,6aEFjgSyjg5x4MunrEUUxs,https://open.spotify.com/album/6aEFjgSyjg5x4MunrEUUxs,7JeNArX0xCiZNKVjlaC68g,Blanche Blanche Blanche,"Fiscal, Remote, Distilled",2022-02-14,day,album,13.0,https://i.scdn.co/image/ab67616d0000b2736256bc1b7ece77bd64941390,,,,matched,https://i.scdn.co/image/ab6761610000e5ebd118b9b6f4f12ab73ecbf856,https://open.spotify.com/artist/7JeNArX0xCiZNKVjlaC68g
"March 02, 2022",Jupiter’s Purse,MATTIE,R&amp;B/Soul,Independent Artist,"Dallas, Texas",Tasha Viets-VanLear,"MATTIE, Jupiter’s Purse",no_match,,,,,,,,,,,,,,,,
"March 01, 2022",Strawberry,Caroline Loveglow,Pop,Independent Artist,"Los Angeles, California",Ed Blair,"Caroline Loveglow, Strawberry",matched,1Gpmq1FGkdS5UprABmXqnC,https://open.spotify.com/album/1Gpmq1FGkdS5UprABmXqnC,3j0n7TWGvwhPBMBWPbuasr,Caroline Loveglow,Strawberry,2022-02-25,day,album,8.0,https://i.scdn.co/image/ab67616d0000b27312e7bdd8917a16b94a08aa8f,,,,matched,https://i.scdn.co/image/ab6761610000e5ebf748846c5d84d121b9abf862,https://open.spotify.com/artist/3j0n7TWGvwhPBMBWPbuasr
"February 28, 2022",Camino Al Mar,Acid Coco,Latin,Independent Artist,Switzerland,Richard Villegas,"Acid Coco, Camino Al Mar",matched,20jmEAKKemowX8dH6dRNXt,https://open.spotify.com/album/20jmEAKKemowX8dH6dRNXt,5UiKi49d0fbeffWl4aPWNW,Acid Coco,Camino al Mar,2022-02-25,day,album,13.0,https://i.scdn.co/image/ab67616d0000b273cabeaa3e97e5fc639a391e15,,,,matched,https://i.scdn.co/image/ab6761610000e5ebb09a9671ec4134f28e630150,https://open.spotify.com/artist/5UiKi49d0fbeffWl4aPWNW
"February 25, 2022",Mechanical Sweetness,Alyssa Gengos,Pop,Independent Artist,"Los Angeles, California",Ben Salmon,"Alyssa Gengos, Mechanical Sweetness",matched,2O7iWc1Nx12MhLu6njylut,https://open.spotify.com/album/2O7iWc1Nx12MhLu6njylut,1sdyfYFL9f06M4P0rJygcC,Alyssa Gengos,Mechanical Sweetness,2022-02-25,day,album,9.0,https://i.scdn.co/image/ab67616d0000b27382115c27ddae104545c7ae70,,,,matched,https://i.scdn.co/image/ab6761610000e5eb7ed79a339d7b6603ed4115dd,https://open.spotify.com/artist/1sdyfYFL9f06M4P0rJygcC
"February 24, 2022",Plonk,Huerco S.,Electronic,Independent Artist,"Philadelphia, Pennsylvania",Andy Beta,"Huerco S., Plonk",matched,0fQT9KVA6MO77IP8H5U94s,https://open.spotify.com/album/0fQT9KVA6MO77IP8H5U94s,0Wy3xgOTkgtDlT9wJsOQjy,Huerco S.,Plonk,2022-02-25,day,album,10.0,https://i.scdn.co/image/ab67616d0000b273bef9a5a6f37d4e6a9a07266d,,,,matched,https://i.scdn.co/image/ab6761610000e5ebcec90ec79e4091a53aef9e8c,https://open.spotify.com/artist/0Wy3xgOTkgtDlT9wJsOQjy
"February 23, 2022",Here Comes The Sunset,Cheer-Accident,Rock,Independent Artist,"Chicago, Illinois",Peter Margasak,"Cheer-Accident, Here Comes The Sunset",matched,6kqvYa5jvum5gHzieE1bnD,https://open.spotify.com/album/6kqvYa5jvum5gHzieE1bnD,11VJahxEh2Fs2pXXVxdYeo,Cheer-Accident,Here Comes the Sunset,2022-02-18,day,album,7.0,https://i.scdn.co/image/ab67616d0000b273ab6ecc2582b7a35531dac08d,,,,matched,https://i.scdn.co/image/86a335a0e9ec4602e4cf6c1a6279d3efc805b419,https://open.spotify.com/artist/11VJahxEh2Fs2pXXVxdYeo
"February 22, 2022",Texas Moon,Khruangbin and Leon Bridges,Rock,Khruangbin,"Houston, Texas",Ann-Derrick Gaillot,"Khruangbin and Leon Bridges, Texas Moon",no_match,,,,,,,,,,,,,,,,
"February 18, 2022",Soundtrack [313] + 6,The Detroit Escalator Company,Electronic,Mental Groove Records / Musique Pour La Danse,Switzerland,Arielle Gordon,"The Detroit Escalator Company, Soundtrack [313] + 6",no_match,,,,,,,,,,,,,,,,
"February 17, 2022",Agadez,Etran de L’Aïr,World,Etran de L&#39;Aïr,"Agadez, Niger",Shy Clara Thompson,"Etran de L’Aïr, Agadez",no_match,,,,,,,,,,,,,,,,
"February 16, 2022",Nine Lives,Kendra Morris,R&amp;B/Soul,Independent Artist,"New York, New York",Blake Gillespie,"Kendra Morris, Nine Lives",matched,34sLLcb1XwY8KD0fIcabjH,https://open.spotify.com/album/34sLLcb1XwY8KD0fIcabjH,7rtM2wPKQlFpsm0C4qJlDk,Kendra Morris,Nine Lives,2022-02-18,day,album,10.0,https://i.scdn.co/image/ab67616d0000b273366b0aa3508982d19a967fb9,,,,matched,https://i.scdn.co/image/ab6761610000e5ebfa2df1a7220093a3605dd6e2,https://open.spotify.com/artist/7rtM2wPKQlFpsm0C4qJlDk
"February 15, 2022",BAMANAN,Rokia Koné & Jacknife Lee,World,Rokia Koné,"Bamako, Mali",Andy Beta,"Rokia Koné & Jacknife Lee, BAMANAN",no_match,,,,,,,,,,,,,,,,
"February 14, 2022",Visitor,Empath,Alternative,empath,"Philadelphia, Pennsylvania",Kerry Cardoza,"Empath, Visitor",matched,7aRFFc46KIZ1w8kSlN1Rns,https://open.spotify.com/album/7aRFFc46KIZ1w8kSlN1Rns,4fysVnJR2KeuQ5VyiTFltS,Empath,Visitor,2022-02-11,day,album,11.0,https://i.scdn.co/image/ab67616d0000b27305525a3d45f1e0e7fdda1b97,,,,matched,https://i.scdn.co/image/ab6761610000e5ebd0318a9d90e2470f91c911f5,https://open.spotify.com/artist/4fysVnJR2KeuQ5VyiTFltS
"February 11, 2022",Armed To The Teeth L​.​M​.​O​.​M​.​M.,Kill Alters,Experimental,Hausu Mountain Records,"Chicago, Illinois",Miles Bowe,"Kill Alters, Armed To The Teeth L​.​M​.​O​.​M​.​M.",matched,64HhVbXYDyv5avhiK2S5mg,https://open.spotify.com/album/64HhVbXYDyv5avhiK2S5mg,0QJ6UGJTZ24VipcqhopNOd,Kill Alters,Armed to the Teeth L.M.O.M.M.,2022-02-11,day,album,14.0,https://i.scdn.co/image/ab67616d0000b273e9f5e37318fcb2635e4979e6,,,,matched,https://i.scdn.co/image/ab6761610000e5ebcbb51c0ca3cffe8d3b34beee,https://open.spotify.com/artist/0QJ6UGJTZ24VipcqhopNOd
"February 10, 2022",lotus deluxe,LANNDS,Alternative,Independent Artist,"Los Angeles, California",Tasha Viets-VanLear,"LANNDS, lotus deluxe",matched,2N9PswaDSKtcHzANb4XQQP,https://open.spotify.com/album/2N9PswaDSKtcHzANb4XQQP,5Bff2ovjNhOhKU6kHEXKHy,LANNDS,lotus deluxe,2022-02-11,day,album,9.0,https://i.scdn.co/image/ab67616d0000b27307977095f6ab127a7b07789a,,,,matched,https://i.scdn.co/image/ab6761610000e5ebeb97e5c9ede3be13a6b681f9,https://open.spotify.com/artist/5Bff2ovjNhOhKU6kHEXKHy
"February 09, 2022",Gold Arc,Tomato Flower,Pop,Independent Artist,"Baltimore, Maryland",Jude Noel,"Tomato Flower, Gold Arc",matched,73s8V8g96lducM8YM8nrsx,https://open.spotify.com/album/73s8V8g96lducM8YM8nrsx,32g8Z2L0lqQH65njcLcBUG,Tomato Flower,Gold Arc,2022-02-11,day,single,6.0,https://i.scdn.co/image/ab67616d0000b273ce67fc71d7bbf702a5b6d799,,,,matched,https://i.scdn.co/image/ab6761610000e5ebec990d1e397c01b8d9ecf698,https://open.spotify.com/artist/32g8Z2L0lqQH65njcLcBUG
"February 08, 2022",A Time For Healing,Kahil El’Zabar Quartet,Jazz,Kahil El&#39;Zabar,"Chicago, Illinois",Britt Robson,"Kahil El’Zabar Quartet, A Time For Healing",no_match,,,,,,,,,,,,,,,,
"February 07, 2022",Lore Of The Land,The Order Of The 12,Folk,Richard Norris,"London, UK",Joe Muggs,"The Order Of The 12, Lore Of The Land",matched,4z2eNL5E58TdtUNyyg4aKB,https://open.spotify.com/album/4z2eNL5E58TdtUNyyg4aKB,4LYPXg2w6TXAc32aqbwOGl,The Order Of The 12,Lore Of The Land,2011,year,single,9.0,https://i.scdn.co/image/ab67616d0000b273cb1cbd24d604c8590a8d3c6e,,,,matched,https://i.scdn.co/image/ab67616d0000b273cb1cbd24d604c8590a8d3c6e,https://open.spotify.com/artist/4LYPXg2w6TXAc32aqbwOGl
"February 04, 2022",Where You Are,Teno Afrika,World,Independent Artist,"Pretoria, South Africa",Megan Iacobini de Fazio,"Teno Afrika, Where You Are",matched,07SJ8XkXghV8vblSkQO4dH,https://open.spotify.com/album/07SJ8XkXghV8vblSkQO4dH,535j8kTYlICpOJWAQ3uQrp,Teno Afrika,Where You Are,2022-02-04,day,album,8.0,https://i.scdn.co/image/ab67616d0000b273a79092f04e73df25b9525af1,,,,matched,https://i.scdn.co/image/ab6772690000c46ce4793ad21b482885425e9132,https://open.spotify.com/artist/535j8kTYlICpOJWAQ3uQrp
"February 03, 2022",Where Myth Becomes Memory,Rolo Tomassi,Metal,Independent Artist,UK,Colin Williams,"Rolo Tomassi, Where Myth Becomes Memory",matched,6feZT48cizyeg8cFVjX8pO,https://open.spotify.com/album/6feZT48cizyeg8cFVjX8pO,3uHCTHxtg3IVAvhyrYsZvI,Rolo Tomassi,Where Myth Becomes Memory,2022-02-04,day,album,10.0,https://i.scdn.co/image/ab67616d0000b273bd13bad575dbc458e9a57daf,,,,matched,https://i.scdn.co/image/ab6761610000e5ebd4a0102c97b07f639febd77d,https://open.spotify.com/artist/3uHCTHxtg3IVAvhyrYsZvI
"February 02, 2022",Pompeii,Cate Le Bon,Alternative,Independent Artist,UK,Elle Carroll,"Cate Le Bon, Pompeii",matched,4r7yE87XtDMk6sXsfOm71D,https://open.spotify.com/album/4r7yE87XtDMk6sXsfOm71D,0LZac5VicY19QLaIUvIB0G,Cate Le Bon,Pompeii,2022-02-04,day,album,9.0,https://i.scdn.co/image/ab67616d0000b27361ea5f5dad6699eafd00b71f,,,,matched,https://i.scdn.co/image/ab6761610000e5eba948295910eb423e90041d88,https://open.spotify.com/artist/0LZac5VicY19QLaIUvIB0G
"February 01, 2022","Mainstream Funk: Funk, Soul, & Spiritual Jazz 1971-75",Various Artists,R&amp;B/Soul,WEWANTSOUNDS,"Paris, France",Andy Beta,"Various Artists, Mainstream Funk: Funk, Soul, & Spiritual Jazz 1971-75",no_match,,,,,,,,,,,,,,,,
"January 31, 2022",Soul Connection,John Patton,Jazz,Independent Artist,"London, UK",John Morrison,"John Patton, Soul Connection",matched,4Gc8WgjZV9vKX8T8PE5NHV,https://open.spotify.com/album/4Gc8WgjZV9vKX8T8PE5NHV,0IuCJ7qJG1twxOQVhuFJRa,John Patton,Soul Connection,2022-11-18,day,album,5.0,https://i.scdn.co/image/ab67616d0000b2730cc4f7aec169daac3cd3c2bb,,,,matched,https://i.scdn.co/image/ab67616d0000b2730cc4f7aec169daac3cd3c2bb,https://open.spotify.com/artist/0IuCJ7qJG1twxOQVhuFJRa
"January 28, 2022","Pinks & Purples, Summer At Land’s End",The Reds,Pop,"The Reds, Pinks &amp; Purples","San Francisco, California",Ben Salmon,"The Reds, Pinks & Purples, Summer At Land’s End",no_match,,,,,,,,,,,,,,,,
"January 27, 2022",Dissolution Wave,Cloakroom,Rock,Independent Artist,"Northwest, Indiana",Saby Reyes-Kulkarni,"Cloakroom, Dissolution Wave",matched,0XABQZMWdLKgGfpFcsmBjR,https://open.spotify.com/album/0XABQZMWdLKgGfpFcsmBjR,2lP34R0Q7edlojuJrUMPnj,Cloakroom,Dissolution Wave,2022-01-28,day,album,8.0,https://i.scdn.co/image/ab67616d0000b273f6a93775188a5e4aa7e13a08,,,,matched,https://i.scdn.co/image/ab6761610000e5ebdd36cda178b0b818e876b227,https://open.spotify.com/artist/2lP34R0Q7edlojuJrUMPnj
"January 26, 2022",IRE,Combo Chimbita,Latin,Independent Artist,"New York, New York",Amaya Garcia,"Combo Chimbita, IRE",matched,3Eetml593uIo24zFDxwTtm,https://open.spotify.com/album/3Eetml593uIo24zFDxwTtm,5sgpZfCPK6zd3MEB1Nrhey,Combo Chimbita,IRE,2022-01-28,day,album,12.0,https://i.scdn.co/image/ab67616d0000b2734937f59794f8eff62a529b78,,,,matched,https://i.scdn.co/image/ab6761610000e5ebbb65d81d7bfeb6aa2fdab091,https://open.spotify.com/artist/5sgpZfCPK6zd3MEB1Nrhey
"January 25, 2022",Tissues,Pan Daijing,Experimental,Independent Artist,"Berlin, Germany",James Gui,"Pan Daijing, Tissues",matched,2AgYzS3FeYcOkR2yady4hQ,https://open.spotify.com/album/2AgYzS3FeYcOkR2yady4hQ,2OA8e1A4qJVqDHbjnc86dR,Pan Daijing,Tissues,2022-01-21,day,single,1.0,https://i.scdn.co/image/ab67616d0000b27371fc0df9effd79b539b8c9e9,,,,matched,https://i.scdn.co/image/42626935662840ae6c621155bb8c7e525feffd37,https://open.spotify.com/artist/2OA8e1A4qJVqDHbjnc86dR
"January 24, 2022",Rough and Beautiful Place,Mydreamfever,Electronic,Independent Artist,"Seoul, South Korea",CJ Simonson,"Mydreamfever, Rough and Beautiful Place",matched,34CwmEVGhvQyybk3UAvow1,https://open.spotify.com/album/34CwmEVGhvQyybk3UAvow1,1mP7YcVj5KWOBknqWSx0VR,Mydreamfever,Rough and Beautiful Place,2025-09-28,day,album,6.0,https://i.scdn.co/image/ab67616d0000b273a2a92daf6e03d244a9cd2af3,,,,matched,https://i.scdn.co/image/ab67616d0000b27350cc8968ccee64b9eac9b8ad,https://open.spotify.com/artist/1mP7YcVj5KWOBknqWSx0VR
"January 21, 2022","Henry Kaiser and Alex Varty, Pacifica Koral Reef",Wadada Leo Smith,Jazz,577 Records,"Brooklyn, New York",John Morrison,"Wadada Leo Smith, Henry Kaiser and Alex Varty, Pacifica Koral Reef",no_match,,,,,,,,,,,,,,,,
"January 20, 2022",Fingers Crossed,Artsick,Punk,Independent Artist,"Oakland, California",Jude Noel,"Artsick, Fingers Crossed",matched,4UZAleO1KPnzwQhQr1I1In,https://open.spotify.com/album/4UZAleO1KPnzwQhQr1I1In,6cdw60BgFT3FbZgBhmwr54,Artsick,Fingers Crossed,2022-01-21,day,album,11.0,https://i.scdn.co/image/ab67616d0000b273d2281b665043c20f55254d86,,,,matched,https://i.scdn.co/image/ab6761610000e5ebb02246abbaf4e9b2ca0e3f05,https://open.spotify.com/artist/6cdw60BgFT3FbZgBhmwr54
"January 19, 2022",Wit’s End,Mizmor,Metal,Independent Artist,"Portland, Oregon",Ben Salmon,"Mizmor, Wit’s End",no_match,,,,,,,,,,,,,,,,
"January 18, 2022",Optimism,Jana Horn,Folk,Independent Artist,"Austin, Texas",Jim Allen,"Jana Horn, Optimism",matched,2LrDS8mmPcANF46XdsuUUd,https://open.spotify.com/album/2LrDS8mmPcANF46XdsuUUd,1LrML89CKJhZjgji63Bvx1,Jana Horn,Optimism,2022-01-21,day,album,10.0,https://i.scdn.co/image/ab67616d0000b273cf8e44dcf5c604363b61d941,,,,matched,https://i.scdn.co/image/ab6761610000e5eb83e797b2f6fbb36ef75ba42c,https://open.spotify.com/artist/1LrML89CKJhZjgji63Bvx1
"January 14, 2022",The D​-​Vine Spirituals Story: Volume 1,Various Artists,R&amp;B/Soul,D-Vine Spirituals,"Memphis, Tennessee",John Morrison,"Various Artists, The D​-​Vine Spirituals Story: Volume 1",no_match,,,,,,,,,,,,,,,,
"January 12, 2022",Asakusa Light,Soichi Terada,Electronic,Independent Artist,"Tokyo, Japan",Samuel Tornow,"Soichi Terada, Asakusa Light",matched,0CN1YXeVCXpPqe8ItuPaN3,https://open.spotify.com/album/0CN1YXeVCXpPqe8ItuPaN3,7nBJ5F2V7hDZE1hhKgqXM9,Soichi Terada,Asakusa Light,2022-01-07,day,album,11.0,https://i.scdn.co/image/ab67616d0000b2731234a451db367d3ef6ad502d,,,,matched,https://i.scdn.co/image/3ad31c8315db70d5c47bb9875501cec7904e58c8,https://open.spotify.com/artist/7nBJ5F2V7hDZE1hhKgqXM9
"January 11, 2022",Muerte de un Salvaje,Observe Since ‘98,Hip-Hop/Rap,Observe since ‘98,"Madison, Wisconsin",J. Edward Keyes,"Observe Since ‘98, Muerte de un Salvaje",matched,6Vh5P4YvIcv6o6SHccGt99,https://open.spotify.com/album/6Vh5P4YvIcv6o6SHccGt99,1bXEwl9pDZLq6NGZmt2V4y,Observe Since 98,Muerte de un Salvaje,2022-01-17,day,album,15.0,https://i.scdn.co/image/ab67616d0000b273b5cc3111a71c42cd03162530,,,,matched,https://i.scdn.co/image/ab6761610000e5eb144a00dce5f8d2d30e4530da,https://open.spotify.com/artist/1bXEwl9pDZLq6NGZmt2V4y
"January 10, 2022",Antidawn,Burial,Electronic,Independent Artist,"London, UK",Andy Beta,"Burial, Antidawn",matched,4mmHI4Bt5drSdEKc8tET4c,https://open.spotify.com/album/4mmHI4Bt5drSdEKc8tET4c,0uCCBpmg6MrPb1KY2msceF,Burial,Antidawn EP,2022-01-06,day,single,5.0,https://i.scdn.co/image/ab67616d0000b2734319133cb7971efb16c92427,,,,matched,https://i.scdn.co/image/ab6761610000e5eb4be7334b7aed9ca32a732aeb,https://open.spotify.com/artist/0uCCBpmg6MrPb1KY2msceF
"January 06, 2022",Gratitude,Abiodun Oyewole,Hip-Hop/Rap,Independent Artist,"New York, New York",Piotr Orlov,"Abiodun Oyewole, Gratitude",matched,0gZSKl3Dd8vLA0VijzFEY9,https://open.spotify.com/album/0gZSKl3Dd8vLA0VijzFEY9,4tbHo67ud5C2lM20xd09DN,Abiodun Oyewole,Gratitude,2022-02-04,day,album,12.0,https://i.scdn.co/image/ab67616d0000b2732430274cfbcbe804819b64b5,,,,matched,https://i.scdn.co/image/67e03dabb090bb84d8bfb65d0c1bb76396ed12f7,https://open.spotify.com/artist/4tbHo67ud5C2lM20xd09DN
"January 05, 2022",Archive Material,Silverbacks,Punk,Independent Artist,"Dublin, Ireland",Charlie Zaillian,"Silverbacks, Archive Material",matched,4bmgXsKoppRQEePqOg8ZaA,https://open.spotify.com/album/4bmgXsKoppRQEePqOg8ZaA,4HrCsxMRWFsSi8Vf0qBjK4,Silverbacks,Archive Material,2022-01-21,day,album,12.0,https://i.scdn.co/image/ab67616d0000b273fb4cba8885e0a9459af5f46c,,,,matched,https://i.scdn.co/image/ab6761610000e5eb7f5c9eb66f3f9d4f5c1aecf4,https://open.spotify.com/artist/4HrCsxMRWFsSi8Vf0qBjK4
"December 17, 2021",The Time Of The Foxgloves,Michael Hurley,Folk,Independent Artist,"Astoria, Oregon",Marc Masters,"Michael Hurley, The Time Of The Foxgloves",matched,0YKXY8IMJv2czFmhxKIiEy,https://open.spotify.com/album/0YKXY8IMJv2czFmhxKIiEy,3XHvzfKFZkSXEUiZE4WrIz,Michael Hurley,The Time of the Foxgloves,2021-12-10,day,album,11.0,https://i.scdn.co/image/ab67616d0000b273d21f9f7f3865dcb1e8be6215,,,,matched,https://i.scdn.co/image/62116e668f48de61dfaa9d12e63e31876197a18e,https://open.spotify.com/artist/3XHvzfKFZkSXEUiZE4WrIz
"December 16, 2021",Joltjacket,Ehiorobo,Alternative,Independent Artist,"Jersey City, New Jersey",Ann-Derrick Gaillot,"Ehiorobo, Joltjacket",matched,223cKSr82I1dP2N6QdDCY4,https://open.spotify.com/album/223cKSr82I1dP2N6QdDCY4,5kZ3bLambJ4rBTQ7c2pmi5,Ehiorobo,Joltjacket,2021-12-10,day,album,18.0,https://i.scdn.co/image/ab67616d0000b273c47aa8cb776eadb60b1eaa2d,,,,matched,https://i.scdn.co/image/ab6761610000e5eba28914f4171c2ca799991520,https://open.spotify.com/artist/5kZ3bLambJ4rBTQ7c2pmi5
"December 15, 2021",Azure,SKY H1,Ambient,Independent Artist,"Brussels, Belgium",Joe Muggs,"SKY H1, Azure",matched,4JJpUyaxonEypl6W9EyNLG,https://open.spotify.com/album/4JJpUyaxonEypl6W9EyNLG,4PWm0R7GT00XJa3TIFoUT4,Sky H1,Azure,2021-12-03,day,album,9.0,https://i.scdn.co/image/ab67616d0000b2739d0ea7aac290f8c4099452f8,,,,matched,https://i.scdn.co/image/ab6761610000e5ebe2eefa10937c4247e95d396f,https://open.spotify.com/artist/4PWm0R7GT00XJa3TIFoUT4
"December 14, 2021",Think of the Lie,Home Front,Punk,LA VIDA ES UN MUS DISCOS,"London, UK",JJ Skolnik,"Home Front, Think of the Lie",matched,4S6uqgfBKvqtXE1gK49iIy,https://open.spotify.com/album/4S6uqgfBKvqtXE1gK49iIy,0CyB1ZUexbBDoyHb15UJrU,Home Front,Think Of The Lie,2021-12-10,day,single,6.0,https://i.scdn.co/image/ab67616d0000b27334ccdb2399aba1359092f88b,,,,matched,https://i.scdn.co/image/ab6761610000e5ebbf7e1ae2170741bdbe47b43e,https://open.spotify.com/artist/0CyB1ZUexbBDoyHb15UJrU
"December 13, 2021",Samba in Seattle: Live at the Penthouse 1966​-​1968,Bola Sete,World,Tompkins Square,"San Francisco, California",Andy Beta,"Bola Sete, Samba in Seattle: Live at the Penthouse 1966​-​1968",no_match,,,,,,,,,,,,,,,,
"December 10, 2021",SHIFTING,Beatrice Deer,Pop,Independent Artist,"Montreal, Québec",Jude Noel,"Beatrice Deer, SHIFTING",matched,10v5r1u4kwiIpdbakONaps,https://open.spotify.com/album/10v5r1u4kwiIpdbakONaps,3YEhsztAtjqpC0JikHMmYe,Beatrice Deer,SHIFTING,2021-12-10,day,album,11.0,https://i.scdn.co/image/ab67616d0000b273dc8c56c36beb26bd59808482,,,,matched,https://i.scdn.co/image/ab6761610000e5ebb3b396d65b913b45bc685650,https://open.spotify.com/artist/3YEhsztAtjqpC0JikHMmYe
"December 09, 2021",Unsubtle Magic,Ziemba,Pop,Independent Artist,"Los Angeles, California",Matt Mitchell,"Ziemba, Unsubtle Magic",matched,3C6hx02Ts7bi2b91A5GxdK,https://open.spotify.com/album/3C6hx02Ts7bi2b91A5GxdK,7yvuKo6N8gCUn345aJxhM5,Ziemba,Unsubtle Magic,2021-12-10,day,album,10.0,https://i.scdn.co/image/ab67616d0000b2730bb09978b1ff19866078e99c,,,,matched,https://i.scdn.co/image/ab6761610000e5ebef66957997301e5ac2cf71b3,https://open.spotify.com/artist/7yvuKo6N8gCUn345aJxhM5
"December 08, 2021",Genocide Pact,Genocide Pact,Metal,Independent Artist,"Washington, D.C., D.C.",Ben Salmon,"Genocide Pact, Genocide Pact",matched,2u3sIgLOIynhqIyn7ULd6i,https://open.spotify.com/album/2u3sIgLOIynhqIyn7ULd6i,7aqcTzkV6MaDOmeC1anf8O,Genocide Pact,Genocide Pact,2021-12-03,day,album,8.0,https://i.scdn.co/image/ab67616d0000b273e381bbf745f13d41d14cdc63,,,,matched,https://i.scdn.co/image/ab6761610000e5eb0ffc9047e459605c12d1e022,https://open.spotify.com/artist/7aqcTzkV6MaDOmeC1anf8O
"December 07, 2021",Forfolks,Jeff Parker,Jazz,International Anthem,"Chicago, Illinois",Michael J. West,"Jeff Parker, Forfolks",matched,5xu3KOOnK4xqROr66AVztS,https://open.spotify.com/album/5xu3KOOnK4xqROr66AVztS,3AaY5O1qS0tcNPHwwMwplt,Jeff Parker,Forfolks,2021-12-10,day,album,8.0,https://i.scdn.co/image/ab67616d0000b273321bedd4a710be28887b89da,,,,matched,https://i.scdn.co/image/ab6761610000e5ebce3da339ce5013cd93217ba8,https://open.spotify.com/artist/3AaY5O1qS0tcNPHwwMwplt
"December 06, 2021",Open Arms to Open Us,Ben LaMar Gay,Jazz,International Anthem,"Chicago, Illinois",Michael J. West,"Ben LaMar Gay, Open Arms to Open Us",matched,76zELBn6OAkwCbt3zDq61R,https://open.spotify.com/album/76zELBn6OAkwCbt3zDq61R,4ITyby2i26NhM69kXNpIdR,Ben LaMar Gay,Open Arms to Open Us,2021-11-19,day,album,16.0,https://i.scdn.co/image/ab67616d0000b27364634ac13bdc57648dbea495,,,,matched,https://i.scdn.co/image/ab6761610000e5eba0c89ae19acf344b25b528fa,https://open.spotify.com/artist/4ITyby2i26NhM69kXNpIdR
"December 03, 2021",Before The Baby,Samia,Alternative,Independent Artist,"New York, New York",Ruth Jiang,"Samia, Before The Baby",no_match,,,,,,,,,,,,,,,,
"December 02, 2021",Aunt Sally,Aunt Sally,Punk,Independent Artist,"Kobe, Japan",Shy Clara Thompson,"Aunt Sally, Aunt Sally",matched,0CgcxntlpYNq4d1lPnNM4r,https://open.spotify.com/album/0CgcxntlpYNq4d1lPnNM4r,466HPlJNOLHI1zPHINS4JC,Aunt Sally,Aunt Sally,2021-12-03,day,album,11.0,https://i.scdn.co/image/ab67616d0000b273fa24bdeab3dd041ddfde466a,,,,matched,https://i.scdn.co/image/ab6761610000e5eb6c3efec2bd445906a01fb0e0,https://open.spotify.com/artist/466HPlJNOLHI1zPHINS4JC
"December 01, 2021",ELDOVAR: A Story of Darkness & Light,Elder & Kadavar,Metal,Elder,"Berlin, Germany",Ben Salmon,"Elder & Kadavar, ELDOVAR: A Story of Darkness & Light",no_match,,,,,,,,,,,,,,,,
"November 30, 2021",Quitter,Weakened Friends,Alternative,Independent Artist,"Portland, Maine",Brad Sanders,"Weakened Friends, Quitter",matched,59PEcpy0wVxQJLcrdFTVwn,https://open.spotify.com/album/59PEcpy0wVxQJLcrdFTVwn,3GA7XHdtdiTpR4gDWgADwK,Weakened Friends,Quitter,2021-11-19,day,album,11.0,https://i.scdn.co/image/ab67616d0000b2739f8ec7a216c77a2bda20cc11,,,,matched,https://i.scdn.co/image/ab6761610000e5eb1f6da96ba487fa21542da49f,https://open.spotify.com/artist/3GA7XHdtdiTpR4gDWgADwK
"November 29, 2021","Ritmo Fantasia: Balearic Spanish Synth​-​Pop, Boogie and House (1982​-​1992)",Various Artists,Electronic,Soundway Records,UK,Andy Beta,"Various Artists, Ritmo Fantasia: Balearic Spanish Synth​-​Pop, Boogie and House (1982​-​1992)",matched,6hF1xbglHjBHYkv2FMtyiq,https://open.spotify.com/album/6hF1xbglHjBHYkv2FMtyiq,0LyfQWJT6nXafLPZqxe9Of,Various Artists,"Ritmo Fantasía: Balearic Spanish Synth-Pop, Boogie And House (1982-1992)",2021-11-26,day,compilation,21.0,https://i.scdn.co/image/ab67616d0000b2738bb38bba1de0ee8adf0b69f8,,,,matched,https://i.scdn.co/image/ab6761610000e5eb6b134287e3095d2c84b7932a,https://open.spotify.com/artist/0LyfQWJT6nXafLPZqxe9Of
"November 24, 2021",Le Cirque de Consolation,Léonie Pernet,Alternative,Independent Artist,"Paris, France",Ann-Derrick Gaillot,"Léonie Pernet, Le Cirque de Consolation",matched,5rg6sPzPkEB0YAuZiCUG61,https://open.spotify.com/album/5rg6sPzPkEB0YAuZiCUG61,5hGg5Xi5EqhkDooT7myKfC,Léonie Pernet,Le Cirque de Consolation,2021-11-19,day,album,11.0,https://i.scdn.co/image/ab67616d0000b273aa8244a2abd4f74b6af10ad5,,,,matched,https://i.scdn.co/image/ab6761610000e5eb13572c98f7985009c58fb31f,https://open.spotify.com/artist/5hGg5Xi5EqhkDooT7myKfC
"November 23, 2021",Henki,Richard Dawson & Circle,Rock,Richard Dawson,"Newcastle Upon Tyne, UK",Jim Allen,"Richard Dawson & Circle, Henki",no_match,,,,,,,,,,,,,,,,
"November 22, 2021",This New Heaven,Fine Place,Alternative,Independent Artist,"New York, New York",Andrew Parks,"Fine Place, This New Heaven",matched,0bCsmkEAtWZStyCr1lOZNA,https://open.spotify.com/album/0bCsmkEAtWZStyCr1lOZNA,0bnn15JdzkyXWo8zzpKQSV,Fine Place,This New Heaven,2021-11-19,day,album,8.0,https://i.scdn.co/image/ab67616d0000b273d55220b8bfa83988d0d33110,,,,matched,https://i.scdn.co/image/ab6772690000c46c6340260c2f8c384e689a36aa,https://open.spotify.com/artist/0bnn15JdzkyXWo8zzpKQSV
"November 19, 2021",Innocent Passage in the Territorial Sea,Olivia Block,Experimental,Independent Artist,"Chicago, Illinois",Marc Masters,"Olivia Block, Innocent Passage in the Territorial Sea",matched,1OWZxoz7rgs3uQ1Tp6npNC,https://open.spotify.com/album/1OWZxoz7rgs3uQ1Tp6npNC,56Q7JBQrSHgKRddRecbOAD,Olivia Block,Innocent Passage in the Territorial Sea,2021-11-19,day,album,6.0,https://i.scdn.co/image/ab67616d0000b273b577627d4daa13a23955958d,,,,matched,https://i.scdn.co/image/ab6761610000e5eb2146595eae963b7d17631f0f,https://open.spotify.com/artist/56Q7JBQrSHgKRddRecbOAD
"November 18, 2021",Almost Blue,Tama Gucci,Alternative,tama gucci,"Miami, Florida",Ann-Derrick Gaillot,"Tama Gucci, Almost Blue",matched,4erk6mmjMqL7l1uEv8yT4d,https://open.spotify.com/album/4erk6mmjMqL7l1uEv8yT4d,6jAwGiTR1vM9nEnsSv2dn5,Tama Gucci,Almost Blue,2021-11-09,day,album,7.0,https://i.scdn.co/image/ab67616d0000b273272fac122b4d10bb8bbc6c48,,,,matched,https://i.scdn.co/image/ab6761610000e5ebb42255e56e75a72393787547,https://open.spotify.com/artist/6jAwGiTR1vM9nEnsSv2dn5
"November 17, 2021",XVI,Seafoam Walls,Alternative,Daydream Library Series,Florida,Brad Cohan,"Seafoam Walls, XVI",matched,1DBBsyeBk3ERcKcnId0zxA,https://open.spotify.com/album/1DBBsyeBk3ERcKcnId0zxA,38sXpZuO83ogEnlGr3zC90,Seafoam Walls,XVi,2021-11-12,day,album,8.0,https://i.scdn.co/image/ab67616d0000b2736d0e9c210e415957ed07d957,,,,matched,https://i.scdn.co/image/ab6761610000e5eb78ad4b81b888f7a74150efe9,https://open.spotify.com/artist/38sXpZuO83ogEnlGr3zC90
"November 16, 2021",The Age of Saucers,Hollywood Burns,Electronic,Independent Artist,"Paris, France",Andrew Parks,"Hollywood Burns, The Age of Saucers",matched,6AhfJq101vpGN5yZR9LCoJ,https://open.spotify.com/album/6AhfJq101vpGN5yZR9LCoJ,0m8rUYGZIXTo8knUYP7uB9,Hollywood Burns,The Age of the Saucers,2021-11-12,day,album,10.0,https://i.scdn.co/image/ab67616d0000b2731a5afe7566c7f2936197c3d9,,,,matched,https://i.scdn.co/image/ab6761610000e5eb77a0e10645a07ede10cd1ef1,https://open.spotify.com/artist/0m8rUYGZIXTo8knUYP7uB9
"November 15, 2021",Glass Lit Dream,Dawuna,Electronic,Independent Artist,"Baltimore, Maryland",Amaya Garcia,"Dawuna, Glass Lit Dream",matched,5bdaSZhQz6mclZDp0PkS1F,https://open.spotify.com/album/5bdaSZhQz6mclZDp0PkS1F,5EWXvpxUaFhmjgWJZlXlVY,Dawuna,Glass Lit Dream,2021-11-05,day,album,10.0,https://i.scdn.co/image/ab67616d0000b273f6f39e407dc240de67bac584,,,,matched,https://i.scdn.co/image/ab67616d0000b273f6f39e407dc240de67bac584,https://open.spotify.com/artist/5EWXvpxUaFhmjgWJZlXlVY
"November 12, 2021",both feet en th infinite,model home,Hip-Hop/Rap,Independent Artist,"Washington, D.C.",John Morrison,"model home, both feet en th infinite",matched,6RrfqhdZjAhnt2LIRFPAQl,https://open.spotify.com/album/6RrfqhdZjAhnt2LIRFPAQl,3X9JFBOt5NABUu5eQAbzcp,model home,both feet en th infinite,2021-11-05,day,album,7.0,https://i.scdn.co/image/ab67616d0000b27384b6174348276ca043c5c5d7,,,,matched,https://i.scdn.co/image/ab6761610000e5ebf6b5675a2052c1902ae2e1bc,https://open.spotify.com/artist/3X9JFBOt5NABUu5eQAbzcp
"November 11, 2021",Strange Paradise,Sarah La Puerta,Pop,Perpetual Doom,"New Hope, Pennsylvania",Elle Carroll,"Sarah La Puerta, Strange Paradise",matched,0e4ZLxlYwDQkhx5tsGyJ5V,https://open.spotify.com/album/0e4ZLxlYwDQkhx5tsGyJ5V,1j0APGizpgx5kjRn4ZOsWy,Sarah La Puerta,Strange Paradise,2021-11-12,day,album,9.0,https://i.scdn.co/image/ab67616d0000b2736df97cc0d5719e9ed9041b7f,,,,matched,https://i.scdn.co/image/ab6761610000e5ebfc0a5ed9c2f498635276fd97,https://open.spotify.com/artist/1j0APGizpgx5kjRn4ZOsWy
"November 10, 2021",Quivering In Time,Eris Drew,Electronic,Independent Artist,,Andra Nikolayi,"Eris Drew, Quivering In Time",matched,1Fz0j18JirxnOvOO5KyMDw,https://open.spotify.com/album/1Fz0j18JirxnOvOO5KyMDw,4VKbZ8lm0Bm1AbtzAbBdpO,Eris Drew,Quivering in Time,2021-10-29,day,album,9.0,https://i.scdn.co/image/ab67616d0000b273fd87cce6362d0474c3692bda,,,,matched,https://i.scdn.co/image/ab6761610000e5eb5f2f702ebec9bb3434a77690,https://open.spotify.com/artist/4VKbZ8lm0Bm1AbtzAbBdpO
"November 09, 2021",Doran,Doran,Folk,Independent Artist,"Bellingham, Washington",Matt Mitchell,"Doran, Doran",matched,10zeZoHCBH0pMGyVF95LyY,https://open.spotify.com/album/10zeZoHCBH0pMGyVF95LyY,0kDqVIgqw7TopEPmr82aLM,Doran,Doran,2021-11-05,day,album,13.0,https://i.scdn.co/image/ab67616d0000b27301b3c3767442578bfac9cc11,,,,matched,https://i.scdn.co/image/ab67616d0000b27301b3c3767442578bfac9cc11,https://open.spotify.com/artist/0kDqVIgqw7TopEPmr82aLM
"November 08, 2021",Lee ‘Scratch’ Perry’s Guide to the Universe,New Age Doom & Lee “Scratch” Perry,Experimental,New Age Doom,"Vancouver, British Columbia",Brad Cohan,"New Age Doom & Lee “Scratch” Perry, Lee ‘Scratch’ Perry’s Guide to the Universe",no_match,,,,,,,,,,,,,,,,
"November 05, 2021",Tell Me What You Miss the Most,Tasha,Folk,Independent Artist,"New York, New York",Ann-Derrick Gaillot,"Tasha, Tell Me What You Miss the Most",matched,5yvl9lqTd0QhlWRLGbPR95,https://open.spotify.com/album/5yvl9lqTd0QhlWRLGbPR95,4ZbFpxbORhzU78ve8e62Ej,Tasha,Tell Me What You Miss The Most,2021-11-05,day,album,10.0,https://i.scdn.co/image/ab67616d0000b27356a8b429bd0883a2dda50c68,,,,matched,https://i.scdn.co/image/ab6761610000e5ebb167ae4305547eabc07ae4c4,https://open.spotify.com/artist/4ZbFpxbORhzU78ve8e62Ej
"November 04, 2021",The Clearing,JJJJJerome Ellis,Experimental,Independent Artist,"Norfolk, Virginia",Marcus J. Moore,"JJJJJerome Ellis, The Clearing",matched,2r9pX3nqJ8BWX0UYuhPvFB,https://open.spotify.com/album/2r9pX3nqJ8BWX0UYuhPvFB,3RYJmTI1Jxf3MfmxsBxWg0,JJJJJerome Ellis,The Clearing,2021-11-05,day,album,12.0,https://i.scdn.co/image/ab67616d0000b2735c677a6d08ea5cbecf1937bd,,,,matched,https://i.scdn.co/image/ab6761610000e5ebea70c5b6007d4e98b2d20b1c,https://open.spotify.com/artist/3RYJmTI1Jxf3MfmxsBxWg0
"November 03, 2021",Princess Wiko,FPA,Alternative,Independent Artist,"Minneapolis, Minnesota",Matt Mitchell,"FPA, Princess Wiko",matched,0kXcQIwfJI0M0hpKyreNW8,https://open.spotify.com/album/0kXcQIwfJI0M0hpKyreNW8,6mZBracNXPDlCxaXc963px,FPA,Princess Wiko,2021-11-05,day,album,8.0,https://i.scdn.co/image/ab67616d0000b27388096c032275e55331ab7e4e,,,,matched,https://i.scdn.co/image/ab6761610000e5eb4f6a62efa25570a0ce41d434,https://open.spotify.com/artist/6mZBracNXPDlCxaXc963px
"November 02, 2021",Frank y Sus Inquietos,Frank y Sus Inquietos,Latin,Independent Artist,"Caracas, Venezuela",Richard Villegas,"Frank y Sus Inquietos, Frank y Sus Inquietos",matched,7d3LT0SlPAiegQga7Jj2ak,https://open.spotify.com/album/7d3LT0SlPAiegQga7Jj2ak,7EdVNrTdcsDwpFhOGwFD5h,Frank y sus inquietos,Frank y sus Inquietos,2021-10-29,day,album,12.0,https://i.scdn.co/image/ab67616d0000b273a0bd20c8e1be80cc7f49e9d8,,,,matched,https://i.scdn.co/image/ab6761610000e5eb953c8d54ec4fa0b416cbb761,https://open.spotify.com/artist/7EdVNrTdcsDwpFhOGwFD5h
"November 01, 2021",Water,Lotic,Electronic,Independent Artist,"Berlin, Germany",Miles Bowe,"Lotic, Water",matched,1XTlhksxvIUEbQYlj3SJlP,https://open.spotify.com/album/1XTlhksxvIUEbQYlj3SJlP,7o2Y6TQr9B0ynZGhUDAkyj,Lotic,Water,2021-10-29,day,album,9.0,https://i.scdn.co/image/ab67616d0000b273950c967773e76bba65e2e515,,,,matched,https://i.scdn.co/image/ab6761610000e5eb031d713f7f7370423bf82657,https://open.spotify.com/artist/7o2Y6TQr9B0ynZGhUDAkyj
"October 29, 2021",The Path of the Clouds,Marissa Nadler,Alternative,Independent Artist,"Nashville, Tennessee",Jim Allen,"Marissa Nadler, The Path of the Clouds",matched,0kYKOTCAxIIEWKlNlhkOfJ,https://open.spotify.com/album/0kYKOTCAxIIEWKlNlhkOfJ,5zjaF8JUdylMWrA7AVo3hJ,Marissa Nadler,The Path of the Clouds,2021-10-29,day,album,11.0,https://i.scdn.co/image/ab67616d0000b2733b4e675258bcf05fd4593cad,,,,matched,https://i.scdn.co/image/ab6761610000e5eb769e2648bdad94288e3c7a75,https://open.spotify.com/artist/5zjaF8JUdylMWrA7AVo3hJ
"October 28, 2021",But Only After You Have Suffered,Jamire Williams,Jazz,International Anthem,"Chicago, Illinois",John Morrison,"Jamire Williams, But Only After You Have Suffered",matched,5eZg9opFVx8dk55IYr7xNf,https://open.spotify.com/album/5eZg9opFVx8dk55IYr7xNf,0QHhJKAxduMM3TmyLX5xJb,Jamire Williams,But Only After You Have Suffered,2021-12-03,day,album,12.0,https://i.scdn.co/image/ab67616d0000b273c201565c09301bba8be3f5f3,,,,matched,https://i.scdn.co/image/ab6761610000e5eba026b493f3583996fac8e3c3,https://open.spotify.com/artist/0QHhJKAxduMM3TmyLX5xJb
"October 27, 2021",Pluperfect Mind,Dear Laika,Experimental,Independent Artist,"Cold Ash, UK",Sasha Geffen,"Dear Laika, Pluperfect Mind",matched,4QuUYfF4QYGwK1pM0MUbUv,https://open.spotify.com/album/4QuUYfF4QYGwK1pM0MUbUv,5q6Y6IL2jCH7LUcL6z4X0D,Dear Laika,Pluperfect Mind,2021-10-29,day,album,9.0,https://i.scdn.co/image/ab67616d0000b27323cd660a6a0ba840052a3c39,,,,matched,https://i.scdn.co/image/ab6761610000e5ebadce358d817f9148909609c8,https://open.spotify.com/artist/5q6Y6IL2jCH7LUcL6z4X0D
"October 26, 2021",Far In,Helado Negro,Alternative,Independent Artist,"Brooklyn, New York",Caitlin Donohue,"Helado Negro, Far In",matched,6VuufjwylS8CGaUcq3Vs4e,https://open.spotify.com/album/6VuufjwylS8CGaUcq3Vs4e,69qhRLDvsWJOhWGXXQ0lQQ,Helado Negro,Far In,2021-10-22,day,album,15.0,https://i.scdn.co/image/ab67616d0000b273cc888b2a402fe4dded7502e9,,,,matched,https://i.scdn.co/image/ab6761610000e5ebb43e68191d5befbbc72806f3,https://open.spotify.com/artist/69qhRLDvsWJOhWGXXQ0lQQ
"October 25, 2021",The Last Wave,Ibukun Sunday,Experimental,Ibukun sunday,"Lagos, Nigeria",Arielle Gordon,"Ibukun Sunday, The Last Wave",matched,6Gm4Rualh1DmQD8MmbkSib,https://open.spotify.com/album/6Gm4Rualh1DmQD8MmbkSib,1XhXRpXu0NntjkqENGveoI,Ibukun Sunday,The Last Wave,2021-10-22,day,single,5.0,https://i.scdn.co/image/ab67616d0000b273a6bbca3e131f5b54ed9780bd,,,,matched,https://i.scdn.co/image/ab6761610000e5eb32dd87e330009edb22e75c02,https://open.spotify.com/artist/1XhXRpXu0NntjkqENGveoI
"October 22, 2021",-io,Circuit des Yeux,Alternative,Independent Artist,"Chicago, Illinois",Miles Bowe,"Circuit des Yeux, -io",matched,6oRG7ADeQqkYmGHazFsIWo,https://open.spotify.com/album/6oRG7ADeQqkYmGHazFsIWo,7ASMj5TvVCYDILcfTockhI,Circuit des Yeux,-io,2021-10-22,day,album,10.0,https://i.scdn.co/image/ab67616d0000b273da915664d78ad03adaa1edd6,,,,matched,https://i.scdn.co/image/ab6761610000e5ebf33aa3074e7de96b6d57b5cb,https://open.spotify.com/artist/7ASMj5TvVCYDILcfTockhI
"October 21, 2021",Petunia,Tonstartssbandht,Rock,Independent Artist,Florida,Jude Noel,"Tonstartssbandht, Petunia",matched,2NFsEA5lLn5PZ2hzOINg61,https://open.spotify.com/album/2NFsEA5lLn5PZ2hzOINg61,0ZoYAbDGICaSPSfTTvworW,Tonstartssbandht,Petunia,2021-10-22,day,album,9.0,https://i.scdn.co/image/ab67616d0000b2731660aa2fa102a946100c19b6,,,,matched,https://i.scdn.co/image/ab6761610000e5ebafbb48e3f86787e312adbe6f,https://open.spotify.com/artist/0ZoYAbDGICaSPSfTTvworW
"October 20, 2021",Balancers,Lena Platonos,Experimental,Independent Artist,"Athens, Greece",Maria Barrios,"Lena Platonos, Balancers",matched,7MJzuIGTzYreNvfCEhZfWS,https://open.spotify.com/album/7MJzuIGTzYreNvfCEhZfWS,0sCJq0aWIAWwGsNujLLnYV,Lena Platonos,Balancers,2021-10-21,day,album,14.0,https://i.scdn.co/image/ab67616d0000b2730585d9268f21b1ad4f045390,,,,matched,https://i.scdn.co/image/ab6761610000e5eb2c94cce3128ceff4aa7dfcca,https://open.spotify.com/artist/0sCJq0aWIAWwGsNujLLnYV
"October 19, 2021",Talk Memory,BADBADNOTGOOD,Jazz,Independent Artist,"Toronto, Ontario",Blake Gillespie,"BADBADNOTGOOD, Talk Memory",matched,594yqwr1MOvVX0UBnOWftY,https://open.spotify.com/album/594yqwr1MOvVX0UBnOWftY,65dGLGjkw3UbddUg2GKQoZ,BADBADNOTGOOD,Talk Memory,2021-10-08,day,album,8.0,https://i.scdn.co/image/ab67616d0000b273f60dd2fa94cf6820ab2da606,,,,matched,https://i.scdn.co/image/ab6761610000e5eb4fbd8eb6ef7f24c18dcb8666,https://open.spotify.com/artist/65dGLGjkw3UbddUg2GKQoZ
"October 18, 2021",Echo Eléctrico,Angélica Garcia,Pop,Independent Artist,"Los Angeles, California",Ashley Bardhan,"Angélica Garcia, Echo Eléctrico",matched,5dqGB2rAc9X8Vtkaxd5A18,https://open.spotify.com/album/5dqGB2rAc9X8Vtkaxd5A18,2rjGbM0H8EUQzTVx6BgUlG,Angélica Garcia,Echo Eléctrico,2021-10-15,day,single,5.0,https://i.scdn.co/image/ab67616d0000b273a5b77ad3f00e9a4bc140533f,,,,matched,https://i.scdn.co/image/ab6761610000e5eba1c101f165943542bad04135,https://open.spotify.com/artist/2rjGbM0H8EUQzTVx6BgUlG
"October 15, 2021",Ookii Gekkou,Vanishing Twin,Rock,Independent Artist,"London, UK",Matthew Schnipper,"Vanishing Twin, Ookii Gekkou",matched,11MIPinn4hd7yrNsL7tOtG,https://open.spotify.com/album/11MIPinn4hd7yrNsL7tOtG,4idG41ELGGRKuiHLc3VLc5,Vanishing Twin,Ookii Gekkou,2021-10-15,day,album,9.0,https://i.scdn.co/image/ab67616d0000b273fa3ef53f951fad62f6d731ac,,,,matched,https://i.scdn.co/image/ab6761610000e5eb3547a450b031bbca01d1b1b0,https://open.spotify.com/artist/4idG41ELGGRKuiHLc3VLc5
"October 14, 2021",City of Mirrors,Dos Santos,Jazz,International Anthem,"Chicago, Illinois",Richard Villegas,"Dos Santos, City of Mirrors",matched,6HdgU5FwmqGs0JfKXT7IZ3,https://open.spotify.com/album/6HdgU5FwmqGs0JfKXT7IZ3,12Av6pjGrpX0wfTTyXNsyP,Dos Santos,City of Mirrors,2021-10-15,day,album,13.0,https://i.scdn.co/image/ab67616d0000b2731822abb95e2c7d969c0ed00a,,,,matched,https://i.scdn.co/image/ab6761610000e5ebeb5b6e9c02e6353e552153da,https://open.spotify.com/artist/12Av6pjGrpX0wfTTyXNsyP
"October 13, 2021",Little Body In Orbit,Alice TM,Pop,Independent Artist,"Brooklyn, New York",Andra Nikolayi,"Alice TM, Little Body In Orbit",matched,6rpJAUeNRnIC7g7eNDAojR,https://open.spotify.com/album/6rpJAUeNRnIC7g7eNDAojR,0HVKMpEboz7ABi4foofyzI,Alice TM,Little Body in Orbit,2021-10-08,day,album,10.0,https://i.scdn.co/image/ab67616d0000b27330252969b179a8a1311e4e9b,,,,matched,https://i.scdn.co/image/ab6761610000e5ebfc1de197090c0696df7f89a4,https://open.spotify.com/artist/0HVKMpEboz7ABi4foofyzI
"October 12, 2021",I Want the Door to Open,Lala Lala,Alternative,Independent Artist,"Los Angeles, California",Shy Clara Thompson,"Lala Lala, I Want the Door to Open",matched,6x6VGqTPJBK6r3qfuqe2Zl,https://open.spotify.com/album/6x6VGqTPJBK6r3qfuqe2Zl,492I2sQFcHDcsZECYX25dE,Lala Lala,I Want The Door To Open,2021-10-08,day,album,12.0,https://i.scdn.co/image/ab67616d0000b273922147fdbc39bd6962c1cde1,,,,matched,https://i.scdn.co/image/ab6761610000e5eb9ceab0e587379e838343f2b8,https://open.spotify.com/artist/492I2sQFcHDcsZECYX25dE
"October 11, 2021",Vanities,W.H. Lung,Alternative,W. H. Lung,"Manchester, UK",Zach Lipez,"W.H. Lung, Vanities",matched,4CXaWGdFH0eE9D6F2gbO94,https://open.spotify.com/album/4CXaWGdFH0eE9D6F2gbO94,6Xx57uhlmBUkH1DOxqTWZM,W. H. Lung,Vanities,2021-10-08,day,album,9.0,https://i.scdn.co/image/ab67616d0000b2738fc1f48e0979c37847f2fc89,,,,matched,https://i.scdn.co/image/ab6761610000e5ebd9757c0be233e5c90eaf6a21,https://open.spotify.com/artist/6Xx57uhlmBUkH1DOxqTWZM
"October 08, 2021",Welcome to Paradise Lost,Taraka,Rock,Independent Artist,"New York, New York",Elle Carroll,"Taraka, Welcome to Paradise Lost",matched,16fvnV4ihIVbfRUHHCvb9l,https://open.spotify.com/album/16fvnV4ihIVbfRUHHCvb9l,5CUhyUuvkUnFoSEmt10yGE,Taraka,Welcome to Paradise Lost,2021-10-08,day,album,14.0,https://i.scdn.co/image/ab67616d0000b27398261da598a08e18c8c87a91,,,,matched,https://i.scdn.co/image/ab6761610000e5eb2a90e63372f632007011de30,https://open.spotify.com/artist/5CUhyUuvkUnFoSEmt10yGE
"October 07, 2021",Qalaq,Jerusalem In My Heart,Experimental,Independent Artist,"Montreal, Québec",Miles Bowe,"Jerusalem In My Heart, Qalaq",matched,2dhMojuDLCI4PqmWVqkEMQ,https://open.spotify.com/album/2dhMojuDLCI4PqmWVqkEMQ,3mjy0fneW0GyVeueXLXSuS,Jerusalem in My Heart,Qalaq,2021-10-08,day,album,13.0,https://i.scdn.co/image/ab67616d0000b27372ab9f7155c00639eb83ee3d,,,,matched,https://i.scdn.co/image/ab6761610000e5eb44290c1d91a9ff8ed59c7a04,https://open.spotify.com/artist/3mjy0fneW0GyVeueXLXSuS
"October 06, 2021",Liminal Soul,Kedr Livanskiy,Electronic,Independent Artist,"Moscow, Russia",Tayyab Amin,"Kedr Livanskiy, Liminal Soul",matched,7knP5HVe3qffQ9oDBuDxIc,https://open.spotify.com/album/7knP5HVe3qffQ9oDBuDxIc,7deuX0YejjlcB4uLcdgEDW,Kedr Livanskiy,Liminal Soul,2021-10-01,day,album,9.0,https://i.scdn.co/image/ab67616d0000b2733dee7523791c67a3ff302842,,,,matched,https://i.scdn.co/image/ab6761610000e5eb89b3218bf233eed0f37aff49,https://open.spotify.com/artist/7deuX0YejjlcB4uLcdgEDW
"October 05, 2021",Drum Message,Okyerema Asante feat. Plunky,World,Black Fire,"Washington, D.C.",John Morrison,"Okyerema Asante feat. Plunky, Drum Message",no_match,,,,,,,,,,,,,,,,
"October 04, 2021",Mod Prog Sic,Black Dice,Experimental,Independent Artist,"New York, New York",Miles Bowe,"Black Dice, Mod Prog Sic",matched,2RTpPrmGcLXCVmx4mLY2Qn,https://open.spotify.com/album/2RTpPrmGcLXCVmx4mLY2Qn,6xV3tISBQOJ46BJPlC02tX,Black Dice,Mod Prog Sic,2021-10-01,day,album,12.0,https://i.scdn.co/image/ab67616d0000b27368f6e8324aa18fbf7bfdc473,,,,matched,https://i.scdn.co/image/ab6761610000e5eb181dd4fc6b0778c4cec0edb3,https://open.spotify.com/artist/6xV3tISBQOJ46BJPlC02tX
"October 01, 2021",Back Up: Mexican Tecno Pop 1980–1989,Various Artists,Alternative,Dark Entries Records,"San Francisco, California",Richard Villegas,"Various Artists, Back Up: Mexican Tecno Pop 1980–1989",matched,5DK10TSLjFIKZurNqyNecL,https://open.spotify.com/album/5DK10TSLjFIKZurNqyNecL,0LyfQWJT6nXafLPZqxe9Of,Various Artists,Back Up Dos: Mexican Tecno Pop 1980-1989,2024-09-27,day,compilation,10.0,https://i.scdn.co/image/ab67616d0000b273b31a55dc35ff1da302230921,,,,matched,https://i.scdn.co/image/ab6761610000e5eb6b134287e3095d2c84b7932a,https://open.spotify.com/artist/0LyfQWJT6nXafLPZqxe9Of
"September 30, 2021",Delta,Lyra Pramuk,Electronic,Independent Artist,"Berlin, Germany",Andra Nikolayi,"Lyra Pramuk, Delta",no_match,,,,,,,,,,,,,,,,
"September 29, 2021",Letting Go,Hayden Pedigo,Folk,Independent Artist,"Amarillo, Texas",Josh Feola,"Hayden Pedigo, Letting Go",matched,6VaXdKLchZGpI0idCasMpV,https://open.spotify.com/album/6VaXdKLchZGpI0idCasMpV,4OR0gbDLGgJ4fxoXB0ZCYZ,Hayden Pedigo,Letting Go,2021-09-24,day,album,7.0,https://i.scdn.co/image/ab67616d0000b2731cbb7bc71f73b81579c7ff2c,,,,matched,https://i.scdn.co/image/ab6761610000e5eb0e2d974dfd5d0d24ef9e192b,https://open.spotify.com/artist/4OR0gbDLGgJ4fxoXB0ZCYZ
"September 28, 2021",XXI,Succumb,Metal,Independent Artist,"San Francisco, California",Ben Salmon,"Succumb, XXI",matched,2T3WJHIg9iyL5czMirXR2R,https://open.spotify.com/album/2T3WJHIg9iyL5czMirXR2R,1asuL525VM9td0sj7KysMX,Succumb,XXI,2021-09-24,day,album,8.0,https://i.scdn.co/image/ab67616d0000b273a59933f5a9b72f15125e030f,,,,matched,https://i.scdn.co/image/ab67616d0000b273a59933f5a9b72f15125e030f,https://open.spotify.com/artist/1asuL525VM9td0sj7KysMX
"September 27, 2021",1:2,Cindy,Alternative,Independent Artist,"San Francisco, California",Shy Clara Thompson,"Cindy, 1:2",matched,0Za52Px0g3xo8jTAUMbLqR,https://open.spotify.com/album/0Za52Px0g3xo8jTAUMbLqR,5C8xxfvMhwwxeSz4LZm41N,Cindy,1:2,2021-10-01,day,album,10.0,https://i.scdn.co/image/ab67616d0000b273696bf02773d0f1f4a280a41f,,,,matched,https://i.scdn.co/image/ab6761610000e5eb772168ff210739661e2a90f3,https://open.spotify.com/artist/5C8xxfvMhwwxeSz4LZm41N
"September 24, 2021",one hand on the steering wheel the other sewing a garden,Ada Lea,Alternative,Independent Artist,"Montreal, Québec",Alex Westfall,"Ada Lea, one hand on the steering wheel the other sewing a garden",matched,0ulrUoMnkAdxqX80c0dkfF,https://open.spotify.com/album/0ulrUoMnkAdxqX80c0dkfF,3sE8O47mEFWR6pL0rwnAHy,Ada Lea,one hand on the steering wheel the other sewing a garden,2021-09-24,day,album,11.0,https://i.scdn.co/image/ab67616d0000b2735735449b7b1cbeb48f5f89f2,,,,matched,https://i.scdn.co/image/ab6761610000e5eb7602ad59f51b2ee48aac2280,https://open.spotify.com/artist/3sE8O47mEFWR6pL0rwnAHy
"September 23, 2021","Le Maestro, WHIP MUSIC",K,Hip-Hop/Rap,"K, Le Maestro","London, UK",Max Bell,"K, Le Maestro, WHIP MUSIC",no_match,,,,,,,,,,,,,,,,
"September 22, 2021",Leaving None But Small Birds,The Body and BIG|BRAVE,Experimental,BIG BRAVE,"Montreal, Québec",Alex Deller,"The Body and BIG|BRAVE, Leaving None But Small Birds",no_match,,,,,,,,,,,,,,,,
"September 21, 2021",Black Encyclopedia of the Air,Moor Mother,Experimental,Independent Artist,"Philadelphia, Pennsylvania",Nadine Smith,"Moor Mother, Black Encyclopedia of the Air",matched,55OgPLHDhf3zSat5ufuUwd,https://open.spotify.com/album/55OgPLHDhf3zSat5ufuUwd,4kANxfLenUobb7t5fHSrgA,Moor Mother,Black Encyclopedia of the Air,2021-09-17,day,album,12.0,https://i.scdn.co/image/ab67616d0000b2739ed91d9545c5debf8083211f,,,,matched,https://i.scdn.co/image/ab6761610000e5eb4d6b76764d391a956e16cbbb,https://open.spotify.com/artist/4kANxfLenUobb7t5fHSrgA
"September 20, 2021",Wyspa,Pejzaż,Electronic,The Very Polish Cut Outs,Poland,Sam McLemore,"Pejzaż, Wyspa",matched,2iqOUVlvIB2nKPxkVFG44N,https://open.spotify.com/album/2iqOUVlvIB2nKPxkVFG44N,5PWnUGbA3SNGNE7U9YPnXH,Pejzaż,Wyspa,2021-09-17,day,album,20.0,https://i.scdn.co/image/ab67616d0000b273f79ef3a47a2fb157f1689b3a,,,,matched,https://i.scdn.co/image/ab6761610000e5eb83108c1e30b7900aadaa6d1b,https://open.spotify.com/artist/5PWnUGbA3SNGNE7U9YPnXH
"September 17, 2021",We Famous,The Kondi Band,Electronic,Independent Artist,"Freetown, Sierra Leone",Andy Thomas,"The Kondi Band, We Famous",no_match,,,,,,,,,,,,,,,,
"September 16, 2021",By the Time I Get to Phoenix,Injury Reserve,Hip-Hop/Rap,Independent Artist,"Phoenix, Arizona",Vance Brinkley,"Injury Reserve, By the Time I Get to Phoenix",matched,7L7oMPboBCeyGLJVsHSWM2,https://open.spotify.com/album/7L7oMPboBCeyGLJVsHSWM2,3nf2EaHj8HikLNdaiW3v73,Injury Reserve,By the Time I Get to Phoenix,2021-09-15,day,album,11.0,https://i.scdn.co/image/ab67616d0000b2730f3729d5667b0367516fa3ab,,,,matched,https://i.scdn.co/image/ab6761610000e5eb2a8b5966bf18ebc260d6f697,https://open.spotify.com/artist/3nf2EaHj8HikLNdaiW3v73
"September 15, 2021",War Garden,Cold Beat,Punk,Independent Artist,California,Elle Carroll,"Cold Beat, War Garden",matched,0zHfnwBhonCgKTGcsAaxCT,https://open.spotify.com/album/0zHfnwBhonCgKTGcsAaxCT,6rItVka0pLVVcD3eU1hfph,Cold Beat,WAR GARDEN,2021-09-17,day,album,11.0,https://i.scdn.co/image/ab67616d0000b273c2bef01c9747391cf9c5bb09,,,,matched,https://i.scdn.co/image/ab6761610000e5eb8249139fe3cded2d49544a3d,https://open.spotify.com/artist/6rItVka0pLVVcD3eU1hfph
"September 14, 2021",A Beautiful Revolution (Pt 2),Common,Hip-Hop/Rap,Independent Artist,"Chicago, Illinois",Dean Van Nguyen,"Common, A Beautiful Revolution (Pt 2)",matched,6i6aGouu4Zr6BAcSGJI5JT,https://open.spotify.com/album/6i6aGouu4Zr6BAcSGJI5JT,2GHclqNVjqGuiE5mA7BEoc,Common,A Beautiful Revolution (Pt 2),2021-09-10,day,album,11.0,https://i.scdn.co/image/ab67616d0000b273a27c8bc7883196c4f3a54da1,,,,matched,https://i.scdn.co/image/ab6761610000e5eb6354c88f58d8a99b91e0d965,https://open.spotify.com/artist/2GHclqNVjqGuiE5mA7BEoc
"September 13, 2021",Parallel Timeline,Slothrust,Rock,SLOTHRUST,"Los Angeles, California",Elle Carroll,"Slothrust, Parallel Timeline",matched,2B1st1rn8rKJW2IXg1GYJm,https://open.spotify.com/album/2B1st1rn8rKJW2IXg1GYJm,6Nwhmo3adbTqPMCsgBgkf4,Slothrust,Parallel Timeline,2021-09-10,day,album,10.0,https://i.scdn.co/image/ab67616d0000b27364bc03f4c713642856dd4c58,,,,matched,https://i.scdn.co/image/ab6761610000e5eb96954571aa1a17a70f905786,https://open.spotify.com/artist/6Nwhmo3adbTqPMCsgBgkf4
"September 10, 2021",Before I Die,박혜진 Park Hye Jin,Electronic,Independent Artist,"Los Angeles, California",Ruth Jiang,"박혜진 Park Hye Jin, Before I Die",matched,0uBOsR6tRMSBEPe2dfOtNe,https://open.spotify.com/album/0uBOsR6tRMSBEPe2dfOtNe,6niigcazB2JPcpasZfZvq1,박혜진 Park Hye Jin,Before I Die,2021-09-10,day,album,17.0,https://i.scdn.co/image/ab67616d0000b273daf5f4aa6c88358addf8ae6d,,,,matched,https://i.scdn.co/image/ab6761610000e5ebc356541ff174369d0747244b,https://open.spotify.com/artist/6niigcazB2JPcpasZfZvq1
"September 09, 2021",Madremonte,Jaguar,Electronic,Independent Artist,Switzerland,Rebecca Bodenheimer,"Jaguar, Madremonte",matched,6T0E3FgVNErXEbsoO6L47M,https://open.spotify.com/album/6T0E3FgVNErXEbsoO6L47M,2q2aMOy0lcMiR0KXffDXEC,Jaguar,Madremonte,2021-09-24,day,album,10.0,https://i.scdn.co/image/ab67616d0000b2730e7ca377965e79a79da30f9c,,,,matched,https://i.scdn.co/image/ab6761610000e5eb2e09162d1042f0a9bd7e99f5,https://open.spotify.com/artist/2q2aMOy0lcMiR0KXffDXEC
"September 08, 2021",White Buffalo Roam,Toner,Rock,TONER,"Oakland, California",Alex Heigl,"Toner, White Buffalo Roam",matched,0hQltN4XKGFdQduZEW8Vpv,https://open.spotify.com/album/0hQltN4XKGFdQduZEW8Vpv,3F5d8k90zTpcnmzYnqXMRw,Toner,White Buffalo Roam,2021-09-03,day,album,12.0,https://i.scdn.co/image/ab67616d0000b273ec8488c15885ff0d48b0e316,,,,matched,https://i.scdn.co/image/ab6761610000e5eb2497415f2e01a41251f4ecb4,https://open.spotify.com/artist/3F5d8k90zTpcnmzYnqXMRw
"September 07, 2021",Heartbeats​/​Heartbreaks,caro♡,Pop,ultra caro,"London, UK",Ed Blair,"caro♡, Heartbeats​/​Heartbreaks",matched,6uweU9CdxvCPnQ6zaTLlZl,https://open.spotify.com/album/6uweU9CdxvCPnQ6zaTLlZl,3ypTgZWVLSkBaTjFNjSDE8,ultra caro,Heartbeats/Heartbreaks,2021-09-03,day,album,14.0,https://i.scdn.co/image/ab67616d0000b273f54be17ef7da1e7d6ecec763,,,,matched,https://i.scdn.co/image/ab6761610000e5ebc27c5005ebd25a37e9253231,https://open.spotify.com/artist/3ypTgZWVLSkBaTjFNjSDE8
"September 03, 2021",Doing Our Thing With Pride,Al-Dos Band,R&amp;B/Soul,Kalita Records,"London, UK",John Morrison,"Al-Dos Band, Doing Our Thing With Pride",matched,1Hn7OT8gETuVzXTtRmB6yY,https://open.spotify.com/album/1Hn7OT8gETuVzXTtRmB6yY,3Pb4ZvpPUjMYw2l3QlCRV7,Al-Dos Band,Doing Our Thing with Pride,2021-09-03,day,album,9.0,https://i.scdn.co/image/ab67616d0000b2736736a0b1e64b9fa4ff1d4331,,,,matched,https://i.scdn.co/image/ab67616d0000b27357529d0c5356a133109f6c64,https://open.spotify.com/artist/3Pb4ZvpPUjMYw2l3QlCRV7
"September 02, 2021",Flowerland,Pearl & The Oysters,Pop,Pearl &amp; The Oysters,"Los Angeles, California",Maria Barrios,"Pearl & The Oysters, Flowerland",matched,3DHoQY95pM9basGL6rlcXy,https://open.spotify.com/album/3DHoQY95pM9basGL6rlcXy,7ovvjgqrTeuMxbzIykUqDs,Pearl & The Oysters,Flowerland,2021-09-03,day,album,14.0,https://i.scdn.co/image/ab67616d0000b273f35bb6fa2b1fed2ad7cac6de,,,,matched,https://i.scdn.co/image/ab6761610000e5ebf17bc34ad0c3411cd037dfdf,https://open.spotify.com/artist/7ovvjgqrTeuMxbzIykUqDs
"September 01, 2021",Quinto Relatório Anual,Pandit Pam Pam,Electronic,Independent Artist,"São Paulo, Brazil",Miles Bowe,"Pandit Pam Pam, Quinto Relatório Anual",matched,7fN8Gsp8KEnnU0JpAEL7PF,https://open.spotify.com/album/7fN8Gsp8KEnnU0JpAEL7PF,759jaawE6btqp3Wh9GM9S9,Pandit Pam Pam,Quinto Relatório Anual,2021-08-26,day,album,8.0,https://i.scdn.co/image/ab67616d0000b273a7dc11a192ce959c76f70164,,,,matched,https://i.scdn.co/image/ab6761610000e5eb02ef5e37a598b5b6307ef1df,https://open.spotify.com/artist/759jaawE6btqp3Wh9GM9S9
"August 31, 2021",Alternate Endings,Snowy Band,Rock,Snowy,"Melbourne, Australia",Ben Salmon,"Snowy Band, Alternate Endings",matched,0lxosB4YiihRj8CbKnzlBj,https://open.spotify.com/album/0lxosB4YiihRj8CbKnzlBj,0Ky0HZRpab9SW891Jb9gce,Snowy Band,Alternate Endings,2021-08-27,day,album,11.0,https://i.scdn.co/image/ab67616d0000b2739c537d6d74d5d29e1a9792b1,,,,matched,https://i.scdn.co/image/ab6761610000e5ebda6dbd208d37fa3a7788b671,https://open.spotify.com/artist/0Ky0HZRpab9SW891Jb9gce
"August 30, 2021",The Ballad of Dood & Juanita,Sturgill Simpson,Country,Independent Artist,"Nashville, Tennessee",Brad Sanders,"Sturgill Simpson, The Ballad of Dood & Juanita",matched,1DQToqPJhrQTpCeZV8o2ru,https://open.spotify.com/album/1DQToqPJhrQTpCeZV8o2ru,3vDpQbGnzRbRVirXlfQagB,Sturgill Simpson,The Ballad of Dood & Juanita,2021-08-20,day,album,10.0,https://i.scdn.co/image/ab67616d0000b273ee873e07780eef461b75e6bb,,,,matched,https://i.scdn.co/image/ab6761610000e5eb9aa449e36e4028e6b8a7377d,https://open.spotify.com/artist/3vDpQbGnzRbRVirXlfQagB
"August 27, 2021",The 16 Deaths of My Master,Thief,Electronic,Independent Artist,"Los Angeles, California",Andrew Parks,"Thief, The 16 Deaths of My Master",matched,6vLFORoMhXV8clTA9om3wJ,https://open.spotify.com/album/6vLFORoMhXV8clTA9om3wJ,4fNrJgOft931IHhayBWZoo,Thief,The 16 Deaths of My Master,2021-08-27,day,album,16.0,https://i.scdn.co/image/ab67616d0000b2732460451ff1532daf39c50bc2,,,,matched,https://i.scdn.co/image/ab6761610000e5eb3af5fde116f471453e78eac9,https://open.spotify.com/artist/4fNrJgOft931IHhayBWZoo
"August 26, 2021",Web Max,Web Web x Max Herre,Jazz,Web Web,"Munich, Germany",Britt Robson,"Web Web x Max Herre, Web Max",no_match,,,,,,,,,,,,,,,,
"August 25, 2021",Do You Like Salt?,BRNDA,Punk,Independent Artist,"Washington, D.C.",Erin Margaret Day,"BRNDA, Do You Like Salt?",matched,09WgyhjqP1b5kQnHeRqWJV,https://open.spotify.com/album/09WgyhjqP1b5kQnHeRqWJV,2AGHvziDxBjEDhkd3gMjKf,BRNDA,Do You Like Salt?,2021-08-20,day,album,10.0,https://i.scdn.co/image/ab67616d0000b2732d083cff5a1f3ce05f4e6a52,,,,matched,https://i.scdn.co/image/ab6761610000e5eb17e2131ecdec46db9e2bf4e1,https://open.spotify.com/artist/2AGHvziDxBjEDhkd3gMjKf
"August 24, 2021",Dust of Forever,Woman is the Earth,Metal,Init Records,"Minneapolis, Minnesota",Ben Salmon,"Woman is the Earth, Dust of Forever",matched,0zTnk1bHlnlxcI7gsjmj8g,https://open.spotify.com/album/0zTnk1bHlnlxcI7gsjmj8g,4AXDLXZcXMUBRogct3kfyY,Woman is the Earth,Dust Of Forever,2021-08-20,day,album,8.0,https://i.scdn.co/image/ab67616d0000b2735b4f368918c6ddafda738e07,,,,matched,https://i.scdn.co/image/ab67616d0000b2736ed81eea9873944f2e86ebb4,https://open.spotify.com/artist/4AXDLXZcXMUBRogct3kfyY
"August 23, 2021",O.T.S.,Lionmilk,Electronic,Independent Artist,"Los Angeles, California",John Morrison,"Lionmilk, O.T.S.",matched,3yDMUp18oiWjSFyNQ6kgtp,https://open.spotify.com/album/3yDMUp18oiWjSFyNQ6kgtp,0ssDUMMQsAhDLqKwBqEnGZ,"Lionmilk, Lionmilk Quartet",O.T.S.,2021-08-20,day,album,14.0,https://i.scdn.co/image/ab67616d0000b273de73f7de2cf00463b7d1ae71,,,,matched,https://i.scdn.co/image/ab6761610000e5eb40c8953f2391cd55a8fd7786,https://open.spotify.com/artist/0ssDUMMQsAhDLqKwBqEnGZ
"August 20, 2021",Brushfire,G. Brenner,R&amp;B/Soul,Independent Artist,"Los Angeles, California",Chaka V. Grier,"G. Brenner, Brushfire",matched,3PwJYnPeKt6Yphh6QqBcOM,https://open.spotify.com/album/3PwJYnPeKt6Yphh6QqBcOM,4r2411SF00szPTPglH0yPd,G. Brenner,Brushfire,2021-08-20,day,album,9.0,https://i.scdn.co/image/ab67616d0000b273f1f03dc5f729993918bab1b0,,,,matched,https://i.scdn.co/image/ab6761610000e5ebb72b89f543eece178f7f5ea2,https://open.spotify.com/artist/4r2411SF00szPTPglH0yPd
"August 19, 2021",Everything,Bnny,Rock,Independent Artist,"Chicago, Illinois",Elle Carroll,"Bnny, Everything",matched,4GD61YplOsyg4GV7tPH2KF,https://open.spotify.com/album/4GD61YplOsyg4GV7tPH2KF,5WrIiG2BnDY2kouJxzQPsh,Bnny,Everything,2021-08-20,day,album,14.0,https://i.scdn.co/image/ab67616d0000b2739d0ffe06d444e2e4de2e940f,,,,matched,https://i.scdn.co/image/ab6761610000e5ebcd6ea5a60e99854cd0d1bb92,https://open.spotify.com/artist/5WrIiG2BnDY2kouJxzQPsh
"August 18, 2021",Speedstar,Justus Profitt,Rock,Justus Proffit,"Los Angeles, California",Charlie Zaillian,"Justus Profitt, Speedstar",no_match,,,,,,,,,,,,,,,,
"August 17, 2021",Soleil,Amami,Electronic,Independent Artist,"Geneva, Switzerland",John Morrison,"Amami, Soleil",no_match,,,,,,,,,,,,,,,,
"August 16, 2021",Don and Von,Tanya Morgan,Hip-Hop/Rap,Independent Artist,"Brooklyn, New York",Phillip Mlynar,"Tanya Morgan, Don and Von",matched,7yFXxRF0zzHoLGyc6W60kU,https://open.spotify.com/album/7yFXxRF0zzHoLGyc6W60kU,1s8WiPtSSuQmJPGBwFTwFG,Tanya Morgan,Don & Von,2021-08-13,day,album,12.0,https://i.scdn.co/image/ab67616d0000b2735c21328731198a5b095dc7f5,,,,matched,https://i.scdn.co/image/ab6761610000e5eb492fb3896f2efc099e753a68,https://open.spotify.com/artist/1s8WiPtSSuQmJPGBwFTwFG
"August 13, 2021",The Return of​.​.​.,Pachyman,Reggae,PACHYMAN,"Los Angeles, California",Joseph Gentile,"Pachyman, The Return of​.​.​.",matched,5cAjRyb94Tzoqk25z9nSvA,https://open.spotify.com/album/5cAjRyb94Tzoqk25z9nSvA,515f4vsvg0JQWrmt7qpR6l,Pachyman,The Return of…,2021-08-13,day,album,12.0,https://i.scdn.co/image/ab67616d0000b273860a7db692e855616db6a76f,,,,matched,https://i.scdn.co/image/ab6761610000e5ebc30d23d1341e5f68fda22ca4,https://open.spotify.com/artist/515f4vsvg0JQWrmt7qpR6l
"August 12, 2021",Content That Makes You Feel Good,Stuck,Punk,Independent Artist,"Chicago, Illinois",Alex Heigl,"Stuck, Content That Makes You Feel Good",matched,5i90PC7GqDmAJ42FJjkF2m,https://open.spotify.com/album/5i90PC7GqDmAJ42FJjkF2m,26NBM9MmocuhYDY4flth3a,Stuck,Content That Makes You Feel Good,2021-08-13,day,single,5.0,https://i.scdn.co/image/ab67616d0000b273af32c3df69565906d5b34a63,,,,matched,https://i.scdn.co/image/ab6761610000e5eb20afd32a105e42f0379ab442,https://open.spotify.com/artist/26NBM9MmocuhYDY4flth3a
"August 11, 2021",Orca,NTsKi,Electronic,Independent Artist,"Kyoto, Japan",Andra Nikolayi,"NTsKi, Orca",matched,7I589n1UnENV6Scnrpni01,https://open.spotify.com/album/7I589n1UnENV6Scnrpni01,3eLVeLajDwJ1eFA1MTuiD9,NTsKi,Orca,2021-08-06,day,album,11.0,https://i.scdn.co/image/ab67616d0000b273cf60ea40e14f14685ef267fe,,,,matched,https://i.scdn.co/image/ab6761610000e5eb315d11b0474c70db8f8e91e8,https://open.spotify.com/artist/3eLVeLajDwJ1eFA1MTuiD9
"August 10, 2021",The Apple Drop,Liars,Alternative,Independent Artist,Australia,Miles Bowe,"Liars, The Apple Drop",matched,50WuzTucOcvfOPzldNVUXZ,https://open.spotify.com/album/50WuzTucOcvfOPzldNVUXZ,2z78AlkdwE2Ghj9EB50M6z,Liars,The Apple Drop,2021-08-06,day,album,11.0,https://i.scdn.co/image/ab67616d0000b27324d0dce6a855ddfa35fb3f2e,,,,matched,https://i.scdn.co/image/ab6761610000e5ebde8b0215d006badeb2bb90d0,https://open.spotify.com/artist/2z78AlkdwE2Ghj9EB50M6z
"August 09, 2021",Thank You Rap Gods,Freshman Woes,Hip-Hop/Rap,Independent Artist,"Charleston, South Carolina",Phillip Mlynar,"Freshman Woes, Thank You Rap Gods",matched,7nK1DYcstz0A9BUXuKOaOD,https://open.spotify.com/album/7nK1DYcstz0A9BUXuKOaOD,6TEnCiwmIESGurcXyfu5j4,Freshman Woes,THANK YOU RAP GODS,2021-08-06,day,album,11.0,https://i.scdn.co/image/ab67616d0000b273e2bf8c3a53ec82782f04e245,,,,matched,https://i.scdn.co/image/ab6761610000e5eb88b422b98093e915d5657705,https://open.spotify.com/artist/6TEnCiwmIESGurcXyfu5j4
"August 06, 2021",A Sky Record,Damon & Naomi,Alternative,Damon &amp; Naomi,"Boston, Massachusetts",Shy Clara Thompson,"Damon & Naomi, A Sky Record",matched,0eke83hMMrrVv6V9lDvneW,https://open.spotify.com/album/0eke83hMMrrVv6V9lDvneW,6G9fFcgoCm8I7nkYMul4sE,Damon & Naomi,A Sky Record,2021-08-13,day,album,10.0,https://i.scdn.co/image/ab67616d0000b273926f8bffa724fd613cc4c595,,,,matched,https://i.scdn.co/image/ab6772690000c46cb40f516385e31e30b02b63f3,https://open.spotify.com/artist/6G9fFcgoCm8I7nkYMul4sE
"August 05, 2021",Wide Through The Eyes Of No One,The Steoples,R&amp;B/Soul,The Steoples,"Los Angeles, California",John Morrison,"The Steoples, Wide Through The Eyes Of No One",matched,7eWpOsIiXo7YQF3l7s46wt,https://open.spotify.com/album/7eWpOsIiXo7YQF3l7s46wt,48GtkQFcYOyW312L5EMZ0y,The Steoples,Wide Through The Eyes Of No One,2021-08-06,day,album,10.0,https://i.scdn.co/image/ab67616d0000b273221437fe3e3ea096dd886519,,,,matched,https://i.scdn.co/image/ab6761610000e5ebe310b24bab61deab37d01c8e,https://open.spotify.com/artist/48GtkQFcYOyW312L5EMZ0y
"August 04, 2021",之 / OF,Li Yilei,Ambient,LI YILEI,"London, UK",James Gui,"Li Yilei, 之 / OF",matched,5L5vwUgHoR5wiJK2wRZaIV,https://open.spotify.com/album/5L5vwUgHoR5wiJK2wRZaIV,791gUmsH46HMASQZvPwXsp,LI YILEI,之 / OF,2021-08-16,day,album,12.0,https://i.scdn.co/image/ab67616d0000b273c7ffac09da4c3c01faab3ef5,,,,matched,https://i.scdn.co/image/ab6761610000e5eb2caa7342c061ad76872f479c,https://open.spotify.com/artist/791gUmsH46HMASQZvPwXsp
"August 03, 2021",New Day With New Possibilities,Sonny & The Sunsets,Rock,Sonny &amp; The Sunsets,"San Francisco, California",Elle Carroll,"Sonny & The Sunsets, New Day With New Possibilities",matched,2oS5Uh1RIRDktSU5os3lDe,https://open.spotify.com/album/2oS5Uh1RIRDktSU5os3lDe,67zR9a98QqWJwpO7wBrGog,Sonny & The Sunsets,New Day with New Possibilities,2021-07-30,day,album,12.0,https://i.scdn.co/image/ab67616d0000b27353100758ffcc1abad052e1d2,,,,matched,https://i.scdn.co/image/ab6761610000e5eb1756304376d658cefe7a52a0,https://open.spotify.com/artist/67zR9a98QqWJwpO7wBrGog
"August 02, 2021",This Far,Teamonade,Alternative,Counter Intuitive Records,Massachusetts,Nina Corcoran,"Teamonade, This Far",no_match,,,,,,,,,,,,,,,,
"July 30, 2021","K(no)w Them, K(no)w Us",Xhosa Cole,Jazz,Independent Artist,"Birmingham, UK",John Morrison,"Xhosa Cole, K(no)w Them, K(no)w Us",matched,6STQD9KoGpteTChjAlqV42,https://open.spotify.com/album/6STQD9KoGpteTChjAlqV42,0ejZLWtlxxQCqBRdngVl2w,Xhosa Cole,"K(no)w Them, K(no)w Us",2021-07-30,day,album,8.0,https://i.scdn.co/image/ab67616d0000b27324b66d85e0e4a2d6319cede0,,,,matched,https://i.scdn.co/image/ab6761610000e5ebd0ed3a125d63aec2d8ed7b48,https://open.spotify.com/artist/0ejZLWtlxxQCqBRdngVl2w
"July 29, 2021",Celestial Blues,King Woman,Metal,Independent Artist,"New York, New York",Jeff Terich,"King Woman, Celestial Blues",matched,653GK4PcVp5zhgdYGybIMI,https://open.spotify.com/album/653GK4PcVp5zhgdYGybIMI,4C20AUsp5T2VNHmzSTSzYn,King Woman,Celestial Blues,2021-07-30,day,album,9.0,https://i.scdn.co/image/ab67616d0000b273157e6b65d0b6689eec92ba89,,,,matched,https://i.scdn.co/image/ab6761610000e5ebb413a74cd58c3d62debab01d,https://open.spotify.com/artist/4C20AUsp5T2VNHmzSTSzYn
"July 28, 2021",Giseke,Bluestaeb,Hip-Hop/Rap,Independent Artist,"Paris, France",John Morrison,"Bluestaeb, Giseke",matched,0fWLj9QyaqoGvN98Ckp3y3,https://open.spotify.com/album/0fWLj9QyaqoGvN98Ckp3y3,67pW04a6jpdQR2yWqjcfxs,Bluestaeb,GISEKE (Instrumental Version),2021-11-26,day,album,12.0,https://i.scdn.co/image/ab67616d0000b27330021342f4a8caadd04c2892,,,,matched,https://i.scdn.co/image/ab6761610000e5ebdb519279fde7216a382a97b9,https://open.spotify.com/artist/67pW04a6jpdQR2yWqjcfxs
"July 27, 2021",Signals In My Head,DJ Manny,Electronic,Dj Manny,"Chicago, Illinois",Miles Bowe,"DJ Manny, Signals In My Head",matched,5xsmFtzLdQsbXZCWTRk2yo,https://open.spotify.com/album/5xsmFtzLdQsbXZCWTRk2yo,5whJkWAzwCYfeetVpUJKn7,DJ Manny,Signals in My Head,2021-07-23,day,album,12.0,https://i.scdn.co/image/ab67616d0000b273a9b70d8f95969d90f37b3223,,,,matched,https://i.scdn.co/image/ab6761610000e5ebe06d5a4fe812e219adc74cb1,https://open.spotify.com/artist/5whJkWAzwCYfeetVpUJKn7
"July 26, 2021",Expansions,Bacao Rhythm and Steel Band,Funk,Independent Artist,"Hamburg, Germany",Eli Schoop,"Bacao Rhythm and Steel Band, Expansions",matched,1tMUBZE5cSHtJCn0HT9FaW,https://open.spotify.com/album/1tMUBZE5cSHtJCn0HT9FaW,0sjhSgEkyVa8QRmkkuckJ0,Bacao Rhythm & Steel Band,Expansions,2022-05-24,day,album,15.0,https://i.scdn.co/image/ab67616d0000b273309e2e95588bfd68a34ce9b6,,,,matched,https://i.scdn.co/image/ab6761610000e5ebd44925f72eaa0f7b253406b7,https://open.spotify.com/artist/0sjhSgEkyVa8QRmkkuckJ0
"July 23, 2021",Change,Anika,Pop,Independent Artist,"Berlin, Germany",Raphael Helfand,"Anika, Change",matched,5Xpaj0dCiJkcdBITR8lW6w,https://open.spotify.com/album/5Xpaj0dCiJkcdBITR8lW6w,6fimwBQkUgYS2HweErgxN5,Anika,Change,2021-07-23,day,album,9.0,https://i.scdn.co/image/ab67616d0000b27321914c6ece14759ec2d6a3e3,,,,matched,https://i.scdn.co/image/ab6761610000e5eb098d11648a891cb1a115c650,https://open.spotify.com/artist/6fimwBQkUgYS2HweErgxN5
"July 22, 2021",Vines,Damiana,Ambient,Hausu Mountain Records,"Chicago, Illinois",Arielle Gordon,"Damiana, Vines",matched,4vkPu8SShGB8BBvQvaEMX8,https://open.spotify.com/album/4vkPu8SShGB8BBvQvaEMX8,1xmYJRmMNBC7ucGQ1TTOIx,Damiana,Vines,2021-07-16,day,album,4.0,https://i.scdn.co/image/ab67616d0000b273bc570e16c72b080f30381138,,,,matched,https://i.scdn.co/image/ab6761610000e5ebf26032265da2ef2bd6c12df9,https://open.spotify.com/artist/1xmYJRmMNBC7ucGQ1TTOIx
"July 21, 2021",Santau,Jalang,Punk,Independent Artist,"Melbourne, Australia",Kerry Cardoza,"Jalang, Santau",no_match,,,,,,,,,,,,,,,,
"July 20, 2021",Tributaries,Jack Cooper & Jeff Tobias,Ambient,Jack Cooper,"London, UK",Jesse Locke,"Jack Cooper & Jeff Tobias, Tributaries",no_match,,,,,,,,,,,,,,,,
"July 19, 2021","Jordan Hamilton & The Saxsquatch, Tri Magi",The Lasso,Jazz,Independent Artist,Michigan,Phillip Mlynar,"The Lasso, Jordan Hamilton & The Saxsquatch, Tri Magi",no_match,,,,,,,,,,,,,,,,
"July 16, 2021",Luminol,Midwife,Alternative,Independent Artist,Colorado,Jeff Terich,"Midwife, Luminol",matched,4bga9m78vaVd0aXbUpfcHa,https://open.spotify.com/album/4bga9m78vaVd0aXbUpfcHa,5vjIHa1u3TnOlDvVDR9qQa,Midwife,Luminol,2021-07-16,day,album,6.0,https://i.scdn.co/image/ab67616d0000b2733fb99bd615d6eeaecb6d1ab9,,,,matched,https://i.scdn.co/image/ab6761610000e5ebe32d1df516290f09a761b0d8,https://open.spotify.com/artist/5vjIHa1u3TnOlDvVDR9qQa
"July 15, 2021",Sweet,Jason Jamal,R&amp;B/Soul,Independent Artist,"Richmond, Virginia",Chaka V. Grier,"Jason Jamal, Sweet",no_match,,,,,,,,,,,,,,,,
"July 14, 2021",Na Zala Zala,Rey Sapienz and the Congo Techno Ensemble,Electronic,Nyege Nyege Tapes,"Kampala, Uganda",Andra Nikolayi,"Rey Sapienz and the Congo Techno Ensemble, Na Zala Zala",no_match,,,,,,,,,,,,,,,,
"July 13, 2021",Yasuragi Land,Foodman,Experimental,foodman,"Nagoya, Japan",Patrick St. Michel,"Foodman, Yasuragi Land",matched,1hbAeHIVlpRC9xzgT2sqDi,https://open.spotify.com/album/1hbAeHIVlpRC9xzgT2sqDi,4e8VeCyfFRBL1e06oGg1dR,foodman,Yasuragi Land,2021-07-09,day,album,15.0,https://i.scdn.co/image/ab67616d0000b273b4a4f381f2da405507776341,,,,matched,https://i.scdn.co/image/ab6761610000e5ebc2283347bce2793fb941f8c1,https://open.spotify.com/artist/4e8VeCyfFRBL1e06oGg1dR
"July 12, 2021",Alpha,Charlotte Day Wilson,R&amp;B/Soul,Independent Artist,"Toronto, Ontario",Anna White,"Charlotte Day Wilson, Alpha",matched,1BFl2k9tZL0Jm6ebJHGQ5K,https://open.spotify.com/album/1BFl2k9tZL0Jm6ebJHGQ5K,3GQboECxDT1xqPPWC30p7v,Charlotte Day Wilson,ALPHA,2021-07-09,day,album,11.0,https://i.scdn.co/image/ab67616d0000b27399b7a2975680d936013daf4b,,,,matched,https://i.scdn.co/image/ab6761610000e5ebe47a9efa76eee0b5f6673229,https://open.spotify.com/artist/3GQboECxDT1xqPPWC30p7v
"July 09, 2021",Healing Frequencies,Deep Aztec,Electronic,Independent Artist,South Africa,Eli Schoop,"Deep Aztec, Healing Frequencies",matched,2D8jVpeOLVV8Q5DGoCLWAL,https://open.spotify.com/album/2D8jVpeOLVV8Q5DGoCLWAL,5getpnTxZMpYRlfyXOjQQw,Deep Aztec,Healing Frequencies,2021-07-09,day,album,12.0,https://i.scdn.co/image/ab67616d0000b273f5ca52b21dc6cd6665129ab6,,,,matched,https://i.scdn.co/image/ab6761610000e5eb835257e21dd3a4c2f8223045,https://open.spotify.com/artist/5getpnTxZMpYRlfyXOjQQw
"July 08, 2021",Body of Water,Dolphin Midwives,Alternative,dolphin midwives,"Portland, Oregon",Robert Ham,"Dolphin Midwives, Body of Water",no_match,,,,,,,,,,,,,,,,
"July 07, 2021",At Pioneer Works,Les Filles de Illighadad,World,Independent Artist,"Abalak, Niger",Marshall Gu,"Les Filles de Illighadad, At Pioneer Works",matched,28vMSFsguGKqSPNNy85S5V,https://open.spotify.com/album/28vMSFsguGKqSPNNy85S5V,45EoOvcenErsYkaJUnqjJv,Les Filles de Illighadad,At Pioneer Works,2021-07-09,day,album,6.0,https://i.scdn.co/image/ab67616d0000b273d4c6e68ac102a7528bca4800,,,,matched,https://i.scdn.co/image/ab6761610000e5ebe71383310fc446a9192fa79f,https://open.spotify.com/artist/45EoOvcenErsYkaJUnqjJv
"July 06, 2021",Sankofa,Amaro Freitas,Jazz,Independent Artist,"Recife, Brazil",John Morrison,"Amaro Freitas, Sankofa",matched,5cT5wndmYkuba7x4bnvIRf,https://open.spotify.com/album/5cT5wndmYkuba7x4bnvIRf,3Y37ixG7KDgDqxSE6PL679,Amaro Freitas,Sankofa,2021-06-25,day,album,8.0,https://i.scdn.co/image/ab67616d0000b27316f0d36209d915b9eb2d7b87,,,,matched,https://i.scdn.co/image/ab6761610000e5eb82d300ea6518010d47140676,https://open.spotify.com/artist/3Y37ixG7KDgDqxSE6PL679
"July 02, 2021",Wallahi Le Zein!,Various Artists,World,Mississippi Records,"New York, New York",Shy Clara Thompson,"Various Artists, Wallahi Le Zein!",matched,1Hn5ZjqMS7QFwq96rkIazt,https://open.spotify.com/album/1Hn5ZjqMS7QFwq96rkIazt,0LyfQWJT6nXafLPZqxe9Of,Various Artists,Wallahi Le Zein,2021-06-18,day,compilation,11.0,https://i.scdn.co/image/ab67616d0000b273a8d8c6b913915f8435b71709,,,,matched,https://i.scdn.co/image/ab6761610000e5eb6b134287e3095d2c84b7932a,https://open.spotify.com/artist/0LyfQWJT6nXafLPZqxe9Of
"July 01, 2021",Spring Collection,Jason Nazary,Experimental,We Jazz Records,"Helsinki, Finland",Brad Cohan,"Jason Nazary, Spring Collection",matched,4EF5LOVwBV1Qep23zws1Y2,https://open.spotify.com/album/4EF5LOVwBV1Qep23zws1Y2,4g7wJhFZNNxsMTfhS7igtQ,Jason Nazary,Spring Collection,2021-06-25,day,album,9.0,https://i.scdn.co/image/ab67616d0000b27368daa61d272b0a56c1574d48,,,,matched,https://i.scdn.co/image/ab6761610000e5eb733d450909e2e70854cfb90f,https://open.spotify.com/artist/4g7wJhFZNNxsMTfhS7igtQ
"June 30, 2021",Disco!,MIKE,Hip-Hop/Rap,Independent Artist,"New York, New York",John Morrison,"MIKE, Disco!",matched,7Fkm3o5QjzWHckZUiuCPsU,https://open.spotify.com/album/7Fkm3o5QjzWHckZUiuCPsU,5PbIXZV73LwfRpKKFS6kWg,Mike Rushmore,Fuego Summer Nu Disco,2026-08-21,day,single,1.0,https://i.scdn.co/image/ab67616d0000b2732b5fcd16e5c84605d5b4ab66,,,,matched,https://i.scdn.co/image/ab6761610000e5ebc5b802ad2f28b35b888812e0,https://open.spotify.com/artist/5PbIXZV73LwfRpKKFS6kWg
"June 29, 2021",I LIE HERE BURIED WITH MY RINGS AND MY DRESSES,Backxwash,Hip-Hop/Rap,Independent Artist,"Montreal, Québec",Sunik Kim,"Backxwash, I LIE HERE BURIED WITH MY RINGS AND MY DRESSES",matched,4gaxRsSkSQmoyDsTesvplD,https://open.spotify.com/album/4gaxRsSkSQmoyDsTesvplD,4du3q8TIzsZxZZKdRT23Jg,Backxwash,I LIE HERE BURIED WITH MY RINGS AND MY DRESSES,2021-06-20,day,album,10.0,https://i.scdn.co/image/ab67616d0000b27351210b58ff55fd9a54c9fc6d,,,,matched,https://i.scdn.co/image/ab6761610000e5eb976891b2d63978bd728e4b7c,https://open.spotify.com/artist/4du3q8TIzsZxZZKdRT23Jg
"June 28, 2021",Ultra Cycle Pt. 2: Estival Growth,Prolaps,Electronic,Hausu Mountain Records,"Chicago, Illinois",Miles Bowe,"Prolaps, Ultra Cycle Pt. 2: Estival Growth",matched,1PCLQLtgauJhH7DejboquS,https://open.spotify.com/album/1PCLQLtgauJhH7DejboquS,48C6zfF4uSk2R9V1B3Ym0D,Prolaps,Ultra Cycle Pt. 2: Estival Growth,2021-06-20,day,album,22.0,https://i.scdn.co/image/ab67616d0000b2734c17aa432085977b5400f700,,,,matched,https://i.scdn.co/image/ab6761610000e5eb018221fa01b7da2e48096d19,https://open.spotify.com/artist/48C6zfF4uSk2R9V1B3Ym0D
"June 25, 2021",The Turning Wheel,SPELLLING,Experimental,Independent Artist,"Oakland, California",Natelegé Whaley,"SPELLLING, The Turning Wheel",matched,5Dqqrr1dhaZ3BcFthVUCj2,https://open.spotify.com/album/5Dqqrr1dhaZ3BcFthVUCj2,7rlAAAiWScpsT1hmgURAmh,SPELLLING,The Turning Wheel,2021-06-25,day,album,12.0,https://i.scdn.co/image/ab67616d0000b2735209b85c5ad0ffd3033d24f3,,,,matched,https://i.scdn.co/image/ab6761610000e5eba12c0b0e81e459e426cfd52c,https://open.spotify.com/artist/7rlAAAiWScpsT1hmgURAmh
"June 24, 2021",What We Lost,Janette King,R&amp;B/Soul,Independent Artist,"Montreal, Québec",Chaka V. Grier,"Janette King, What We Lost",matched,4KbfM4lKF2gn9t2SGe6Xb4,https://open.spotify.com/album/4KbfM4lKF2gn9t2SGe6Xb4,77KRcsLbRizUbGjctloC8a,Janette King,What We Lost,2021-06-25,day,album,12.0,https://i.scdn.co/image/ab67616d0000b273b8cd649ad5f2f0d969287efa,,,,matched,https://i.scdn.co/image/ab6761610000e5ebc772cc458e96d70ef9691663,https://open.spotify.com/artist/77KRcsLbRizUbGjctloC8a
"June 23, 2021",Flowertown,Flowertown,Rock,FLOWERTOWN,"San Francisco, California",Ben Salmon,"Flowertown, Flowertown",matched,2ajhpYZzDrIwLCgoOpFCJF,https://open.spotify.com/album/2ajhpYZzDrIwLCgoOpFCJF,1nw4TqIaEz5D0VYqvwhrJi,Flowertown,Flowertown,2021-06-25,day,album,12.0,https://i.scdn.co/image/ab67616d0000b273214242f751e990c8c66dd62b,,,,matched,https://i.scdn.co/image/ab67616d0000b27387d24bbcde3179b14d8f269f,https://open.spotify.com/artist/1nw4TqIaEz5D0VYqvwhrJi
"June 22, 2021",Ekizikiza Mubwengula,Don Zilla,Electronic,HAKUNA KULALA,"Kampala, Uganda",Andra Nikolayi,"Don Zilla, Ekizikiza Mubwengula",matched,067aZP3uQiemACpRoipWFh,https://open.spotify.com/album/067aZP3uQiemACpRoipWFh,28v8olmolos8vLLikFIWzh,Don Zilla,Ekizikiza Mubwengula,2021-06-18,day,album,9.0,https://i.scdn.co/image/ab67616d0000b273e1d41aa2bf45a1eba955c941,,,,matched,https://i.scdn.co/image/ab6761610000e5eba1bf180adebc1bfb1abe158c,https://open.spotify.com/artist/28v8olmolos8vLLikFIWzh
"June 21, 2021",Temporary Requiem,MJ Guider,Alternative,Independent Artist,"New Orleans, Louisiana",Miles Bowe,"MJ Guider, Temporary Requiem",matched,0lTf09cASn6ock5iB3I3mx,https://open.spotify.com/album/0lTf09cASn6ock5iB3I3mx,6q3oAfZeNYhWzsL2PrMhAv,MJ Guider,Temporary Requiem,2021-06-18,day,album,6.0,https://i.scdn.co/image/ab67616d0000b273a1d05dc42e6d544052858a5c,,,,matched,https://i.scdn.co/image/ab6761610000e5eb21ddff02b23497d6c1f8b91d,https://open.spotify.com/artist/6q3oAfZeNYhWzsL2PrMhAv
"June 18, 2021",Conclave,Conclave,World,Independent Artist,"Brooklyn, New York",Matthew Ismael Ruiz,"Conclave, Conclave",matched,275GEyStlUtHC4xhgVTKxO,https://open.spotify.com/album/275GEyStlUtHC4xhgVTKxO,4BYrR8Rv1OuqrzYox5XxZh,"Conclave, Toribio",Conclave,2021-06-18,day,album,11.0,https://i.scdn.co/image/ab67616d0000b2739333b1800afcdf632a6484b5,,,,matched,https://i.scdn.co/image/ab6761610000e5eb59988c4ad7531636a8cf9347,https://open.spotify.com/artist/4BYrR8Rv1OuqrzYox5XxZh
"June 17, 2021",Planet X,Red Ribbon,Alternative,Independent Artist,"Los Angeles, California",Michael Rancic,"Red Ribbon, Planet X",matched,50i6WhioS7HWj0Jf7geJwm,https://open.spotify.com/album/50i6WhioS7HWj0Jf7geJwm,3GmA6wWF7cBW2aX69u699R,Red Ribbon,Planet X,2021-06-11,day,album,11.0,https://i.scdn.co/image/ab67616d0000b273f902e9e8cb9720016624faca,,,,matched,https://i.scdn.co/image/ab6761610000e5eba5989e9dd19476d5938ff8b2,https://open.spotify.com/artist/3GmA6wWF7cBW2aX69u699R
"June 16, 2021",MAYAHUEL,Sávila,Latin,SÁVILA,"Portland, Oregon",Maria Barrios,"Sávila, MAYAHUEL",matched,62uYHxDORrNSyoA0wIPYIj,https://open.spotify.com/album/62uYHxDORrNSyoA0wIPYIj,2MnzgTDDWD0KTonayeznfN,Sávila,Mayahuel,2021-06-01,day,single,6.0,https://i.scdn.co/image/ab67616d0000b273bb2763559e87c049dee993c9,,,,matched,https://i.scdn.co/image/ab67616d0000b273a1104b91ad84fc870610fcd2,https://open.spotify.com/artist/2MnzgTDDWD0KTonayeznfN
"June 15, 2021",Dharmaland,Ìxtahuele,Jazz,Independent Artist,"Gothenburg, Sweden",Andy Beta,"Ìxtahuele, Dharmaland",matched,4Yj7K2GdPI0FUOzFfG1G8y,https://open.spotify.com/album/4Yj7K2GdPI0FUOzFfG1G8y,3zWk05HzOm7nWIBkKCYmXN,Ìxtahuele,Dharmaland,2021-06-11,day,album,12.0,https://i.scdn.co/image/ab67616d0000b273dbe7f494c1bad8a6d849bb37,,,,matched,https://i.scdn.co/image/ab6761610000e5ebaf57b2255c77b47f8df45fb0,https://open.spotify.com/artist/3zWk05HzOm7nWIBkKCYmXN
"June 14, 2021",Mommy Issues,The Narcotix,Alternative,Independent Artist,"Brooklyn, New York",Natelegé Whaley,"The Narcotix, Mommy Issues",matched,20ZsFFiMl6TE41ouqJArw5,https://open.spotify.com/album/20ZsFFiMl6TE41ouqJArw5,3wC6DE9C6U4WxgstG9ofI2,The Narcotix,Mommy Issues,2021-06-11,day,single,6.0,https://i.scdn.co/image/ab67616d0000b27378a7d81011f23070e7b4371b,,,,matched,https://i.scdn.co/image/ab6761610000e5eb320b862aa65eb7c48c01a411,https://open.spotify.com/artist/3wC6DE9C6U4WxgstG9ofI2
"June 11, 2021",The Veiled Sea,Six Organs of Admittance,Alternative,Three Lobed Recordings,"Jamestown, North Carolina",Phil E. Bloomfield,"Six Organs of Admittance, The Veiled Sea",matched,4KPSzNMqRYafRLROE7F0iF,https://open.spotify.com/album/4KPSzNMqRYafRLROE7F0iF,5jX8L7D6vWHYlNj9k361vI,Six Organs Of Admittance,The Veiled Sea,2021-06-25,day,album,6.0,https://i.scdn.co/image/ab67616d0000b2733f0c48002573f4d6d3086aa1,,,,matched,https://i.scdn.co/image/ab6761610000e5eb4ac6e7e82044dababacde59e,https://open.spotify.com/artist/5jX8L7D6vWHYlNj9k361vI
"June 10, 2021",Resist To Exist قاوم لِوجودك,Avon Terror Corps x Exist Festival,Electronic,Avon Terror Corps,"Bristol, UK",April Clare Welsh,"Avon Terror Corps x Exist Festival, Resist To Exist قاوم لِوجودك",no_match,,,,,,,,,,,,,,,,
"June 09, 2021",Lemona and Swan Song,Giant Drag,Rock,Annie Hardy,"Los Angeles, California",Ashley Bardhan,"Giant Drag, Lemona and Swan Song",no_match,,,,,,,,,,,,,,,,
"June 08, 2021",Xardinal Coffee,Exum,Hip-Hop/Rap,EXUM,"Richmond, Virginia",Chaka V. Grier,"Exum, Xardinal Coffee",matched,6YsoMgcAXLrS25jjSLxWgf,https://open.spotify.com/album/6YsoMgcAXLrS25jjSLxWgf,5KJX1Zh0zfHcbwSCk5cPk0,EXUM,Xardinal Coffee,2021-06-04,day,album,9.0,https://i.scdn.co/image/ab67616d0000b27376100e46c4072b0426ae11a1,,,,matched,https://i.scdn.co/image/ab6761610000e5eb72746813382bfb97b1b4425c,https://open.spotify.com/artist/5KJX1Zh0zfHcbwSCk5cPk0
"June 07, 2021",NON-FICTION,N0V3L,Punk,Independent Artist,"Vancouver, British Columbia",Elle Carroll,"N0V3L, NON-FICTION",matched,024W6tqXC4c3nGKmslrNxA,https://open.spotify.com/album/024W6tqXC4c3nGKmslrNxA,7hB25IiKPmhATGtFwDbylS,N0V3L,NON-FICTION,2021-05-28,day,album,11.0,https://i.scdn.co/image/ab67616d0000b2733625c1fc45ec007b53b6db59,,,,matched,https://i.scdn.co/image/ab6761610000e5eb5fb3ef5349f387746e903132,https://open.spotify.com/artist/7hB25IiKPmhATGtFwDbylS
"June 04, 2021",Keep Me in Mind,Miriam Makeba,World,Independent Artist,"Johannesburg, South Africa",Megan Iacobini de Fazio,"Miriam Makeba, Keep Me in Mind",matched,1cDSHioyv2YlTpct2b1j74,https://open.spotify.com/album/1cDSHioyv2YlTpct2b1j74,18RkLKfeoUgZflWv9os25W,Miriam Makeba,Keep Me In Mind,2017-12-06,day,album,10.0,https://i.scdn.co/image/ab67616d0000b273b376046c8951d5fd96c4f1bf,,,,matched,https://i.scdn.co/image/ab6772690000c46ce1bf8db9cb8425a2475955ee,https://open.spotify.com/artist/18RkLKfeoUgZflWv9os25W
"June 03, 2021",Balance,Children of Zeus,R&amp;B/Soul,Children Of Zeus,"Manchester, UK",J. Edward Keyes,"Children of Zeus, Balance",matched,32GCpEKV51IgxHSC6Sqppn,https://open.spotify.com/album/32GCpEKV51IgxHSC6Sqppn,2UZjIISzcezFJLo0ngik2Z,Children of Zeus,Balance,2021-06-04,day,album,13.0,https://i.scdn.co/image/ab67616d0000b27328a75e25107600ee095b148d,,,,matched,https://i.scdn.co/image/ab6761610000e5eb9745ad6c9440a9019b478d9c,https://open.spotify.com/artist/2UZjIISzcezFJLo0ngik2Z
"June 02, 2021",Headbanging In The Club,W00DY,Electronic,Independent Artist,"Pittsburgh, Pennsylvania",Miles Bowe,"W00DY, Headbanging In The Club",no_match,,,,,,,,,,,,,,,,
"June 01, 2021",Always Something,UV-TV,Punk,Independent Artist,"Brooklyn, New York",Charlie Zaillian,"UV-TV, Always Something",matched,4CqkH847WAfUvTCsqOUFpq,https://open.spotify.com/album/4CqkH847WAfUvTCsqOUFpq,1f44BNaRaTfFVLAMlbFsTm,UV-TV,Always Something,2021-05-28,day,album,9.0,https://i.scdn.co/image/ab67616d0000b273921bd0b270f311f3fe422c9a,,,,matched,https://i.scdn.co/image/ab6761610000e5ebe88ecbf45c8747b2827e07f1,https://open.spotify.com/artist/1f44BNaRaTfFVLAMlbFsTm
"May 28, 2021",Modern Love,Various Artists,Jazz,BBE,"London, UK",Dave Sumner,"Various Artists, Modern Love",matched,5oYObkUoxoZa52Z5FdzjPT,https://open.spotify.com/album/5oYObkUoxoZa52Z5FdzjPT,0LyfQWJT6nXafLPZqxe9Of,Various Artists,Modern Love,2021-05-28,day,compilation,17.0,https://i.scdn.co/image/ab67616d0000b273c556944b3599f55cb62f731a,,,,matched,https://i.scdn.co/image/ab6761610000e5eb6b134287e3095d2c84b7932a,https://open.spotify.com/artist/0LyfQWJT6nXafLPZqxe9Of
"May 27, 2021",Natural Mechanics,Spectacular Diagnostics,Hip-Hop/Rap,Independent Artist,"Chicago, Illinois",Phillip Mlynar,"Spectacular Diagnostics, Natural Mechanics",matched,6CmEMGcLpkvxZIqKd8O6TB,https://open.spotify.com/album/6CmEMGcLpkvxZIqKd8O6TB,3z32OCr8soKhZ5CYuTti9a,Spectacular Diagnostics,Natural Mechanics,2021-05-28,day,album,18.0,https://i.scdn.co/image/ab67616d0000b273ab506c7d02e53ed56c5af682,,,,matched,https://i.scdn.co/image/ab6761610000e5ebf652c0b6e7162b3a2a493320,https://open.spotify.com/artist/3z32OCr8soKhZ5CYuTti9a
"May 26, 2021",Outside Child,Allison Russell,Alternative,Independent Artist,"Nashville, Tennessee",Chaka V. Grier,"Allison Russell, Outside Child",matched,4R21oaKCstE2fMc4XkuVlw,https://open.spotify.com/album/4R21oaKCstE2fMc4XkuVlw,3JBmecDGXTll46ygrnGTM6,Allison Russell,Outside Child,2021-05-21,day,album,11.0,https://i.scdn.co/image/ab67616d0000b2734860e40c6c3a1330ddf50fcc,,,,matched,https://i.scdn.co/image/ab6761610000e5eb3254fe3677c0d3a5491e3b98,https://open.spotify.com/artist/3JBmecDGXTll46ygrnGTM6
"May 25, 2021",Cosmonaut,Pickle Darling,Alternative,Independent Artist,"Christchurch, New Zealand",Samuel Tornow,"Pickle Darling, Cosmonaut",matched,5NGgxoZgEbd1G9b3u0Tb60,https://open.spotify.com/album/5NGgxoZgEbd1G9b3u0Tb60,1CkgDItGS5PnRLXcEaforp,Pickle Darling,Cosmonaut,2021-05-21,day,album,9.0,https://i.scdn.co/image/ab67616d0000b273f7882c80e2394899c85ecd31,,,,matched,https://i.scdn.co/image/ab6761610000e5eb1c29cc98132577539289dd01,https://open.spotify.com/artist/1CkgDItGS5PnRLXcEaforp
"May 24, 2021",Present Tense,FACS,Punk,Independent Artist,"Chicago, Illinois",Shannon Nico Shreibak,"FACS, Present Tense",matched,3e6MceFtXszb2fQfwWP8MD,https://open.spotify.com/album/3e6MceFtXszb2fQfwWP8MD,2h0hfblKFcjOdz52vre1OV,FACS,Present Tense,2021-05-21,day,album,7.0,https://i.scdn.co/image/ab67616d0000b273e0c4a5b2263de3db2dc13ec8,,,,matched,https://i.scdn.co/image/ab6761610000e5eb68f8788ab72ebea9f43da7df,https://open.spotify.com/artist/2h0hfblKFcjOdz52vre1OV
"May 21, 2021",Mesh,Mesh,Punk,MESH,"Philadelphia, Pennsylvania",Ethan Beck,"Mesh, Mesh",matched,54LP2pNeg5LDSzZdAKiKHP,https://open.spotify.com/album/54LP2pNeg5LDSzZdAKiKHP,4ea8aZ1hr2yK5s3JnaCAh6,MESHAPI,MONTAGEM MESH,2026-07-17,day,single,1.0,https://i.scdn.co/image/ab67616d0000b273bdd946356729bebe161b4720,,,,matched,https://i.scdn.co/image/ab6761610000e5ebeb317d406bfd9acd279d18ac,https://open.spotify.com/artist/4ea8aZ1hr2yK5s3JnaCAh6
"May 20, 2021",If I Fail Are We Still Cool?,Patrick Paige II,Hip-Hop/Rap,Independent Artist,"Los Angeles, California",Christina Lee,"Patrick Paige II, If I Fail Are We Still Cool?",matched,4dNMPTG96R8kLnZQ37yOIB,https://open.spotify.com/album/4dNMPTG96R8kLnZQ37yOIB,3rTMj1pmRvXBfzAEIk9XX9,Patrick Paige II,If I Fail Are We Still Cool?,2021-05-21,day,album,17.0,https://i.scdn.co/image/ab67616d0000b273d833c63efe7d501ab4342401,,,,matched,https://i.scdn.co/image/ab6761610000e5ebe051f8b6c5b474877b385dac,https://open.spotify.com/artist/3rTMj1pmRvXBfzAEIk9XX9
"May 19, 2021",Decir,Francisco del Pino,Classical,Independent Artist,"Princeton, New Jersey",Peter Margasak,"Francisco del Pino, Decir",matched,4w7joaM0KVy4MEsAwd25OQ,https://open.spotify.com/album/4w7joaM0KVy4MEsAwd25OQ,61qSFcNNde5o53PAQC8IlO,"Francisco del Pino, Cecilia Pastorino",Francisco del Pino: Decir,2021-05-14,day,album,7.0,https://i.scdn.co/image/ab67616d0000b27315004b02683ff9c580937246,,,,matched,https://i.scdn.co/image/ab6761610000e5eb8b96fa1f083e70fd607e3b70,https://open.spotify.com/artist/61qSFcNNde5o53PAQC8IlO
"May 18, 2021",Color de Trópico Vol. 2,Various Artists,Latin,El Palmas Music,"Barcelona, Spain",Richard Villegas,"Various Artists, Color de Trópico Vol. 2",no_match,,,,,,,,,,,,,,,,
"May 17, 2021",Cosmic Transitions,Isaiah Collier & The Chosen Few,Jazz,DIVISION 81 RECORDS,"Chicago, Illinois",Marcus J. Moore,"Isaiah Collier & The Chosen Few, Cosmic Transitions",matched,71LCXX7u3MQfYfMQ4YjMdU,https://open.spotify.com/album/71LCXX7u3MQfYfMQ4YjMdU,0iHdGHHoK1clHPuBmfstH2,Isaiah Collier & the Chosen Few,Cosmic Transitions,2021-05-12,day,album,6.0,https://i.scdn.co/image/ab67616d0000b273c26d04ea368e2ada9604eae9,,,,matched,https://i.scdn.co/image/ab67616d0000b2734887078cbbb64d3dc55f11e2,https://open.spotify.com/artist/0iHdGHHoK1clHPuBmfstH2
"May 14, 2021",Came Down Different,Pardoner,Rock,Independent Artist,"San Francisco, California",Mariana Timony,"Pardoner, Came Down Different",matched,4F04ckxbvJcblBa8eZ07ka,https://open.spotify.com/album/4F04ckxbvJcblBa8eZ07ka,2cvOvqNfn14qVRgGEw29PQ,Pardoner,Came Down Different,2021-05-14,day,album,12.0,https://i.scdn.co/image/ab67616d0000b2735400bb27a57d0a85717ed95a,,,,matched,https://i.scdn.co/image/ab6761610000e5ebf2734b704a6a0c36c1574ece,https://open.spotify.com/artist/2cvOvqNfn14qVRgGEw29PQ
"May 13, 2021","Black Ants Always Fly Together, One Bangle Makes No Sound",Kasai Allstars,Alternative,Independent Artist,Democratic Republic of the Congo,Megan Iacobini de Fazio,"Kasai Allstars, Black Ants Always Fly Together, One Bangle Makes No Sound",matched,62dAMx16vsYqUirZpBNsAc,https://open.spotify.com/album/62dAMx16vsYqUirZpBNsAc,391GEzsFayFVG5aGEBkrtq,Kasai Allstars,"Black Ants Always Fly Together, One Bangle Makes No Sound",2021-04-30,day,album,12.0,https://i.scdn.co/image/ab67616d0000b2730abab5de1d41b689e485f5d3,,,,matched,https://i.scdn.co/image/ab6761610000e5ebb2e1eb1b5e38f067592792a9,https://open.spotify.com/artist/391GEzsFayFVG5aGEBkrtq
"May 12, 2021",Kataan,Kataan,Metal,Independent Artist,New Hampshire,Brad Cohan,"Kataan, Kataan",matched,0NhzDIj1I9fbyCRQ4OFCB3,https://open.spotify.com/album/0NhzDIj1I9fbyCRQ4OFCB3,5kI7xTrpcXxM4fIU1UCF1T,Kataan,Kataan,2021-05-07,day,single,4.0,https://i.scdn.co/image/ab67616d0000b2732a5b1e3354ad342596c1de02,,,,matched,https://i.scdn.co/image/ab6761610000e5eb5a918ee135fd5e5b83d0f8d1,https://open.spotify.com/artist/5kI7xTrpcXxM4fIU1UCF1T
"May 11, 2021",Comme Au Moulin,Nyssa Musique,Jazz,Independent Artist,"Paris, France",Andy Beta,"Nyssa Musique, Comme Au Moulin",matched,3ypzStkXB1bZhTG9yDH42Z,https://open.spotify.com/album/3ypzStkXB1bZhTG9yDH42Z,7hj7NaPLRC9KosqF6YkdH0,Nyssa Musique,Comme Au Moulin,2021-04-23,day,album,8.0,https://i.scdn.co/image/ab67616d0000b273ebf4c4f64012e75d9e72db47,,,,matched,https://i.scdn.co/image/ab67616d0000b273ebf4c4f64012e75d9e72db47,https://open.spotify.com/artist/7hj7NaPLRC9KosqF6YkdH0
"May 10, 2021","More Energy Fields, Current",Carlos Niño & Friends,Ambient,International Anthem,"Chicago, Illinois",Andy Thomas,"Carlos Niño & Friends, More Energy Fields, Current",matched,5RWjSFHV9wHSimK6vFhTBq,https://open.spotify.com/album/5RWjSFHV9wHSimK6vFhTBq,5Vp9z1lRUNMLQCXbwrIbDK,Carlos Niño & Friends,"More Energy Fields, Current",2021-05-07,day,album,10.0,https://i.scdn.co/image/ab67616d0000b273db88d5d4eb39cc61000d1d10,,,,matched,https://i.scdn.co/image/ab6761610000e5eb95cf343066618e2510c8336b,https://open.spotify.com/artist/5Vp9z1lRUNMLQCXbwrIbDK
"May 07, 2021",For My Mama And Anyone Who Look Like Her,McKinley Dixon,Hip-Hop/Rap,Independent Artist,"Richmond, Virginia",John Morrison,"McKinley Dixon, For My Mama And Anyone Who Look Like Her",matched,2QrMzzUYpGOeSmNbwBqXPk,https://open.spotify.com/album/2QrMzzUYpGOeSmNbwBqXPk,5trjmXbxVZ8E68aVhj8Nko,McKinley Dixon,For My Mama And Anyone Who Look Like Her,2021-05-07,day,album,11.0,https://i.scdn.co/image/ab67616d0000b273e966b677d2987d17d3f55eb2,,,,matched,https://i.scdn.co/image/ab6761610000e5ebe453b01c8d0c672cf7c06c40,https://open.spotify.com/artist/5trjmXbxVZ8E68aVhj8Nko
"May 06, 2021",Tewari,Scotch Rolex,Electronic,HAKUNA KULALA,"Kampala, Uganda",Andra Nikolayi,"Scotch Rolex, Tewari",matched,4k5sjJU6YoL9biqhVYeOSh,https://open.spotify.com/album/4k5sjJU6YoL9biqhVYeOSh,1Rfcqv8E6YFLULlT9g1fCq,Scotch Rolex,Tewari,2021-05-28,day,album,11.0,https://i.scdn.co/image/ab67616d0000b2734f94548b38b19c19a10d092a,,,,matched,https://i.scdn.co/image/ab6761610000e5eb6840b2820b13f220d5e90c0f,https://open.spotify.com/artist/1Rfcqv8E6YFLULlT9g1fCq
"May 05, 2021",Arc Mountain,Hausu Mountain & Deathbomb Arc Artists in Collaboration,Experimental,Hausu Mountain Records,"Chicago, Illinois",Miles Bowe,"Hausu Mountain & Deathbomb Arc Artists in Collaboration, Arc Mountain",no_match,,,,,,,,,,,,,,,,
"May 04, 2021",Antifate,Ziúr,Electronic,Independent Artist,"Berlin, Germany",Lewis Gordon,"Ziúr, Antifate",matched,3OMXccZGWvJDLgP9a19ctP,https://open.spotify.com/album/3OMXccZGWvJDLgP9a19ctP,6Wpezkbiv0IrYhUs5eajUv,Ziúr,Antifate,2021-05-07,day,album,10.0,https://i.scdn.co/image/ab67616d0000b273136b2723722f93506fbaa7e4,,,,matched,https://i.scdn.co/image/ab6761610000e5eb6e3a905df6210807dcba058f,https://open.spotify.com/artist/6Wpezkbiv0IrYhUs5eajUv
"May 03, 2021",Beachy Head,Beachy Head,Rock,Graveface Records &amp; Curiosities,"Savannah, Georgia",Annie Zaleski,"Beachy Head, Beachy Head",matched,5HCJoZET93dnKYZcNtzFtM,https://open.spotify.com/album/5HCJoZET93dnKYZcNtzFtM,6Kq54gSL9Ms7dLu8t4AcZz,Beachy Head,Beachy Head,2021-04-30,day,album,8.0,https://i.scdn.co/image/ab67616d0000b273f3fb65abef2a736533b4cd5d,,,,matched,https://i.scdn.co/image/ab6761610000e5eb7fc2c3aba4d836a78d37dad9,https://open.spotify.com/artist/6Kq54gSL9Ms7dLu8t4AcZz
"April 30, 2021",Second Line,DAWN,Electronic,Independent Artist,"Los Angeles, California",Amaya Garcia,"DAWN, Second Line",matched,72jdKLUbZbcNAV4Ius6cee,https://open.spotify.com/album/72jdKLUbZbcNAV4Ius6cee,6pSsE5y0uJMwYj83KrPyf9,Dawn Richard,Second Line,2021-04-30,day,album,16.0,https://i.scdn.co/image/ab67616d0000b273da3f08c008d879d8e703e869,,,,matched,https://i.scdn.co/image/ab6761610000e5eb1f4cfffbbb016c8918757ba3,https://open.spotify.com/artist/6pSsE5y0uJMwYj83KrPyf9
"April 29, 2021",Earth Bow,Sarah Louise,Ambient,Independent Artist,"Asheville, North Carolina",Miles Bowe,"Sarah Louise, Earth Bow",no_match,,,,,,,,,,,,,,,,
"April 28, 2021",台灣謎景 Music from Taiwan Mystery,Mong Tong,Experimental,WV Sorcerer Productions 巫唱片,France,Josh Feola,"Mong Tong, 台灣謎景 Music from Taiwan Mystery",matched,7JkvDzyInePvoOV3eBJPPv,https://open.spotify.com/album/7JkvDzyInePvoOV3eBJPPv,61QVaGjYK4UNd6uTz7Lzuo,Mong Tong,Music from Taiwan Mystery 台灣謎景,2021-05-07,day,album,9.0,https://i.scdn.co/image/ab67616d0000b273b62ff0aba67c1a648ad91bdd,,,,matched,https://i.scdn.co/image/ab6761610000e5ebadfd3b6eb432a897dbd914df,https://open.spotify.com/artist/61QVaGjYK4UNd6uTz7Lzuo
"April 27, 2021",Mora!,Francisco Mora Catlett,Jazz,Independent Artist,"Detroit, Michigan",Andy Beta,"Francisco Mora Catlett, Mora!",matched,1oifGlOkyrY8MST56w23Qu,https://open.spotify.com/album/1oifGlOkyrY8MST56w23Qu,6pDWRORaCLy5IbgWcN8ytH,Francisco Mora Catlett,Mora! (Pt. 1 & 2),2021-02-05,day,album,15.0,https://i.scdn.co/image/ab67616d0000b27394a63c71289a7007a01089a7,,,,matched,https://i.scdn.co/image/ab6761610000e5ebbf219679299c04e190f88f1c,https://open.spotify.com/artist/6pDWRORaCLy5IbgWcN8ytH
"April 26, 2021",Bury Me Beneath This Rotting Earth,Body Void,Metal,Independent Artist,Vermont,Ben Salmon,"Body Void, Bury Me Beneath This Rotting Earth",matched,5Tz2zawr9iFM3q3MYO2AG8,https://open.spotify.com/album/5Tz2zawr9iFM3q3MYO2AG8,4p2Zeb9XclofoJDCXFSTp7,Body Void,Bury Me Beneath This Rotting Earth,2021-04-23,day,album,4.0,https://i.scdn.co/image/ab67616d0000b273ddb1e9bcfbe54af24baf7579,,,,matched,https://i.scdn.co/image/ab6761610000e5eb184e04357dd1fa3938ef5782,https://open.spotify.com/artist/4p2Zeb9XclofoJDCXFSTp7
"April 23, 2021",Bring Backs,Alfa Mist,Hip-Hop/Rap,Independent Artist,UK,John Morrison,"Alfa Mist, Bring Backs",matched,4qoGWMatT4g6qA7UCoPnJq,https://open.spotify.com/album/4qoGWMatT4g6qA7UCoPnJq,2i1CPudyCUjL50Wqjv8AMI,Alfa Mist,Bring Backs,2021-04-23,day,album,9.0,https://i.scdn.co/image/ab67616d0000b273e99aaa41c56a25809ea06d77,,,,matched,https://i.scdn.co/image/ab6761610000e5ebe247a1683a0b42005d35d414,https://open.spotify.com/artist/2i1CPudyCUjL50Wqjv8AMI
"April 22, 2021",Feel Free,Proper Nouns,Alternative,Independent Artist,"New York, New York",Charlie Zaillian,"Proper Nouns, Feel Free",matched,2NcHkYjQ3lbvCyhsBlwsYo,https://open.spotify.com/album/2NcHkYjQ3lbvCyhsBlwsYo,1mletEE0QtU5LqyUiiElJ2,Proper Nouns,Feel Free,2021-04-23,day,album,14.0,https://i.scdn.co/image/ab67616d0000b273b2d4cfbe8a9bfef2ebff24ed,,,,matched,https://i.scdn.co/image/ab67616d0000b273b2d4cfbe8a9bfef2ebff24ed,https://open.spotify.com/artist/1mletEE0QtU5LqyUiiElJ2
"April 21, 2021",Turn My Dial: M Squared Recordings and More,Tangled Shoelaces,Pop,Independent Artist,"Brisbane, Australia",Ashley Bardhan,"Tangled Shoelaces, Turn My Dial: M Squared Recordings and More",matched,5zAg92bBFCQ4XLsvLmUWiJ,https://open.spotify.com/album/5zAg92bBFCQ4XLsvLmUWiJ,1jG0ZYxIxXD9btvAnp7HSu,Tangled Shoelaces,"Turn My Dial - M Squared Recordings and more, 1981-84",2021-04-23,day,album,22.0,https://i.scdn.co/image/ab67616d0000b273439123d2167d2278ea17ddb6,,,,matched,https://i.scdn.co/image/ab6772690000c46c7cf38c0124f5350a74382d10,https://open.spotify.com/artist/1jG0ZYxIxXD9btvAnp7HSu
"April 20, 2021",Vulture Prince,Arooj Aftab,Classical,Independent Artist,"Brooklyn, New York",Peter Margasak,"Arooj Aftab, Vulture Prince",matched,6HrBTi1F76h7mJuQDHEijH,https://open.spotify.com/album/6HrBTi1F76h7mJuQDHEijH,00JAfwtx5gNiiqyor88Dr5,Arooj Aftab,Vulture Prince,2021-04-23,day,album,7.0,https://i.scdn.co/image/ab67616d0000b273fd247739c6b3bb01aec1c689,,,,matched,https://i.scdn.co/image/ab6761610000e5eb04261a63be89a343b167b6fc,https://open.spotify.com/artist/00JAfwtx5gNiiqyor88Dr5
"April 19, 2021","Douglas R. Ewart, and Mike Reed, Sun Beans of Shimmering Light",Wadada Leo Smith,Jazz,Wadada Leo Smith / Douglas R. Ewart / Mike Reed,"Chicago, Illinois",John Morrison,"Wadada Leo Smith, Douglas R. Ewart, and Mike Reed, Sun Beans of Shimmering Light",no_match,,,,,,,,,,,,,,,,
"April 16, 2021",Infinity,Khan Jamal,Jazz,Independent Artist,"Philadelphia, Pennsylvania",John Morrison,"Khan Jamal, Infinity",matched,0oPBkcF7SqGxAjQB6InUJv,https://open.spotify.com/album/0oPBkcF7SqGxAjQB6InUJv,5zLBhiKqAG2xGljDqTN5Up,KHAN JAMAL,Infinity,2021-08-20,day,album,5.0,https://i.scdn.co/image/ab67616d0000b273a1c6252cb0445540ecdf5d7c,,,,matched,https://i.scdn.co/image/ab67616d0000b273a1c6252cb0445540ecdf5d7c,https://open.spotify.com/artist/5zLBhiKqAG2xGljDqTN5Up
"April 15, 2021",The Things I Can’t Take With Me,Yaya Bey,R&amp;B/Soul,yaya bey,"Brooklyn, New York",Chaka V. Grier,"Yaya Bey, The Things I Can’t Take With Me",matched,3PSY4nGEzBEDmrb1UQL4iJ,https://open.spotify.com/album/3PSY4nGEzBEDmrb1UQL4iJ,6tpaMMCs8X6o8j9H5OmWmT,Yaya Bey,The Things I Can't Take With Me,2021-04-09,day,single,6.0,https://i.scdn.co/image/ab67616d0000b273fec1c1a42a75e36ab83b9a66,,,,matched,https://i.scdn.co/image/ab6761610000e5eb9a3287ee249df037a01f268a,https://open.spotify.com/artist/6tpaMMCs8X6o8j9H5OmWmT
"April 14, 2021",Tripomatic Fantasies,dragongirl,Electronic,Independent Artist,"Copenhagen, Denmark",J. Edward Keyes,"dragongirl, Tripomatic Fantasies",matched,7nI9b3P44iTbpJdCbPP6q1,https://open.spotify.com/album/7nI9b3P44iTbpJdCbPP6q1,3WkDNb8ocbf9rd7Vr6m2DM,dragongirl,Tripomatic Fantasies,2021-04-16,day,single,5.0,https://i.scdn.co/image/ab67616d0000b2731613c361ea28ce642a9580fa,,,,matched,https://i.scdn.co/image/ab6761610000e5eb70b983cb1d0fe9443a2864af,https://open.spotify.com/artist/3WkDNb8ocbf9rd7Vr6m2DM
"April 13, 2021",Cracks,Eomac,Electronic,Independent Artist,"Wicklow, Ireland",Andra Nikolayi,"Eomac, Cracks",matched,29x6FNauFoKAdrYyCmu1cZ,https://open.spotify.com/album/29x6FNauFoKAdrYyCmu1cZ,6J30Iyy8uZbhTzepsSs5yJ,Eomac,Cracks,2021-04-16,day,album,10.0,https://i.scdn.co/image/ab67616d0000b273b61d6a393052ba4524f9c4db,,,,matched,https://i.scdn.co/image/ab6761610000e5ebc26ef2d5e6af38d0ec9fb654,https://open.spotify.com/artist/6J30Iyy8uZbhTzepsSs5yJ
"April 12, 2021",Grateful End,Dope Purple,Rock,WV Sorcerer Productions 巫唱片,France,Josh Feola,"Dope Purple, Grateful End",matched,4ATfkRkYfdcWX3t0ayi2dN,https://open.spotify.com/album/4ATfkRkYfdcWX3t0ayi2dN,19Af5bcueXbkVeW2HY4Xaj,Dope Purple,Grateful End,2021-04-16,day,album,4.0,https://i.scdn.co/image/ab67616d0000b2735a4ed7a626cf66a84e0f2869,,,,matched,https://i.scdn.co/image/ab67616d0000b2735a4ed7a626cf66a84e0f2869,https://open.spotify.com/artist/19Af5bcueXbkVeW2HY4Xaj
"April 09, 2021",NOW,Damon Locks & Black Monument Ensemble,Jazz,International Anthem,"Chicago, Illinois",Andy Beta,"Damon Locks & Black Monument Ensemble, NOW",no_match,,,,,,,,,,,,,,,,
"April 08, 2021",Tale of My Lost Love,Female Species,Pop,Independent Artist,"Whittier, California",Mariana Timony,"Female Species, Tale of My Lost Love",matched,3LLezS5GTlYnhZltxaIVnO,https://open.spotify.com/album/3LLezS5GTlYnhZltxaIVnO,0XlXiaKkULPvHTmTHB3JwK,Female Species,Tale Of My Lost Love,2021-04-09,day,album,29.0,https://i.scdn.co/image/ab67616d0000b2733b07c8e9b3e3904e68851821,,,,matched,https://i.scdn.co/image/ab6761610000e5eb63c30e240cf6eebc70005a57,https://open.spotify.com/artist/0XlXiaKkULPvHTmTHB3JwK
"April 07, 2021",Fine Anyway,Rogér Fakhr,World,Habibi Funk Records,"Berlin, Germany",Shy Clara Thompson,"Rogér Fakhr, Fine Anyway",matched,1EEH5MHnnkFxKyGevlVlr4,https://open.spotify.com/album/1EEH5MHnnkFxKyGevlVlr4,6UFqtFCNxhYqsQ1QRF6HRd,Rogér Fakhr,Fine Anyway (Habibi Funk 016),2021-04-09,day,album,18.0,https://i.scdn.co/image/ab67616d0000b273c74be8ab8256ce3c0e309e3f,,,,matched,https://i.scdn.co/image/ab6761610000e5eb4f0414801d7ab3d928980bfe,https://open.spotify.com/artist/6UFqtFCNxhYqsQ1QRF6HRd
"April 06, 2021",Missing You,Robert Cotter,R&amp;B/Soul,WEWANTSOUNDS,"Paris, France",Ashawnta Jackson,"Robert Cotter, Missing You",matched,54R66HatTAEAHoipTvB1R3,https://open.spotify.com/album/54R66HatTAEAHoipTvB1R3,0kB4dTZuzRpXd5Pk6tJyHX,Robert Cotter,Missing You,1976,year,album,10.0,https://i.scdn.co/image/ab67616d0000b273c50287ac668d3a966633a01a,,,,matched,https://i.scdn.co/image/ab67616d0000b27354fa60d531b0f6c74baec756,https://open.spotify.com/artist/0kB4dTZuzRpXd5Pk6tJyHX
"April 05, 2021",Course In Fable,Ryley Walker,Rock,Independent Artist,"New York, New York",Brad Cohan,"Ryley Walker, Course In Fable",matched,1gChGzAPyg0F4PoGa2nUdj,https://open.spotify.com/album/1gChGzAPyg0F4PoGa2nUdj,7xwppARWdjgnJSKLhbGzFc,Ryley Walker,Course In Fable,2021-04-02,day,album,7.0,https://i.scdn.co/image/ab67616d0000b27320846a30e76665c9ac3ecc82,,,,matched,https://i.scdn.co/image/ab6761610000e5eb06e83dcf3d80ed38779f55fb,https://open.spotify.com/artist/7xwppARWdjgnJSKLhbGzFc
"April 02, 2021",Touch The Earth,Placid Angles,Electronic,FIGURE,"Berlin, Germany",Sunik Kim,"Placid Angles, Touch The Earth",matched,7pUjvpUUKHS4xApCYetO45,https://open.spotify.com/album/7pUjvpUUKHS4xApCYetO45,4OBt2MzBg9UmaACOI95QcX,Placid Angles,Touch The Earth Remixes,2022-07-15,day,album,9.0,https://i.scdn.co/image/ab67616d0000b273015d34df19fcb2c5e1315dfa,,,,matched,https://i.scdn.co/image/ab67616d0000b2739e1a13c83c4ebc9fc49094dd,https://open.spotify.com/artist/4OBt2MzBg9UmaACOI95QcX
"April 01, 2021",Loving You George,George Otsuka Quintet,Jazz,WEWANTSOUNDS,"Paris, France",Marcus J. Moore,"George Otsuka Quintet, Loving You George",no_match,,,,,,,,,,,,,,,,
"March 31, 2021",Clair de Lunarette,Lunarette,Alternative,Independent Artist,"New York, New York",Anna White,"Lunarette, Clair de Lunarette",matched,1EAHZQTMbCWrJVco1YQSCf,https://open.spotify.com/album/1EAHZQTMbCWrJVco1YQSCf,401RbtkRN5x0Vi3OYHKDzQ,Lunarette,Clair de Lunarette,2021-03-26,day,single,5.0,https://i.scdn.co/image/ab67616d0000b273c28646a3c711a626427aecd2,,,,matched,https://i.scdn.co/image/ab6761610000e5eb441e0e6518be42c3482c892d,https://open.spotify.com/artist/401RbtkRN5x0Vi3OYHKDzQ
"March 30, 2021",Haram,Armand Hammer & The Alchemist,Hip-Hop/Rap,Armand Hammer,New York,J. Edward Keyes,"Armand Hammer & The Alchemist, Haram",no_match,,,,,,,,,,,,,,,,
"March 29, 2021",Soul-Making Theodicy,Speaker Music,Electronic,Independent Artist,,JJ Skolnik,"Speaker Music, Soul-Making Theodicy",matched,7j8aqx7RWUrUDgSsdOtaRD,https://open.spotify.com/album/7j8aqx7RWUrUDgSsdOtaRD,1H0aWZUg7aOHQmo5h09xso,Speaker Music,Soul-Making Theodicy,2021-03-26,day,single,4.0,https://i.scdn.co/image/ab67616d0000b27351faa91b7e57d8076fb09810,,,,matched,https://i.scdn.co/image/ab6761610000e5eb104b7c29033e9a67b8b43e5c,https://open.spotify.com/artist/1H0aWZUg7aOHQmo5h09xso
"March 26, 2021","Pharoah Sanders, & The London Symphony Orchestra, Promises",Floating Points,Jazz,Independent Artist,UK,Britt Robson,"Floating Points, Pharoah Sanders, & The London Symphony Orchestra, Promises",no_match,,,,,,,,,,,,,,,,
"March 25, 2021",Irene,Izy,R&amp;B/Soul,Independent Artist,"Melbourne, Australia",John Morrison,"Izy, Irene",matched,2aIjcdhFURrYkRLyon0CVP,https://open.spotify.com/album/2aIjcdhFURrYkRLyon0CVP,79aQimb3liMvrff1f9Rn3F,Izy,Irene,2021-03-26,day,album,10.0,https://i.scdn.co/image/ab67616d0000b27399906bc7604e90774ea317e8,,,,matched,https://i.scdn.co/image/ab6761610000e5eb71da7c39622fa75aef7184bb,https://open.spotify.com/artist/79aQimb3liMvrff1f9Rn3F
"March 24, 2021",Yeti Season,El Michels Affair,Alternative,Independent Artist,New York,Alan Ranta,"El Michels Affair, Yeti Season",matched,4QnaG6xFICrieldsUBCuNK,https://open.spotify.com/album/4QnaG6xFICrieldsUBCuNK,0cLrgpG3pW4MX4nD8h6qCc,El Michels Affair,Yeti Season (Deluxe Version),2022-02-16,day,album,20.0,https://i.scdn.co/image/ab67616d0000b273d960368ef19a5f6a63736d32,,,,matched,https://i.scdn.co/image/ab6761610000e5eb6ca476b9b61c6a4c3574af1b,https://open.spotify.com/artist/0cLrgpG3pW4MX4nD8h6qCc
"March 23, 2021",Solar Paroxysm,Mare Cognitum,Metal,Independent Artist,"Portland, Oregon",Grayson Haver Currin,"Mare Cognitum, Solar Paroxysm",matched,2EYgoMB1szP8JINcRtNTwn,https://open.spotify.com/album/2EYgoMB1szP8JINcRtNTwn,6hk43KSfwt4aYNH5N4qKcO,Mare Cognitum,Solar Paroxysm,2021-03-27,day,album,5.0,https://i.scdn.co/image/ab67616d0000b27325fe360ba772e39c2fb0af97,,,,matched,https://i.scdn.co/image/ab67616d0000b2736d6f3a658bc26f2d1543a9a2,https://open.spotify.com/artist/6hk43KSfwt4aYNH5N4qKcO
"March 22, 2021",Vexillology,Guedra Guedra كدرة كدرة,Electronic,Independent Artist,"Casablanca, Morocco",Dean Van Nguyen,"Guedra Guedra كدرة كدرة, Vexillology",no_match,,,,,,,,,,,,,,,,
"March 19, 2021",Visions of the Third Eye,New Life,Jazz,EARLY FUTURE RECORDS,"Atlanta, Georgia",Marcus J. Moore,"New Life, Visions of the Third Eye",no_match,,,,,,,,,,,,,,,,
"March 18, 2021",Neon Genesis: Soul Into Matter²,Meemo Comma,Electronic,Independent Artist,UK,Andra Nikolayi,"Meemo Comma, Neon Genesis: Soul Into Matter²",matched,6RT9Fc2N7fjtyzr5t6PKuY,https://open.spotify.com/album/6RT9Fc2N7fjtyzr5t6PKuY,46fSsw6Lx6s1kvYGnb4pnd,Meemo Comma,Neon Genesis: Soul Into Matter²,2021-03-19,day,album,14.0,https://i.scdn.co/image/ab67616d0000b27346be154002f412a51d6d6702,,,,matched,https://i.scdn.co/image/ab6761610000e5eb364dfd7a5b62bc213c2f905a,https://open.spotify.com/artist/46fSsw6Lx6s1kvYGnb4pnd
"March 17, 2021",Number One,Jane Inc,,Jane Inc.,"Toronto, Ontario",Elle Carroll,"Jane Inc, Number One",matched,7uHZKQJjGVv04dHdv7akvv,https://open.spotify.com/album/7uHZKQJjGVv04dHdv7akvv,2J6C8xyR4gSZGiXKoSd0jP,Jane Inc.,Number One,2021-03-19,day,album,8.0,https://i.scdn.co/image/ab67616d0000b27365f70f9cdc5b3fec375fdc5c,,,,matched,https://i.scdn.co/image/ab6761610000e5eb365feecf6496a2831b8e6f71,https://open.spotify.com/artist/2J6C8xyR4gSZGiXKoSd0jP
"March 16, 2021",Nature of Things,Subsonic Eye,Rock,Independent Artist,Singapore,Marc Masters,"Subsonic Eye, Nature of Things",matched,6XHEdyU01omGYPrtuFWZTA,https://open.spotify.com/album/6XHEdyU01omGYPrtuFWZTA,6nRhwtv2bwuDvPijPCjcie,Subsonic Eye,Nature of Things,2021-01-15,day,album,9.0,https://i.scdn.co/image/ab67616d0000b27375a0a27b221ac19310323c3b,,,,matched,https://i.scdn.co/image/ab6761610000e5eb8780bf2fea93beb9c1496b79,https://open.spotify.com/artist/6nRhwtv2bwuDvPijPCjcie
"March 15, 2021",Uwami,DJ Black Low,World,Independent Artist,"Pretoria, South Africa",John Morrison,"DJ Black Low, Uwami",matched,04EkRpM69bGGdEyNHREIDo,https://open.spotify.com/album/04EkRpM69bGGdEyNHREIDo,3R6duxKXTU6YDfm4VT6FAk,DJ Black Low,Uwami,2021-03-12,day,album,11.0,https://i.scdn.co/image/ab67616d0000b2732357e06f674591379b92951e,,,,matched,https://i.scdn.co/image/ab67616d0000b2732357e06f674591379b92951e,https://open.spotify.com/artist/3R6duxKXTU6YDfm4VT6FAk
"March 12, 2021",Edo Funk Explosion Volume 1,Various Artists,Funk,Analog Africa,Germany,Eli Schoop,"Various Artists, Edo Funk Explosion Volume 1",no_match,,,,,,,,,,,,,,,,
"March 11, 2021","Ali Shaheed Muhammad, Adrian Younge, Jazz Is Dead 6",Gary Bartz,Jazz,Independent Artist,"Oakland, California",Andy Beta,"Gary Bartz, Ali Shaheed Muhammad, Adrian Younge, Jazz Is Dead 6",no_match,,,,,,,,,,,,,,,,
"March 10, 2021",Limited Edition 40 Years Anniversary Box Set,Grauzone,Punk,WRWTFWW Records,"Geneva, Switzerland",Andi Harriman,"Grauzone, Limited Edition 40 Years Anniversary Box Set",no_match,,,,,,,,,,,,,,,,
"March 09, 2021",Thumbing Thru Foliage,YUNGMORPHEUS & ewonee,Hip-Hop/Rap,YUNGMORPHEUS,"Los Angeles, California",Phillip Mlynar,"YUNGMORPHEUS & ewonee, Thumbing Thru Foliage",no_match,,,,,,,,,,,,,,,,
"March 08, 2021",Fake Fruit,Fake Fruit,Punk,Independent Artist,"Oakland, California",Ashley Bardhan,"Fake Fruit, Fake Fruit",matched,65TlclpWc2YulU8tpbqJ7p,https://open.spotify.com/album/65TlclpWc2YulU8tpbqJ7p,5yc7GJMJ2KxgTF5t694jFd,Fake Fruit,Fake Fruit,2021-07-27,day,single,5.0,https://i.scdn.co/image/ab67616d0000b2730b5c259b2cb6aaf1321a9e4e,,,,matched,https://i.scdn.co/image/ab67616d0000b2730b5c259b2cb6aaf1321a9e4e,https://open.spotify.com/artist/5yc7GJMJ2KxgTF5t694jFd
"March 05, 2021",La Ola Interior: Spanish Ambient & Acid Exoticism 1983​-​1990,Various Artists,Ambient,Les Disques Bongo Joe,"Geneva, Switzerland",Miles Bowe,"Various Artists, La Ola Interior: Spanish Ambient & Acid Exoticism 1983​-​1990",no_match,,,,,,,,,,,,,,,,
"March 04, 2021",Our Hands Against The Dusk,Rachika Nayar,Ambient,Independent Artist,"Los Angeles, California",Amaya Garcia,"Rachika Nayar, Our Hands Against The Dusk",matched,6mtOF3M7pLQTQZlPtAFwn9,https://open.spotify.com/album/6mtOF3M7pLQTQZlPtAFwn9,6afqNtQw2IUvXw6JeIRgQZ,Rachika Nayar,Our Hands Against the Dusk,2021-03-05,day,album,8.0,https://i.scdn.co/image/ab67616d0000b273ace0d42d3ff76fa6bb4790c3,,,,matched,https://i.scdn.co/image/ab6761610000e5eb44bf1083728a0b76f2cd2dbd,https://open.spotify.com/artist/6afqNtQw2IUvXw6JeIRgQZ
"March 03, 2021",1집,Slant,Punk,IRON LUNG Records,"Seattle, Washington",Kerry Cardoza,"Slant, 1집",matched,47SWLvDEgEqkwW2y84DrmR,https://open.spotify.com/album/47SWLvDEgEqkwW2y84DrmR,0ozfyvvBLbIbuhELtY1sGX,Slant,1집,2021-02-26,day,album,10.0,https://i.scdn.co/image/ab67616d0000b273cf191006237eb1b9a4df5a7c,,,,matched,https://i.scdn.co/image/ab6761610000e5eb1fee885cc1faaebc19bef32e,https://open.spotify.com/artist/0ozfyvvBLbIbuhELtY1sGX
"March 02, 2021",Yaral Sa Doom,Wau Wau Collectif,World,Independent Artist,"Toubab Dialao, Senegal",Dean Van Nguyen,"Wau Wau Collectif, Yaral Sa Doom",matched,1C8b9oBAH6qcFqlxFFvEDZ,https://open.spotify.com/album/1C8b9oBAH6qcFqlxFFvEDZ,0g1mW8qeEDFIktpvuU8ZId,Wau Wau Collectif,Yaral Sa Doom,2021-02-26,day,album,10.0,https://i.scdn.co/image/ab67616d0000b27346dc59991da0726442779dca,,,,matched,https://i.scdn.co/image/ab6761610000e5eb04c891ceedb4302d8498f12e,https://open.spotify.com/artist/0g1mW8qeEDFIktpvuU8ZId
"March 01, 2021",Tempo,Dom La Nena,Latin,Independent Artist,Brazil,Amaya Garcia,"Dom La Nena, Tempo",matched,1CEbTLY4WgYLlJHfHNcmt6,https://open.spotify.com/album/1CEbTLY4WgYLlJHfHNcmt6,7cfKXiA9YUupXEjCUWPtxY,Dom La Nena,Tempo,2021-02-26,day,album,13.0,https://i.scdn.co/image/ab67616d0000b2732b261737424b514ce81ddf25,,,,matched,https://i.scdn.co/image/ab6761610000e5ebac1266f557c8c33358feaa2b,https://open.spotify.com/artist/7cfKXiA9YUupXEjCUWPtxY
"February 26, 2021",Feelings,Brijean,Pop,Independent Artist,"Los Angeles, California",Max Savage Levenson,"Brijean, Feelings",matched,0gmjvJvdWuD3AFk9sZ02Yi,https://open.spotify.com/album/0gmjvJvdWuD3AFk9sZ02Yi,2TRNyrjoKJnqSc9G8jCZfb,Brijean,Feelings,2021-02-26,day,album,11.0,https://i.scdn.co/image/ab67616d0000b273f51ef8a89a0aa340d14c3112,,,,matched,https://i.scdn.co/image/ab6761610000e5eb0ca32e88271219592f271f62,https://open.spotify.com/artist/2TRNyrjoKJnqSc9G8jCZfb
"February 25, 2021",J Jazz Volume 3: Deep Modern Jazz from Japan,Various Artists,Jazz,BBE,"London, UK",John Morrison,"Various Artists, J Jazz Volume 3: Deep Modern Jazz from Japan",matched,6cmVa1fOvCCtIDmHk42irv,https://open.spotify.com/album/6cmVa1fOvCCtIDmHk42irv,0LyfQWJT6nXafLPZqxe9Of,Various Artists,J Jazz Volume 3: Deep Modern Jazz from Japan,2021-02-26,day,compilation,13.0,https://i.scdn.co/image/ab67616d0000b273746d28940111ffbe46e23605,,,,matched,https://i.scdn.co/image/ab6761610000e5eb6b134287e3095d2c84b7932a,https://open.spotify.com/artist/0LyfQWJT6nXafLPZqxe9Of
"February 24, 2021",Cheetah Bend,Jimmy Edgar,Hip-Hop/Rap,JIMMY EDGAR,"Detroit, Michigan",Larry Fitzmaurice,"Jimmy Edgar, Cheetah Bend",matched,01AYmLS5zMrVaXzEbw8YwA,https://open.spotify.com/album/01AYmLS5zMrVaXzEbw8YwA,3qIRQKST5KCIIKWgmPTY2M,JIMMY EDGAR,CHEETAH BEND,2021-02-26,day,album,14.0,https://i.scdn.co/image/ab67616d0000b273dafa9905366719e5f1497198,,,,matched,https://i.scdn.co/image/ab6761610000e5eb6477c98594e4dd508e85ac36,https://open.spotify.com/artist/3qIRQKST5KCIIKWgmPTY2M
"February 23, 2021",Zöe,Nightshift,Punk,Independent Artist,"Glasgow, UK",Sim Jackson,"Nightshift, Zöe",matched,49UPIbVuIvbX8HPHebBmVq,https://open.spotify.com/album/49UPIbVuIvbX8HPHebBmVq,6PHMj4Jd6SIlFtno7Gdn0g,Nightshift,Zöe,2021-02-26,day,album,10.0,https://i.scdn.co/image/ab67616d0000b273d826e0e8244214847fae5c68,,,,matched,https://i.scdn.co/image/ab6772690000c46cb20094728f86d1c38f2640e2,https://open.spotify.com/artist/6PHMj4Jd6SIlFtno7Gdn0g
"February 22, 2021",To Love Somebody,Bunny Scott,Reggae,Freestyle Records,"London, UK",Dean Van Nguyen,"Bunny Scott, To Love Somebody",matched,73n6yGsZ8gjFYpHcR6Ukfq,https://open.spotify.com/album/73n6yGsZ8gjFYpHcR6Ukfq,2j5T8YXwKFr7pVFdgoI5fy,Bunny Scott,To Love Somebody (Expanded Version),1975-01-01,day,album,18.0,https://i.scdn.co/image/ab67616d0000b273bff6e36901c0adf487afb84a,,,,matched,https://i.scdn.co/image/ab67616d0000b273bff6e36901c0adf487afb84a,https://open.spotify.com/artist/2j5T8YXwKFr7pVFdgoI5fy
"February 19, 2021",Alkisah,Senyawa,Experimental,Phantom Limb,"Brighton, UK",Ben Salmon,"Senyawa, Alkisah",matched,6UzywNNYcmbPlAEvFyt1my,https://open.spotify.com/album/6UzywNNYcmbPlAEvFyt1my,0F0QctWhGzgl1Ih560JzWJ,Senyawa,Alkisah,2021-02-19,day,album,8.0,https://i.scdn.co/image/ab67616d0000b27321f30fdcd3b0e300c01608c1,,,,matched,https://i.scdn.co/image/ab6761610000e5eb515a4b87b8e30d971f53e085,https://open.spotify.com/artist/0F0QctWhGzgl1Ih560JzWJ
"February 18, 2021",Polarity,Ivo Perelman and Nate Wooley,Jazz,Ivo Perelman/Nate Wooley,"New York, New York",John Morrison,"Ivo Perelman and Nate Wooley, Polarity",no_match,,,,,,,,,,,,,,,,
"February 17, 2021",Genesis,XIXA,Rock,Independent Artist,"Tucson, Arizona",Joshua Minsoo Kim,"XIXA, Genesis",matched,1i0RzDofc7pBcFrpLNqAwl,https://open.spotify.com/album/1i0RzDofc7pBcFrpLNqAwl,00TFWY9PfTDEgsptXLrl1e,XIXA,Genesis,2021-02-19,day,album,10.0,https://i.scdn.co/image/ab67616d0000b2731e55f33363662b6750045200,,,,matched,https://i.scdn.co/image/ab6761610000e5eb946c5a83f0a46776b01933cc,https://open.spotify.com/artist/00TFWY9PfTDEgsptXLrl1e
"February 16, 2021",Tidibàbide / Turn,Kizis,Experimental,TAR / MM / UOH,,Sasha Geffen,"Kizis, Tidibàbide / Turn",matched,5yRtOlKR2qP6Uz4AfNYSxp,https://open.spotify.com/album/5yRtOlKR2qP6Uz4AfNYSxp,5C6iuXnmvXK7NC6MtRbSpP,Kìzis,Tidibàbide / Turn,2021-03-04,day,album,36.0,https://i.scdn.co/image/ab67616d0000b273b92061401446573d369b3448,,,,matched,https://i.scdn.co/image/ab6761610000e5eb8b5baaa3d7182210c42c1824,https://open.spotify.com/artist/5C6iuXnmvXK7NC6MtRbSpP
"February 12, 2021",After the House,Sun Kin,Electronic,Independent Artist,"Los Angeles, California",Amaya Garcia,"Sun Kin, After the House",matched,73KjGjqE46navE2Jp1OApc,https://open.spotify.com/album/73KjGjqE46navE2Jp1OApc,6y0yLJlgVhMrYjN0FiEvOe,Sun Kin,After the House,2021-02-12,day,album,7.0,https://i.scdn.co/image/ab67616d0000b2737596f33222dda5112b5f546c,,,,matched,https://i.scdn.co/image/ab6761610000e5eb2b8a84d7fd2ab69d799bb997,https://open.spotify.com/artist/6y0yLJlgVhMrYjN0FiEvOe
"February 11, 2021",Tasjan! Tasjan! Tasjan!,Aaron Lee Tasjan,Pop,Independent Artist,"Nashville, Tennessee",Elle Carroll,"Aaron Lee Tasjan, Tasjan! Tasjan! Tasjan!",matched,57BjFoCbjQU3BJsihWwQFi,https://open.spotify.com/album/57BjFoCbjQU3BJsihWwQFi,4PztbfCny3X9gBjlpgvjYo,Aaron Lee Tasjan,Tasjan! Tasjan! Tasjan!,2021-02-05,day,album,11.0,https://i.scdn.co/image/ab67616d0000b273fdfcf955b697ea38bbb4b3e3,,,,matched,https://i.scdn.co/image/ab6761610000e5eb10a744685ac97c424f9b33b9,https://open.spotify.com/artist/4PztbfCny3X9gBjlpgvjYo
"February 10, 2021",TYRON,Slowthai,Hip-Hop/Rap,slowthai,"Northampton, UK",Jesse Bernard,"Slowthai, TYRON",matched,7qE3WaOVAAIxgH8WtjbBBj,https://open.spotify.com/album/7qE3WaOVAAIxgH8WtjbBBj,3r1XkJ7vCs8kHBSzGvPLdP,slowthai,TYRON,2021-02-12,day,album,14.0,https://i.scdn.co/image/ab67616d0000b2736256c5303a98e9aefdf07127,,,,matched,https://i.scdn.co/image/ab6761610000e5ebd35231e23d5af811b8fdca7a,https://open.spotify.com/artist/3r1XkJ7vCs8kHBSzGvPLdP
"February 09, 2021",Ignorance,The Weather Station,Rock,Independent Artist,"Toronto, Ontario",J. Edward Keyes,"The Weather Station, Ignorance",matched,3KeR5BDM2giFr8zoSXBrgE,https://open.spotify.com/album/3KeR5BDM2giFr8zoSXBrgE,39ZEMGRv3pIYTYKEhr4Abu,The Weather Station,Ignorance,2021-02-05,day,album,10.0,https://i.scdn.co/image/ab67616d0000b273ec01f5a2f56180b6f6b634ec,,,,matched,https://i.scdn.co/image/ab6761610000e5eb4e605524b4d06cf2348e4257,https://open.spotify.com/artist/39ZEMGRv3pIYTYKEhr4Abu
"February 08, 2021",Devil’s Rain,Maria BC,Ambient,Independent Artist,,Arielle Gordon,"Maria BC, Devil’s Rain",no_match,,,,,,,,,,,,,,,,
"February 05, 2021",Merlynn Belle,Tele Novella,Rock,Independent Artist,"Austin, Texas",Mariana Timony,"Tele Novella, Merlynn Belle",matched,3iCEYa4Oa3LDvWNh53SOmJ,https://open.spotify.com/album/3iCEYa4Oa3LDvWNh53SOmJ,3yxZJMBn5A2OMEGO7Tvg72,Tele Novella,Merlynn Belle,2021-02-05,day,album,10.0,https://i.scdn.co/image/ab67616d0000b273e384724242ed2cbda80d5ff6,,,,matched,https://i.scdn.co/image/ab6761610000e5eb818c7d0ac678ea4b22d2ed9c,https://open.spotify.com/artist/3yxZJMBn5A2OMEGO7Tvg72
"February 04, 2021",Boafo Ne Nyame,Star Lovers,World,Hot Casa Records,"Paris, France",Ama Adi-Dako,"Star Lovers, Boafo Ne Nyame",no_match,,,,,,,,,,,,,,,,
"February 03, 2021",Фантомные Чувства,Ploho,Alternative,Independent Artist,Russia,Liz Ohanesian,"Ploho, Фантомные Чувства",no_match,,,,,,,,,,,,,,,,
"February 02, 2021",I Due Evasi Di Sing Sing,Ennio Morricone,Soundtrack,Sonor Music Editions,"Rome, Italy",Dean Van Nguyen,"Ennio Morricone, I Due Evasi Di Sing Sing",no_match,,,,,,,,,,,,,,,,
"February 01, 2021",Sound Ancestors,Madlib,Hip-Hop/Rap,Independent Artist,"Los Angeles, California",Marcus J. Moore,"Madlib, Sound Ancestors",matched,5ftKZ7X2vjjJ1HFQYQn1UF,https://open.spotify.com/album/5ftKZ7X2vjjJ1HFQYQn1UF,5LhTec3c7dcqBvpLRWbMcf,Madlib,Sound Ancestors,2021-01-29,day,album,16.0,https://i.scdn.co/image/ab67616d0000b273e29fab5766887dfc51422d34,,,,matched,https://i.scdn.co/image/ab6761610000e5ebdb860c843b90fdea28f670d6,https://open.spotify.com/artist/5LhTec3c7dcqBvpLRWbMcf
"January 28, 2021",Palberta5000,Palberta,Alternative,Independent Artist,"New York, New York",Jesse Locke,"Palberta, Palberta5000",matched,42VZ92yaCm73iKaFrIyt87,https://open.spotify.com/album/42VZ92yaCm73iKaFrIyt87,3P9RPqVK0w0CN5SqlQ6j0f,Palberta,Palberta5000,2021-01-22,day,album,16.0,https://i.scdn.co/image/ab67616d0000b2739f904f3a233590b1cb05a070,,,,matched,https://i.scdn.co/image/ab6761610000e5eb5dd1af2c3b8f47eb8057559a,https://open.spotify.com/artist/3P9RPqVK0w0CN5SqlQ6j0f
"January 27, 2021",Marcos Resende & Index,Marcos Resende & Index,Funk,Marcos Resende &amp; Index,Brazil,Dean Van Nguyen,"Marcos Resende & Index, Marcos Resende & Index",no_match,,,,,,,,,,,,,,,,
"January 26, 2021",Mountains (20th Anniversary Expanded Edition),Mary Timony,Alternative,Independent Artist,"Washington, D.C.",Erin Margaret Day,"Mary Timony, Mountains (20th Anniversary Expanded Edition)",matched,3nk3D3qxKNUXWpdIYNoFvY,https://open.spotify.com/album/3nk3D3qxKNUXWpdIYNoFvY,1FFaHFtnhdnHuY0xGZcnD1,Mary Timony,Mountains (20th Anniversary Expanded Edition),2021-01-15,day,album,19.0,https://i.scdn.co/image/ab67616d0000b273c59997b12c58e682e4e1c6df,,,,matched,https://i.scdn.co/image/ab6761610000e5eb090794c42a48d9b9fadfc9d0,https://open.spotify.com/artist/1FFaHFtnhdnHuY0xGZcnD1
"January 25, 2021",Yellow River Blue,Yu Su,Experimental,Independent Artist,"London, UK",Josh Feola,"Yu Su, Yellow River Blue",matched,1rJZa2XZIhS4ihaI5lvrgl,https://open.spotify.com/album/1rJZa2XZIhS4ihaI5lvrgl,69zPIMRgsZieOHFtHtvnj0,Yu Su,Yellow River Blue,2021-01-22,day,album,8.0,https://i.scdn.co/image/ab67616d0000b273ee1ce20fec01c66950ff56d8,,,,matched,https://i.scdn.co/image/ab6761610000e5eb6caa4a0a07f35f86e4bb637c,https://open.spotify.com/artist/69zPIMRgsZieOHFtHtvnj0
"January 22, 2021",Saturday Night: South African Disco Pop Hits 1981-1987,Cultures of Soul,World,Independent Artist,"Boston, Massachusetts",John Morrison,"Cultures of Soul, Saturday Night: South African Disco Pop Hits 1981-1987",no_match,,,,,,,,,,,,,,,,
"January 21, 2021",Perpetual Chaos,Nervosa,Metal,Independent Artist,"São Paulo, Brazil",Joseph Schafer,"Nervosa, Perpetual Chaos",matched,2GNKNsKKMdZJ9oPf3fvVWY,https://open.spotify.com/album/2GNKNsKKMdZJ9oPf3fvVWY,5D9d9xyLNQu32QVD9t4YqH,Nervosa,Perpetual Chaos,2021-01-22,day,album,13.0,https://i.scdn.co/image/ab67616d0000b273468d7fa1c8aeb54649c64d07,,,,matched,https://i.scdn.co/image/ab6761610000e5eb2651eb5b0625f86c8b9712d1,https://open.spotify.com/artist/5D9d9xyLNQu32QVD9t4YqH
"January 20, 2021",Going to Hell,Lande Hekt,Alternative,Independent Artist,"Scarborough, UK",Kerry Cardoza,"Lande Hekt, Going to Hell",matched,5HF37QVac5gdmEiqBq8My7,https://open.spotify.com/album/5HF37QVac5gdmEiqBq8My7,3RU6wsoh0bm0gZFHJiYRmq,Lande Hekt,Going to Hell,2021-01-22,day,album,11.0,https://i.scdn.co/image/ab67616d0000b27325d7b3f73d7cd8930438edfb,,,,matched,https://i.scdn.co/image/ab6761610000e5eb705d9e6980829c6b752117f0,https://open.spotify.com/artist/3RU6wsoh0bm0gZFHJiYRmq
"January 19, 2021",Kanawa,Nahawa Doumbia,World,Independent Artist,Mali,Megan Iacobini de Fazio,"Nahawa Doumbia, Kanawa",matched,7DZu7eXYOCZn9Wz90Rbsa5,https://open.spotify.com/album/7DZu7eXYOCZn9Wz90Rbsa5,0lJ4sCynTDDS2Oot6PEhaV,Nahawa Doumbia,Kanawa,2021-01-29,day,album,8.0,https://i.scdn.co/image/ab67616d0000b2731db07593285a36de968dd6e1,,,,matched,https://i.scdn.co/image/ab6761610000e5ebc05ee81aa8843a25b2d1ef91,https://open.spotify.com/artist/0lJ4sCynTDDS2Oot6PEhaV
"January 15, 2021",Maquishti,Patricia Brennan,Experimental,Independent Artist,"Brooklyn, New York",Vanessa Ague,"Patricia Brennan, Maquishti",matched,6RSCxwbIAA8Wyc86A0cigc,https://open.spotify.com/album/6RSCxwbIAA8Wyc86A0cigc,4Q7mKhsHlU8ku3jEL0oVee,Patricia Brennan,Maquishti,2021-01-15,day,album,12.0,https://i.scdn.co/image/ab67616d0000b273a8594c3c7a5dd75c27259d88,,,,matched,https://i.scdn.co/image/ab6761610000e5eb3b4795bc6946c1199c78af14,https://open.spotify.com/artist/4Q7mKhsHlU8ku3jEL0oVee
"January 14, 2021",Magic Mirror,Pearl Charles,Rock,Independent Artist,"Los Angeles, California",Rachel Davies,"Pearl Charles, Magic Mirror",matched,0CZ1unL99MLInL492TOfOG,https://open.spotify.com/album/0CZ1unL99MLInL492TOfOG,5PWyKTCk0kzNytmI0NI2JX,Pearl Charles,Magic Mirror,2021-01-15,day,album,10.0,https://i.scdn.co/image/ab67616d0000b2739ed72c5149deddc800efab2b,,,,matched,https://i.scdn.co/image/ab6761610000e5eb923d01c4267f4d2d605c772c,https://open.spotify.com/artist/5PWyKTCk0kzNytmI0NI2JX
"January 13, 2021",The Message,Gerry Weil,Jazz,Independent Artist,"Caracas, Venezuela",John Morrison,"Gerry Weil, The Message",matched,2NJbVR29yRiGzML4yaMoV1,https://open.spotify.com/album/2NJbVR29yRiGzML4yaMoV1,4nRvR6Bm3YVNLnanytbYdS,Gerry Weil,The Message,2021-01-15,day,album,6.0,https://i.scdn.co/image/ab67616d0000b273c9cbbf2668bf2f3e38e52f3e,,,,matched,https://i.scdn.co/image/ab67616d0000b273829d19b13f26d07af3fd5618,https://open.spotify.com/artist/4nRvR6Bm3YVNLnanytbYdS
"January 12, 2021",Love Is Where the Spirit Lies,Lon Moshe & Southern Freedom Arkestra,Jazz,Black Fire,"Washington, D.C.",John Morrison,"Lon Moshe & Southern Freedom Arkestra, Love Is Where the Spirit Lies",no_match,,,,,,,,,,,,,,,,
"January 11, 2021",Imagination Never Fails,Erang,Electronic,Independent Artist,France,Andrew Parks,"Erang, Imagination Never Fails",matched,09v2XtQxKjzYhW0R1q9z0u,https://open.spotify.com/album/09v2XtQxKjzYhW0R1q9z0u,084f5VMGkCRs4mV96QhJUM,Erang,Imagination Never Fails,2020-10-28,day,album,10.0,https://i.scdn.co/image/ab67616d0000b2730fec75b2efe82935a110823d,,,,matched,https://i.scdn.co/image/ab6761610000e5ebc9cb4f17db5f0daf7268c6f8,https://open.spotify.com/artist/084f5VMGkCRs4mV96QhJUM
"January 08, 2021",God’s Trashmen Sent to Right the Mess,Fievel Is Glauque,Jazz,Independent Artist,"Brooklyn, New York",Miles Bowe,"Fievel Is Glauque, God’s Trashmen Sent to Right the Mess",matched,1bLHZHVjI6HiDs3bp2cfwe,https://open.spotify.com/album/1bLHZHVjI6HiDs3bp2cfwe,0aCjVhVSBUMVwo7WRrdLiJ,Fievel Is Glauque,God’s Trashmen Sent to Right the Mess,2021-01-01,day,compilation,20.0,https://i.scdn.co/image/ab67616d0000b273787dab9c2dd37b7bfbe8270f,,,,matched,https://i.scdn.co/image/ab6761610000e5eb939c314c20b6bc23a5ccbe23,https://open.spotify.com/artist/0aCjVhVSBUMVwo7WRrdLiJ
"January 07, 2021",No Moon,Black Wing,Alternative,Independent Artist,Connecticut,Jeff Terich,"Black Wing, No Moon",matched,4Ev9kiXHYMRQg5rogOMe1i,https://open.spotify.com/album/4Ev9kiXHYMRQg5rogOMe1i,4MVCvqO8AdbUX0S6DuPxqo,Black Wing,No Moon,2020-12-11,day,album,9.0,https://i.scdn.co/image/ab67616d0000b273099b5e4b5dfac7b52445672e,,,,matched,https://i.scdn.co/image/ab6761610000e5eb00fc3c386c41c78006a02c22,https://open.spotify.com/artist/4MVCvqO8AdbUX0S6DuPxqo
"January 06, 2021",Makgona Tsohle Reggi,Makgona Tsohle Band,World,Umsakazo Records,UK,Megan Iacobini de Fazio,"Makgona Tsohle Band, Makgona Tsohle Reggi",no_match,,,,,,,,,,,,,,,,
"January 05, 2021",The Further Side,Black Nile,Jazz,World Galaxy Records,"Los Angeles, California",Marcus J. Moore,"Black Nile, The Further Side",matched,6uMEL1jprKvg9oS7CUoIwP,https://open.spotify.com/album/6uMEL1jprKvg9oS7CUoIwP,6hb590a1aY49Cv4EAew8Pb,Black Nile,The Further Side,2020-12-04,day,album,12.0,https://i.scdn.co/image/ab67616d0000b27328a3dc14a0134748fbc7c111,,,,matched,https://i.scdn.co/image/ab6761610000e5eb3f71fa47a792b30ae89c568e,https://open.spotify.com/artist/6hb590a1aY49Cv4EAew8Pb
"January 04, 2021",No Cover: A Carpark Covers Comp,Various Artists,Alternative,Carpark Records,"Washington, D.C.",Jessica Lipsky,"Various Artists, No Cover: A Carpark Covers Comp",matched,0GfubuC2l3eQCOi6uh58th,https://open.spotify.com/album/0GfubuC2l3eQCOi6uh58th,0LyfQWJT6nXafLPZqxe9Of,Various Artists,No Cover: Carpark's 21st Anniversary Covers Comp,2020-11-23,day,compilation,21.0,https://i.scdn.co/image/ab67616d0000b273365384e5428a6915187b4a9c,,,,matched,https://i.scdn.co/image/ab6761610000e5eb6b134287e3095d2c84b7932a,https://open.spotify.com/artist/0LyfQWJT6nXafLPZqxe9Of
"December 04, 2020",Color De Trópico: Compiled By El Dragón Criollo & El Palmas,Various Artists,World,El Palmas Music,"Barcelona, Spain",Richard Villegas,"Various Artists, Color De Trópico: Compiled By El Dragón Criollo & El Palmas",no_match,,,,,,,,,,,,,,,,
"December 03, 2020",Corporate Cross,E-Saggila,Electronic,Hospital Productions,"New York, New York",Andrew Parks,"E-Saggila, Corporate Cross",matched,5j09FjnmYdPcgLnA8R2NCO,https://open.spotify.com/album/5j09FjnmYdPcgLnA8R2NCO,2TGknI5Y6WbbxgvzVodku6,E-Saggila,Corporate Cross,2020-11-20,day,album,9.0,https://i.scdn.co/image/ab67616d0000b2734c2620620c3bde3934d41705,,,,matched,https://i.scdn.co/image/fe95299f667216fefdb22a558adfa198c6756b80,https://open.spotify.com/artist/2TGknI5Y6WbbxgvzVodku6
"December 02, 2020",2R0I2P0,Boris & Merzbow,Metal,Boris with Merzbow,Japan,Grayson Haver Currin,"Boris & Merzbow, 2R0I2P0",no_match,,,,,,,,,,,,,,,,
"December 01, 2020",Bass + Funk & Soul,DJ Earl,Electronic,DJ EARL,"Chicago, Illinois",John Morrison,"DJ Earl, Bass + Funk & Soul",matched,7MU1htIM8dOsEezQqxAqKt,https://open.spotify.com/album/7MU1htIM8dOsEezQqxAqKt,3Y6Xd3ZOlhkroMrz1Bmo0Y,DJ Earl,Bass + Funk & Soul,2020-12-04,day,album,9.0,https://i.scdn.co/image/ab67616d0000b273440f84abbc0301849e5d0865,,,,matched,https://i.scdn.co/image/ab6761610000e5ebe1a4a97d54ade559bc004d03,https://open.spotify.com/artist/3Y6Xd3ZOlhkroMrz1Bmo0Y
"November 30, 2020",Force Majeure,Dezron Douglas and Brandee Younger,Jazz,International Anthem,"Chicago, Illinois",John Morrison,"Dezron Douglas and Brandee Younger, Force Majeure",no_match,,,,,,,,,,,,,,,,
"November 25, 2020",Pardon My French,Jahari Masamba Unit,Jazz,Jahari Massamba Unit,"Los Angeles, California",Marcus J. Moore,"Jahari Masamba Unit, Pardon My French",no_match,,,,,,,,,,,,,,,,
"November 24, 2020",LateNightTales: Khruangbin,Khruangbin,Alternative,Independent Artist,"Houston, Texas",Richard Gehr,"Khruangbin, LateNightTales: Khruangbin",no_match,,,,,,,,,,,,,,,,
"November 23, 2020",Plasma,Luke Titus,Experimental,luke titus,"Chicago, Illinois",Amaya Garcia,"Luke Titus, Plasma",matched,5fbVJIdOvr83RDvVHoc8Cs,https://open.spotify.com/album/5fbVJIdOvr83RDvVHoc8Cs,1halAwBS8LmLaAPaztqZp2,Luke Titus,Plasma,2020-11-13,day,album,13.0,https://i.scdn.co/image/ab67616d0000b273169672d01ba4eb0beb8db918,,,,matched,https://i.scdn.co/image/ab6761610000e5eb4c6eecdf988c9c7bcd85a022,https://open.spotify.com/artist/1halAwBS8LmLaAPaztqZp2
"November 20, 2020",I’ll Probably Be Asleep,Hachiku,Alternative,Independent Artist,"Melbourne, Australia",Annie Zaleski,"Hachiku, I’ll Probably Be Asleep",no_match,,,,,,,,,,,,,,,,
"November 19, 2020",Shadow of Fear,Cabaret Voltaire,Electronic,Independent Artist,UK,Andrew Parks,"Cabaret Voltaire, Shadow of Fear",matched,3MmNBalJh4y4n1rcS9urmK,https://open.spotify.com/album/3MmNBalJh4y4n1rcS9urmK,2kS4yz85MaZlxp2VaS3BEe,Cabaret Voltaire,Shadow of Fear,2020-11-20,day,album,8.0,https://i.scdn.co/image/ab67616d0000b27380904319fb45a4a9542458d9,,,,matched,https://i.scdn.co/image/ab6761610000e5eb5e6b136b9c352587b574a7bb,https://open.spotify.com/artist/2kS4yz85MaZlxp2VaS3BEe
"November 18, 2020",Konke,Seba Kaapstad,R&amp;B/Soul,Independent Artist,South Africa,John Morrison,"Seba Kaapstad, Konke",matched,0QN2QPaz0Cye7HY5gvA4Et,https://open.spotify.com/album/0QN2QPaz0Cye7HY5gvA4Et,6i1YUN2HJGtCdO3s17JV3V,Seba Kaapstad,Konke,2020-11-13,day,album,14.0,https://i.scdn.co/image/ab67616d0000b27303f4c7327a6d33f5c450c43c,,,,matched,https://i.scdn.co/image/ab6761610000e5eb122e3797749b4b6d8fc99c6f,https://open.spotify.com/artist/6i1YUN2HJGtCdO3s17JV3V
"November 17, 2020",Everlasting,Sons of the James,R&amp;B/Soul,Fresh Selects,,John Morrison,"Sons of the James, Everlasting",matched,7MHsKlHkBayVBh8UOY8gUr,https://open.spotify.com/album/7MHsKlHkBayVBh8UOY8gUr,2glaJzU6VwtGLSo777oyiM,"Sons Of The James, Rob Milton, DJ Harrison",Everlasting,2020-11-19,day,album,11.0,https://i.scdn.co/image/ab67616d0000b2739fb6d27e34c6bf23758939a5,,,,matched,https://i.scdn.co/image/ab6761610000e5eb123041c15b8611e6d756f828,https://open.spotify.com/artist/2glaJzU6VwtGLSo777oyiM
"November 16, 2020",Honey Badger,Dorcha,Alternative,Independent Artist,"Birmingham, UK",Patrick Lyons,"Dorcha, Honey Badger",matched,1XtKpfjCnHJeOKmOYpifcQ,https://open.spotify.com/album/1XtKpfjCnHJeOKmOYpifcQ,47npUKBQsG9EnWEEHZEN7d,Dorcha,Honey Badger,2020-11-06,day,album,14.0,https://i.scdn.co/image/ab67616d0000b2735b5ba1ff78172c8fa2ea1f79,,,,matched,https://i.scdn.co/image/ab67616d0000b2735b5ba1ff78172c8fa2ea1f79,https://open.spotify.com/artist/47npUKBQsG9EnWEEHZEN7d
"November 13, 2020","Hill, Flower, Fog",Emily A. Sprague,Ambient,Independent Artist,New York,Lewis Gordon,"Emily A. Sprague, Hill, Flower, Fog",matched,4kUoHjxVlyhhTnmSwM47ol,https://open.spotify.com/album/4kUoHjxVlyhhTnmSwM47ol,3GeWutjuNRg9uRqiIejRT9,Emily A. Sprague,"Hill, Flower, Fog",2020-11-13,day,album,6.0,https://i.scdn.co/image/ab67616d0000b27351c36179ce195f439ce0533d,,,,matched,https://i.scdn.co/image/ab6761610000e5eb9161faa84b56474a56b0788b,https://open.spotify.com/artist/3GeWutjuNRg9uRqiIejRT9
"November 12, 2020",Because of a Flower,Ana Roxanne,Ambient,Independent Artist,,Alex Westfall,"Ana Roxanne, Because of a Flower",matched,4JShepplFefZ43GXoE4bRd,https://open.spotify.com/album/4JShepplFefZ43GXoE4bRd,2fSBHYgZUSIQPolv5skG5I,Ana Roxanne,Because of a Flower,2020-11-13,day,album,7.0,https://i.scdn.co/image/ab67616d0000b27306d0e2018a3d1c3d7cf2297f,,,,matched,https://i.scdn.co/image/ab6761610000e5eb32d33cf34810f2d5877eeb5c,https://open.spotify.com/artist/2fSBHYgZUSIQPolv5skG5I
"November 11, 2020",FlySiifu’s,Pink Siifu & Fly Anakin,Hip-Hop/Rap,SIIFU,"Birmingham, Alabama",Phillip Mlynar,"Pink Siifu & Fly Anakin, FlySiifu’s",no_match,,,,,,,,,,,,,,,,
"November 10, 2020",Lo Bueno Está Aquí,Contento,World,Independent Artist,Switzerland,Richard Villegas,"Contento, Lo Bueno Está Aquí",matched,5R5CPGWYyfFJNaGPZ32v8i,https://open.spotify.com/album/5R5CPGWYyfFJNaGPZ32v8i,3yQ4D1hK8dmhy2q5gDFg3h,Contento,Lo Bueno Está Aquí,2020-11-06,day,album,8.0,https://i.scdn.co/image/ab67616d0000b27362239b01900daadbb1a3f954,,,,matched,https://i.scdn.co/image/ab6761610000e5eb755c75f233772b5f1b0e1a53,https://open.spotify.com/artist/3yQ4D1hK8dmhy2q5gDFg3h
"November 09, 2020",Swirling,Sun Ra Arkestra,Jazz,Independent Artist,Alabama,Andy Beta,"Sun Ra Arkestra, Swirling",matched,3zYyRJVrm6q4X49WgPY6mO,https://open.spotify.com/album/3zYyRJVrm6q4X49WgPY6mO,5V5vvh5MgM7vDuPp4lJYkh,Sun Ra Arkestra,Swirling,2020-10-30,day,album,13.0,https://i.scdn.co/image/ab67616d0000b27388cf8156d46a3b122ded143f,,,,matched,https://i.scdn.co/image/ab6761610000e5eb2abb27f606f1c3dfb678a1d1,https://open.spotify.com/artist/5V5vvh5MgM7vDuPp4lJYkh
"November 06, 2020",Petrichor,Heather Trost,,Independent Artist,"Albuquerque, New Mexico",Mariana Timony,"Heather Trost, Petrichor",no_match,,,,,,,,,,,,,,,,
"November 05, 2020",Cheater,Pom Poko,Alternative,Independent Artist,"Oslo, Norway",Margaret Farrell,"Pom Poko, Cheater",matched,59vf7ECdQd6ZIbfc3zPwey,https://open.spotify.com/album/59vf7ECdQd6ZIbfc3zPwey,4RkC3KmYWnr6PM1FM5Shwz,Pom Poko,Cheater,2021-01-15,day,album,10.0,https://i.scdn.co/image/ab67616d0000b273ced33a22eacf5ead6169c3b0,,,,matched,https://i.scdn.co/image/ab6761610000e5eb38ae306fb16d18144e08f02c,https://open.spotify.com/artist/4RkC3KmYWnr6PM1FM5Shwz
"November 04, 2020",Ways,Xyla,Electronic,Independent Artist,"San Francisco, California",Amaya Garcia,"Xyla, Ways",matched,4dqk5qdk4iH4uI59t2uCZH,https://open.spotify.com/album/4dqk5qdk4iH4uI59t2uCZH,7CmkZcKpESltjho1LZJgnb,Xyla,Ways,2020-10-30,day,album,8.0,https://i.scdn.co/image/ab67616d0000b2738398c0eb447e1394e3b0608b,,,,matched,https://i.scdn.co/image/ab6761610000e5eb0125729e77e4dd50326ad6ae,https://open.spotify.com/artist/7CmkZcKpESltjho1LZJgnb
"November 03, 2020",Quakers II: The Next Wave,Quakers,Hip-Hop/Rap,Independent Artist,"Bristol, UK",John Morrison,"Quakers, Quakers II: The Next Wave",no_match,,,,,,,,,,,,,,,,
"November 02, 2020",Immersion Chamber,Lunch Money Life,Experimental,Independent Artist,"London, UK",Chal Ravens,"Lunch Money Life, Immersion Chamber",matched,6nxfepjqLVRiFXdWJ4Rf0R,https://open.spotify.com/album/6nxfepjqLVRiFXdWJ4Rf0R,49yeFSKOK51syqLYiHYD4y,Lunch Money Life,Immersion Chamber,2020-10-30,day,album,9.0,https://i.scdn.co/image/ab67616d0000b27394d5a8e97e71fed4abb85fed,,,,matched,https://i.scdn.co/image/ab6761610000e5ebe7d4c5e77aef5efedfb8ddf2,https://open.spotify.com/artist/49yeFSKOK51syqLYiHYD4y
"October 30, 2020",Don’t Play It Straight,Small Bills (ELUCID & The Lasso),Hip-Hop/Rap,The Lasso,Michigan,Phillip Mlynar,"Small Bills (ELUCID & The Lasso), Don’t Play It Straight",no_match,,,,,,,,,,,,,,,,
"October 29, 2020",Amapiano Selections,Teno Afrika,World,Independent Artist,"Pretoria, South Africa",Megan Iacobini de Fazio,"Teno Afrika, Amapiano Selections",matched,3qG3eYwrEVKifMkcy2WgXw,https://open.spotify.com/album/3qG3eYwrEVKifMkcy2WgXw,535j8kTYlICpOJWAQ3uQrp,Teno Afrika,Amapiano Selections,2020-10-23,day,album,8.0,https://i.scdn.co/image/ab67616d0000b273cd1172372eb0c84acccb3b35,,,,matched,https://i.scdn.co/image/ab6772690000c46ce4793ad21b482885425e9132,https://open.spotify.com/artist/535j8kTYlICpOJWAQ3uQrp
"October 28, 2020",Perfumes and Fripperies,The Wake,Alternative,Independent Artist,"Columbus, Ohio",Ned Raggett,"The Wake, Perfumes and Fripperies",matched,2NYs84RWIzcTfjgAiOapw5,https://open.spotify.com/album/2NYs84RWIzcTfjgAiOapw5,7Mpy3aH400ZqSmT98np3Wg,The Wake,Perfumes and Fripperies,2020-10-30,day,album,10.0,https://i.scdn.co/image/ab67616d0000b273e1aa2dd7b1201890c64792ae,,,,matched,https://i.scdn.co/image/ab6761610000e5eb20a07535c3b12efb5fb8fc26,https://open.spotify.com/artist/7Mpy3aH400ZqSmT98np3Wg
"October 27, 2020",Don’t Shy Away,Loma,Alternative,LOMA,"Dripping Springs, Texas",Jesse Locke,"Loma, Don’t Shy Away",no_match,,,,,,,,,,,,,,,,
"October 26, 2020",Enlightened In Eternity,Spirit Adrift,,20 Buck Spin,"Pittsburgh, Pennsylvania",Grayson Haver Currin,"Spirit Adrift, Enlightened In Eternity",matched,7gBrgCpiaS1o8NAJwJ5Qk7,https://open.spotify.com/album/7gBrgCpiaS1o8NAJwJ5Qk7,5sW5eR9g4kNibasfrlw4EN,Spirit Adrift,Enlightened in Eternity,2020-10-16,day,album,8.0,https://i.scdn.co/image/ab67616d0000b273f2bc1a2030fbe05fceb3e194,,,,matched,https://i.scdn.co/image/ab6761610000e5eb51ba2cdabbca8fb485050279,https://open.spotify.com/artist/5sW5eR9g4kNibasfrlw4EN
"October 23, 2020",Nereïd,Rïcïnn,Alternative,Independent Artist,France,Andi Harriman,"Rïcïnn, Nereïd",matched,4QF2IjXL8rDWbhDxHALSV5,https://open.spotify.com/album/4QF2IjXL8rDWbhDxHALSV5,34XWVoEFzI2Yc2JtQlWSk5,Rïcïnn,Nereïd,2020-10-22,day,album,12.0,https://i.scdn.co/image/ab67616d0000b2730ca1c3565ea4cc861ab9da19,,,,matched,https://i.scdn.co/image/ab67616d0000b27333a77f8a5047b45409d48130,https://open.spotify.com/artist/34XWVoEFzI2Yc2JtQlWSk5
"October 22, 2020",Bichos,Raúl Monsalve y los Forajidos,World,Raul Monsalve y Los Forajidos,"Caracas, Venezuela",Megan Iacobini de Fazio,"Raúl Monsalve y los Forajidos, Bichos",matched,32ZEJ8t7uV7TwheaedvE30,https://open.spotify.com/album/32ZEJ8t7uV7TwheaedvE30,6gnd8QrdkjUk18Rk27kWkj,Raúl Monsalve y los Forajidos,Bichos,2020-10-16,day,album,9.0,https://i.scdn.co/image/ab67616d0000b273735be6890f485fbf6f254411,,,,matched,https://i.scdn.co/image/ab6761610000e5eb662e3fe91d4c9ce2c23007bb,https://open.spotify.com/artist/6gnd8QrdkjUk18Rk27kWkj
"October 21, 2020",Heritage of the Invisible II,Aquiles Navarro & Tcheser Holmes,Jazz,International Anthem,"Chicago, Illinois",Marcus J. Moore,"Aquiles Navarro & Tcheser Holmes, Heritage of the Invisible II",no_match,,,,,,,,,,,,,,,,
"October 20, 2020",Sen Morimoto,Sen Morimoto,Experimental,Independent Artist,"Chicago, Illinois",Tara C. Mahadevan,"Sen Morimoto, Sen Morimoto",matched,0HsxpPcW9MvY9vga9c14VT,https://open.spotify.com/album/0HsxpPcW9MvY9vga9c14VT,3zlWvRPwLwGSi2v6ltrhOl,Sen Morimoto,Sen Morimoto,2020-10-23,day,album,15.0,https://i.scdn.co/image/ab67616d0000b273222409075dcfdd434d582415,,,,matched,https://i.scdn.co/image/ab6761610000e5ebb8f5770bf8172517ed62aa5a,https://open.spotify.com/artist/3zlWvRPwLwGSi2v6ltrhOl
"October 19, 2020",skins n slime,Oliver Coates,Experimental,Independent Artist,"Glasgow, UK",Louis Pattison,"Oliver Coates, skins n slime",matched,6ZdXLyJH5kdDayoZL4peVQ,https://open.spotify.com/album/6ZdXLyJH5kdDayoZL4peVQ,2jToqK8MU3rtt0DYrgCIXM,Oliver Coates,skins n slime,2020-10-16,day,album,11.0,https://i.scdn.co/image/ab67616d0000b27346a39403695a9b247ecf2ec4,,,,matched,https://i.scdn.co/image/ab6761610000e5eb97334ebe0011aa4ec2d62d67,https://open.spotify.com/artist/2jToqK8MU3rtt0DYrgCIXM
"October 16, 2020",Silver Ladders,Mary Lattimore,Ambient,Independent Artist,"Los Angeles, California",Claire Lobenfeld,"Mary Lattimore, Silver Ladders",matched,5Ykv18C5wYbOe3QsZX7kyy,https://open.spotify.com/album/5Ykv18C5wYbOe3QsZX7kyy,38MKhZmMRHAZRz8LqtKIBw,Mary Lattimore,Silver Ladders,2020-10-09,day,album,7.0,https://i.scdn.co/image/ab67616d0000b2735aee1812d086831dc69015b1,,,,matched,https://i.scdn.co/image/ab6761610000e5ebac25fe0fcf3f10a44baee162,https://open.spotify.com/artist/38MKhZmMRHAZRz8LqtKIBw
"October 15, 2020",Auto,Wendy Eisenberg,Alternative,Ba Da Bing Records,"Providence, Rhode Island",Grayson Haver Currin,"Wendy Eisenberg, Auto",matched,5GWN8isTCYmbsNMTUvRtjc,https://open.spotify.com/album/5GWN8isTCYmbsNMTUvRtjc,7HrVZurdKyYpQamwyD1gBi,Wendy Eisenberg,Auto,2020-10-16,day,album,13.0,https://i.scdn.co/image/ab67616d0000b273c250dcc9f0c90189a59c155a,,,,matched,https://i.scdn.co/image/ab6761610000e5eb634866dd2d91522e90b526c2,https://open.spotify.com/artist/7HrVZurdKyYpQamwyD1gBi
"October 14, 2020",Vari​-​Colored Songs: A Tribute to Langston Hughes,Leyla McCalla,Folk,Independent Artist,"New Orleans, Louisiana",Chaka V. Grier,"Leyla McCalla, Vari​-​Colored Songs: A Tribute to Langston Hughes",matched,4dnZjt6sYMoH1mNo3vysyg,https://open.spotify.com/album/4dnZjt6sYMoH1mNo3vysyg,2Roq56H3IIvY3DZUKrGO7Y,Leyla McCalla,Vari-Colored Songs: A Tribute to Langston Hughes,2020-10-16,day,album,15.0,https://i.scdn.co/image/ab67616d0000b273d3aba78d5e76d40ca0656113,,,,matched,https://i.scdn.co/image/ab6761610000e5eb13eb7fe66dcd0f3c712c8702,https://open.spotify.com/artist/2Roq56H3IIvY3DZUKrGO7Y
"October 13, 2020",Phoenix: Flames Are Dew Upon My Skin,Eartheater,Experimental,Independent Artist,"Queens, New York",Miles Bowe,"Eartheater, Phoenix: Flames Are Dew Upon My Skin",matched,3Vx5QNqKwq4mjSViR9B9b2,https://open.spotify.com/album/3Vx5QNqKwq4mjSViR9B9b2,18ca9d5EU5R1AhVKPR1cm0,Eartheater,Phoenix: Flames Are Dew Upon My Skin,2020-10-02,day,album,13.0,https://i.scdn.co/image/ab67616d0000b273982db04b2bb25f6aeba8f883,,,,matched,https://i.scdn.co/image/ab6761610000e5eb8c370bf15ef44b7227381ac3,https://open.spotify.com/artist/18ca9d5EU5R1AhVKPR1cm0
"October 12, 2020",Yogo Yogo,Penny Penny,,Independent Artist,South Africa,Marcus J. Moore,"Penny Penny, Yogo Yogo",matched,47cIRxJSS0PtIF13gpxl6K,https://open.spotify.com/album/47cIRxJSS0PtIF13gpxl6K,06Q8GDhLVAoLAQwwFCPiAp,Penny Penny,Yogo Yogo,2020-08-14,day,album,10.0,https://i.scdn.co/image/ab67616d0000b273157d85a13915ae5e7092f6d6,,,,matched,https://i.scdn.co/image/ab67616d0000b273157d85a13915ae5e7092f6d6,https://open.spotify.com/artist/06Q8GDhLVAoLAQwwFCPiAp
"October 09, 2020",Nobody Lives Here Anymore,Cut Worms,Alternative,Independent Artist,"Brooklyn, New York",Mariana Timony,"Cut Worms, Nobody Lives Here Anymore",matched,28iSGTnbDa3i5wwEoCYg8c,https://open.spotify.com/album/28iSGTnbDa3i5wwEoCYg8c,2upjmNmngAXZcra9dQRR2l,Cut Worms,Nobody Lives Here Anymore,2020-10-09,day,album,17.0,https://i.scdn.co/image/ab67616d0000b273a627f67dc1d7231f218a48dc,,,,matched,https://i.scdn.co/image/ab6761610000e5eb1ad05efed0a2881448e035b7,https://open.spotify.com/artist/2upjmNmngAXZcra9dQRR2l
"October 08, 2020",Project:00,Cryostasium feat. MEIKO (メイコ),Experimental,Fish Prints,"Boston, Massachusetts",Max Cohen,"Cryostasium feat. MEIKO (メイコ), Project:00",no_match,,,,,,,,,,,,,,,,
"October 07, 2020",Nothing,Loraine James,Electronic,Independent Artist,"London, UK",John Morrison,"Loraine James, Nothing",matched,7HZYxJfTP83jnEHsfoRcfu,https://open.spotify.com/album/7HZYxJfTP83jnEHsfoRcfu,536qHynzDH1QviwhWY9dE3,Loraine James,Nothing EP,2020-10-02,day,single,4.0,https://i.scdn.co/image/ab67616d0000b273a9db168d67f390a54daf5beb,,,,matched,https://i.scdn.co/image/ab6761610000e5eb404b3e80d99a4ba201cd889e,https://open.spotify.com/artist/536qHynzDH1QviwhWY9dE3
"October 06, 2020",HA Chu,Pan Amsterdam,Hip-Hop/Rap,Independent Artist,"New York, New York",Blake Gillespie,"Pan Amsterdam, HA Chu",matched,6hYoJsq3QiQbahfx3MsN5p,https://open.spotify.com/album/6hYoJsq3QiQbahfx3MsN5p,7KPqrVAWjUBAtn8tiZayOE,Pan Amsterdam,HA Chu,2020-10-02,day,album,18.0,https://i.scdn.co/image/ab67616d0000b273aeca9dbc81ea2959c11501fe,,,,matched,https://i.scdn.co/image/ab6761610000e5eb71ba91d2f4e3f5f0b5c207d4,https://open.spotify.com/artist/7KPqrVAWjUBAtn8tiZayOE
"October 05, 2020",True Romantic,Ziemba,Pop,Independent Artist,"Los Angeles, California",Arielle Gordon,"Ziemba, True Romantic",matched,1nOpIBoBMtLq3a6WfZEu74,https://open.spotify.com/album/1nOpIBoBMtLq3a6WfZEu74,7yvuKo6N8gCUn345aJxhM5,Ziemba,True Romantic,2020-09-25,day,album,10.0,https://i.scdn.co/image/ab67616d0000b2738bab7a9b25ddd750b2c3caf2,,,,matched,https://i.scdn.co/image/ab6761610000e5ebef66957997301e5ac2cf71b3,https://open.spotify.com/artist/7yvuKo6N8gCUn345aJxhM5
"October 02, 2020",Agüita,Gabriel Garzón-Montano,R&amp;B/Soul,Independent Artist,"Brooklyn, New York",Amaya Garcia,"Gabriel Garzón-Montano, Agüita",matched,51kUBshxb3ZJGICNNwJUcH,https://open.spotify.com/album/51kUBshxb3ZJGICNNwJUcH,1R4GxRuSVTPSb6oy56SPST,Gabriel Garzón-Montano,Agüita,2020-10-02,day,album,10.0,https://i.scdn.co/image/ab67616d0000b2739c904ae75becbec8e63d4466,,,,matched,https://i.scdn.co/image/ab6761610000e5eb1efe8c259a380feee6519951,https://open.spotify.com/artist/1R4GxRuSVTPSb6oy56SPST
"October 01, 2020",UNTITLED (Rise),SAULT,R&amp;B/Soul,Independent Artist,UK,Amaya Garcia,"SAULT, UNTITLED (Rise)",matched,0K8jX7CLwxJaML5iXdxveF,https://open.spotify.com/album/0K8jX7CLwxJaML5iXdxveF,1uRxRKC7d9zwYGSRflTKDR,SAULT,Untitled (Rise),2020-09-18,day,album,15.0,https://i.scdn.co/image/ab67616d0000b2734a08d9f639f2bb1054f357de,,,,matched,https://i.scdn.co/image/ab6761610000e5eb38dfd1af91aeccad71e6412f,https://open.spotify.com/artist/1uRxRKC7d9zwYGSRflTKDR
"September 30, 2020","When I Die, Will I Get Better?",Svalbard,Punk,Independent Artist,"Bristol, UK",Joseph Schafer,"Svalbard, When I Die, Will I Get Better?",matched,1SqXRQXHJ3EJyDILbhlCjV,https://open.spotify.com/album/1SqXRQXHJ3EJyDILbhlCjV,2HLQr8aUMombMeuIEDv6wA,Svalbard,"When I Die, Will I Get Better?",2020-09-25,day,album,8.0,https://i.scdn.co/image/ab67616d0000b2735f5e25f2695e0567245248c6,,,,matched,https://i.scdn.co/image/ab6761610000e5eb6ea6b803bf949cc24136e783,https://open.spotify.com/artist/2HLQr8aUMombMeuIEDv6wA
"September 29, 2020",Hype Nostalgia,Rituals of Mine,R&amp;B/Soul,Independent Artist,"Sacramento, California",Amaya Garcia,"Rituals of Mine, Hype Nostalgia",matched,09inqocVntEGMDorNuvNg6,https://open.spotify.com/album/09inqocVntEGMDorNuvNg6,2diXk6bGS18SxXeoINo8MQ,Rituals of Mine,HYPE NOSTALGIA,2020-09-25,day,album,13.0,https://i.scdn.co/image/ab67616d0000b273080720b9c6dc2236a404ef7b,,,,matched,https://i.scdn.co/image/ab6761610000e5ebf6d318f0756ab5ceec17e111,https://open.spotify.com/artist/2diXk6bGS18SxXeoINo8MQ
"September 28, 2020",Renegade Breakdown,Marie Davidson & L’Œil Nu,Alternative,Marie Davidson,"Montreal, Québec",Max Mertens,"Marie Davidson & L’Œil Nu, Renegade Breakdown",no_match,,,,,,,,,,,,,,,,
"September 25, 2020",Transmissions,Beverly Glenn-Copeland,Electronic,Independent Artist,"Hamilton, Ontario",Jesse Locke,"Beverly Glenn-Copeland, Transmissions",matched,6X7rxq4bKcwPTKRFgIzR30,https://open.spotify.com/album/6X7rxq4bKcwPTKRFgIzR30,2bN5hXtWZXEIfnHO34eXfe,Beverly Glenn-Copeland,Transmissions: The Music Of Beverly Glenn-Copeland,2020-09-25,day,album,13.0,https://i.scdn.co/image/ab67616d0000b2737d25ff6e2edb0d375150d3f0,,,,matched,https://i.scdn.co/image/ab6761610000e5eb07b3234ab7b108c79cee6a2f,https://open.spotify.com/artist/2bN5hXtWZXEIfnHO34eXfe
"September 24, 2020",No era sólida,Lucrecia Dalt,Electronic,Independent Artist,,Claire Lobenfeld,"Lucrecia Dalt, No era sólida",matched,0yUaUPdT2DcX9f24f61T3u,https://open.spotify.com/album/0yUaUPdT2DcX9f24f61T3u,4LC4vkseYrSEDd6MjZvOO9,Lucrecia Dalt,No era sólida,2020-09-11,day,album,10.0,https://i.scdn.co/image/ab67616d0000b273ae68ed58be1097e9f9b85b3e,,,,matched,https://i.scdn.co/image/ab6761610000e5eb6104418926fd1f7e2eeb9f1e,https://open.spotify.com/artist/4LC4vkseYrSEDd6MjZvOO9
"September 23, 2020","Shimmer, Then Disappear",Wylie Cable,Electronic,Independent Artist,"Los Angeles, California",Christina Lee,"Wylie Cable, Shimmer, Then Disappear",matched,6baTgsbxR1fySJ3i0T6EZy,https://open.spotify.com/album/6baTgsbxR1fySJ3i0T6EZy,6Na4a1Vc689Z5C9C3Ht8zf,Wylie Cable,"Shimmer, then Disappear",2020-09-25,day,album,15.0,https://i.scdn.co/image/ab67616d0000b273f7eed6a777524b9732489b95,,,,matched,https://i.scdn.co/image/ab6761610000e5eb8e0fa8de77105503d66e3ab8,https://open.spotify.com/artist/6Na4a1Vc689Z5C9C3Ht8zf
"September 22, 2020",Under,Dyani,Electronic,Independent Artist,"Miami, Florida",Ann-Derrick Gaillot,"Dyani, Under",matched,4juTA9FN2fwX7dRIDbRP8d,https://open.spotify.com/album/4juTA9FN2fwX7dRIDbRP8d,0bOU2bJeJI2SmrW1QixKfk,Dyani,Undergo (The Under Remixes),2021-10-22,day,single,7.0,https://i.scdn.co/image/ab67616d0000b27371873bf071fcb423878a4703,,,,matched,https://i.scdn.co/image/ab6761610000e5eb096595d45c25ca64a65dd3db,https://open.spotify.com/artist/0bOU2bJeJI2SmrW1QixKfk
"September 21, 2020",Pathways & Passages,Cosmic Vibrations ft. Dwight Trible,Jazz,Cosmic Vibrations,"Los Angeles, California",Philip Freeman,"Cosmic Vibrations ft. Dwight Trible, Pathways & Passages",no_match,,,,,,,,,,,,,,,,
"September 18, 2020",Find the Sun,Deradoorian,Alternative,Independent Artist,"Los Angeles, California",Arielle Gordon,"Deradoorian, Find the Sun",matched,6aejLD0bE9xQvpFva2zDEI,https://open.spotify.com/album/6aejLD0bE9xQvpFva2zDEI,3jLCHiuXBTGEEku37TsobP,Deradoorian,Find The Sun,2020-09-18,day,album,10.0,https://i.scdn.co/image/ab67616d0000b2734bd091a10f2da3c2a6f397ca,,,,matched,https://i.scdn.co/image/ab6761610000e5ebf821dbdb88fca4819340c25e,https://open.spotify.com/artist/3jLCHiuXBTGEEku37TsobP
"September 17, 2020",Neurofire,Kingdom,Electronic,Independent Artist,"Los Angeles, California",Amaya Garcia,"Kingdom, Neurofire",matched,1A422VVWsovLK2q1cc5jro,https://open.spotify.com/album/1A422VVWsovLK2q1cc5jro,1ofhNTFMyFVSs62cJWG0oj,Kingdom,Neurofire,2020-09-18,day,album,12.0,https://i.scdn.co/image/ab67616d0000b2735ec31eed25049d741c08a95e,,,,matched,https://i.scdn.co/image/ab6761610000e5ebc513486af2e05dca43bc3217,https://open.spotify.com/artist/1ofhNTFMyFVSs62cJWG0oj
"September 16, 2020",#KingButch,Butcher Brown,Funk,Independent Artist,"Richmond, Virginia",Britt Robson,"Butcher Brown, #KingButch",matched,4dd1M7bEbduM0Cb2dqr28f,https://open.spotify.com/album/4dd1M7bEbduM0Cb2dqr28f,2jQ6wRQ7yP1UrctodeuYQP,Butcher Brown,#KingButch,2020-09-18,day,album,13.0,https://i.scdn.co/image/ab67616d0000b273442e4f93f926c3ad7c68b35a,,,,matched,https://i.scdn.co/image/ab6761610000e5ebcbadcc21bebc405ac5596bec,https://open.spotify.com/artist/2jQ6wRQ7yP1UrctodeuYQP
"September 15, 2020",A Sonic Womb: Live Buchla Performance at Lapsus,Suzanne Ciani,Electronic,Lapsus Records,Barcelona,Arielle Gordon,"Suzanne Ciani, A Sonic Womb: Live Buchla Performance at Lapsus",matched,0gsVKXimgT760p9OzIbT2K,https://open.spotify.com/album/0gsVKXimgT760p9OzIbT2K,6E7hjfR2Qy6392SnUqCnzr,Suzanne Ciani,A Sonic Womb: Live Buchla Performance at Lapsus,2020-09-18,day,album,9.0,https://i.scdn.co/image/ab67616d0000b273ada636a9f3db726d1ecd3f76,,,,matched,https://i.scdn.co/image/ab6761610000e5eb756653ad32529f3c54c11ea4,https://open.spotify.com/artist/6E7hjfR2Qy6392SnUqCnzr
"September 14, 2020",Polysomn,Kairon; IRSE!,Alternative,Independent Artist,"Seinäjoki, Finland",Jeff Terich,"Kairon; IRSE!, Polysomn",matched,2nvPgK2DPEsIdgpvRQKRAZ,https://open.spotify.com/album/2nvPgK2DPEsIdgpvRQKRAZ,6e0fDFs6QyTDvTcTDLFq9O,Kairon; IRSE!,Polysomn,2020-09-11,day,album,9.0,https://i.scdn.co/image/ab67616d0000b273a4d6c0b1da496bb2f1221b6d,,,,matched,https://i.scdn.co/image/ab6761610000e5ebec23dc452fdbc897d575449d,https://open.spotify.com/artist/6e0fDFs6QyTDvTcTDLFq9O
"September 11, 2020",Windows of the Mind,Billy Brooks,Jazz,WEWANTSOUNDS,"Paris, France",Megan Iacobini de Fazio,"Billy Brooks, Windows of the Mind",matched,478Ue26p6Zx8KjtZT9dccO,https://open.spotify.com/album/478Ue26p6Zx8KjtZT9dccO,4qpzRXTVDwohQbPPIKUlFM,Billy Brooks,Windows of the Mind,1974,year,album,9.0,https://i.scdn.co/image/ab67616d0000b2730e5f65fa35f7c1be0f8b144a,,,,matched,https://i.scdn.co/image/ab6772690000c46c2578254f78cf19a0e2ec6268,https://open.spotify.com/artist/4qpzRXTVDwohQbPPIKUlFM
"September 10, 2020",Lov3 & L1ght,Rui Ho,Electronic,RUI HO,"Shanghai, China",Andra Nikolayi,"Rui Ho, Lov3 & L1ght",matched,7oDb0wS8YaECGj76IrHQFR,https://open.spotify.com/album/7oDb0wS8YaECGj76IrHQFR,2sTDVUq42SO6yVfD7c9r0J,RUI HO,Lov3 & L1ght,2020-09-04,day,album,10.0,https://i.scdn.co/image/ab67616d0000b2737d59b56564a5e04d16da1416,,,,matched,https://i.scdn.co/image/ab6761610000e5ebf54d57e42c628f8796044542,https://open.spotify.com/artist/2sTDVUq42SO6yVfD7c9r0J
"September 09, 2020",Gold Record,Bill Callahan,Alternative,Independent Artist,"Austin, Texas",Mark Richardson,"Bill Callahan, Gold Record",matched,309GzmwSB1Aj3gh8Tpp3Fo,https://open.spotify.com/album/309GzmwSB1Aj3gh8Tpp3Fo,7gqsi6aBSkRMJoL9psKqMr,Bill Callahan,Gold Record,2020-09-04,day,album,10.0,https://i.scdn.co/image/ab67616d0000b273a56e4d09d1d0ec33895cc27e,,,,matched,https://i.scdn.co/image/ab6761610000e5ebeb2f538487b6868a97f5a7fb,https://open.spotify.com/artist/7gqsi6aBSkRMJoL9psKqMr
"September 08, 2020",SONAR,Vritra,Hip-Hop/Rap,WDYSWYEC,,Phillip Mlynar,"Vritra, SONAR",matched,02kCetbfLcCZagMKn13hn4,https://open.spotify.com/album/02kCetbfLcCZagMKn13hn4,2p13eHCal7qrUX1r0Hb7T7,VRITRA,SONAR,2020-09-04,day,album,15.0,https://i.scdn.co/image/ab67616d0000b273bd18c155fdf2adfdc6593e4d,,,,matched,https://i.scdn.co/image/ab6761610000e5eb7b22afb60a57954c70123191,https://open.spotify.com/artist/2p13eHCal7qrUX1r0Hb7T7
"September 04, 2020",Sun Racket,Throwing Muses,Alternative,Independent Artist,Rhode Island,Mariana Timony,"Throwing Muses, Sun Racket",matched,1BYyqJg8q0q2hZDsVG4prT,https://open.spotify.com/album/1BYyqJg8q0q2hZDsVG4prT,5xU5wRTlZHVRoo2OxPvqA4,Throwing Muses,Sun Racket,2020-09-04,day,album,10.0,https://i.scdn.co/image/ab67616d0000b273968918f476bf77cf7040adec,,,,matched,https://i.scdn.co/image/ab6761610000e5eb4a3d7c8ec81533c3e32c27bf,https://open.spotify.com/artist/5xU5wRTlZHVRoo2OxPvqA4
"September 03, 2020",Axiom,Christian Scott aTunde Adjuah,Jazz,Chief Adjuah,"New Orleans, Louisiana",Michael J. West,"Christian Scott aTunde Adjuah, Axiom",matched,33FjWExlzwKy3f8nwV43M1,https://open.spotify.com/album/33FjWExlzwKy3f8nwV43M1,2q37Nw8NND2z1T1KU5XVfn,Christian Scott aTunde Adjuah,Axiom,2020-08-28,day,album,12.0,https://i.scdn.co/image/ab67616d0000b273b2165e0fef113a636710df4f,,,,matched,https://i.scdn.co/image/ab6761610000e5eb36d717e648ceaade8c9667f7,https://open.spotify.com/artist/2q37Nw8NND2z1T1KU5XVfn
"September 02, 2020",Vertigo KO,Phew,Experimental,Independent Artist,"Tokyo, Japan",Andy Beta,"Phew, Vertigo KO",matched,5SumsIsh4mcvMjywsGLrNq,https://open.spotify.com/album/5SumsIsh4mcvMjywsGLrNq,7mTJBVGJmkgbjwvbzc0Bqb,Phew,Vertigo KO,2020-09-04,day,album,7.0,https://i.scdn.co/image/ab67616d0000b273d417fdeb7faf09b07081a0f3,,,,matched,https://i.scdn.co/image/ab6772690000c46cea77fc8abc464e7ddf4d34d6,https://open.spotify.com/artist/7mTJBVGJmkgbjwvbzc0Bqb
"August 31, 2020","Mama, You Can Bet!",Georgia Anne Muldrow (as Jyoti),R&amp;B/Soul,SomeOthaShip Connect,"Las Vegas, Nevada",Dean Van Nguyen,"Georgia Anne Muldrow (as Jyoti), Mama, You Can Bet!",no_match,,,,,,,,,,,,,,,,
"August 28, 2020",The Fire Still Burns,Alan Braufman,Jazz,Independent Artist,"New York, New York",Richard Gehr,"Alan Braufman, The Fire Still Burns",matched,1nN7wLL6GA7xdcoI1L9BjS,https://open.spotify.com/album/1nN7wLL6GA7xdcoI1L9BjS,2e0U1o784LrLomZQcvKH6H,Alan Braufman,The Fire Still Burns,2020-08-28,day,album,8.0,https://i.scdn.co/image/ab67616d0000b273b7e5933be20d700f61947ac5,,,,matched,https://i.scdn.co/image/ab6761610000e5ebd05059fd65ce457fba856c89,https://open.spotify.com/artist/2e0U1o784LrLomZQcvKH6H
"August 27, 2020",Sufi Dub Brothers,Ashraf Sharif Khan & Viktor Marek,Electronic,Fun in the church,"Berlin, Germany",Ravi Ghosh,"Ashraf Sharif Khan & Viktor Marek, Sufi Dub Brothers",no_match,,,,,,,,,,,,,,,,
"August 26, 2020",Hazel,Dukes of Chutney,Pop,Independent Artist,"Los Angeles, California",Claire Lobenfeld,"Dukes of Chutney, Hazel",matched,1TMX7V5eLgMdyDxmGAHsVP,https://open.spotify.com/album/1TMX7V5eLgMdyDxmGAHsVP,3B9HWmtQwPyKI4pyMjqNka,Dukes Of Chutney,Hazel,2020-09-04,day,album,11.0,https://i.scdn.co/image/ab67616d0000b27356ee8acc0073d56914048e2b,,,,matched,https://i.scdn.co/image/ab6761610000e5eb45fd2c36ca9e93b4af29204a,https://open.spotify.com/artist/3B9HWmtQwPyKI4pyMjqNka
"August 25, 2020",LiteAce Frequency,Vex Ruffin,Alternative,Independent Artist,"Chino, California",Phillip Mlynar,"Vex Ruffin, LiteAce Frequency",matched,2BQQZMUFS7IR0SYC9XZ4aW,https://open.spotify.com/album/2BQQZMUFS7IR0SYC9XZ4aW,6lxA3O2PKkIPpAjPHtQ8Kv,Vex Ruffin,LiteAce Frequency,2020-08-21,day,album,13.0,https://i.scdn.co/image/ab67616d0000b27353d009287634f1e2c14406d7,,,,matched,https://i.scdn.co/image/ab6761610000e5ebf91665d0e5acb1d064db8ab2,https://open.spotify.com/artist/6lxA3O2PKkIPpAjPHtQ8Kv
"August 24, 2020",Weirdo,Carla J. Easton,Pop,Independent Artist,"Glasgow, UK",J. Edward Keyes,"Carla J. Easton, Weirdo",matched,1DfYLHNWpT9b5Alfg1u6AH,https://open.spotify.com/album/1DfYLHNWpT9b5Alfg1u6AH,6h2NCcvw17i625O1NIcYxX,Carla J Easton,WEIRDO,2020-08-28,day,album,12.0,https://i.scdn.co/image/ab67616d0000b273b13973d0e1e506b61acc8fc8,,,,matched,https://i.scdn.co/image/ab6761610000e5eb8e00dc97289cd521d1a04932,https://open.spotify.com/artist/6h2NCcvw17i625O1NIcYxX
"August 21, 2020",Motherhood,No Joy,Alternative,Independent Artist,"Montreal, Québec",Jesse Locke,"No Joy, Motherhood",matched,2qCBD0Wczcvvq06Dieos6P,https://open.spotify.com/album/2qCBD0Wczcvvq06Dieos6P,5N7DAaXV1EVXS8h2wyYrx2,No Joy,Motherhood,2020-08-21,day,album,11.0,https://i.scdn.co/image/ab67616d0000b273ba38ab4792d6dae575a4c1ab,,,,matched,https://i.scdn.co/image/ab6761610000e5ebd2084d4585014a643e19bb57,https://open.spotify.com/artist/5N7DAaXV1EVXS8h2wyYrx2
"August 20, 2020",SUGAREGG,Bully,Rock,Independent Artist,"Nashville, Tennessee",Mariana Timony,"Bully, SUGAREGG",matched,3o5jaI0rb660GQ7SiDse2R,https://open.spotify.com/album/3o5jaI0rb660GQ7SiDse2R,34LdbFt5sVXKTJOzf1iExQ,Bully,SUGAREGG,2020-08-21,day,album,12.0,https://i.scdn.co/image/ab67616d0000b273946936074c9e64e6d8e01b33,,,,matched,https://i.scdn.co/image/ab6761610000e5eb295620325f5525560d83f2e8,https://open.spotify.com/artist/34LdbFt5sVXKTJOzf1iExQ
"August 19, 2020",Total Freedom,Kathleen Edwards,Pop,Independent Artist,"Ottawa, Ontario",J. Edward Keyes,"Kathleen Edwards, Total Freedom",matched,7BoJ2M5s0Zqv3Ww1K1Jbm7,https://open.spotify.com/album/7BoJ2M5s0Zqv3Ww1K1Jbm7,7x4So74vIUx3DaLk93JCFf,Kathleen Edwards,Total Freedom,2020-08-14,day,album,10.0,https://i.scdn.co/image/ab67616d0000b273181db50fdea4e15134e4b20b,,,,matched,https://i.scdn.co/image/ab6761610000e5eb9d6d07325dc8a1b37e8fd4b9,https://open.spotify.com/artist/7x4So74vIUx3DaLk93JCFf
"August 18, 2020",Happy Birthday,Sneaks,Pop,Independent Artist,"Washington, D.C.",Claire Lobenfeld,"Sneaks, Happy Birthday",matched,48cksqwn6Vt2Qp2d5RPiWy,https://open.spotify.com/album/48cksqwn6Vt2Qp2d5RPiWy,40iUcsx6LWJ0DEPryPmU30,Sneaks,Happy Birthday,2020-08-21,day,album,9.0,https://i.scdn.co/image/ab67616d0000b2737292b74e6e5108d8f3300d7f,,,,matched,https://i.scdn.co/image/ab6761610000e5ebc68e7ac4b92016719f6c2d47,https://open.spotify.com/artist/40iUcsx6LWJ0DEPryPmU30
"August 17, 2020",Customer’s Copy,Exotic Sin,Jazz,Blank Forms Editions,"Brooklyn, New York",Andy Beta,"Exotic Sin, Customer’s Copy",no_match,,,,,,,,,,,,,,,,
"August 14, 2020",Laughing In My Sleep,The Cradle,Alternative,Independent Artist,"Brooklyn, New York",Max Savage Levenson,"The Cradle, Laughing In My Sleep",no_match,,,,,,,,,,,,,,,,
"August 13, 2020",Unity,Gordon Koang,World,Independent Artist,"Melbourne, Australia",Jess Fu,"Gordon Koang, Unity",matched,66kjRjllHcoW1aXmC5yMgQ,https://open.spotify.com/album/66kjRjllHcoW1aXmC5yMgQ,4LsJGFIGPI5c0sOeKFtjQ1,Gordon Koang,Unity,2020-08-14,day,album,8.0,https://i.scdn.co/image/ab67616d0000b2735381167dcbfdaba038363063,,,,matched,https://i.scdn.co/image/ab6761610000e5eb24dd42996fdcd67334eb0415,https://open.spotify.com/artist/4LsJGFIGPI5c0sOeKFtjQ1
"August 12, 2020",7G,A.G. Cook,Alternative,A. G. Cook,"Los Angeles, California",Ed Blair,"A.G. Cook, 7G",matched,16NHNs15w1bpkFiBOUgDaB,https://open.spotify.com/album/16NHNs15w1bpkFiBOUgDaB,335TWGWGFan4vaacJzSiU8,A. G. Cook,7G,2020-08-12,day,album,49.0,https://i.scdn.co/image/ab67616d0000b2735f4269ee2c76394d8f3d1309,,,,matched,https://i.scdn.co/image/ab6761610000e5eb46fcb25c1d37f61e5fb2a5fd,https://open.spotify.com/artist/335TWGWGFan4vaacJzSiU8
"August 11, 2020",New Truth,Jenny O.,Alternative,Independent Artist,"Los Angeles, California",Alex Westfall,"Jenny O., New Truth",matched,2LS3eg9v6U1KFpdvmqmuPE,https://open.spotify.com/album/2LS3eg9v6U1KFpdvmqmuPE,6zVybwDdah9DCynv4QOhU0,Jenny O.,New Truth,2020-08-07,day,album,12.0,https://i.scdn.co/image/ab67616d0000b273706ef9aef87a810eadcc6c91,,,,matched,https://i.scdn.co/image/ab6761610000e5eb0ea3085eae0a661b138c1cb5,https://open.spotify.com/artist/6zVybwDdah9DCynv4QOhU0
"August 10, 2020",Help,Duval Timothy,Experimental,Independent Artist,"England, UK",John Morrison,"Duval Timothy, Help",matched,3dfh1q4L1CJyyIC47Sinln,https://open.spotify.com/album/3dfh1q4L1CJyyIC47Sinln,4t5XnkAKxcaYcDXI726A4Y,Duval Timothy,Help,2020-08-07,day,album,18.0,https://i.scdn.co/image/ab67616d0000b2730209444b0bda4461dc428828,,,,matched,https://i.scdn.co/image/ab6761610000e5eb8339771aa39705bb28747e99,https://open.spotify.com/artist/4t5XnkAKxcaYcDXI726A4Y
"August 07, 2020",Present,Dog Day,Rock,fundog,"Halifax, Nova Scotia",Jesse Locke,"Dog Day, Present",matched,4e1zqW7LtNojK8z2tB8eIf,https://open.spotify.com/album/4e1zqW7LtNojK8z2tB8eIf,2ORq2Gnk3ZicfAZS1ThIm0,Dog Day,Present,2020-08-14,day,album,13.0,https://i.scdn.co/image/ab67616d0000b2732907b4f1d5f54bc4acdb3882,,,,matched,https://i.scdn.co/image/ab6761610000e5eb4dbcb2ac1bf397e381d80de7,https://open.spotify.com/artist/2ORq2Gnk3ZicfAZS1ThIm0
"August 06, 2020",Innuendo,Abyss X,Experimental,Independent Artist,"Knosos, Greece",Sasha Geffen,"Abyss X, Innuendo",matched,65cUmNvOngfbaQAYsn5eF2,https://open.spotify.com/album/65cUmNvOngfbaQAYsn5eF2,51ndPH5vzgLHvceXP7Ij2l,Abyss X,INNUENDO,2020-07-31,day,album,10.0,https://i.scdn.co/image/ab67616d0000b273b4188092f6a29116833dff0a,,,,matched,https://i.scdn.co/image/ab6761610000e5eb8deb845a06e6933de95eea31,https://open.spotify.com/artist/51ndPH5vzgLHvceXP7Ij2l
"August 05, 2020",Eight Gates,Jason Molina,Alternative,Independent Artist,"Chicago, Illinois",Michael Rancic,"Jason Molina, Eight Gates",matched,6MEcqxcvIKA3CoI5PnJwbH,https://open.spotify.com/album/6MEcqxcvIKA3CoI5PnJwbH,4tBNwdhdWAXGzzaPTp9dRE,Jason Molina,Eight Gates,2020-08-07,day,album,9.0,https://i.scdn.co/image/ab67616d0000b27333933eba14bdaa383d798430,,,,matched,https://i.scdn.co/image/d8b4430ca3e96215ef4c2c833c345d2e66d97ea1,https://open.spotify.com/artist/4tBNwdhdWAXGzzaPTp9dRE
"August 04, 2020",Internal Incarceration,Year of the Knife,Metal,Year Of The Knife,Delaware,Robert Newsome,"Year of the Knife, Internal Incarceration",matched,7bRKg55SYjKoazpyACNHJ8,https://open.spotify.com/album/7bRKg55SYjKoazpyACNHJ8,6z6uImpvyrxii5OyX1ic8Q,Year of the Knife,Internal Incarceration,2020-08-07,day,album,13.0,https://i.scdn.co/image/ab67616d0000b2737bd6e94cf76ebb42bb8ed9d9,,,,matched,https://i.scdn.co/image/ab6761610000e5eb6d77cd8600984b948932e84f,https://open.spotify.com/artist/6z6uImpvyrxii5OyX1ic8Q
"August 03, 2020",Sunny Days Blue,Swarvy,Experimental,SWARVY,,Marcus J. Moore,"Swarvy, Sunny Days Blue",matched,3cGLhZLE1TYQpIrjbNI59a,https://open.spotify.com/album/3cGLhZLE1TYQpIrjbNI59a,1fmXn9ezSrVGjHSVc6ItcL,Swarvy,Sunny Days Blue,2020-08-07,day,album,7.0,https://i.scdn.co/image/ab67616d0000b27311f5443d45ea43f59c3de865,,,,matched,https://i.scdn.co/image/ab6761610000e5ebcc0503c192aa1f908c07ad14,https://open.spotify.com/artist/1fmXn9ezSrVGjHSVc6ItcL
"July 31, 2020",Beauty Beyond Grief,Aladean Kheroufi,R&amp;B/Soul,Independent Artist,"Edmonton, Alberta",Jesse Locke,"Aladean Kheroufi, Beauty Beyond Grief",matched,4aXvJOxtPkvebYABfn3Xmz,https://open.spotify.com/album/4aXvJOxtPkvebYABfn3Xmz,488twah0FYEtE2VQubDNRy,Aladean Kheroufi,Beauty Beyond Grief,2020-08-07,day,single,3.0,https://i.scdn.co/image/ab67616d0000b273a465277ae368b7da438b6021,,,,matched,https://i.scdn.co/image/ab6761610000e5ebf602495f4d3aa9b52639e11e,https://open.spotify.com/artist/488twah0FYEtE2VQubDNRy
"July 30, 2020",Benny the Butcher & DJ Drama Present: Black Soprano Family,Black Soprano Family,Hip-Hop/Rap,BLACK SOPRANO FAMILY,"Buffalo, New York",J. Edward Keyes,"Black Soprano Family, Benny the Butcher & DJ Drama Present: Black Soprano Family",no_match,,,,,,,,,,,,,,,,
"July 29, 2020",Reprise Tonight,FSQ,Funk,Independent Artist,"New York, New York",John Morrison,"FSQ, Reprise Tonight",matched,6zARVnNMVCNM4MJz2ZdEeo,https://open.spotify.com/album/6zARVnNMVCNM4MJz2ZdEeo,63k1NsFwksKJ9yERwtdV9p,FSQ,Reprise Reprise Tonight,2022-09-23,day,album,12.0,https://i.scdn.co/image/ab67616d0000b2739a4866ba03c87d66664f678b,,,,matched,https://i.scdn.co/image/ab6761610000e5eb6fb7803c5e51146ce9641ced,https://open.spotify.com/artist/63k1NsFwksKJ9yERwtdV9p
"July 28, 2020",Heart’s Ease,Shirley Collins,Folk,Independent Artist,"Hastings, UK",Grayson Haver Currin,"Shirley Collins, Heart’s Ease",no_match,,,,,,,,,,,,,,,,
"July 27, 2020",Universal Beings E&F Sides,Makaya McCraven,Jazz,International Anthem,"Chicago, Illinois",Marcus J. Moore,"Makaya McCraven, Universal Beings E&F Sides",matched,2hCIznGNjH3JfmFDBWCtsP,https://open.spotify.com/album/2hCIznGNjH3JfmFDBWCtsP,5FnpXrrMdJVZCK54oHWqUa,Makaya McCraven,Universal Beings E&F Sides,2020-07-31,day,album,14.0,https://i.scdn.co/image/ab67616d0000b27317bbc60969c6cae631ffdc00,,,,matched,https://i.scdn.co/image/ab6761610000e5ebc45b5954bceab3f88642f4c4,https://open.spotify.com/artist/5FnpXrrMdJVZCK54oHWqUa
"July 23, 2020",TCHIC TCHIC—French Bossa Nova—1963/1974,Various Artists,World,Born Bad Records,"Romainville, France",Marcus J. Moore,"Various Artists, TCHIC TCHIC—French Bossa Nova—1963/1974",no_match,,,,,,,,,,,,,,,,
"July 22, 2020",Free,Natalie Duncan,R&amp;B/Soul,Independent Artist,"London, UK",Tara C. Mahadevan,"Natalie Duncan, Free",matched,5vj6fYSQqks14yMLkb1msk,https://open.spotify.com/album/5vj6fYSQqks14yMLkb1msk,65eubtDer52NpLfG8p1Ehr,Natalie Duncan,Free,2020-07-31,day,album,12.0,https://i.scdn.co/image/ab67616d0000b273a61d731d59d5c1d300a390a6,,,,matched,https://i.scdn.co/image/ab6761610000e5eb8c4b0e6925abbdb35e8a6c03,https://open.spotify.com/artist/65eubtDer52NpLfG8p1Ehr
"July 21, 2020",ODD CURE,Oddisee,Hip-Hop/Rap,Independent Artist,"Washington, D.C.",Phillip Mlynar,"Oddisee, ODD CURE",matched,1zup2oq7FzE7h5KnhhoC4a,https://open.spotify.com/album/1zup2oq7FzE7h5KnhhoC4a,72tRiBHei5G9M8it4h4sfC,Oddisee,Odd Cure,2020-07-17,day,album,11.0,https://i.scdn.co/image/ab67616d0000b2737626fd1bb4871784bf3b78d3,,,,matched,https://i.scdn.co/image/ab6761610000e5eb7107fa871c65e7abbff237d6,https://open.spotify.com/artist/72tRiBHei5G9M8it4h4sfC
"July 20, 2020",Flower of Devotion,DEHD,Rock,Independent Artist,"Chicago, Illinois",Nina Corcoran,"DEHD, Flower of Devotion",matched,4L7ofiVgwVu7xHszcVoEiK,https://open.spotify.com/album/4L7ofiVgwVu7xHszcVoEiK,6yzuBFtT6dK2aQMZJZtcB1,Dehd,Flower of Devotion,2020-07-17,day,album,13.0,https://i.scdn.co/image/ab67616d0000b2730fd4b359cf4f5dd96b7130fd,,,,matched,https://i.scdn.co/image/ab6761610000e5eb82caefda4a9fd8055709c6be,https://open.spotify.com/artist/6yzuBFtT6dK2aQMZJZtcB1
"July 17, 2020",Species,Bing & Ruth,Ambient,David Moore / Bing &amp; Ruth,"New York, New York",April Clare Welsh,"Bing & Ruth, Species",matched,06naCck7o5wYzJ8zVit81K,https://open.spotify.com/album/06naCck7o5wYzJ8zVit81K,0grPfzk6cTnzfQpxjLDPs0,Bing & Ruth,Species,2020-07-17,day,album,7.0,https://i.scdn.co/image/ab67616d0000b273214929e8099f303d0ab048df,,,,matched,https://i.scdn.co/image/ab6761610000e5eb9cbe59a452764ca8b19643db,https://open.spotify.com/artist/0grPfzk6cTnzfQpxjLDPs0
"July 16, 2020","To Be Surrounded By Beautiful, Curious, Breathing, Laughing Flesh Is Enough",Deerhoof & Wadada Leo Smith,Alternative,Deerhoof,,Grayson Haver Currin,"Deerhoof & Wadada Leo Smith, To Be Surrounded By Beautiful, Curious, Breathing, Laughing Flesh Is Enough",no_match,,,,,,,,,,,,,,,,
"July 15, 2020",Magickal Mystical Indifference,Rebel Wizard,Metal,REBEL WIZARD,"Ferny Creek, Australia",Ben Salmon,"Rebel Wizard, Magickal Mystical Indifference",matched,1r3ODZIBzedRb3MCHvKZdw,https://open.spotify.com/album/1r3ODZIBzedRb3MCHvKZdw,3pQxKUXay8JVWWB4ri4Onv,Rebel Wizard,Magickal Mystical Indifference,2020-07-10,day,album,10.0,https://i.scdn.co/image/ab67616d0000b273c343e0dbd37682f004ebd60b,,,,matched,https://i.scdn.co/image/ab6761610000e5eb72f9269b14f7cc2180650c3b,https://open.spotify.com/artist/3pQxKUXay8JVWWB4ri4Onv
"July 14, 2020",That’s How Rumors Get Started,Margo Price,Rock,Independent Artist,"Nashville, Tennessee",Jim Allen,"Margo Price, That’s How Rumors Get Started",matched,4rEIEoPMRiqb6OW224VBhb,https://open.spotify.com/album/4rEIEoPMRiqb6OW224VBhb,09yvLritEUxHrzx5TlFvbl,Margo Price,That's How Rumors Get Started (Deluxe),2022-04-22,day,album,18.0,https://i.scdn.co/image/ab67616d0000b2730a446512c3295746bb53036b,,,,matched,https://i.scdn.co/image/ab6761610000e5eb4a6fc15cd3f51bd2ca4ca4eb,https://open.spotify.com/artist/09yvLritEUxHrzx5TlFvbl
"July 13, 2020",Songs Of An Unknown Tongue,Zara McFarlane,Jazz,Zara Mcfarlane,"London, UK",John Morrison,"Zara McFarlane, Songs Of An Unknown Tongue",matched,2wHOGta1uVvaNYwMyoPKrY,https://open.spotify.com/album/2wHOGta1uVvaNYwMyoPKrY,2KwROtmoJfRcQHqDMiV6uo,Zara McFarlane,Songs of an Unknown Tongue,2020-07-17,day,album,10.0,https://i.scdn.co/image/ab67616d0000b2732473c4a0d14e3ec63327adc9,,,,matched,https://i.scdn.co/image/ab6761610000e5ebc35bb32cb61b4be0bc34cd44,https://open.spotify.com/artist/2KwROtmoJfRcQHqDMiV6uo
"July 10, 2020",CULT,God Colony,Electronic,Independent Artist,"London, UK",Will Pritchard,"God Colony, CULT",matched,6wHSTMyc5lOTJYw1VeF1Hc,https://open.spotify.com/album/6wHSTMyc5lOTJYw1VeF1Hc,3PvZws8fXUgBxA1z1qZm8g,God Colony,Cult,2020-07-10,day,album,10.0,https://i.scdn.co/image/ab67616d0000b27319cb9b67b7e3cc4291be95f8,,,,matched,https://i.scdn.co/image/ab6761610000e5ebb594ec5f6d17c1432860f7fd,https://open.spotify.com/artist/3PvZws8fXUgBxA1z1qZm8g
"July 09, 2020",Songs for Peacock,TJO,Alternative,Tara Jane O&#39;Neil,California,Grayson Haver Currin,"TJO, Songs for Peacock",no_match,,,,,,,,,,,,,,,,
"July 08, 2020",Mente,Thiago Nassif,World,Independent Artist,"Rio De Janeiro, Brazil",Amanda Cavalcanti,"Thiago Nassif, Mente",matched,5J0WMbrFo6yv89ox27Oiks,https://open.spotify.com/album/5J0WMbrFo6yv89ox27Oiks,4V5mWK2gFndo7riERIRfr8,Thiago Nassif,Mente,2020-07-03,day,album,10.0,https://i.scdn.co/image/ab67616d0000b2738d2bf367c85955b198de944d,,,,matched,https://i.scdn.co/image/ab6761610000e5ebae71365bdd1c2cc42f89db16,https://open.spotify.com/artist/4V5mWK2gFndo7riERIRfr8
"July 07, 2020",Skeleton,Skeleton,Metal,20 Buck Spin,"Pittsburgh, Pennsylvania",Andy O’Connor,"Skeleton, Skeleton",matched,10yqnqrXA8iExbsyQMpp8B,https://open.spotify.com/album/10yqnqrXA8iExbsyQMpp8B,0XHHsM6WRRecYcOiTR0iEE,Skeleton Nuclear,RISE OF THE SKELETON EMPIRE,2026-05-01,day,single,1.0,https://i.scdn.co/image/ab67616d0000b273108771d3bfa81b7365cfcbe7,,,,matched,https://i.scdn.co/image/ab67616d0000b27349df7b7c8ed9a1074c98449d,https://open.spotify.com/artist/0XHHsM6WRRecYcOiTR0iEE
"July 06, 2020",Dialectic Soul,Asher Gamedze,Jazz,Independent Artist,"Cape Town, South Africa",Jesse Locke,"Asher Gamedze, Dialectic Soul",matched,00aLg7RLt0Md1MQ8miFWBf,https://open.spotify.com/album/00aLg7RLt0Md1MQ8miFWBf,0seHw20kF6a8af3qsufKyQ,Asher Gamedze,Dialectic Soul,2020-07-10,day,album,8.0,https://i.scdn.co/image/ab67616d0000b273b747b1c476ad2b03734d3907,,,,matched,https://i.scdn.co/image/ab6761610000e5ebf95cff787c6e76c87868e5d6,https://open.spotify.com/artist/0seHw20kF6a8af3qsufKyQ
"July 02, 2020",To Know Without Knowing,Mulatu Astatke & Black Jesus Experience,Jazz,Mulatu Astatke &amp; Black Jesus Experience,"Addis Ababa, Ethiopia",Andy Beta,"Mulatu Astatke & Black Jesus Experience, To Know Without Knowing",no_match,,,,,,,,,,,,,,,,
"July 01, 2020",UNTITLED (Black Is),SAULT,Alternative,Independent Artist,UK,John Morrison,"SAULT, UNTITLED (Black Is)",matched,0GPmuVuCdC5hCsiuy1wXle,https://open.spotify.com/album/0GPmuVuCdC5hCsiuy1wXle,1uRxRKC7d9zwYGSRflTKDR,SAULT,Untitled (Black Is),2020-06-19,day,album,20.0,https://i.scdn.co/image/ab67616d0000b27304e86aa52cf087896593ecc4,,,,matched,https://i.scdn.co/image/ab6761610000e5eb38dfd1af91aeccad71e6412f,https://open.spotify.com/artist/1uRxRKC7d9zwYGSRflTKDR
"June 30, 2020",Brother Theotis Taylor,Brother Theotis Taylor,Devotional,Mississippi Records,"New York, New York",John Morrison,"Brother Theotis Taylor, Brother Theotis Taylor",matched,3XQXSaavgVQONvTo0MiwB3,https://open.spotify.com/album/3XQXSaavgVQONvTo0MiwB3,7r5ARsORpeSlhxjr7yPGeE,Brother Theotis Taylor,Brother Theotis Taylor,2020-07-17,day,album,8.0,https://i.scdn.co/image/ab67616d0000b273298bd6af4acdddce24cc2d87,,,,matched,https://i.scdn.co/image/ab6761610000e5ebaed647a14ef96fd5b1811123,https://open.spotify.com/artist/7r5ARsORpeSlhxjr7yPGeE
"June 29, 2020",Inlet,Hum,Rock,Independent Artist,"Champaign, Illinois",Grayson Haver Currin,"Hum, Inlet",matched,6SfnjkSphtKowg3tt7azDi,https://open.spotify.com/album/6SfnjkSphtKowg3tt7azDi,6sM2JCBjZprP7JLMTZZSxX,Hum,Inlet,2020-06-24,day,album,8.0,https://i.scdn.co/image/ab67616d0000b2734eee010f3e0f5b194d519cbc,,,,matched,https://i.scdn.co/image/ab6761610000e5eb3400e7905737b35620dc34ab,https://open.spotify.com/artist/6sM2JCBjZprP7JLMTZZSxX
"June 26, 2020",Somewhere,Gum Country,Alternative,Independent Artist,"Los Angeles, California",Mariana Timony,"Gum Country, Somewhere",matched,4pe9puCv4owFeSB6S2V2UT,https://open.spotify.com/album/4pe9puCv4owFeSB6S2V2UT,5cuiPxODY1T2shZRYQFv4G,Gum Country,Somewhere,2020-06-18,day,album,12.0,https://i.scdn.co/image/ab67616d0000b27325b47211687bfebed5bd51ed,,,,matched,https://i.scdn.co/image/ab6761610000e5eb1a9967d2e65e4c905ab106a2,https://open.spotify.com/artist/5cuiPxODY1T2shZRYQFv4G
"June 25, 2020",weight of the world,MIKE,Hip-Hop/Rap,Independent Artist,"New York, New York",J. Edward Keyes,"MIKE, weight of the world",matched,5SAhBlk4YQyyEFzoDrvRfP,https://open.spotify.com/album/5SAhBlk4YQyyEFzoDrvRfP,1wlzPS1hSNrkriIIwLFTmU,MIKE,weight of the world,2020-06-21,day,album,16.0,https://i.scdn.co/image/ab67616d0000b27392d9fb345cd90f7250e8bb8f,,,,matched,https://i.scdn.co/image/ab6761610000e5eb592451e2718b94f9c49d2ebe,https://open.spotify.com/artist/1wlzPS1hSNrkriIIwLFTmU
"June 24, 2020",EarthSeed,Nicole Mitchell & Lisa E. Harris,Jazz,Nicole M Mitchell,North Carolina,John Morrison,"Nicole Mitchell & Lisa E. Harris, EarthSeed",no_match,,,,,,,,,,,,,,,,
"June 23, 2020",Adrian Younge presents Angela Munoz Introspection,Angela Munoz,R&amp;B/Soul,Independent Artist,"Los Angeles, California",Tara C. Mahadevan,"Angela Munoz, Adrian Younge presents Angela Munoz Introspection",no_match,,,,,,,,,,,,,,,,
"June 22, 2020",Éons,Neptunian Maximalism,Metal,"I, Voidhanger Records",Italy,Ben Salmon,"Neptunian Maximalism, Éons",matched,0P25kH1ABGMaF9PzwZzFyc,https://open.spotify.com/album/0P25kH1ABGMaF9PzwZzFyc,6nduTNbAIVN08gjy67gEAt,Neptunian Maximalism,Éons,2020-06-26,day,album,16.0,https://i.scdn.co/image/ab67616d0000b273fa421a4d2c2063cb80313879,,,,matched,https://i.scdn.co/image/ab67616d0000b27381ba266e84cf05a82984118f,https://open.spotify.com/artist/6nduTNbAIVN08gjy67gEAt
"June 19, 2020",Lagos Pepper Soup,Michael Olatuja,Jazz,Independent Artist,"New York, New York",John Morrison,"Michael Olatuja, Lagos Pepper Soup",matched,3zY2UuabMwbZV7AjpVbXmt,https://open.spotify.com/album/3zY2UuabMwbZV7AjpVbXmt,75ccRCIAPY3pNMT8tgHEaC,Michael Olatuja,Lagos Pepper Soup,2020-06-12,day,album,12.0,https://i.scdn.co/image/ab67616d0000b2739f138bc310ac55fc62e277bc,,,,matched,https://i.scdn.co/image/19ea5fad06aa72a9002b3fb731591dab04063a50,https://open.spotify.com/artist/75ccRCIAPY3pNMT8tgHEaC
"June 18, 2020",Coriky,Coriky,Punk,Independent Artist,"Washington, D.C.",JJ Skolnik,"Coriky, Coriky",matched,1ZKpdazH9QouRogzDIyxiI,https://open.spotify.com/album/1ZKpdazH9QouRogzDIyxiI,2qDSa244Z8UQwKtRXKA36F,Coriky,Coriky,2020-06-12,day,album,11.0,https://i.scdn.co/image/ab67616d0000b2739039a01b312393aaf31e021d,,,,matched,https://i.scdn.co/image/ab6761610000e5ebb485376d406975ae786d1b52,https://open.spotify.com/artist/2qDSa244Z8UQwKtRXKA36F
"June 17, 2020",Saving For a Custom Van,Various Artists,Alternative,Father/Daughter Records,"San Francisco, California",Eli Enis,"Various Artists, Saving For a Custom Van",no_match,,,,,,,,,,,,,,,,
"June 16, 2020",Providence,Ulthar,Metal,20 Buck Spin,"Pittsburgh, Pennsylvania",Andy O’Connor,"Ulthar, Providence",matched,32PiTFkbmMsFcCjJG00NyJ,https://open.spotify.com/album/32PiTFkbmMsFcCjJG00NyJ,6s1hQzoXYdEjYdJiHbu1iZ,Ulthar,Providence,2020-06-12,day,album,8.0,https://i.scdn.co/image/ab67616d0000b27341c9f848d7a0785dc1fac6ab,,,,matched,https://i.scdn.co/image/ab6761610000e5ebc8975475e50a3547f967e71a,https://open.spotify.com/artist/6s1hQzoXYdEjYdJiHbu1iZ
"June 15, 2020",Shrines,Armand Hammer,Hip-Hop/Rap,Independent Artist,New York,Christina Lee,"Armand Hammer, Shrines",matched,2RTfIoOohIEuE5fsFfDTMh,https://open.spotify.com/album/2RTfIoOohIEuE5fsFfDTMh,3SCI7sXHUZIeDKMWC5NT9C,Armand Hammer,Shrines,2020-06-05,day,album,14.0,https://i.scdn.co/image/ab67616d0000b27366cd56e9ce02b17657eadadc,,,,matched,https://i.scdn.co/image/ab6761610000e5eb36540146e6771f3508d8032a,https://open.spotify.com/artist/3SCI7sXHUZIeDKMWC5NT9C
"June 12, 2020",Annual,Modern Nature,Alternative,Independent Artist,"Cambridge, UK",Jesse Locke,"Modern Nature, Annual",matched,39b3Dby0olCabHYaekVon7,https://open.spotify.com/album/39b3Dby0olCabHYaekVon7,6qmQYC8FDqqdpsJDNCb1ms,Modern Nature,Annual,2020-06-05,day,album,7.0,https://i.scdn.co/image/ab67616d0000b273369d5154b6c89de71a056bf7,,,,matched,https://i.scdn.co/image/ab6761610000e5eb4157372fc50805028dbc7c1f,https://open.spotify.com/artist/6qmQYC8FDqqdpsJDNCb1ms
"June 11, 2020",The Dancing Devils of Djibouti,Groupe RTD,World,Ostinato Records,"New York, New York",Richard Gehr,"Groupe RTD, The Dancing Devils of Djibouti",matched,4KwTC2RgaJoBSvmYauNaqg,https://open.spotify.com/album/4KwTC2RgaJoBSvmYauNaqg,1pVWzEPoVWeAG98sfUyBsm,Groupe RTD,The Dancing Devils of Djibouti,2020-06-05,day,album,10.0,https://i.scdn.co/image/ab67616d0000b273975128ca40d084ab8681285d,,,,matched,https://i.scdn.co/image/ab67616d0000b273975128ca40d084ab8681285d,https://open.spotify.com/artist/1pVWzEPoVWeAG98sfUyBsm
"June 10, 2020",Get In Union,Bessie Jones and the Georgia Sea Island Singers,Folk,Lomax Archive,,John Morrison,"Bessie Jones and the Georgia Sea Island Singers, Get In Union",no_match,,,,,,,,,,,,,,,,
"June 09, 2020",Arrow,Noveller,Ambient,Independent Artist,"Los Angeles, California",Ned Raggett,"Noveller, Arrow",matched,23XR5sJhFLxezpchTPf54S,https://open.spotify.com/album/23XR5sJhFLxezpchTPf54S,3MqYHtX48uiYNf0gPaNBW2,Noveller,Arrow,2020-06-12,day,album,8.0,https://i.scdn.co/image/ab67616d0000b2738dc3b75163f0e8fb150856bc,,,,matched,https://i.scdn.co/image/ab6772690000c46c7d1d20ebcc650072c5216643,https://open.spotify.com/artist/3MqYHtX48uiYNf0gPaNBW2
"June 08, 2020",White Whale,C. Diab,Experimental,Independent Artist,"Vancouver, British Columbia",Grayson Haver Currin,"C. Diab, White Whale",matched,2B7VYEVtU1Cd2ZlPZn8JQ3,https://open.spotify.com/album/2B7VYEVtU1Cd2ZlPZn8JQ3,4jIb1FKwE3QlPyNYTBLPSA,C. Diab,White Whale,2020-06-05,day,album,11.0,https://i.scdn.co/image/ab67616d0000b2733e6dd9957e39f4bb71c9ed58,,,,matched,https://i.scdn.co/image/ab6761610000e5ebe301de616e6c83ee64736276,https://open.spotify.com/artist/4jIb1FKwE3QlPyNYTBLPSA
"May 29, 2020",Spider Tales,Jake Blount,Folk,Independent Artist,"Providence, Rhode Island",John Morrison,"Jake Blount, Spider Tales",matched,6A5kfO11xZlrdftAVChIuU,https://open.spotify.com/album/6A5kfO11xZlrdftAVChIuU,63yfJDmaBbifNzvWUUdpv1,Jake Blount,Spider Tales,2020-05-29,day,album,14.0,https://i.scdn.co/image/ab67616d0000b273d36f423dba6f447b1fc6294b,,,,matched,https://i.scdn.co/image/ab6761610000e5eb35bb2d062f9ce6c27e420c55,https://open.spotify.com/artist/63yfJDmaBbifNzvWUUdpv1
"May 28, 2020",Silver Dollar,Threadbare,Jazz,NoBusiness Records,Lithuania,Marcus J. Moore,"Threadbare, Silver Dollar",no_match,,,,,,,,,,,,,,,,
"May 27, 2020",Float Back to You,Holy Hive,R&amp;B/Soul,Independent Artist,New York,Allison Hussey,"Holy Hive, Float Back to You",matched,3QAqLB0l9c1OD2GG2fsW5F,https://open.spotify.com/album/3QAqLB0l9c1OD2GG2fsW5F,1AcZuMRjIAdmksbzApOXnw,Holy Hive,Float Back To You,2020-05-29,day,album,12.0,https://i.scdn.co/image/ab67616d0000b2733cc65d4bc5b0c0a72daa24a5,,,,matched,https://i.scdn.co/image/ab6761610000e5ebdb97d86610d92dbf7f7e96dc,https://open.spotify.com/artist/1AcZuMRjIAdmksbzApOXnw
"May 26, 2020",Broken Access,Theo Alexander,Classical,Independent Artist,"London, UK",Jesse Locke,"Theo Alexander, Broken Access",matched,2WN5bFYGFunOS7AMGZbmgI,https://open.spotify.com/album/2WN5bFYGFunOS7AMGZbmgI,5XbjBRckIIX1J71EciI7vK,Theo Alexander,Broken Access,2020-05-29,day,album,5.0,https://i.scdn.co/image/ab67616d0000b273ce83cb3075945e89aa5b2f35,,,,matched,https://i.scdn.co/image/ab6761610000e5eb4d4a6f3e16b44938a548c172,https://open.spotify.com/artist/5XbjBRckIIX1J71EciI7vK
"May 22, 2020",Vodou Alé,Chouk Bwa & The Ångstromers,World,Chouk Bwa &amp; The Ångstromers,"Artibonite Department, Haiti",Ann-Derrick Gaillot,"Chouk Bwa & The Ångstromers, Vodou Alé",no_match,,,,,,,,,,,,,,,,
"May 21, 2020",Origins,Foul Play,Electronic,Independent Artist,"Northampton, UK",Will Pritchard,"Foul Play, Origins",matched,5qrg9tRll9y4xqww8HhSOY,https://open.spotify.com/album/5qrg9tRll9y4xqww8HhSOY,67FRYUfxVqKOrS3x4emvL8,Foul Play,Origins,2020-05-22,day,album,10.0,https://i.scdn.co/image/ab67616d0000b273c30a5addfe8d4cc1d519497d,,,,matched,https://i.scdn.co/image/ab67616d0000b2737da9ca5bf04b9743430481cc,https://open.spotify.com/artist/67FRYUfxVqKOrS3x4emvL8
"May 20, 2020",Both,Bill Nace,Experimental,Independent Artist,"Philadelphia, Pennsylvania",Jonathan Williger,"Bill Nace, Both",matched,5qwJsQhMKyzRSpoeGtHaeO,https://open.spotify.com/album/5qwJsQhMKyzRSpoeGtHaeO,6kCCUIp2jp39YUjbqEAmzL,Bill Nace,Both,2020-05-22,day,album,8.0,https://i.scdn.co/image/ab67616d0000b27351052ec2e1db6ffe2706ed3d,,,,matched,https://i.scdn.co/image/ab6761610000e5ebcdafc0eefe23150a66b1dc6d,https://open.spotify.com/artist/6kCCUIp2jp39YUjbqEAmzL
"May 19, 2020",W,Populous,World,Independent Artist,"Lecce, Italy",Amaya Garcia,"Populous, W",matched,4dfA4vqVedjn5tCy1Ce5my,https://open.spotify.com/album/4dfA4vqVedjn5tCy1Ce5my,5Uy8Skuxzxf38jMDTndKIU,Populous,W,2020-05-22,day,album,10.0,https://i.scdn.co/image/ab67616d0000b273bbd0f5c97ba1428616d26882,,,,matched,https://i.scdn.co/image/ab6761610000e5eba1588d65349ec24e9ec9dbd5,https://open.spotify.com/artist/5Uy8Skuxzxf38jMDTndKIU
"May 18, 2020",Pantayo,Pantayo,Electronic,Independent Artist,"Toronto, Ontario",James Factora,"Pantayo, Pantayo",no_match,,,,,,,,,,,,,,,,
"May 15, 2020",The Mosaic Of Transformation,Kaitlyn Aurelia Smith,Experimental,Independent Artist,"Los Angeles, California",Marcus J. Moore,"Kaitlyn Aurelia Smith, The Mosaic Of Transformation",matched,2uacatJeUrWB2Fj3epyMgA,https://open.spotify.com/album/2uacatJeUrWB2Fj3epyMgA,6P86FLVAK4sxu8OhyQJBvH,Kaitlyn Aurelia Smith,The Mosaic of Transformation,2020-05-15,day,album,9.0,https://i.scdn.co/image/ab67616d0000b273bf8d328839633d3203e670f8,,,,matched,https://i.scdn.co/image/ab6761610000e5eba26adc44e8b8fc891acdcd85,https://open.spotify.com/artist/6P86FLVAK4sxu8OhyQJBvH
"May 14, 2020",Acquiesce,TALSounds,Electronic,TALsounds,"Washington, D.C.",Sam Goldner,"TALSounds, Acquiesce",matched,60iHaj8x75C4OgiKFlLlRY,https://open.spotify.com/album/60iHaj8x75C4OgiKFlLlRY,3W8UkPK2qxmnwqcBxqf1vL,TALsounds,Acquiesce,2020-05-22,day,album,10.0,https://i.scdn.co/image/ab67616d0000b2734d1a1a6b0b96e8e2b0dc7cd9,,,,matched,https://i.scdn.co/image/ab6761610000e5eb91d1fc96a6422091dea07500,https://open.spotify.com/artist/3W8UkPK2qxmnwqcBxqf1vL
"May 13, 2020",They Call Me Disco,Ric Wilson and Terrace Martin,Hip-Hop/Rap,Ric Wilson,"Chicago, Illinois",Tara C. Mahadevan,"Ric Wilson and Terrace Martin, They Call Me Disco",no_match,,,,,,,,,,,,,,,,
"May 12, 2020",Carisma,Salt Cathedral,Pop,Independent Artist,"New York, New York",Richard Villegas,"Salt Cathedral, Carisma",matched,360aJ4E4087KXU6ESyvjL3,https://open.spotify.com/album/360aJ4E4087KXU6ESyvjL3,1HhSYZFNNPTTZuOlSfZUJP,Salt Cathedral,CARISMA,2020-05-08,day,album,11.0,https://i.scdn.co/image/ab67616d0000b273aaddc34bb24dd75eb3b557e4,,,,matched,https://i.scdn.co/image/ab6761610000e5ebe751e4c6c672c8c533fee62d,https://open.spotify.com/artist/1HhSYZFNNPTTZuOlSfZUJP
"May 08, 2020",A Heart So White,Jonny Nash & Suzanne Kraft,Ambient,Melody As Truth,"Amsterdam, Netherlands",Miles Bowe,"Jonny Nash & Suzanne Kraft, A Heart So White",no_match,,,,,,,,,,,,,,,,
"May 07, 2020",Opal Wand,Black Taffy,Electronic,Independent Artist,"Dallas, Texas",Will Schube,"Black Taffy, Opal Wand",matched,1WztNwCyUMKgh5N1Tc4eQJ,https://open.spotify.com/album/1WztNwCyUMKgh5N1Tc4eQJ,0Y9vfLdeXoP0Mu1rLWeMRG,Black Taffy,Opal Wand,2020-05-08,day,album,12.0,https://i.scdn.co/image/ab67616d0000b273ed7aac3eaad4ba742733cf8d,,,,matched,https://i.scdn.co/image/ab6761610000e5ebfefa3295a4c93a3a9d42b33b,https://open.spotify.com/artist/0Y9vfLdeXoP0Mu1rLWeMRG
"May 06, 2020",Nehruvia: My Disregarded Thoughts,Bishop Nehru,Hip-Hop/Rap,Independent Artist,"New York, New York",Phillip Mlynar,"Bishop Nehru, Nehruvia: My Disregarded Thoughts",matched,3B7Xyyqd0GOYxC2J4kYg4N,https://open.spotify.com/album/3B7Xyyqd0GOYxC2J4kYg4N,1b5fazYV5ecKkQHKTlwLG8,Bishop Nehru,Nehruvia: My Disregarded Thoughts,2020-05-08,day,album,13.0,https://i.scdn.co/image/ab67616d0000b2735df89a278626a3f4471b48c6,,,,matched,https://i.scdn.co/image/ab6761610000e5ebff0ab5c5a6ba86b99f087344,https://open.spotify.com/artist/1b5fazYV5ecKkQHKTlwLG8
"May 05, 2020",Yeo​-​Neun,Okkyung Lee,,okkyung lee,"Berlin, Germany",Marc Masters,"Okkyung Lee, Yeo​-​Neun",matched,0jurE5w2V34VoW1lCNa6BJ,https://open.spotify.com/album/0jurE5w2V34VoW1lCNa6BJ,0fVfcPcdnLfSeH0ZAAEeCQ,Okkyung Lee,Yeo-Neun,2020-05-08,day,album,10.0,https://i.scdn.co/image/ab67616d0000b2733c59320b61c13287b4721eba,,,,matched,https://i.scdn.co/image/ab6761610000e5eb7a37170e9052c476e20ece61,https://open.spotify.com/artist/0fVfcPcdnLfSeH0ZAAEeCQ
"May 04, 2020",Dias Raros,Melenas,Alternative,Independent Artist,"Pamplona, Spain",Mariana Timony,"Melenas, Dias Raros",matched,3vYGiWViyXVjIrV9HPaQCK,https://open.spotify.com/album/3vYGiWViyXVjIrV9HPaQCK,3vLz3LvH5DRDZOy6SU9w2f,Melenas,Dias Raros,2020-05-08,day,album,11.0,https://i.scdn.co/image/ab67616d0000b273112dbd99218ec55c858a72c7,,,,matched,https://i.scdn.co/image/ab6761610000e5eb33779f5a2eb92d719113795b,https://open.spotify.com/artist/3vLz3LvH5DRDZOy6SU9w2f
"May 01, 2020",recovery girl,recovery girl,Electronic,galen tipton,"Portland, Oregon",Ed Blair,"recovery girl, recovery girl",matched,6Om6DOif39dsLkQ9Zh5tmx,https://open.spotify.com/album/6Om6DOif39dsLkQ9Zh5tmx,2PiVpr8UjimvqGWBq11Hod,recovery girl,recovery girl & friends (mixtape),2021-07-16,day,album,16.0,https://i.scdn.co/image/ab67616d0000b273c0d4d63e04fa8d0b1ef1af05,,,,matched,https://i.scdn.co/image/ab6761610000e5eb27dbdcdf1ea13c551802c4d2,https://open.spotify.com/artist/2PiVpr8UjimvqGWBq11Hod
"April 30, 2020",Built To Spill Plays The Songs Of Daniel Johnston,Built to Spill,Rock,Built To Spill,"Boise, Idaho",Annie Zaleski,"Built to Spill, Built To Spill Plays The Songs Of Daniel Johnston",matched,6UmIynJjVIRSqbYYfFt8oa,https://open.spotify.com/album/6UmIynJjVIRSqbYYfFt8oa,3kbBWco9PZ5eSQsNScwG6U,Built To Spill,Built to Spill Plays the Songs of Daniel Johnston,2020-06-12,day,album,11.0,https://i.scdn.co/image/ab67616d0000b2739a88590feda04e84b91069dd,,,,matched,https://i.scdn.co/image/ab6761610000e5eb975437d5a8604ae63aa4f310,https://open.spotify.com/artist/3kbBWco9PZ5eSQsNScwG6U
"April 29, 2020",Bobby Joe Hope,Jon McKiel,Alternative,Jon Mckiel,"Baie Verte, New Brunswick",Jesse Locke,"Jon McKiel, Bobby Joe Hope",matched,555EK8jHhZnlbXO6prTaDw,https://open.spotify.com/album/555EK8jHhZnlbXO6prTaDw,42tgL54E6Mh70eIaikDven,Jon McKiel,Bobby Joe Hope,2020-04-24,day,album,9.0,https://i.scdn.co/image/ab67616d0000b273d4a8895cfebf6b560cdd3f9a,,,,matched,https://i.scdn.co/image/ab6761610000e5eb0ea89c5dcd792444042db991,https://open.spotify.com/artist/42tgL54E6Mh70eIaikDven
"April 28, 2020",A Pennies Worth,KinKai,Hip-Hop/Rap,Independent Artist,"Manchester, UK",John Morrison,"KinKai, A Pennies Worth",matched,1w01mfHq1GENvC74h8EIHg,https://open.spotify.com/album/1w01mfHq1GENvC74h8EIHg,2v3z0sSTauju6TA1GMqiQj,KinKai,A Pennies Worth,2020-05-01,day,album,9.0,https://i.scdn.co/image/ab67616d0000b2732d7f5fcbcb592927154daa48,,,,matched,https://i.scdn.co/image/ab6761610000e5ebbcade64d9c14d5817017bbe8,https://open.spotify.com/artist/2v3z0sSTauju6TA1GMqiQj
"April 27, 2020",Feral,RVG,Alternative,Independent Artist,"Preston, Australia",Sophie Weiner,"RVG, Feral",matched,6i8kpS3QkfUDXjqvDg2pQf,https://open.spotify.com/album/6i8kpS3QkfUDXjqvDg2pQf,4a2c6VZMfp0CdNg1JgSPR9,RVG,Feral,2020-04-24,day,album,10.0,https://i.scdn.co/image/ab67616d0000b273316c3d1f1973e7cab9c6b07d,,,,matched,https://i.scdn.co/image/ab6761610000e5ebe97637b27f9109b4f8e8afac,https://open.spotify.com/artist/4a2c6VZMfp0CdNg1JgSPR9
"April 24, 2020",Innocent Country 2,Quelle Chris & Chris Keys,Hip-Hop/Rap,Quelle Chris,"Detroit, Michigan",Nate Patrin,"Quelle Chris & Chris Keys, Innocent Country 2",no_match,,,,,,,,,,,,,,,,
"April 23, 2020",Isolation Therapy,Various Artists,Electronic,Stamp The Wax,"London, UK",Sean Keating,"Various Artists, Isolation Therapy",matched,4eN7vkU7UUToJLRbOw73fn,https://open.spotify.com/album/4eN7vkU7UUToJLRbOw73fn,0LyfQWJT6nXafLPZqxe9Of,Various Artists,Isolation Therapy,2020-04-03,day,compilation,27.0,https://i.scdn.co/image/ab67616d0000b273630ea77e385874054d2408bb,,,,matched,https://i.scdn.co/image/ab6761610000e5eb6b134287e3095d2c84b7932a,https://open.spotify.com/artist/0LyfQWJT6nXafLPZqxe9Of
"April 22, 2020",Megawave,Dana Jean Phoenix & Powernerd,Electronic,Dana Jean Phoenix,"Toronto, Ontario",Samuel Tornow,"Dana Jean Phoenix & Powernerd, Megawave",no_match,,,,,,,,,,,,,,,,
"April 17, 2020",La Yarará,Malena Zavala,Pop,Independent Artist,"London, UK",Sarah Gooding,"Malena Zavala, La Yarará",matched,67vZ5KG9OVRIaQVx1HvIdI,https://open.spotify.com/album/67vZ5KG9OVRIaQVx1HvIdI,6SVGcUwNBOZMwiZqpCwykX,Malena Zavala,La Yarará,2020-04-17,day,album,10.0,https://i.scdn.co/image/ab67616d0000b27356ff3f57d050371d535c43b6,,,,matched,https://i.scdn.co/image/ab6761610000e5eb17c9fb98cda23dc735145dfd,https://open.spotify.com/artist/6SVGcUwNBOZMwiZqpCwykX
"April 16, 2020",Mestarin Kynsi,Oranssi Pazuzu,Metal,Independent Artist,Finland,Grayson Haver Currin,"Oranssi Pazuzu, Mestarin Kynsi",matched,0gsk1RGjMrtEDE05s0TZMf,https://open.spotify.com/album/0gsk1RGjMrtEDE05s0TZMf,3XFQRe2FsSOjrODygK4caW,Oranssi Pazuzu,Mestarin kynsi,2020-04-17,day,album,6.0,https://i.scdn.co/image/ab67616d0000b2739ee0364821e0866eecea16ce,,,,matched,https://i.scdn.co/image/ab6761610000e5eb51c2a2bcbffebc87a49711cd,https://open.spotify.com/artist/3XFQRe2FsSOjrODygK4caW
"April 15, 2020",Siti of Unguja,Siti Muharam,World,Independent Artist,"Zanzibar, Tanzania",Sylvia Ilahuka,"Siti Muharam, Siti of Unguja",matched,20zFYzOjyERNI1g5hzOLNS,https://open.spotify.com/album/20zFYzOjyERNI1g5hzOLNS,2YiO4vmSdl8Pz3MFyohYyo,Siti Muharam,Siti of Unguja (Romance Revolution on Zanzibar),2020-06-05,day,album,8.0,https://i.scdn.co/image/ab67616d0000b273adb93398cb51cddda6d597d5,,,,matched,https://i.scdn.co/image/ab67616d0000b273adb93398cb51cddda6d597d5,https://open.spotify.com/artist/2YiO4vmSdl8Pz3MFyohYyo
"April 14, 2020",Resonance,Yumiko Morioka,Ambient,Métron Records,"New Forest District, UK",Marc Masters,"Yumiko Morioka, Resonance",matched,51wuR1THuIkmMQONEN7ztk,https://open.spotify.com/album/51wuR1THuIkmMQONEN7ztk,65qxdUIxnh54KIpE7zfS4o,Yumiko Morioka,Resonance,2020-04-15,day,album,10.0,https://i.scdn.co/image/ab67616d0000b2732a08c071828e6972cba34a24,,,,matched,https://i.scdn.co/image/ab6761610000e5eb8b4538cfacfc07d520db3dfa,https://open.spotify.com/artist/65qxdUIxnh54KIpE7zfS4o
"April 13, 2020",The Don Of Diamond Dreams,Shabazz Palaces,Hip-Hop/Rap,Independent Artist,"Seattle, Washington",Nate Patrin,"Shabazz Palaces, The Don Of Diamond Dreams",matched,7H1PXSqS0JCv5jQnBde3UY,https://open.spotify.com/album/7H1PXSqS0JCv5jQnBde3UY,6C403AR4y6PjN0xNNGh42m,Shabazz Palaces,The Don Of Diamond Dreams,2020-04-17,day,album,10.0,https://i.scdn.co/image/ab67616d0000b273bd4ac753d4e0321ea613649e,,,,matched,https://i.scdn.co/image/ab6761610000e5eb3533ae416f92932247cc67dd,https://open.spotify.com/artist/6C403AR4y6PjN0xNNGh42m
"April 10, 2020",Forever,Midwife,Alternative,Independent Artist,Colorado,Andy O’Connor,"Midwife, Forever",matched,2P71q1cH8pCpiBvQNnkZMJ,https://open.spotify.com/album/2P71q1cH8pCpiBvQNnkZMJ,5vjIHa1u3TnOlDvVDR9qQa,Midwife,Forever,2020-04-10,day,album,6.0,https://i.scdn.co/image/ab67616d0000b273876284f936fd232493e9a3cf,,,,matched,https://i.scdn.co/image/ab6761610000e5ebe32d1df516290f09a761b0d8,https://open.spotify.com/artist/5vjIHa1u3TnOlDvVDR9qQa
"April 09, 2020","Doom Mix, Vol. IV",Various Artists,Experimental,Doom Trip,"Los Angeles, California",J. Edward Keyes,"Various Artists, Doom Mix, Vol. IV",matched,6MszKDzmVTskowkxXWY4Dd,https://open.spotify.com/album/6MszKDzmVTskowkxXWY4Dd,0LyfQWJT6nXafLPZqxe9Of,Various Artists,"Doom Mix, Vol. IV",2020-04-10,day,compilation,16.0,https://i.scdn.co/image/ab67616d0000b2731b44f15b9174f123abe93c53,,,,matched,https://i.scdn.co/image/ab6761610000e5eb6b134287e3095d2c84b7932a,https://open.spotify.com/artist/0LyfQWJT6nXafLPZqxe9Of
"April 08, 2020",The Experience of Repetition as Death,Clarice Jensen,Experimental,Independent Artist,,Marc Masters,"Clarice Jensen, The Experience of Repetition as Death",matched,3GxRCuLhyC0txTZVam4r8m,https://open.spotify.com/album/3GxRCuLhyC0txTZVam4r8m,1B25oHGZdWQzQJCajIwA3a,Clarice Jensen,The experience of repetition as death,2020-04-03,day,album,5.0,https://i.scdn.co/image/ab67616d0000b273f1089b851cc56482492ca1a4,,,,matched,https://i.scdn.co/image/ab6761610000e5eb22ead6f6b141fc4c47306118,https://open.spotify.com/artist/1B25oHGZdWQzQJCajIwA3a
"April 07, 2020",Jacqueline,Jackie Lynn,Rock,Independent Artist,"Franklin, Tennessee",Mariana Timony,"Jackie Lynn, Jacqueline",matched,3ykZ3V0mxK2yq5udGPeBDU,https://open.spotify.com/album/3ykZ3V0mxK2yq5udGPeBDU,18txRfxTDTI9CZj7XgKLOV,Jackie Lynn,Jacqueline,2020-04-10,day,album,9.0,https://i.scdn.co/image/ab67616d0000b2739df45669cd8d359e04c03c46,,,,matched,https://i.scdn.co/image/ab6761610000e5eb586ff7ece2a3d0b9d1271fb1,https://open.spotify.com/artist/18txRfxTDTI9CZj7XgKLOV
"April 06, 2020",The Quarantine,Statik Selektah & Termanology,Hip-Hop/Rap,Termanology,"Lawrence, Massachusetts",Jordan Commandeur,"Statik Selektah & Termanology, The Quarantine",no_match,,,,,,,,,,,,,,,,
"April 03, 2020",It Is What It Is,Thundercat,Electronic,Independent Artist,"Los Angeles, California",Max Bell,"Thundercat, It Is What It Is",matched,59GRmAvlGs7KjLizFnV7Y9,https://open.spotify.com/album/59GRmAvlGs7KjLizFnV7Y9,4frXpPxQQZwbCu3eTGnZEw,Thundercat,It Is What It Is,2020-04-03,day,album,15.0,https://i.scdn.co/image/ab67616d0000b27323fb02f383f3bef16ab9d092,,,,matched,https://i.scdn.co/image/ab6761610000e5eb6941830307896269157f7dd4,https://open.spotify.com/artist/4frXpPxQQZwbCu3eTGnZEw
"April 02, 2020",Less of Everything,Es,Punk,Independent Artist,"London, UK",JJ Skolnik,"Es, Less of Everything",matched,20szOA35e5ZnpEtSm090eT,https://open.spotify.com/album/20szOA35e5ZnpEtSm090eT,5g68HtuBBnqpjv9ENf7Kuu,Es,Less of Everything,2020-04-03,day,album,9.0,https://i.scdn.co/image/ab67616d0000b27310bff89e7483393d22bd5fbd,,,,matched,https://i.scdn.co/image/ab6761610000e5eb3d505c98265d557bb5ebda3c,https://open.spotify.com/artist/5g68HtuBBnqpjv9ENf7Kuu
"April 01, 2020",You Become The Mountain,Jeffrey Silverstein,,Independent Artist,"Portland, Oregon",Grayson Haver Currin,"Jeffrey Silverstein, You Become The Mountain",matched,73hzBOkZK77yjIVEWBx9fO,https://open.spotify.com/album/73hzBOkZK77yjIVEWBx9fO,0X7vWupejzA2A8bwITrWot,Jeffrey Silverstein,You Become the Mountain,2020-04-03,day,album,9.0,https://i.scdn.co/image/ab67616d0000b2739cc5c67e9fe753203278b168,,,,matched,https://i.scdn.co/image/ab6761610000e5eb752abd4b7811c373a74e1d13,https://open.spotify.com/artist/0X7vWupejzA2A8bwITrWot
"March 31, 2020",Devouring Ruin,Wake,Metal,WAKE,"Calgary, Alberta",Grayson Haver Currin,"Wake, Devouring Ruin",matched,0HPwpmR523VvXMFtnXPKT6,https://open.spotify.com/album/0HPwpmR523VvXMFtnXPKT6,3eI8VStKilt8Wb2R4AD4vh,Wake,Devouring Ruin,2020-03-27,day,album,10.0,https://i.scdn.co/image/ab67616d0000b273a248c62578f90c5988b4d9e9,,,,matched,https://i.scdn.co/image/ab6761610000e5eba7b7d2fcf75db2073c84a6b0,https://open.spotify.com/artist/3eI8VStKilt8Wb2R4AD4vh
"March 30, 2020",DJ​-​Kicks: Mr. Scruff,Mr. Scruff,Electronic,Independent Artist,"Manchester, UK",Michaelangelo Matos,"Mr. Scruff, DJ​-​Kicks: Mr. Scruff",matched,1Sv146LFDwpwFkFIoFOFUT,https://open.spotify.com/album/1Sv146LFDwpwFkFIoFOFUT,2B0PgHZi2zaDqjKe86Gaip,Mr. Scruff,DJ-Kicks (Mr. Scruff) [DJ Mix],2020-03-27,day,album,31.0,https://i.scdn.co/image/ab67616d0000b2736736c690fe7a1ca7f2153f11,,,,matched,https://i.scdn.co/image/ab6772690000c46ceb90344e7161804f50dbf79d,https://open.spotify.com/artist/2B0PgHZi2zaDqjKe86Gaip
"March 27, 2020",Floppy Disk Overdrive,Master Boot Record,Electronic,MASTER BOOT RECORD,"Rome, Italy",Andrew Parks,"Master Boot Record, Floppy Disk Overdrive",matched,6mvTN3hGQlbIMfQeifvz9W,https://open.spotify.com/album/6mvTN3hGQlbIMfQeifvz9W,77s5NAGQbxu8oLstaqSwHE,MASTER BOOT RECORD,Floppy Disk Overdrive,2020-03-20,day,album,12.0,https://i.scdn.co/image/ab67616d0000b273dd3ab92b627e13c53e7b577d,,,,matched,https://i.scdn.co/image/ab6761610000e5eb152905907abce8efe58481c6,https://open.spotify.com/artist/77s5NAGQbxu8oLstaqSwHE
"March 26, 2020",DNA ACTIVATION,Witch Prophet,R&amp;B/Soul,Independent Artist,"Toronto, Ontario",John Morrison,"Witch Prophet, DNA ACTIVATION",matched,1wVv1pZHXURt4hyjyg7bO7,https://open.spotify.com/album/1wVv1pZHXURt4hyjyg7bO7,5AkXlAsYDGWVZIYOhboeSM,Witch Prophet,DNA Activation,2020-03-24,day,album,10.0,https://i.scdn.co/image/ab67616d0000b2731c08d1823dc38b6c6b1111f3,,,,matched,https://i.scdn.co/image/ab6761610000e5ebf0440f2f1a3bbea2aa2de661,https://open.spotify.com/artist/5AkXlAsYDGWVZIYOhboeSM
"March 25, 2020",A Taste of Chicago,Jamie 3:26,Electronic,Independent Artist,"Rotterdam, Netherlands",John Morrison,"Jamie 3:26, A Taste of Chicago",no_match,,,,,,,,,,,,,,,,
"March 24, 2020",Yene Mircha,Hailu Mergia,World,Independent Artist,"Washington, D.C.",Michael J. West,"Hailu Mergia, Yene Mircha",matched,5DojN0LbKsOflHw04xJ9B0,https://open.spotify.com/album/5DojN0LbKsOflHw04xJ9B0,0rsN9DKQhTCvkgbByOOBIm,Hailu Mergia,Yene Mircha,2020-03-27,day,album,6.0,https://i.scdn.co/image/ab67616d0000b273484e91c97cfa66444a1b7510,,,,matched,https://i.scdn.co/image/ab6761610000e5ebaa801ab673779a2f65db3060,https://open.spotify.com/artist/0rsN9DKQhTCvkgbByOOBIm
"March 23, 2020",AARUPA,Quinton Barnes,R&amp;B/Soul,Grimalkin Records,"Richmond, Virginia",Lorena Cupcake,"Quinton Barnes, AARUPA",matched,4bl6mucTQmDmToTmabxPOb,https://open.spotify.com/album/4bl6mucTQmDmToTmabxPOb,4FMY6YEHOoOmGklyMNqCa0,Quinton Barnes,Aarupa,2020-03-20,day,album,8.0,https://i.scdn.co/image/ab67616d0000b2734f450636591a8ebf0191711d,,,,matched,https://i.scdn.co/image/ab6761610000e5ebe790f38d7840ebd6bed6757b,https://open.spotify.com/artist/4FMY6YEHOoOmGklyMNqCa0
"March 20, 2020",Jazz Is Dead 001,Adrian Younge and Ali Shaheed Muhammad,Jazz,Jazz Is Dead,"Los Angeles, California",Phillip Mlynar,"Adrian Younge and Ali Shaheed Muhammad, Jazz Is Dead 001",no_match,,,,,,,,,,,,,,,,
"March 19, 2020",Take A Look In The Book,The Legendary Ingramettes,Devotional,Independent Artist,"Richmond, Virginia",John Morrison,"The Legendary Ingramettes, Take A Look In The Book",matched,2uQ2hLdjm8Qwn2rnxdIBwf,https://open.spotify.com/album/2uQ2hLdjm8Qwn2rnxdIBwf,7KY5uMxKkR9isp5NUkIoax,The Legendary Ingramettes,Take A Look In the Book,2020-03-20,day,album,10.0,https://i.scdn.co/image/ab67616d0000b273689b049d971971573c3f8348,,,,matched,https://i.scdn.co/image/ab67616d0000b273689b049d971971573c3f8348,https://open.spotify.com/artist/7KY5uMxKkR9isp5NUkIoax
"March 18, 2020",Pure Mud Volume 7,Prolaps,Electronic,Hausu Mountain Records,"Chicago, Illinois",Eli Schoop,"Prolaps, Pure Mud Volume 7",matched,55qFkigReVAXnF1AuwmOrI,https://open.spotify.com/album/55qFkigReVAXnF1AuwmOrI,48C6zfF4uSk2R9V1B3Ym0D,Prolaps,Pure Mud Volume 7,2020-03-20,day,album,24.0,https://i.scdn.co/image/ab67616d0000b273f8e867e8998b339ec2c93c99,,,,matched,https://i.scdn.co/image/ab6761610000e5eb018221fa01b7da2e48096d19,https://open.spotify.com/artist/48C6zfF4uSk2R9V1B3Ym0D
"March 17, 2020",Every Bad,Porridge Radio,Alternative,Independent Artist,"London, UK",Max Freedman,"Porridge Radio, Every Bad",matched,5SyZ2QPyDPteAM9i1AYlfA,https://open.spotify.com/album/5SyZ2QPyDPteAM9i1AYlfA,4vAQ4M7vgItwBtmBTgRu48,Porridge Radio,Every Bad (Expanded Edition),2020-03-13,day,album,19.0,https://i.scdn.co/image/ab67616d0000b2731ebd04b31cac36941c1be994,,,,matched,https://i.scdn.co/image/ab6761610000e5eb8b2fbb0bbfa21e6b96bb5fdd,https://open.spotify.com/artist/4vAQ4M7vgItwBtmBTgRu48
"March 16, 2020",Scramblers,Container,Electronic,CONTAINER,"Saint Leonards, UK",Miles Bowe,"Container, Scramblers",matched,6jVmjKADuzCQ3fXCo33F6Y,https://open.spotify.com/album/6jVmjKADuzCQ3fXCo33F6Y,0uCqiRh7CzBXxmD1Cddf77,Container,Scramblers,2020-03-20,day,album,8.0,https://i.scdn.co/image/ab67616d0000b273798f831cf1131c6ee22265cc,,,,matched,https://i.scdn.co/image/ab6761610000e5eb078fe34b9df4f85c2ba86a9a,https://open.spotify.com/artist/0uCqiRh7CzBXxmD1Cddf77
"March 13, 2020",Live In Paris (1975),Pharoah Sanders,Jazz,Transversales Disques,"Paris, France",Marcus J. Moore,"Pharoah Sanders, Live In Paris (1975)",matched,4OIvs636Rl3NeLlsK9Wktt,https://open.spotify.com/album/4OIvs636Rl3NeLlsK9Wktt,3JLUCojZaHrX2LaUkSj7Ud,Pharoah Sanders,Live in Paris (1975),2020-03-13,day,album,6.0,https://i.scdn.co/image/ab67616d0000b273aa225304db565780171f952a,,,,matched,https://i.scdn.co/image/ab6761610000e5eba2104dcf543f5fd6ac5d205e,https://open.spotify.com/artist/3JLUCojZaHrX2LaUkSj7Ud
"March 12, 2020",Burst,Snarls,Rock,snarls,"Columbus, Ohio",Charlie Zaillian,"Snarls, Burst",matched,5JoS6MbEFOKErbW1g96uqn,https://open.spotify.com/album/5JoS6MbEFOKErbW1g96uqn,3yZV7kMGClXfw0xaPAlImS,Snarls,Burst,2020-03-06,day,album,10.0,https://i.scdn.co/image/ab67616d0000b2735d927f647ab9ae3a9282906b,,,,matched,https://i.scdn.co/image/ab6761610000e5eb6bc95997bc4d507c5b094c53,https://open.spotify.com/artist/3yZV7kMGClXfw0xaPAlImS
"March 11, 2020",INTENTA: Experimental & Electronic Music From Switzerland 1981-1993,Various Artists,Experimental,Les Disques Bongo Joe,"Geneva, Switzerland",JJ Skolnik,"Various Artists, INTENTA: Experimental & Electronic Music From Switzerland 1981-1993",no_match,,,,,,,,,,,,,,,,
"March 10, 2020",Operazione Piovra: The Lead Chronicles,Mortar Devotions,Alternative,Eighth Tower Records,Italy,Jordan Reyes,"Mortar Devotions, Operazione Piovra: The Lead Chronicles",matched,7AfMrBELfHbpbPrrQ1hA05,https://open.spotify.com/album/7AfMrBELfHbpbPrrQ1hA05,43pUfzUVAblaUJ8Mg4TDlF,Mortar Devotions,Operazione Piovra: The Lead Chronicles,2020-02-28,day,album,5.0,https://i.scdn.co/image/ab67616d0000b2738c32bd2db2ec0447108e07da,,,,matched,https://i.scdn.co/image/ab67616d0000b2738c32bd2db2ec0447108e07da,https://open.spotify.com/artist/43pUfzUVAblaUJ8Mg4TDlF
"March 09, 2020",Berlin Sessions,Brownout,Funk,Fat Beats Records,"Los Angeles, California",Max Bell,"Brownout, Berlin Sessions",matched,20K94k1JgbpUvt6X7jzYjv,https://open.spotify.com/album/20K94k1JgbpUvt6X7jzYjv,75ITBSKqlC5hlS4PZ2XP1S,Brownout,Berlin Sessions,2020-03-06,day,album,13.0,https://i.scdn.co/image/ab67616d0000b2733c5bd0041d0fdef84bb70cee,,,,matched,https://i.scdn.co/image/ab6761610000e5ebe0c8f629b91b6078f651ade3,https://open.spotify.com/artist/75ITBSKqlC5hlS4PZ2XP1S
"March 06, 2020",Vigilance,Axebreaker,Experimental,Independent Artist,"Baltimore, Maryland",Kim Kelly,"Axebreaker, Vigilance",no_match,,,,,,,,,,,,,,,,
"March 05, 2020",Cha Cha Palace,Angelica Garcia,Pop,Angélica Garcia,"Los Angeles, California",Nilina Mason-Campbell,"Angelica Garcia, Cha Cha Palace",matched,4MvRbM7CB8o7mxMyNkPOIh,https://open.spotify.com/album/4MvRbM7CB8o7mxMyNkPOIh,2rjGbM0H8EUQzTVx6BgUlG,Angélica Garcia,Cha Cha Palace,2020-02-28,day,album,15.0,https://i.scdn.co/image/ab67616d0000b2738c444fe9bc9408b347499e2c,,,,matched,https://i.scdn.co/image/ab6761610000e5eba1c101f165943542bad04135,https://open.spotify.com/artist/2rjGbM0H8EUQzTVx6BgUlG
"March 04, 2020",Teenage Snuff Film,Rowland S. Howard,Alternative,Independent Artist,"Melbourne, Australia",Zachary Lipez,"Rowland S. Howard, Teenage Snuff Film",matched,0oR9ExubKQrsbD3lnk6IF0,https://open.spotify.com/album/0oR9ExubKQrsbD3lnk6IF0,1ScuQ8TIlsmpeThaI18gYC,Rowland S. Howard,Teenage Snuff Film,2011-10-14,day,album,10.0,https://i.scdn.co/image/ab67616d0000b2730d29b61b4d8e488bc452c91b,,,,matched,https://i.scdn.co/image/565c8e2786f7070b7f1a80e2b8ef3e5172c2cf0a,https://open.spotify.com/artist/1ScuQ8TIlsmpeThaI18gYC
"March 03, 2020",purple moonlight pages,R.A.P. Ferreira,Hip-Hop/Rap,Independent Artist,"Nashville, Tennessee",Marcus J. Moore,"R.A.P. Ferreira, purple moonlight pages",matched,3NKw4BVTKHxvvC9ACwnLTS,https://open.spotify.com/album/3NKw4BVTKHxvvC9ACwnLTS,2U1vwQRYQmG7ypKJF1JTEb,R.A.P. Ferreira,Purple Moonlight Pages,2020-03-06,day,album,18.0,https://i.scdn.co/image/ab67616d0000b27357d074a557eb7a1a40e510b9,,,,matched,https://i.scdn.co/image/ab6761610000e5ebba5528085e514bd4b5a3810f,https://open.spotify.com/artist/2U1vwQRYQmG7ypKJF1JTEb
"March 02, 2020",Mother,Cold Beat,Alternative,Independent Artist,California,J. Edward Keyes,"Cold Beat, Mother",matched,1VBMlZ5icZFE49BxX9MvSr,https://open.spotify.com/album/1VBMlZ5icZFE49BxX9MvSr,6rItVka0pLVVcD3eU1hfph,Cold Beat,Mother,2020-02-28,day,album,10.0,https://i.scdn.co/image/ab67616d0000b273099afe7c0599e10d44520d65,,,,matched,https://i.scdn.co/image/ab6761610000e5eb8249139fe3cded2d49544a3d,https://open.spotify.com/artist/6rItVka0pLVVcD3eU1hfph
"February 28, 2020",Batuco,Son Rompe Pera,World,AYA Records,"Los Angeles, California",Matthew Ismael Ruiz,"Son Rompe Pera, Batuco",matched,3M8Eepfnzl2kaKyBVqjguX,https://open.spotify.com/album/3M8Eepfnzl2kaKyBVqjguX,0UKHKimjIGeFoS29LxWf4V,Son Rompe Pera,Batuco,2020-02-28,day,album,10.0,https://i.scdn.co/image/ab67616d0000b2736bced19dcef6a371706cfc8e,,,,matched,https://i.scdn.co/image/ab6761610000e5eb53e8e1815d870afd416653a7,https://open.spotify.com/artist/0UKHKimjIGeFoS29LxWf4V
"February 27, 2020",You Want It Real,lié,Punk,Independent Artist,"Vancouver, British Columbia",JJ Skolnik,"lié, You Want It Real",matched,0bXvbNZnS1iPLvGaDqDkmt,https://open.spotify.com/album/0bXvbNZnS1iPLvGaDqDkmt,1JecvrG7vZIxHjNv47ZL3K,Lié,You Want It Real,2020-02-28,day,album,8.0,https://i.scdn.co/image/ab67616d0000b273e3b73e9b49cdfc632f7f072f,,,,matched,https://i.scdn.co/image/ab6761610000e5eb4f8359895ff02cdd0ddafa21,https://open.spotify.com/artist/1JecvrG7vZIxHjNv47ZL3K
"February 26, 2020",The Weather Up There,Jeremy Cunningham,Jazz,Independent Artist,"Chicago, Illinois",John Morrison,"Jeremy Cunningham, The Weather Up There",matched,4hnfHDHAYHCYt7c7HUoYKi,https://open.spotify.com/album/4hnfHDHAYHCYt7c7HUoYKi,6cHtik72blrq0MgmnwTlpU,Jeremy Cunningham,The Weather Up There,2020-02-28,day,album,10.0,https://i.scdn.co/image/ab67616d0000b273a799777e8481e5e549e2a1ae,,,,matched,https://i.scdn.co/image/ab6761610000e5ebdbf99f6600db94ceffe5b5ef,https://open.spotify.com/artist/6cHtik72blrq0MgmnwTlpU
"February 25, 2020",Calypso,Gigi Masin,Ambient,Independent Artist,"Venezia, Italy",Andy Beta,"Gigi Masin, Calypso",matched,52T8IcB7y8OnLnjhE4mnSl,https://open.spotify.com/album/52T8IcB7y8OnLnjhE4mnSl,0dCVhSVXD9JhJh2bTySJZx,Gigi Masin,Calypso,2020-02-28,day,album,16.0,https://i.scdn.co/image/ab67616d0000b2735b1780a23be5c4c3d80bad5a,,,,matched,https://i.scdn.co/image/ab6761610000e5eb51a2a3d2e4af451ebdeb6576,https://open.spotify.com/artist/0dCVhSVXD9JhJh2bTySJZx
"February 24, 2020",Heavy Tongue,Parlor Walls,Alternative,Independent Artist,"Brooklyn, New York",Andi Harriman,"Parlor Walls, Heavy Tongue",matched,06N5T8JVbSQH5pUlJPxola,https://open.spotify.com/album/06N5T8JVbSQH5pUlJPxola,4hVidw8rFf6iDSHQbw4isa,Parlor Walls,Heavy Tongue,2020-02-21,day,album,7.0,https://i.scdn.co/image/ab67616d0000b2736b1d0c890e294fa3d238dec6,,,,matched,https://i.scdn.co/image/ab6761610000e5eb44359d18f1f6b429d47523be,https://open.spotify.com/artist/4hVidw8rFf6iDSHQbw4isa
"February 21, 2020",Znayesh Yak? Rozkazhy,Svitlana Nianio & Oleksandr Yurchenko,Experimental,Night School,"Glasgow, UK",Mariana Timony,"Svitlana Nianio & Oleksandr Yurchenko, Znayesh Yak? Rozkazhy",no_match,,,,,,,,,,,,,,,,
"February 20, 2020",Close to the Flame,Forever,Pop,Independent Artist,"Montreal, Québec",Alex Westfall,"Forever, Close to the Flame",matched,0vNZVrgqtqeCrLJlFcf566,https://open.spotify.com/album/0vNZVrgqtqeCrLJlFcf566,2cCnDdduruVMNVV5ic7mBp,Forever,Close to the Flame,2020-02-14,day,single,6.0,https://i.scdn.co/image/ab67616d0000b273c362249f76a7a59157732b1a,,,,matched,https://i.scdn.co/image/ab6761610000e5eb9b68aa059ea945ff17b5512c,https://open.spotify.com/artist/2cCnDdduruVMNVV5ic7mBp
"February 18, 2020",Are You Gone,Sarah Harmer,Rock,Independent Artist,"Kingston, Ontario",Margaret Farrell,"Sarah Harmer, Are You Gone",no_match,,,,,,,,,,,,,,,,
"February 14, 2020",Travel Time,Jacoti Sommes,Electronic,Orange Milk Records,,Max Bell,"Jacoti Sommes, Travel Time",matched,7AhUV8d4f9KrENUVxKKi22,https://open.spotify.com/album/7AhUV8d4f9KrENUVxKKi22,0p4d68zzyKlgD16zyFsKcc,Jacoti Sommes,Travel Time,2020-02-14,day,album,10.0,https://i.scdn.co/image/ab67616d0000b2734536a3d322a7b41c1f2f6628,,,,matched,https://i.scdn.co/image/ab6761610000e5eb7883055e6806cae8e807cffe,https://open.spotify.com/artist/0p4d68zzyKlgD16zyFsKcc
"February 13, 2020",Orígenes,Sotomayor,Latin,Independent Artist,"Mexico City, Mexico",Nilina Mason-Campbell,"Sotomayor, Orígenes",matched,3OjVcHtegHO8FE3DUkTmTX,https://open.spotify.com/album/3OjVcHtegHO8FE3DUkTmTX,13UO3EqZHeNkeDQKjUS8oH,Sotomayor,Orígenes,2020-02-14,day,album,10.0,https://i.scdn.co/image/ab67616d0000b273163cb9e931d10f8447d56a62,,,,matched,https://i.scdn.co/image/ab6761610000e5eb5b88c06df861c1ded91e2471,https://open.spotify.com/artist/13UO3EqZHeNkeDQKjUS8oH
"February 12, 2020",3D Routine,Mush,Punk,Independent Artist,"Leeds, UK",Kerry Cardoza,"Mush, 3D Routine",matched,2GQxgalPlihmxdMVi1LeMw,https://open.spotify.com/album/2GQxgalPlihmxdMVi1LeMw,5DXud95iAtgp0CQAwK0yWA,Mush,3D Routine,2020-02-14,day,album,12.0,https://i.scdn.co/image/ab67616d0000b273387e40276eef40c33e0a3dee,,,,matched,https://i.scdn.co/image/ab6761610000e5eb0b9d3f57e7d1602ad58a00df,https://open.spotify.com/artist/5DXud95iAtgp0CQAwK0yWA
"February 11, 2020",Season 2,Wildflower,Jazz,WILDFLOWER,"London, UK",Michael J. West,"Wildflower, Season 2",no_match,,,,,,,,,,,,,,,,
"February 10, 2020",Stupidmutaforma,Fera,Electronic,Maple Death Records,"Bologna, Italy",J. Edward Keyes,"Fera, Stupidmutaforma",no_match,,,,,,,,,,,,,,,,
"February 07, 2020",The Big Exercise,The Homesick,Alternative,Independent Artist,"Dokkum, Netherlands",Annie Zaleski,"The Homesick, The Big Exercise",matched,1qDL1ZSRhxp1RqulJJRrQI,https://open.spotify.com/album/1qDL1ZSRhxp1RqulJJRrQI,6q5SrkgP73lW6VpQnReiaS,The Homesick,The Big Exercise,2020-02-07,day,album,10.0,https://i.scdn.co/image/ab67616d0000b273b1f4f8f02108b7a0c59fc846,,,,matched,https://i.scdn.co/image/ab6761610000e5eba37a3953ba5b48c5cf12eb57,https://open.spotify.com/artist/6q5SrkgP73lW6VpQnReiaS
"February 06, 2020",Dream Interpretation,Kazuya Nagaya,Ambient,Independent Artist,Japan,Ari Delaney,"Kazuya Nagaya, Dream Interpretation",matched,2zZruesIC46bY4RnySxC29,https://open.spotify.com/album/2zZruesIC46bY4RnySxC29,7j2JutGjMXE3QrXna7ktGD,Kazuya Nagaya,Dream Interpretation,2020-02-07,day,album,9.0,https://i.scdn.co/image/ab67616d0000b2736406c1530ecf600b5c8f997b,,,,matched,https://i.scdn.co/image/ab6761610000e5eb0a22963c95c3cfca786cc3dd,https://open.spotify.com/artist/7j2JutGjMXE3QrXna7ktGD
"February 05, 2020",Wake Up,Fat Tony and Taydex,Hip-Hop/Rap,Fat Tony,"Houston, Texas",Mike Madden,"Fat Tony and Taydex, Wake Up",no_match,,,,,,,,,,,,,,,,
"February 04, 2020",Houses,Steve Spacek,R&amp;B/Soul,Independent Artist,Australia,John Morrison,"Steve Spacek, Houses",matched,23X1T8RFr7C8sHbaVeNLDw,https://open.spotify.com/album/23X1T8RFr7C8sHbaVeNLDw,5IcRvSiReLydKCr56ObWuX,Steve Spacek,Houses,2020-02-07,day,album,13.0,https://i.scdn.co/image/ab67616d0000b2735b2967832c19a61805fe3779,,,,matched,https://i.scdn.co/image/ab6761610000e5eb4b57f73fcf85225e024cc6ec,https://open.spotify.com/artist/5IcRvSiReLydKCr56ObWuX
"February 03, 2020",Tuareg Music of the Southern Sahara,Various Artists,World,Smithsonian Folkways Recordings,"Washington, D.C.",Tristan Bath,"Various Artists, Tuareg Music of the Southern Sahara",matched,76aWiEW5peD6jVKdS4Somr,https://open.spotify.com/album/76aWiEW5peD6jVKdS4Somr,0LyfQWJT6nXafLPZqxe9Of,Various Artists,Tuareg Music of the Southern Sahara,1960-01-01,day,compilation,13.0,https://i.scdn.co/image/ab67616d0000b273a8f1af2680ba20385eccf6da,,,,matched,https://i.scdn.co/image/ab6761610000e5eb6b134287e3095d2c84b7932a,https://open.spotify.com/artist/0LyfQWJT6nXafLPZqxe9Of
"January 31, 2020",Don’t Forget It,Prophet,Funk,Independent Artist,"Los Angeles, California",Max Bell,"Prophet, Don’t Forget It",no_match,,,,,,,,,,,,,,,,
"January 30, 2020",The Anthology,Omar,R&amp;B/Soul,Independent Artist,"London, UK",Sean Keating,"Omar, The Anthology",matched,12cGytJRlgjkILDYLB7tdD,https://open.spotify.com/album/12cGytJRlgjkILDYLB7tdD,0BzTIDnFI4pvhy7vVNd41Z,Omar,The Anthology,2020-01-31,day,compilation,33.0,https://i.scdn.co/image/ab67616d0000b27395bf0d7660c4de984ce862ed,,,,matched,https://i.scdn.co/image/9f185e96676cd7da4a20aa1270b946f3ecceabfe,https://open.spotify.com/artist/0BzTIDnFI4pvhy7vVNd41Z
"January 29, 2020",Veraniegas,Kate Can Wait,Alternative,kate can wait,"Eugene, Oregon",Anna White,"Kate Can Wait, Veraniegas",no_match,,,,,,,,,,,,,,,,
"January 28, 2020",Dwell,Recondite,Electronic,Independent Artist,"Berlin, Germany",Miles Bowe,"Recondite, Dwell",matched,6grkARIm8qxi2XClOfu5VU,https://open.spotify.com/album/6grkARIm8qxi2XClOfu5VU,1doQgXssRfKnLx70adszbK,Recondite,Dwell,2020-01-24,day,album,11.0,https://i.scdn.co/image/ab67616d0000b2739dddd8117902dad50bc5332e,,,,matched,https://i.scdn.co/image/ab6761610000e5ebbae99414e58bf2eacdb1120f,https://open.spotify.com/artist/1doQgXssRfKnLx70adszbK
"January 27, 2020",Frank & Sisters,Frank & His Sisters,World,Mississippi Records,"New York, New York",John Morrison,"Frank & His Sisters, Frank & Sisters",matched,2bKHHOJsqFJmAH8GF2Akzy,https://open.spotify.com/album/2bKHHOJsqFJmAH8GF2Akzy,1vIpbj5r05a4ssbTUPLfoJ,Frank And His Sisters,Frank And His Sisters,2020-01-17,day,album,12.0,https://i.scdn.co/image/ab67616d0000b2736f6f4e5dd80d4bba7cc3f4c4,,,,matched,https://i.scdn.co/image/ab6761610000e5eba79aa0bd2491f258f4bfb00d,https://open.spotify.com/artist/1vIpbj5r05a4ssbTUPLfoJ
"January 24, 2020",Infinite Regress,Defiled,Metal,Independent Artist,"東京都, Japan",Andy O’Connor,"Defiled, Infinite Regress",matched,0dSosUjlAqjrDllBN9nypH,https://open.spotify.com/album/0dSosUjlAqjrDllBN9nypH,6KDc0SB4ero6zAgrafjVrt,Defiled,Infinite Regress,2020-01-24,day,album,14.0,https://i.scdn.co/image/ab67616d0000b2737220970125fafec9a5048129,,,,matched,https://i.scdn.co/image/ab6761610000e5eb15c35d8c054be22e346a0768,https://open.spotify.com/artist/6KDc0SB4ero6zAgrafjVrt
"January 23, 2020",Nothing’s Going Wrong,Martha High,R&amp;B/Soul,Martha High and The Italian Royal Family,"Atlanta, Georgia",John Morrison,"Martha High, Nothing’s Going Wrong",no_match,,,,,,,,,,,,,,,,
"January 22, 2020",Juillet,En Attendant Ana,Alternative,Independent Artist,"Paris, France",Max Freedman,"En Attendant Ana, Juillet",matched,2SIn9o63JcPyProaKmktUo,https://open.spotify.com/album/2SIn9o63JcPyProaKmktUo,7mKMQWOBVDivOhswm33WDL,En Attendant Ana,Juillet,2020-01-24,day,album,10.0,https://i.scdn.co/image/ab67616d0000b2737b8471cd33ae24e5f8cc2363,,,,matched,https://i.scdn.co/image/ab6761610000e5eb9bb877da7a1d30a1372685b5,https://open.spotify.com/artist/7mKMQWOBVDivOhswm33WDL
"January 21, 2020",Create a Place,Mr. Wrong,Punk,Independent Artist,"Portland, Oregon",Kerry Cardoza,"Mr. Wrong, Create a Place",matched,7mASEyudrVLCFb0jBgKAn5,https://open.spotify.com/album/7mASEyudrVLCFb0jBgKAn5,53quyDp9IfPlafRtHpKkrs,Mr. Wrong,Create a Place,2020-01-11,day,album,9.0,https://i.scdn.co/image/ab67616d0000b273e64364217a6d6fb278a4d6b7,,,,matched,https://i.scdn.co/image/ab6761610000e5eb605d765ae821b55aae7dc5d4,https://open.spotify.com/artist/53quyDp9IfPlafRtHpKkrs
"January 17, 2020",Scis and Eksploio,Oval,Electronic,Independent Artist,"Berlin, Germany",Mark Richardson,"Oval, Scis and Eksploio",no_match,,,,,,,,,,,,,,,,
"January 16, 2020",In Search Of The Lost City Of The Monkey God,The Sorcerers,Jazz,Independent Artist,"Leeds, UK",Andy Beta,"The Sorcerers, In Search Of The Lost City Of The Monkey God",matched,6JCVecnGx1hCt2anuzxczd,https://open.spotify.com/album/6JCVecnGx1hCt2anuzxczd,2eTKPnPlLHpFi8QH5aIVYA,The Sorcerers,In Search of the Lost City of the Monkey God,2020-01-24,day,album,12.0,https://i.scdn.co/image/ab67616d0000b2732e8cb39d07d6773ad5641d3f,,,,matched,https://i.scdn.co/image/ab6761610000e5eb091bfee0a7d17659d1ebb0a5,https://open.spotify.com/artist/2eTKPnPlLHpFi8QH5aIVYA
"January 15, 2020",There Is No Year,Algiers,Alternative,Independent Artist,"Atlanta, Georgia",Ned Raggett,"Algiers, There Is No Year",matched,5BrQerO9LnDbtUmsP9AHeS,https://open.spotify.com/album/5BrQerO9LnDbtUmsP9AHeS,58WFmcqNmejE2IpVIna43o,Algiers,There Is No Year,2020-01-17,day,album,11.0,https://i.scdn.co/image/ab67616d0000b2737e749df319c4b0da3585a534,,,,matched,https://i.scdn.co/image/ab6761610000e5eb0c6798249a0a036facdfeb6f,https://open.spotify.com/artist/58WFmcqNmejE2IpVIna43o
"January 14, 2020",nijimusi,OOIOO,Experimental,Independent Artist,Japan,Jesse Locke,"OOIOO, nijimusi",matched,5kxX7WRwDfA46zd0nFxgsK,https://open.spotify.com/album/5kxX7WRwDfA46zd0nFxgsK,1XuQeR4sDsrX9gO2gtRQwe,OOIOO,nijimusi,2019-10-10,day,album,8.0,https://i.scdn.co/image/ab67616d0000b2736301a88fa641981f36e14b04,,,,matched,https://i.scdn.co/image/ab6772690000c46c43ae5e503b8479bebbe5a88c,https://open.spotify.com/artist/1XuQeR4sDsrX9gO2gtRQwe
"January 13, 2020",Erratics and Unconformities,Craven Faults,Electronic,Independent Artist,UK,Jonathan Williger,"Craven Faults, Erratics and Unconformities",matched,3froV8878RfT1ClZYjyxBI,https://open.spotify.com/album/3froV8878RfT1ClZYjyxBI,3pAxHOmaTLiUnC9WoXdsyN,Craven Faults,Erratics & Unconformities,2020-01-10,day,album,6.0,https://i.scdn.co/image/ab67616d0000b27311ad925566428bcacb626949,,,,matched,https://i.scdn.co/image/ab6761610000e5eb695507f783fcd034ad5ba3af,https://open.spotify.com/artist/3pAxHOmaTLiUnC9WoXdsyN
"January 10, 2020",Musica Infinita,Tino Contreras,Jazz,Arc Records,"London, UK",Marcus J. Moore,"Tino Contreras, Musica Infinita",matched,6SHD6qw4U5U86ykMZ8debZ,https://open.spotify.com/album/6SHD6qw4U5U86ykMZ8debZ,48kCMQ00lfjWnQZCUPOYrX,Tino Contreras,Musica Infinita,1978-01-01,day,single,3.0,https://i.scdn.co/image/ab67616d0000b273917994c85aa0c847a1da386d,,,,matched,https://i.scdn.co/image/c5ebd6d500dc5fd769d03fe049e8dd93002d937e,https://open.spotify.com/artist/48kCMQ00lfjWnQZCUPOYrX
"January 09, 2020",終了していません (Not Finished),Knxwledge,Hip-Hop/Rap,Knxwledge.,"Tokyo, Japan",Max Bell,"Knxwledge, 終了していません (Not Finished)",no_match,,,,,,,,,,,,,,,,
"January 08, 2020",Bad Ambassadors,Bad Ambassadors,R&amp;B/Soul,Independent Artist,"Chicago, Illinois",Phillip Mlynar,"Bad Ambassadors, Bad Ambassadors",matched,2orbAmPA8yivV7gBLp5CR3,https://open.spotify.com/album/2orbAmPA8yivV7gBLp5CR3,04KFiSRiLAO7PsfavFhURa,Bad Ambassadors,Bad Ambassadors,2020-01-10,day,single,6.0,https://i.scdn.co/image/ab67616d0000b273d91fb343c5fb94bd024113c1,,,,matched,https://i.scdn.co/image/ab67616d0000b273d91fb343c5fb94bd024113c1,https://open.spotify.com/artist/04KFiSRiLAO7PsfavFhURa
"January 07, 2020",Land of No Junction,Aoife Nessa Frances,,Ba Da Bing Records,"Providence, Rhode Island",Max Savage Levenson,"Aoife Nessa Frances, Land of No Junction",matched,10QaSb6RScjUha6Wkeu1Km,https://open.spotify.com/album/10QaSb6RScjUha6Wkeu1Km,53HMXaQpXt5m6cBJNO5OFX,Aoife Nessa Frances,Land of No Junction,2020-01-17,day,album,9.0,https://i.scdn.co/image/ab67616d0000b273c90250c15c08ef69f86aa209,,,,matched,https://i.scdn.co/image/ab6761610000e5ebb2896cfb0cfc2f88e94109e4,https://open.spotify.com/artist/53HMXaQpXt5m6cBJNO5OFX
"January 06, 2020",LE RAP2FILLES SOUTERRAINE,Various Artists,Hip-Hop/Rap,La Souterraine,"Saint Ouen Sur Seine, France",Phillip Mlynar,"Various Artists, LE RAP2FILLES SOUTERRAINE",matched,7rEZhkVJhXTc8sWkFJuMxz,https://open.spotify.com/album/7rEZhkVJhXTc8sWkFJuMxz,0LyfQWJT6nXafLPZqxe9Of,Various Artists,LE RAP2FILLES SOUTERRAINE,2019-11-29,day,compilation,12.0,https://i.scdn.co/image/ab67616d0000b273da7d33f43f42f30ab7c58923,,,,matched,https://i.scdn.co/image/ab6761610000e5eb6b134287e3095d2c84b7932a,https://open.spotify.com/artist/0LyfQWJT6nXafLPZqxe9Of
"December 06, 2019",Som das Luzis,Pedro Kastelijns,World,Independent Artist,"GO, Brazil",Amaya Garcia,"Pedro Kastelijns, Som das Luzis",matched,2TyoKflRE8NURuEK10mIOS,https://open.spotify.com/album/2TyoKflRE8NURuEK10mIOS,7n9ljcnHm4qIigvhfjOQus,Pedro Kastelijns,Som das Luzis,2019-06-12,day,album,12.0,https://i.scdn.co/image/ab67616d0000b2739f46b1656378c24f3136b528,,,,matched,https://i.scdn.co/image/ab6761610000e5eb5166a2a6d745d591fa8f1fbc,https://open.spotify.com/artist/7n9ljcnHm4qIigvhfjOQus
"December 05, 2019",Equal Amounts Afraid,LA Timpa,R&amp;B/Soul,Independent Artist,,Phillip Mlynar,"LA Timpa, Equal Amounts Afraid",matched,6NtQEro3xWLSkFwLuBOiIo,https://open.spotify.com/album/6NtQEro3xWLSkFwLuBOiIo,5Q6ahJqmdN5iYXkTujJIkC,LA Timpa,Equal Amounts Afraid,2019-12-06,day,album,11.0,https://i.scdn.co/image/ab67616d0000b273f6f2c0e7d57193134dd49310,,,,matched,https://i.scdn.co/image/ab6761610000e5eb26299d176bff4f4b9f4cd727,https://open.spotify.com/artist/5Q6ahJqmdN5iYXkTujJIkC
"December 04, 2019",Swungert,Colossal Squid,Experimental,Independent Artist,"London, UK",Andrew Parks,"Colossal Squid, Swungert",no_match,,,,,,,,,,,,,,,,
"December 03, 2019",Live Volume V,Fred Anderson Quartet,Jazz,FPE Records,"Oak Park, Illinois",Marcus J. Moore,"Fred Anderson Quartet, Live Volume V",matched,342ZIid9swuDnUMOC5ztQy,https://open.spotify.com/album/342ZIid9swuDnUMOC5ztQy,2Xqz0n1XP0QW1602GUUjIQ,Fred Anderson Quartet,Live Volume V,2019-12-13,day,album,3.0,https://i.scdn.co/image/ab67616d0000b27357daefb8c9afdba523106691,,,,matched,https://i.scdn.co/image/ab67616d0000b2731232d8de102f70ea374c778c,https://open.spotify.com/artist/2Xqz0n1XP0QW1602GUUjIQ
"December 02, 2019",Own Pace,Medhane,Hip-Hop/Rap,Independent Artist,"Brooklyn, New York",Marcus J. Moore,"Medhane, Own Pace",matched,1wrXNDr6D3YezwPK3vcC9n,https://open.spotify.com/album/1wrXNDr6D3YezwPK3vcC9n,6lTiYE2IL4FUqf0CgGjI5i,Medhane,Own Pace,2019-11-12,day,album,12.0,https://i.scdn.co/image/ab67616d0000b273dd50d051e470454ae5dc1d2c,,,,matched,https://i.scdn.co/image/ab6761610000e5eb0258312013971daf115b0750,https://open.spotify.com/artist/6lTiYE2IL4FUqf0CgGjI5i
"November 27, 2019",Andres IV,Andres,Hip-Hop/Rap,Andrés,"Detroit, Michigan",Phillip Mlynar,"Andres, Andres IV",matched,45cbB1WmcNxxZ22orcRLC4,https://open.spotify.com/album/45cbB1WmcNxxZ22orcRLC4,01ZPPBTZORhOSNQo9t9cf9,Ivar Andrésen,Ivar Andresen - The early recordings,2006-09-20,day,album,46.0,https://i.scdn.co/image/ab67616d0000b273bcf53a021d21c6d4a962ea1e,,,,matched,https://i.scdn.co/image/ab67616d0000b2733259f5c99b3eaf2ee114c225,https://open.spotify.com/artist/01ZPPBTZORhOSNQo9t9cf9
"November 26, 2019",R&S presents: More Time Records Vol 1,Various Artists,Electronic,More Time,"London, UK",Sarah Gooding,"Various Artists, R&S presents: More Time Records Vol 1",no_match,,,,,,,,,,,,,,,,
"November 25, 2019",A Private Picture,Fran,Alternative,Independent Artist,"Chicago, Illinois",Diamond Sharp,"Fran, A Private Picture",matched,0LeCPad0C81A4ZaaOlRTyi,https://open.spotify.com/album/0LeCPad0C81A4ZaaOlRTyi,0VeDmQvivAadp6TiI4vrda,Fran,A Private Picture,2019-11-15,day,album,8.0,https://i.scdn.co/image/ab67616d0000b27370a7189170b9ad5251a4781b,,,,matched,https://i.scdn.co/image/ab6761610000e5eb1ec3039c2fdfd68833b046bc,https://open.spotify.com/artist/0VeDmQvivAadp6TiI4vrda
"November 22, 2019",Shlon,Omar Souleyman,Electronic,Independent Artist,Syrian Arab Republic,Andy Beta,"Omar Souleyman, Shlon",matched,4ZwaaaMlB8gHdebxNY9X58,https://open.spotify.com/album/4ZwaaaMlB8gHdebxNY9X58,11dMqVZY4PHgVL80tejvHK,Omar Souleyman,Shlon,2019-11-22,day,album,6.0,https://i.scdn.co/image/ab67616d0000b27314cbeb65ed3425c77a62c575,,,,matched,https://i.scdn.co/image/ab6761610000e5ebf3dee11070298d80c10f05b1,https://open.spotify.com/artist/11dMqVZY4PHgVL80tejvHK
"November 21, 2019",Information,Galcher Lustwerk,,Independent Artist,"New York, New York",Andrew Parks,"Galcher Lustwerk, Information",matched,12gAB26MYzHb34WYOxjM3W,https://open.spotify.com/album/12gAB26MYzHb34WYOxjM3W,1c7bxvBwJrMuZKwx4EDPHf,Galcher Lustwerk,Information (Redacted),2021-02-05,day,album,19.0,https://i.scdn.co/image/ab67616d0000b273f5316ef3c3c28193203e404e,,,,matched,https://i.scdn.co/image/ab6761610000e5ebeeed845df1962cf00321e433,https://open.spotify.com/artist/1c7bxvBwJrMuZKwx4EDPHf
"November 19, 2019",Sleepmoss,Meemo Comma,,Independent Artist,UK,April Clare Welsh,"Meemo Comma, Sleepmoss",no_match,,,,,,,,,,,,,,,,
"November 18, 2019",Volume 1,KVL,,Independent Artist,"Chicago, Illinois",Marcus J. Moore,"KVL, Volume 1",matched,5uWXeusRONSzEktcxBIYvy,https://open.spotify.com/album/5uWXeusRONSzEktcxBIYvy,7vOnbuJSzwaxIPW6IaHLKo,KVL,Volume 1,2019-11-15,day,album,3.0,https://i.scdn.co/image/ab67616d0000b2737cfa280bd1685793cc08716c,,,,matched,https://i.scdn.co/image/ab67616d0000b2738e992d3fb6cfb846e90adfb5,https://open.spotify.com/artist/7vOnbuJSzwaxIPW6IaHLKo
"November 15, 2019",Iowa Dream,Arthur Russell,,Independent Artist,"New York, New York",Annie Zaleski,"Arthur Russell, Iowa Dream",matched,3LMsFkOLJImsFFUddEjLDy,https://open.spotify.com/album/3LMsFkOLJImsFFUddEjLDy,3iJJD5v7oIFUevW4N5w5cj,Arthur Russell,Iowa Dream,2019-11-15,day,album,19.0,https://i.scdn.co/image/ab67616d0000b273dfa60b502cd4426c386888f1,,,,matched,https://i.scdn.co/image/ab6761610000e5eb3cfb09a7764e1ad77e323c18,https://open.spotify.com/artist/3iJJD5v7oIFUevW4N5w5cj
"November 14, 2019",Songs From the Shore,Afuma,Experimental,Blank Forms Editions,"Brooklyn, New York",Phillip Mlynar,"Afuma, Songs From the Shore",matched,7AKbfUJgPT0fQbSLTeDyOX,https://open.spotify.com/album/7AKbfUJgPT0fQbSLTeDyOX,79oMogMFhAnLUS2fhCJP28,Afuma,Songs From The Shore,2019-11-15,day,album,6.0,https://i.scdn.co/image/ab67616d0000b27310fc5f5c7c5a832b0afa6892,,,,matched,https://i.scdn.co/image/ab67616d0000b27310fc5f5c7c5a832b0afa6892,https://open.spotify.com/artist/79oMogMFhAnLUS2fhCJP28
"November 13, 2019",Carbon,Ecker & Meulyzer,,Ecker &amp; Meulyzer,"Berlin, Germany",Jordan Reyes,"Ecker & Meulyzer, Carbon",matched,1V2Ek9fnWQhDGApxedbg3J,https://open.spotify.com/album/1V2Ek9fnWQhDGApxedbg3J,0LmTH1Y1gidIP6T9yTtSPU,Ecker & Meulyzer,Carbon,2019-11-18,day,album,10.0,https://i.scdn.co/image/ab67616d0000b2738c600340a65d4526d5666826,,,,matched,https://i.scdn.co/image/ab67616d0000b2738c600340a65d4526d5666826,https://open.spotify.com/artist/0LmTH1Y1gidIP6T9yTtSPU
"November 12, 2019",No Other Love: Midwest Gospel (1965​-​1978),Various Artists,,Tompkins Square,"San Francisco, California",Jim Allen,"Various Artists, No Other Love: Midwest Gospel (1965​-​1978)",matched,0QBPT5GWbwBGBzNl7Gu9kc,https://open.spotify.com/album/0QBPT5GWbwBGBzNl7Gu9kc,0LyfQWJT6nXafLPZqxe9Of,Various Artists,"No Other Love : Midwest Gospel, 1965-1978",2019-11-08,day,compilation,13.0,https://i.scdn.co/image/ab67616d0000b2731290b0fac1c228382d19e466,,,,matched,https://i.scdn.co/image/ab6761610000e5eb6b134287e3095d2c84b7932a,https://open.spotify.com/artist/0LyfQWJT6nXafLPZqxe9Of
"November 11, 2019",Cake on Jupiter,Panic Girl,,Independent Artist,Germany,April Clare Welsh,"Panic Girl, Cake on Jupiter",matched,0oHst8QaRc1kf8Co1HL9CE,https://open.spotify.com/album/0oHst8QaRc1kf8Co1HL9CE,1AE7Yaz94qVJPioGXteGOO,Panic Girl,Cake on Jupiter,2019-11-15,day,album,8.0,https://i.scdn.co/image/ab67616d0000b273dd3844ed3dd2d07381c16e77,,,,matched,https://i.scdn.co/image/ab6761610000e5ebe1858fa922e318702571d5b2,https://open.spotify.com/artist/1AE7Yaz94qVJPioGXteGOO
"November 08, 2019",Anicca,Teebs,,Independent Artist,"Los Angeles, California",Tara C. Mahadevan,"Teebs, Anicca",matched,19tj2J1Czpvnd1nNyPBGDU,https://open.spotify.com/album/19tj2J1Czpvnd1nNyPBGDU,2L2unNFaPbDxjg3NqzpqhJ,Teebs,Anicca,2019-10-25,day,album,15.0,https://i.scdn.co/image/ab67616d0000b273b609c027e5fd56708a020b74,,,,matched,https://i.scdn.co/image/ab6761610000e5eb75d1644d614715c551d7debf,https://open.spotify.com/artist/2L2unNFaPbDxjg3NqzpqhJ
"November 07, 2019",Birds,Da Lata,,Independent Artist,UK,J. Edward Keyes,"Da Lata, Birds",matched,3S9s1fP1gVy5cuE4k7ZlQM,https://open.spotify.com/album/3S9s1fP1gVy5cuE4k7ZlQM,4qjTbJHr1i0O0ViKgFgZqN,Da Lata,Birds,2019-11-01,day,album,10.0,https://i.scdn.co/image/ab67616d0000b273dba7819541d94a685080a786,,,,matched,https://i.scdn.co/image/ab6761610000e5eb4f0955a352c2d1793ff2f8ae,https://open.spotify.com/artist/4qjTbJHr1i0O0ViKgFgZqN
"November 06, 2019",Spring,Itasca,,Independent Artist,"Los Angeles, California",Rachel Davies,"Itasca, Spring",matched,5pEH2DoS9tEjXvymfX3PvA,https://open.spotify.com/album/5pEH2DoS9tEjXvymfX3PvA,38fAj11eMUqp1hTaDaLkyZ,Itasca,Spring,2019-11-01,day,album,10.0,https://i.scdn.co/image/ab67616d0000b2730d6f2795c39d2016427dd635,,,,matched,https://i.scdn.co/image/ab6761610000e5ebc302d63bf3e1d077c9147947,https://open.spotify.com/artist/38fAj11eMUqp1hTaDaLkyZ
"November 05, 2019",Do No Harm,The Deer,,THE DƎER,"Austin, Texas",Grayson Haver Currin,"The Deer, Do No Harm",matched,4cgzRxycAYJEdHUfqn2zOz,https://open.spotify.com/album/4cgzRxycAYJEdHUfqn2zOz,1Hhsvgh6jPbzakInEaTFAJ,The Deer,Do No Harm,2019-11-01,day,album,10.0,https://i.scdn.co/image/ab67616d0000b27358af47769a008a2df695b5d6,,,,matched,https://i.scdn.co/image/ab6761610000e5eb98f855933e122600f502d21d,https://open.spotify.com/artist/1Hhsvgh6jPbzakInEaTFAJ
"November 04, 2019",Darkest Light,Shana Falana,,Independent Artist,"Kingston, New York",Robert Rubsam,"Shana Falana, Darkest Light",matched,5pTy6CxTpybb5Y4sB2PH00,https://open.spotify.com/album/5pTy6CxTpybb5Y4sB2PH00,13P25bQQTM6pJf4i8yAJaS,Shana Falana,Darkest Light,2019-10-25,day,album,9.0,https://i.scdn.co/image/ab67616d0000b2734b9900dce8e1bb7fe82c91c8,,,,matched,https://i.scdn.co/image/ab6761610000e5eb7747519a77d9b8d893ec5938,https://open.spotify.com/artist/13P25bQQTM6pJf4i8yAJaS
"November 01, 2019",Occulting Disk,Deathprod,,Independent Artist,"Oslo, Norway",Jordan Reyes,"Deathprod, Occulting Disk",matched,2Nuu2F5fUSAqfvT0BPWJf4,https://open.spotify.com/album/2Nuu2F5fUSAqfvT0BPWJf4,7o8rvnbMRm0zygvVauFqaO,Deathprod,Occulting Disk,2019-10-25,day,album,10.0,https://i.scdn.co/image/ab67616d0000b2738e22e96dac8486286ca419b1,,,,matched,https://i.scdn.co/image/ab6761610000e5eb9d084f292f11dbc618b6fe5f,https://open.spotify.com/artist/7o8rvnbMRm0zygvVauFqaO
"October 31, 2019",Athena,Sudan Archives,,Independent Artist,"Los Angeles, California",Ann-Derrick Gaillot,"Sudan Archives, Athena",matched,2Q37zGSPMHW0wck1cMtdbd,https://open.spotify.com/album/2Q37zGSPMHW0wck1cMtdbd,2MPHBxznH1fj59jbOWY38u,Sudan Archives,Athena,2019-11-01,day,album,14.0,https://i.scdn.co/image/ab67616d0000b273f95911d7e35c1d5d9438d3ca,,,,matched,https://i.scdn.co/image/ab6761610000e5eb0937734c7a4d13d8ef02e2f7,https://open.spotify.com/artist/2MPHBxznH1fj59jbOWY38u
"October 30, 2019",Networker,Omni,,Independent Artist,"Atlanta, Georgia",Max Savage Levenson,"Omni, Networker",matched,0YqcKbKTbCBoJa3df7naMn,https://open.spotify.com/album/0YqcKbKTbCBoJa3df7naMn,4wBhllC5Nto10UefzXVMt9,Omni,Networker,2019-11-01,day,album,11.0,https://i.scdn.co/image/ab67616d0000b2730fd5ac8b07e305cf32a21039,,,,matched,https://i.scdn.co/image/ab6761610000e5ebaf5550f80247555d29154f06,https://open.spotify.com/artist/4wBhllC5Nto10UefzXVMt9
"October 29, 2019",Dark Thoughts,The Shivas,,Independent Artist,"Portland, Oregon",Mariana Timony,"The Shivas, Dark Thoughts",matched,6QAFAnmESTfKLmbcHefPOy,https://open.spotify.com/album/6QAFAnmESTfKLmbcHefPOy,2OZfuhYQm8IY95egVPC1U9,The Shivas,Dark Thoughts,2019-10-25,day,album,13.0,https://i.scdn.co/image/ab67616d0000b273d64612f7a2d6a450760b6984,,,,matched,https://i.scdn.co/image/ab6761610000e5eb7081289aa9439b1de031f4ef,https://open.spotify.com/artist/2OZfuhYQm8IY95egVPC1U9
"October 28, 2019","Live In Kalisz, 1986",Sun Ra Arkestra,Jazz,Lanquidity Records,"London, UK",John Morrison,"Sun Ra Arkestra, Live In Kalisz, 1986",no_match,,,,,,,,,,,,,,,,
"October 25, 2019",The Ground Our Sky,Saariselka,,Independent Artist,"Oakland, California",Andrew Parks,"Saariselka, The Ground Our Sky",matched,3JniMUo0MLWMgt9rdW81Ou,https://open.spotify.com/album/3JniMUo0MLWMgt9rdW81Ou,2lcTnsxS7VwYCBZl8kaqyR,Saariselka,The Ground Our Sky,2019-10-18,day,album,6.0,https://i.scdn.co/image/ab67616d0000b27362f9279f79b76a35e06f35c0,,,,matched,https://i.scdn.co/image/ab6761610000e5ebb670ebebea3d56213381cf51,https://open.spotify.com/artist/2lcTnsxS7VwYCBZl8kaqyR
"October 24, 2019",Subservient,Larry Gus,,Independent Artist,"Athens, Greece",Miles Bowe,"Larry Gus, Subservient",matched,0NLPcWWNcLcQmn2mQN02yj,https://open.spotify.com/album/0NLPcWWNcLcQmn2mQN02yj,4HDe0w9aBa7w89KYMY43OK,Larry Gus,Subservient,2019-10-25,day,album,10.0,https://i.scdn.co/image/ab67616d0000b273927147c71e3f31b9e0596526,,,,matched,https://i.scdn.co/image/ab6761610000e5eb4ffd4aa346b662f0b67c69d5,https://open.spotify.com/artist/4HDe0w9aBa7w89KYMY43OK
"October 23, 2019",Crush,Floating Points,,Independent Artist,UK,Andy Beta,"Floating Points, Crush",matched,1WwZwdTICfaZI51BIIEN9z,https://open.spotify.com/album/1WwZwdTICfaZI51BIIEN9z,2AR42Ur9PcchQDtEdwkv4L,Floating Points,Crush,2019-10-18,day,album,12.0,https://i.scdn.co/image/ab67616d0000b273216a393a7606aa7de52c4636,,,,matched,https://i.scdn.co/image/ab6761610000e5eb5843f638712f9f0ac1491e4a,https://open.spotify.com/artist/2AR42Ur9PcchQDtEdwkv4L
"October 22, 2019",Introducing,Bokoya,Jazz,Independent Artist,"Cologne, Germany",Phillip Mlynar,"Bokoya, Introducing",matched,51Izs8HjldLPrIICSRl8xH,https://open.spotify.com/album/51Izs8HjldLPrIICSRl8xH,74FQKqCtm4hmvvxvIJlzrA,Bokoya,Introducing,2019-11-08,day,album,11.0,https://i.scdn.co/image/ab67616d0000b2735b7481e935ca92c0f0a023c0,,,,matched,https://i.scdn.co/image/ab6761610000e5ebc79ce937f544abcbf8516512,https://open.spotify.com/artist/74FQKqCtm4hmvvxvIJlzrA
"October 21, 2019",Odds Against Tomorrow,Bill Orcutt,,Independent Artist,"San Francisco, California",Mark Richardson,"Bill Orcutt, Odds Against Tomorrow",matched,4FZji2MW4UUObzBtBEw3vd,https://open.spotify.com/album/4FZji2MW4UUObzBtBEw3vd,49ECnwhYzm6Nu97puMvwjG,Bill Orcutt,Odds Against Tomorrow,2019-10-11,day,album,10.0,https://i.scdn.co/image/ab67616d0000b2738efb0c232c7d2488f502892e,,,,matched,https://i.scdn.co/image/255b292e9e51364e23d1fb4cf71f7ce52f77cbfb,https://open.spotify.com/artist/49ECnwhYzm6Nu97puMvwjG
"October 18, 2019",Diaspora,The Bedroom Witch,,Psychic Eye,"Oakland, California",Andra Nikolayi,"The Bedroom Witch, Diaspora",matched,7lH0ORXXudAP63lcJsz60j,https://open.spotify.com/album/7lH0ORXXudAP63lcJsz60j,1dXb3jYkcgOB4KBbHHM17J,The Bedroom Witch,Diaspora,2019-10-15,day,album,10.0,https://i.scdn.co/image/ab67616d0000b273117d1a6cf99c051dfcbbc4da,,,,matched,https://i.scdn.co/image/ab6761610000e5eb338f2adfdf3e4ac8eb0b9117,https://open.spotify.com/artist/1dXb3jYkcgOB4KBbHHM17J
"October 17, 2019",Suburban Exotica,Compro Oro,,Independent Artist,Belgium,Richard Gehr,"Compro Oro, Suburban Exotica",matched,0tlysVTl34K9PAPsG5Ooha,https://open.spotify.com/album/0tlysVTl34K9PAPsG5Ooha,1Bd10SiF1s1INXXIXJ9hvc,Compro Oro,Suburban Exotica,2019-10-18,day,album,10.0,https://i.scdn.co/image/ab67616d0000b273856a6ae3822a4d05bb492de9,,,,matched,https://i.scdn.co/image/ab6761610000e5ebfe78db969f1978d31fea4fba,https://open.spotify.com/artist/1Bd10SiF1s1INXXIXJ9hvc
"October 16, 2019",Starts Again,Tawiah,,Independent Artist,"London, UK",Phillip Mlynar,"Tawiah, Starts Again",matched,5M26XYkOb1UHh8MM3eJimL,https://open.spotify.com/album/5M26XYkOb1UHh8MM3eJimL,7HRQKKdC8gtmcV3DyCmrAN,Tawiah,Starts Again,2019-10-18,day,album,10.0,https://i.scdn.co/image/ab67616d0000b27355047d89be933374b421f28d,,,,matched,https://i.scdn.co/image/ab6761610000e5eb7c92509f96ffd9c2578bc8fa,https://open.spotify.com/artist/7HRQKKdC8gtmcV3DyCmrAN
"October 15, 2019",Polyhymnia,Yazz Ahmed,,Independent Artist,UK,Britt Robson,"Yazz Ahmed, Polyhymnia",matched,2GucLvwOlC7JnZbYpLC8Kv,https://open.spotify.com/album/2GucLvwOlC7JnZbYpLC8Kv,1srvW9AP2k4GLhS3hlC3IN,Yazz Ahmed,Polyhymnia,2019-10-11,day,album,6.0,https://i.scdn.co/image/ab67616d0000b273adf95c5fa7bc12b075397602,,,,matched,https://i.scdn.co/image/ab6761610000e5ebcda56157f2e5214225c9b4e8,https://open.spotify.com/artist/1srvW9AP2k4GLhS3hlC3IN
"October 14, 2019",Um Dada,Stephen Mallinder,,Independent Artist,"Brighton, UK",Jordan Reyes,"Stephen Mallinder, Um Dada",matched,1YlFODgzSqvbTj9WlUcV75,https://open.spotify.com/album/1YlFODgzSqvbTj9WlUcV75,5WSBPfrgjkguOxMQFnud24,Stephen Mallinder,Um Dada,2019-10-11,day,album,9.0,https://i.scdn.co/image/ab67616d0000b273112cfcca9e8c4dbc7e5a7891,,,,matched,https://i.scdn.co/image/ab6761610000e5eb8220ab607a9a57ccf7a443b3,https://open.spotify.com/artist/5WSBPfrgjkguOxMQFnud24
"October 11, 2019",Love Tape,Marquis Hill,,Independent Artist,"New York, New York",Philip Freeman,"Marquis Hill, Love Tape",matched,4nzDKqjCnqMZQm5ox8zqTx,https://open.spotify.com/album/4nzDKqjCnqMZQm5ox8zqTx,5QI54xb4Ovm8DwDkmmHbez,Marquis Hill,Love Tape,2019-10-11,day,album,9.0,https://i.scdn.co/image/ab67616d0000b2737ed9c1ac8348b63f6664ed52,,,,matched,https://i.scdn.co/image/ab6761610000e5ebc7eb8c8b06ca63b9863acfeb,https://open.spotify.com/artist/5QI54xb4Ovm8DwDkmmHbez
"October 10, 2019",Complicate Your Life With Violence,L’Orange & Jeremiah Jae,,L&#39;Orange,North Carolina,Mike Madden,"L’Orange & Jeremiah Jae, Complicate Your Life With Violence",no_match,,,,,,,,,,,,,,,,
"October 09, 2019",YOUR PSYCHE’S RAINBOW PANORAMA,Tony Njoku,,Independent Artist,UK,Phillip Mlynar,"Tony Njoku, YOUR PSYCHE’S RAINBOW PANORAMA",no_match,,,,,,,,,,,,,,,,
"October 08, 2019",Ripples,Husmo HAV,,Independent Artist,"Oslo, Norway",Philip Freeman,"Husmo HAV, Ripples",matched,6dTdBR6ZMyleIZkKYkcwNv,https://open.spotify.com/album/6dTdBR6ZMyleIZkKYkcwNv,2uXRuQaAqWE8tO3K0LbeP4,Husmo HAV,Ripples,2019-09-27,day,single,6.0,https://i.scdn.co/image/ab67616d0000b2731bf16f4afafdfad84269821f,,,,matched,https://i.scdn.co/image/ab6761610000e5eb1f73cf26b7a75df01980a706,https://open.spotify.com/artist/2uXRuQaAqWE8tO3K0LbeP4
"October 07, 2019",All Mirrors,Angel Olsen,,Independent Artist,"Asheville, North Carolina",Allison Hussey,"Angel Olsen, All Mirrors",matched,7t7tfXDhXiQpAV2uNfYWWG,https://open.spotify.com/album/7t7tfXDhXiQpAV2uNfYWWG,6mKqFxGMS5TGDZI3XkT5Rt,Angel Olsen,All Mirrors,2019-10-04,day,album,11.0,https://i.scdn.co/image/ab67616d0000b273ac145f375fe5a918e623b46f,,,,matched,https://i.scdn.co/image/ab6761610000e5ebc2529fa7223c4a6190f07820,https://open.spotify.com/artist/6mKqFxGMS5TGDZI3XkT5Rt
"October 04, 2019",Derin Derin,Baba Zula,,Independent Artist,"Istanbul, Turkey",Joshua Minsoo Kim,"Baba Zula, Derin Derin",matched,1aLP4fCY2KGAkR49YArBDk,https://open.spotify.com/album/1aLP4fCY2KGAkR49YArBDk,39zIRxvWFOGGH4hxGqRkLy,Baba Zula,Derin Derin,2019-09-27,day,album,10.0,https://i.scdn.co/image/ab67616d0000b273c181dc80474ad5ca3f315419,,,,matched,https://i.scdn.co/image/ab6761610000e5ebbc02e085c5a86199a4b28e7e,https://open.spotify.com/artist/39zIRxvWFOGGH4hxGqRkLy
"October 03, 2019",Every And All We Voyage On,R. Elizabeth,,Night School,"Glasgow, UK",Jordan Reyes,"R. Elizabeth, Every And All We Voyage On",matched,27RTJFBZgLB6KoU7Ip7W1X,https://open.spotify.com/album/27RTJFBZgLB6KoU7Ip7W1X,2Yn614DkdiFSdu7Y64wsdo,R. Elizabeth,Every and All We Voyage On,2019-09-27,day,album,7.0,https://i.scdn.co/image/ab67616d0000b273f69258785bbd94e0893ae17d,,,,matched,https://i.scdn.co/image/ab67616d0000b273f69258785bbd94e0893ae17d,https://open.spotify.com/artist/2Yn614DkdiFSdu7Y64wsdo
"October 02, 2019",La Grande Cantatrice Malienne Vol. 1,Nahawa Doumbia,,Independent Artist,Mali,Marcus J. Moore,"Nahawa Doumbia, La Grande Cantatrice Malienne Vol. 1",matched,76KoIircnYp71ewmjP8An7,https://open.spotify.com/album/76KoIircnYp71ewmjP8An7,0lJ4sCynTDDS2Oot6PEhaV,Nahawa Doumbia,La Grande Cantatrice Malienne Vol 1,1981-01-01,day,album,6.0,https://i.scdn.co/image/ab67616d0000b273c01f6f628396d593841e83d8,,,,matched,https://i.scdn.co/image/ab6761610000e5ebc05ee81aa8843a25b2d1ef91,https://open.spotify.com/artist/0lJ4sCynTDDS2Oot6PEhaV
"October 01, 2019",Turn to Clear View,Joe Armon-Jones,,Independent Artist,"London, UK",Andy Thomas,"Joe Armon-Jones, Turn to Clear View",matched,5mhu9gsIkLEzPGz1i0WDGC,https://open.spotify.com/album/5mhu9gsIkLEzPGz1i0WDGC,5mUcc8OOP4RuzrupeGYwW5,Joe Armon-Jones,Turn to Clear View,2019-09-20,day,album,8.0,https://i.scdn.co/image/ab67616d0000b2734e4b58994a7ff85774388e6a,,,,matched,https://i.scdn.co/image/ab6761610000e5eb9c110694cc6dcc6cb89d8bc2,https://open.spotify.com/artist/5mUcc8OOP4RuzrupeGYwW5
"September 30, 2019",Pata Pata,Miriam Makeba,,Independent Artist,"Johannesburg, South Africa",Megan Iacobini de Fazio,"Miriam Makeba, Pata Pata",matched,4xPYddRQPYB5jbTB3e7tL5,https://open.spotify.com/album/4xPYddRQPYB5jbTB3e7tL5,18RkLKfeoUgZflWv9os25W,Miriam Makeba,Pata Pata,2017,year,album,22.0,https://i.scdn.co/image/ab67616d0000b273d46caefb22d460eb8ca14db0,,,,matched,https://i.scdn.co/image/ab6772690000c46ce1bf8db9cb8425a2475955ee,https://open.spotify.com/artist/18RkLKfeoUgZflWv9os25W
"September 27, 2019",Ancient Mahogany Gold,SassyBlack,,Independent Artist,,Nate Patrin,"SassyBlack, Ancient Mahogany Gold",matched,21RHVSCjkf7rBrq1Qvjbhi,https://open.spotify.com/album/21RHVSCjkf7rBrq1Qvjbhi,1ktRhnfsaDeCeDVjHIvbjd,SassyBlack,Ancient Mahogany Gold,2019-09-13,day,album,11.0,https://i.scdn.co/image/ab67616d0000b273c43e192543b8b1ec7f40cce9,,,,matched,https://i.scdn.co/image/ab6761610000e5eb0d42c8aae8126397940e2785,https://open.spotify.com/artist/1ktRhnfsaDeCeDVjHIvbjd
"September 26, 2019",Chastity Belt,Chastity Belt,,Independent Artist,"Seattle, Washington",Mariana Timony,"Chastity Belt, Chastity Belt",matched,3cLyVqrOXdKd79aNv4deP6,https://open.spotify.com/album/3cLyVqrOXdKd79aNv4deP6,1tho5dJnzdYD57EQkM3SmK,Chastity Belt,Chastity Belt,2019-09-20,day,album,10.0,https://i.scdn.co/image/ab67616d0000b2734531d329f5a25af6116ebde6,,,,matched,https://i.scdn.co/image/ab6761610000e5eb5f3a7ede15709bfd10b0f0ca,https://open.spotify.com/artist/1tho5dJnzdYD57EQkM3SmK
"September 25, 2019",PYJÆN,PYJÆN,Jazz,Independent Artist,"London, UK",Nilina Mason-Campbell,"PYJÆN, PYJÆN",matched,2U0HMV3NedGnAuQI5STcRu,https://open.spotify.com/album/2U0HMV3NedGnAuQI5STcRu,6dGEmHECfu8WzZqZAqXVGc,PYJÆN,PYJÆN,2019-09-20,day,album,7.0,https://i.scdn.co/image/ab67616d0000b2735d9c88b49703936c28c55a90,,,,matched,https://i.scdn.co/image/ab6761610000e5eb954c4a61533c2846a8022ad4,https://open.spotify.com/artist/6dGEmHECfu8WzZqZAqXVGc
"September 24, 2019",Dynasty,Hua Li,,Independent Artist,"Montréal, Québec",Luke Ottenhof,"Hua Li, Dynasty",matched,2iPz2BAJaXzfNAisYa1Km9,https://open.spotify.com/album/2iPz2BAJaXzfNAisYa1Km9,0An0h7DZsaZr6is7L6QzAW,Hua Li 化力,Dynasty,2019-09-20,day,album,12.0,https://i.scdn.co/image/ab67616d0000b273483a82c03b3268d80fd8da2c,,,,matched,https://i.scdn.co/image/ab6761610000e5eb2e958295fa1d4f47f9f84f57,https://open.spotify.com/artist/0An0h7DZsaZr6is7L6QzAW
"September 23, 2019",Lookout Low,Twin Peaks,,Independent Artist,"Chicago, Illinois",Eli Enis,"Twin Peaks, Lookout Low",matched,5qQGtCEV6VFv3c0z6wul0d,https://open.spotify.com/album/5qQGtCEV6VFv3c0z6wul0d,1xD85sp0kecIVuMwUHShxs,Twin Peaks,Lookout Low,2019-09-13,day,album,10.0,https://i.scdn.co/image/ab67616d0000b273aa1d47d64dc56f452dadd7be,,,,matched,https://i.scdn.co/image/ab6761610000e5eb326e48a9ab8ffb6718ab448f,https://open.spotify.com/artist/1xD85sp0kecIVuMwUHShxs
"September 20, 2019",Peace Process,Run Child Run,Pop,Independent Artist,,Max Savage Levenson,"Run Child Run, Peace Process",matched,5JwHcKlo39evNMF8Ag2xvU,https://open.spotify.com/album/5JwHcKlo39evNMF8Ag2xvU,0nQw51X1Sgfv6GmEqNxD7I,Run Child Run,Peace Process,2019-08-26,day,album,9.0,https://i.scdn.co/image/ab67616d0000b2737d267af1c7600b99d0f899a2,,,,matched,https://i.scdn.co/image/ab6761610000e5ebe9cdd02ce2c329ca12532bc6,https://open.spotify.com/artist/0nQw51X1Sgfv6GmEqNxD7I
"September 19, 2019",The Utopia Strong,The Utopia  Strong,Experimental,The Utopia Strong,UK,Dean Van Nguyen,"The Utopia  Strong, The Utopia Strong",matched,0nY4Eth4Tfpj77dPfBCOV5,https://open.spotify.com/album/0nY4Eth4Tfpj77dPfBCOV5,5Y2lwqHK1mYYIylNw18D2w,The Utopia Strong,The Utopia Strong,2019-09-13,day,album,9.0,https://i.scdn.co/image/ab67616d0000b273cbfb5a7ff4d02d92affd44ba,,,,matched,https://i.scdn.co/image/ab6761610000e5eb584280833ab682d789ed8690,https://open.spotify.com/artist/5Y2lwqHK1mYYIylNw18D2w
"September 18, 2019",Aban,The Garifuna Collective,World,Independent Artist,belize,Diamond Sharp,"The Garifuna Collective, Aban",matched,2KlF5Rk0eZZbOIwLThaiU1,https://open.spotify.com/album/2KlF5Rk0eZZbOIwLThaiU1,24OmLPZEq6dYiGJbPCAFVm,the Garifuna Collective,Aban,2019-09-15,day,album,8.0,https://i.scdn.co/image/ab67616d0000b27374d12af471822d4796601c01,,,,matched,https://i.scdn.co/image/ab6761610000e5ebeeab54f15272327ab68273e2,https://open.spotify.com/artist/24OmLPZEq6dYiGJbPCAFVm
"September 17, 2019",The Practice of Love,Jenny Hval,Experimental,Independent Artist,"Oslo, Norway",Erin Lyndal Martin,"Jenny Hval, The Practice of Love",matched,29Chk1LOPq2ZZZGs2th7f1,https://open.spotify.com/album/29Chk1LOPq2ZZZGs2th7f1,5eerVxtb9lY9p6D7m89Bs7,Jenny Hval,The Practice of Love,2019-09-13,day,album,8.0,https://i.scdn.co/image/ab67616d0000b273b440acc4255effcac7794402,,,,matched,https://i.scdn.co/image/ab6761610000e5eb6203e72067881925fea08f91,https://open.spotify.com/artist/5eerVxtb9lY9p6D7m89Bs7
"September 16, 2019",Of the Sun,Trupa Trupa,Alternative,TRUPA TRUPA,"Gdańsk, Poland",Ned Raggett,"Trupa Trupa, Of the Sun",matched,4QCPPnH2OsRn8eVYwHJZoT,https://open.spotify.com/album/4QCPPnH2OsRn8eVYwHJZoT,3o1PTWLo0K6dO5askAsIhN,Trupa Trupa,Of the Sun,2019-09-13,day,album,12.0,https://i.scdn.co/image/ab67616d0000b27314777f8b5227eb266109a81e,,,,matched,https://i.scdn.co/image/ab6761610000e5eba5f5fc2a644a282025a648de,https://open.spotify.com/artist/3o1PTWLo0K6dO5askAsIhN
"September 13, 2019",Alefa Madagascar,Various Artists,World,Indian Ocean,Madagascar,Tracy Jones,"Various Artists, Alefa Madagascar",matched,0c4xLrIzTTmH7ki8rewGrz,https://open.spotify.com/album/0c4xLrIzTTmH7ki8rewGrz,0LyfQWJT6nXafLPZqxe9Of,Various Artists,Alefa Madagascar,2019-09-06,day,compilation,18.0,https://i.scdn.co/image/ab67616d0000b273ae73a1305bc0d1b96c810cfe,,,,matched,https://i.scdn.co/image/ab6761610000e5eb6b134287e3095d2c84b7932a,https://open.spotify.com/artist/0LyfQWJT6nXafLPZqxe9Of
"September 12, 2019",Field Whispers (Into The Crystal Palace),Fire-Toolz,Electronic,Orange Milk Records,,Ed Blair,"Fire-Toolz, Field Whispers (Into The Crystal Palace)",matched,2DIJ4gPWSEscoX249CG942,https://open.spotify.com/album/2DIJ4gPWSEscoX249CG942,7nJawFIm90c4jAQFLabc1o,Fire-Toolz,Field Whispers (Into The Crystal Palace),2019-08-30,day,album,11.0,https://i.scdn.co/image/ab67616d0000b2732095305cdf54cc82669f0fd1,,,,matched,https://i.scdn.co/image/ab6761610000e5eb6e9db83f1d9cebe86871a6e3,https://open.spotify.com/artist/7nJawFIm90c4jAQFLabc1o
"September 11, 2019",Crooked,Kristin Hersh,Alternative,Independent Artist,"Providence, Rhode Island",Annie Zaleski,"Kristin Hersh, Crooked",matched,1Ypte7k4kPwXyT90NIBpel,https://open.spotify.com/album/1Ypte7k4kPwXyT90NIBpel,6ZWUhhSv3IahZyW5keNSxK,Kristin Hersh,Crooked,2010-07-19,day,album,10.0,https://i.scdn.co/image/ab67616d0000b2737e109008c9d8d603d46e93b8,,,,matched,https://i.scdn.co/image/ab6761610000e5ebeaeb7707bfb3a4d2ed86e1eb,https://open.spotify.com/artist/6ZWUhhSv3IahZyW5keNSxK
"September 10, 2019",Cairn,Mizmor,Metal,Independent Artist,"Portland, Oregon",Joseph Schafer,"Mizmor, Cairn",matched,51iWfy4QlrW2efBdaL8Rym,https://open.spotify.com/album/51iWfy4QlrW2efBdaL8Rym,655AEE6ifgDJ3TYkhHdP48,Mizmor,Cairn,2019-09-06,day,album,4.0,https://i.scdn.co/image/ab67616d0000b273fec42d0f49e1cf78c96056ad,,,,matched,https://i.scdn.co/image/ab6761610000e5eba37dda6eff1ed43219640def,https://open.spotify.com/artist/655AEE6ifgDJ3TYkhHdP48
"September 09, 2019",Mèdaho,Kaleta & Super Yamba Band,World,Kaleta &amp; Super Yamba Band,New York,Richard Gehr,"Kaleta & Super Yamba Band, Mèdaho",matched,6v9nmmx7n32exb2tOH8fZV,https://open.spotify.com/album/6v9nmmx7n32exb2tOH8fZV,53Ru5pu6UYUdHONmoD3FRa,Kaleta & Super Yamba Band,Mèdaho,2019-09-06,day,album,9.0,https://i.scdn.co/image/ab67616d0000b27398140bf4d4fb6b9640e41840,,,,matched,https://i.scdn.co/image/ab6761610000e5eb1e2c33a3ed844886d0c9bac6,https://open.spotify.com/artist/53Ru5pu6UYUdHONmoD3FRa
"September 06, 2019",Devour,Pharmakon,Experimental,Independent Artist,"New York, New York",Andrew Parks,"Pharmakon, Devour",matched,40q27h9WdDrRTLaMuQfKAk,https://open.spotify.com/album/40q27h9WdDrRTLaMuQfKAk,1ix1aDOd7GSOeT9iqNh5KO,Pharmakon,Devour,2019-08-30,day,album,5.0,https://i.scdn.co/image/ab67616d0000b2736e260c5bc5af25ed4f86704a,,,,matched,https://i.scdn.co/image/ab6761610000e5ebcce9227d4bdb2ddb7b0e3e64,https://open.spotify.com/artist/1ix1aDOd7GSOeT9iqNh5KO
"September 05, 2019",Venus in Leo,HTRK,Rock,Independent Artist,"Melbourne, Australia",Miguel Gallego,"HTRK, Venus in Leo",matched,2KXPOs0Yfhnv8A3DFuB68r,https://open.spotify.com/album/2KXPOs0Yfhnv8A3DFuB68r,06sdJwlggq0PKOe4LPZWCg,HTRK,Venus in Leo,2019-08-30,day,album,9.0,https://i.scdn.co/image/ab67616d0000b27334bfd2771808e2781b182031,,,,matched,https://i.scdn.co/image/ab6761610000e5eb400d35deb3406d59ac6e94cd,https://open.spotify.com/artist/06sdJwlggq0PKOe4LPZWCg
"September 04, 2019",Yemas,Indira Valey,Ambient,Antiquated Future Records,"Portland, Oregon",Diamond Sharp,"Indira Valey, Yemas",matched,64m4lnRyqxRJ1CZP0oAM8S,https://open.spotify.com/album/64m4lnRyqxRJ1CZP0oAM8S,1JkAsYbfnT85vy8GohmZ0i,Indira Valey,Yemas,2019-08-30,day,album,7.0,https://i.scdn.co/image/ab67616d0000b273753070ae61472200ac86ad22,,,,matched,https://i.scdn.co/image/ab6761610000e5eb0fcf5fcf0a9cf353339d15ad,https://open.spotify.com/artist/1JkAsYbfnT85vy8GohmZ0i
"September 03, 2019",Ex Voto,Versus,Alternative,Independent Artist,"New York, New York",Patrick Rapa,"Versus, Ex Voto",matched,4WaakHKOKw5E55cYcSzn97,https://open.spotify.com/album/4WaakHKOKw5E55cYcSzn97,4z3gabDVIY1yYKNtOxvIeC,Versus,Ex Voto,2019-08-16,day,album,8.0,https://i.scdn.co/image/ab67616d0000b273c74cd69850655e575045ca12,,,,matched,https://i.scdn.co/image/ab6772690000c46c224c3d389d0ac5ac64e797c2,https://open.spotify.com/artist/4z3gabDVIY1yYKNtOxvIeC
"August 30, 2019",De Ayer Para Siempre,Mariachi Los Camperos,World,Independent Artist,"Los Angeles, California",Richard Gehr,"Mariachi Los Camperos, De Ayer Para Siempre",matched,7FcaQZwlhAytRVSWmqryW5,https://open.spotify.com/album/7FcaQZwlhAytRVSWmqryW5,7vPYT79nMovLYmO2M3nTe5,Mariachi Los Camperos,De Ayer para Siempre,2019-08-23,day,album,14.0,https://i.scdn.co/image/ab67616d0000b2738c1a172b2de60908ebcfa1f0,,,,matched,https://i.scdn.co/image/ab6761610000e5eb0d1c5f19140bad92d9db9ba9,https://open.spotify.com/artist/7vPYT79nMovLYmO2M3nTe5
"August 29, 2019",Everybody Split,Possible Humans,Rock,Independent Artist,"Melbourne, Australia",Stuart Berman,"Possible Humans, Everybody Split",matched,6izImkKOKaWCpsDRSpG9h9,https://open.spotify.com/album/6izImkKOKaWCpsDRSpG9h9,1T8oRB7aghtsdqGTYjRwgs,Possible Humans,Everybody Split,2019-08-02,day,album,9.0,https://i.scdn.co/image/ab67616d0000b273aee0db3deedc4fb168d2ec30,,,,matched,https://i.scdn.co/image/ab6761610000e5ebf90a3c1b11dacb36bca04d92,https://open.spotify.com/artist/1T8oRB7aghtsdqGTYjRwgs
"August 28, 2019",A Distant Call,Sheer Mag,Rock,SHEER MAG,"Philadelphia, Pennsylvania",Max Savage Levenson,"Sheer Mag, A Distant Call",matched,5uSvE8hoTZ8kGrDSVCo88e,https://open.spotify.com/album/5uSvE8hoTZ8kGrDSVCo88e,58ehndX799ZV9Jcv6IefJ1,Sheer Mag,A Distant Call,2019-08-23,day,album,10.0,https://i.scdn.co/image/ab67616d0000b2734d30cf5948ea4974d58a8412,,,,matched,https://i.scdn.co/image/ab6761610000e5eba46e498381c510e51b42d58d,https://open.spotify.com/artist/58ehndX799ZV9Jcv6IefJ1
"August 27, 2019",Invitation To A Dream,Alcorn / McPhee / Vandermark,Jazz,Independent Artist,"Austin, Texas",John Morrison,"Alcorn / McPhee / Vandermark, Invitation To A Dream",no_match,,,,,,,,,,,,,,,,
"August 26, 2019",A Song For Paul,Ghost Funk Orchestra,Funk,Independent Artist,New York,J. Edward Keyes,"Ghost Funk Orchestra, A Song For Paul",matched,0w6knr7boQarN35qErXXeu,https://open.spotify.com/album/0w6knr7boQarN35qErXXeu,5gZWu16OAMVGmfLFNj0NCT,Ghost Funk Orchestra,A Song For Paul,2019-08-23,day,album,15.0,https://i.scdn.co/image/ab67616d0000b27305ca63c4ea9702eb9dfa85a7,,,,matched,https://i.scdn.co/image/ab6761610000e5ebe7fbceb2799a27328536c3c1,https://open.spotify.com/artist/5gZWu16OAMVGmfLFNj0NCT
"August 23, 2019",A Living Tradition: Selections from Folk​-​Legacy Records,Various Artists,,Smithsonian Folkways Recordings,"Washington, D.C.",Allison Hussey,"Various Artists, A Living Tradition: Selections from Folk​-​Legacy Records",matched,1Ql5ajso0EHiEehA0C8zzy,https://open.spotify.com/album/1Ql5ajso0EHiEehA0C8zzy,0LyfQWJT6nXafLPZqxe9Of,Various Artists,A Living Tradition: Selections from Folk-Legacy Records,2019-07-31,day,compilation,15.0,https://i.scdn.co/image/ab67616d0000b2735fd367c5049ebf526fcd6f51,,,,matched,https://i.scdn.co/image/ab6761610000e5eb6b134287e3095d2c84b7932a,https://open.spotify.com/artist/0LyfQWJT6nXafLPZqxe9Of
"August 22, 2019",Re-Birth,Obuxum,Electronic,OBUXUM,"Toronto, Ontario",Diamond Sharp,"Obuxum, Re-Birth",matched,2reaet2DHXMQk8d2PPFgck,https://open.spotify.com/album/2reaet2DHXMQk8d2PPFgck,3tJo3uYHHVCaH9vAgdUhtx,OBUXUM,Re-Birth,2019-08-23,day,album,10.0,https://i.scdn.co/image/ab67616d0000b27354d28573b3db54c5748f1576,,,,matched,https://i.scdn.co/image/ab67616d0000b27354d28573b3db54c5748f1576,https://open.spotify.com/artist/3tJo3uYHHVCaH9vAgdUhtx
"August 21, 2019",Anak Ko,Jay Som,Alternative,Independent Artist,"Los Angeles, California",Max Savage Levenson,"Jay Som, Anak Ko",matched,4bENinkpmJmwKz0CL1ZZQ8,https://open.spotify.com/album/4bENinkpmJmwKz0CL1ZZQ8,1wmiQ6ytATiGnJs6uFluKO,Jay Som,Anak Ko,2019-08-23,day,album,9.0,https://i.scdn.co/image/ab67616d0000b273d05642a64f4c4511621063a2,,,,matched,https://i.scdn.co/image/ab6761610000e5eb867cb7824e08908c21fbaa15,https://open.spotify.com/artist/1wmiQ6ytATiGnJs6uFluKO
"August 20, 2019","If you’re not afraid, I’m not afraid",Queen of Jeans,Alternative,Independent Artist,"Philadelphia, Pennsylvania",Max Savage Levenson,"Queen of Jeans, If you’re not afraid, I’m not afraid",no_match,,,,,,,,,,,,,,,,
"August 19, 2019",Curse These Metal Hands,Conjurer and Pijn,Metal,Conjurer,"Rugby, UK",Zoe Camp,"Conjurer and Pijn, Curse These Metal Hands",no_match,,,,,,,,,,,,,,,,
"August 15, 2019",Odious Descent Into Decay,Cerebral Rot,Metal,20 Buck Spin,"Pittsburgh, Pennsylvania",Patrick Lyons,"Cerebral Rot, Odious Descent Into Decay",matched,0Gm4wqXkQLiAfobb1G4Dth,https://open.spotify.com/album/0Gm4wqXkQLiAfobb1G4Dth,5AEKhKc6WDnY6oi18OWcQN,Cerebral Rot,Odious Descent into Decay,2019-08-16,day,album,9.0,https://i.scdn.co/image/ab67616d0000b2738861aab30ec8b196f07572a6,,,,matched,https://i.scdn.co/image/ab67616d0000b27315f75a34651e2aca632a8585,https://open.spotify.com/artist/5AEKhKc6WDnY6oi18OWcQN
"August 14, 2019",Death Drive,Debby Friday,Alternative,Deathbomb Arc,Hawaii,Kerry Cardoza,"Debby Friday, Death Drive",matched,3hvpqUM1OKVsRVqojHzEWp,https://open.spotify.com/album/3hvpqUM1OKVsRVqojHzEWp,5lofelrRCFBwzTF616hSx4,DEBBY FRIDAY,DEATH DRIVE,2019-08-16,day,single,5.0,https://i.scdn.co/image/ab67616d0000b273407e3d163aa1c0e2cf0f4e75,,,,matched,https://i.scdn.co/image/ab6761610000e5ebc883371894592b28cc74b218,https://open.spotify.com/artist/5lofelrRCFBwzTF616hSx4
"August 12, 2019",I Luma,A. Billi Free & Tensei,R&amp;B/Soul,A. Billi Free,New Mexico,Chaka V. Grier,"A. Billi Free & Tensei, I Luma",no_match,,,,,,,,,,,,,,,,
"August 09, 2019",Love & Nappyness,Matt Muse,R&amp;B/Soul,Independent Artist,,John Morrison,"Matt Muse, Love & Nappyness",matched,1hLiXbB5u5KM2Sr5UOODia,https://open.spotify.com/album/1hLiXbB5u5KM2Sr5UOODia,4WUHZVB8wkTnWXQGbF4SCz,Matt Muse,Love & Nappyness,2019-08-09,day,album,7.0,https://i.scdn.co/image/ab67616d0000b2730e2fa84f6aa228f2e9db375d,,,,matched,https://i.scdn.co/image/ab6761610000e5eb43e66597de989765cf1c775e,https://open.spotify.com/artist/4WUHZVB8wkTnWXQGbF4SCz
"August 08, 2019",Perfumed Earth,Purple Pilgrims,Alternative,Independent Artist,New Zealand,Loren DiBlasi,"Purple Pilgrims, Perfumed Earth",matched,0nnGofIDBnaRlyD5iciOZU,https://open.spotify.com/album/0nnGofIDBnaRlyD5iciOZU,10jJPAsjoKNz6T9P1M5lJ7,Purple Pilgrims,Perfumed Earth,2019-08-09,day,album,9.0,https://i.scdn.co/image/ab67616d0000b2737632e19f47d4aa8471fdf0e8,,,,matched,https://i.scdn.co/image/ab6761610000e5eb3cb7fe4c606e722b65be94e6,https://open.spotify.com/artist/10jJPAsjoKNz6T9P1M5lJ7
"August 06, 2019",Data Horde,Leech,Electronic,Independent Artist,"Los Angeles, California",Andra Nikolayi,"Leech, Data Horde",matched,1XjVj8SYT5cHos4m10QHkO,https://open.spotify.com/album/1XjVj8SYT5cHos4m10QHkO,16DrOizb3WttAJ09Ewphj3,Leech,Data Horde,2019-08-02,day,album,6.0,https://i.scdn.co/image/ab67616d0000b273d412c4e49b0b773fd93e836e,,,,matched,https://i.scdn.co/image/ab6761610000e5ebb8c9f0026b439ee277837fdd,https://open.spotify.com/artist/16DrOizb3WttAJ09Ewphj3
"August 05, 2019","Ann Arbor Blues Festival 1969, Vol. 1 & 2",Various Artists,Blues,Third Man Records,"Nashville, Tennessee",John Morrison,"Various Artists, Ann Arbor Blues Festival 1969, Vol. 1 & 2",no_match,,,,,,,,,,,,,,,,
"August 02, 2019",Keys 2 Kazi,C Keys & Kazi,Hip-Hop/Rap,Below System Records,"Almelo, The Netherlands",Phillip Mlynar,"C Keys & Kazi, Keys 2 Kazi",no_match,,,,,,,,,,,,,,,,
"August 01, 2019",Parted Plains,Ami Dang,Ambient,Independent Artist,"Baltimore, Maryland",Amaya Garcia,"Ami Dang, Parted Plains",matched,2CY7iodG7q2mC8C6GbMeTq,https://open.spotify.com/album/2CY7iodG7q2mC8C6GbMeTq,1DAqw4sYHPmgHQ6gzOVDig,Ami Dang,Parted Plains,2019-08-02,day,album,9.0,https://i.scdn.co/image/ab67616d0000b2730ecae2ffc2e579f05df2d06b,,,,matched,https://i.scdn.co/image/ab6761610000e5ebcfc5c7f39bede0c175104349,https://open.spotify.com/artist/1DAqw4sYHPmgHQ6gzOVDig
"July 31, 2019",Blood Year,Russian Circles,Metal,Independent Artist,"Chicago, Illinois",David Anthony,"Russian Circles, Blood Year",matched,40HmJCUK2zJulwF69uXOFf,https://open.spotify.com/album/40HmJCUK2zJulwF69uXOFf,0AZ3VR0YbFcS0Kgei7L2QF,Russian Circles,Blood Year,2019-08-02,day,album,7.0,https://i.scdn.co/image/ab67616d0000b27377c67c74ac9ca053b6638340,,,,matched,https://i.scdn.co/image/ab6761610000e5ebbf3299cf4f57cc6b449e4ed0,https://open.spotify.com/artist/0AZ3VR0YbFcS0Kgei7L2QF
"July 30, 2019",Be Urself,Pascale Project,Electronic,Orange Milk Records,,Jake Hulyer,"Pascale Project, Be Urself",matched,3wntqjoyMdOPjlUNCMV71v,https://open.spotify.com/album/3wntqjoyMdOPjlUNCMV71v,2D87ThZF5HymirQXaYqdsZ,Pascale Project,Be Urself,2019-07-26,day,single,4.0,https://i.scdn.co/image/ab67616d0000b273e37f89dba6b31d48870838c5,,,,matched,https://i.scdn.co/image/ab6761610000e5eb3edbe17f0cacbfd9d786b5f1,https://open.spotify.com/artist/2D87ThZF5HymirQXaYqdsZ
"July 29, 2019",Out of the Box,The Young Sinclairs,Rock,Requiem Pour Un Twister,"Paris, France",Stuart Berman,"The Young Sinclairs, Out of the Box",matched,2QrE6nRvbcXKNZnrjADoBV,https://open.spotify.com/album/2QrE6nRvbcXKNZnrjADoBV,4Nf16PZ7ta22LvOQLKzLSj,The Young Sinclairs,Out of the Box,2019-11-15,day,album,13.0,https://i.scdn.co/image/ab67616d0000b27311859ac309ca033587bcacec,,,,matched,https://i.scdn.co/image/ab6761610000e5ebe284de2b632e013fb97383ca,https://open.spotify.com/artist/4Nf16PZ7ta22LvOQLKzLSj
"July 26, 2019",8-track,Hot Since 82,Electronic,Independent Artist,"Leeds, UK",Andra Nikolayi,"Hot Since 82, 8-track",matched,3ophs4Ci76rbhWzu2QwCGC,https://open.spotify.com/album/3ophs4Ci76rbhWzu2QwCGC,1tRBmMtER4fGrzrt8O9VpS,Hot Since 82,8-track,2019-07-26,day,album,13.0,https://i.scdn.co/image/ab67616d0000b273da707fb4b08c2b77a8c0523a,,,,matched,https://i.scdn.co/image/ab6761610000e5ebf0df756be5c6474f4e1f8a3b,https://open.spotify.com/artist/1tRBmMtER4fGrzrt8O9VpS
"July 25, 2019",Pity Boy,Mal Blum,Alternative,Independent Artist,"Los Angeles, California",Max Cohen,"Mal Blum, Pity Boy",matched,4YGMJS0WLOU318ITYqpYo5,https://open.spotify.com/album/4YGMJS0WLOU318ITYqpYo5,4tT8fWyOy0hVI7jo9fJmXX,Mal Blum,Pity Boy,2019-07-12,day,album,12.0,https://i.scdn.co/image/ab67616d0000b273b0ff98695670783145605977,,,,matched,https://i.scdn.co/image/ab6761610000e5eba242b9be7e71e4e44cafcfda,https://open.spotify.com/artist/4tT8fWyOy0hVI7jo9fJmXX
"July 24, 2019",Astro,Mateo Kingman,Hip-Hop/Rap,Independent Artist,Ecuador,Caitlin Donohue,"Mateo Kingman, Astro",matched,79WFnNXKctYYSwJxas6AI8,https://open.spotify.com/album/79WFnNXKctYYSwJxas6AI8,223se9o877Y4jHzwlDcGNx,Mateo Kingman,Astro,2019-07-26,day,album,11.0,https://i.scdn.co/image/ab67616d0000b27367b71a9d848469ae028c48ee,,,,matched,https://i.scdn.co/image/ab6761610000e5eba4dd26d6d8e96835827444a8,https://open.spotify.com/artist/223se9o877Y4jHzwlDcGNx
"July 23, 2019",WAHALA,YATTA,Experimental,PTP,"New York, New York",Diamond Sharp,"YATTA, WAHALA",matched,5ZKYMmpIsOs9fMIPz6n953,https://open.spotify.com/album/5ZKYMmpIsOs9fMIPz6n953,111QPtbpDlO2bvIFI51bVD,YATTA,WAHALA,2019-08-02,day,album,11.0,https://i.scdn.co/image/ab67616d0000b273c37c4a9490094a41eddfa839,,,,matched,https://i.scdn.co/image/ab6761610000e5eb95ce5e9bd78fd67ef6cb9d99,https://open.spotify.com/artist/111QPtbpDlO2bvIFI51bVD
"July 22, 2019",You Remind Me (The Classic Elektra Recordings 1978-1984),Patrice Rushen,R&amp;B/Soul,Independent Artist,"Los Angeles, California",Chaka V. Grier,"Patrice Rushen, You Remind Me (The Classic Elektra Recordings 1978-1984)",no_match,,,,,,,,,,,,,,,,
"July 19, 2019",Until The Tide Creeps In,Penelope Isles,Rock,Independent Artist,"Brighton, UK",Margaret Farrell,"Penelope Isles, Until The Tide Creeps In",matched,2yIhCIgcDljSyZzugaecjc,https://open.spotify.com/album/2yIhCIgcDljSyZzugaecjc,14b8PuCbilMIPEgWlC4P5G,Penelope Isles,Until The Tide Creeps In,2019-07-12,day,album,10.0,https://i.scdn.co/image/ab67616d0000b273b7ee185753f158917301d55e,,,,matched,https://i.scdn.co/image/ab6761610000e5ebc83ad5bf70d511d5bc08987a,https://open.spotify.com/artist/14b8PuCbilMIPEgWlC4P5G
"July 18, 2019",Weather,Tycho,Electronic,Independent Artist,"San Francisco, California",Michaelangelo Matos,"Tycho, Weather",matched,6tFhQ9nKcRtHIfeUy9NKWS,https://open.spotify.com/album/6tFhQ9nKcRtHIfeUy9NKWS,5oOhM2DFWab8XhSdQiITry,Tycho,Weather,2019-07-12,day,album,8.0,https://i.scdn.co/image/ab67616d0000b273142f62736b467b77eb306203,,,,matched,https://i.scdn.co/image/ab6761610000e5eb86e6efcd925f506fbc7620cb,https://open.spotify.com/artist/5oOhM2DFWab8XhSdQiITry
"July 17, 2019",Metamorphosis,Blank Banshee,Electronic,Independent Artist,,Miles Bowe,"Blank Banshee, Metamorphosis",matched,3ABfQNeynvVfQ8WAITBy5y,https://open.spotify.com/album/3ABfQNeynvVfQ8WAITBy5y,1oR9pQhucVTJyi5lH2Y2iT,Blank Banshee,Metamorphosis,2019-06-20,day,single,1.0,https://i.scdn.co/image/ab67616d0000b273cc091a322ebdfbe732abfabc,,,,matched,https://i.scdn.co/image/ab6761610000e5eb76871cb2fc40a02d2ef1e401,https://open.spotify.com/artist/1oR9pQhucVTJyi5lH2Y2iT
"July 16, 2019",Sunny Side Up,Sunny Side Up,Jazz,Independent Artist,"London, UK",John Morrison,"Sunny Side Up, Sunny Side Up",matched,6N9KJ9lfMPx3BJNS1AewVN,https://open.spotify.com/album/6N9KJ9lfMPx3BJNS1AewVN,54l5ogqI9zK2t2jIPiE8IV,Sunny Side Up,Sunny Side Up,2009-04-28,day,single,4.0,https://i.scdn.co/image/ab67616d0000b2734f67c6d8c21e4d811d2b24db,,,,matched,https://i.scdn.co/image/ab67616d0000b273344ef8a299ddf1f889ebc684,https://open.spotify.com/artist/54l5ogqI9zK2t2jIPiE8IV
"July 15, 2019",EGOLI,Abum of the Day: Africa Express,World,Africa Express,Mali,Megan Iacobini de Fazio,"Abum of the Day: Africa Express, EGOLI",no_match,,,,,,,,,,,,,,,,
"July 11, 2019",Brand New Adult,BEA1991,Pop,Independent Artist,"Amsterdam, Netherlands",Anna White,"BEA1991, Brand New Adult",matched,5t0jusGK9nteM4fEYKJzZL,https://open.spotify.com/album/5t0jusGK9nteM4fEYKJzZL,6F93aFbWjhUtjRKXYmtr1Z,BEA1991,Brand New Adult,2019-07-12,day,album,10.0,https://i.scdn.co/image/ab67616d0000b273ac7eaf8c0937e94e1cd30cd0,,,,matched,https://i.scdn.co/image/ab6761610000e5ebf6974b9acdf412718baa81bd,https://open.spotify.com/artist/6F93aFbWjhUtjRKXYmtr1Z
"July 10, 2019",Atlantic Oscillations,Quantic,Electronic,Independent Artist,"London, UK",Joe Muggs,"Quantic, Atlantic Oscillations",matched,0Xfv1090bD2UFe8i7R9MDy,https://open.spotify.com/album/0Xfv1090bD2UFe8i7R9MDy,5ZMwoAjeDtLJ0XRwRTgaK8,Quantic,Atlantic Oscillations,2019-06-21,day,album,11.0,https://i.scdn.co/image/ab67616d0000b273347659833db93a65fa2d3e28,,,,matched,https://i.scdn.co/image/ab6761610000e5eb71337edb39ba6789777dc44b,https://open.spotify.com/artist/5ZMwoAjeDtLJ0XRwRTgaK8
"July 09, 2019",The Gay Man’s Guide To Safer Sex (OST),Coil,Electronic,Mental Groove Records / Musique Pour La Danse,Switzerland,Andi Harriman,"Coil, The Gay Man’s Guide To Safer Sex (OST)",no_match,,,,,,,,,,,,,,,,
"July 08, 2019",Resavoir,Resavoir,Jazz,International Anthem,"Chicago, Illinois",Eli Zeger,"Resavoir, Resavoir",matched,2Uw4MweEcRO4UwKRNM5biI,https://open.spotify.com/album/2Uw4MweEcRO4UwKRNM5biI,4Sl3fpSDeo9cMb3ouKm0rV,Resavoir,Resavoir,2019-06-28,day,album,9.0,https://i.scdn.co/image/ab67616d0000b273046317f88a72e4d0dc9b0d09,,,,matched,https://i.scdn.co/image/ab6761610000e5eb80f62d3c2f739657ca2faa92,https://open.spotify.com/artist/4Sl3fpSDeo9cMb3ouKm0rV
"July 03, 2019",Islands,Erin Durant,Folk,Independent Artist,,Allison Hussey,"Erin Durant, Islands",matched,5XSss7nXjhcFrJhqrJax8m,https://open.spotify.com/album/5XSss7nXjhcFrJhqrJax8m,2Lj3rPmlq8aGXvsm9kxSRd,Erin Durant,Islands,2019-06-28,day,album,8.0,https://i.scdn.co/image/ab67616d0000b273b70ef112816aa68b23ab0094,,,,matched,https://i.scdn.co/image/ab6761610000e5ebe59b1ba2060fbe2361b03eeb,https://open.spotify.com/artist/2Lj3rPmlq8aGXvsm9kxSRd
"July 02, 2019",Manifest,Corin,Electronic,NEOSELF,"Tokyo, Japan",Miles Bowe,"Corin, Manifest",matched,66uoqdP3qlxj1hRi0XMzAg,https://open.spotify.com/album/66uoqdP3qlxj1hRi0XMzAg,75Zx099tKztdWHHPblskeI,Corin,Manifest,2019-06-28,day,album,10.0,https://i.scdn.co/image/ab67616d0000b27358381782d4d6baefa51435d1,,,,matched,https://i.scdn.co/image/ab67616d0000b27358381782d4d6baefa51435d1,https://open.spotify.com/artist/75Zx099tKztdWHHPblskeI
"July 01, 2019",Mother Earth’s Plantasia,Mort Garson,Electronic,Independent Artist,"Los Angeles, California",Andrew Parks,"Mort Garson, Mother Earth’s Plantasia",no_match,,,,,,,,,,,,,,,,
"June 28, 2019",On Tour,The Young Ones of Guyana,Reggae,The Young Ones Of Guyana,Guyana,Dean Van Nguyen,"The Young Ones of Guyana, On Tour",matched,0UsIPykeru9oy1IEQuDZ8x,https://open.spotify.com/album/0UsIPykeru9oy1IEQuDZ8x,2S36C6cEr1zo4QLQQaDGgk,The Young Ones of Guyana,On Tour,2019-06-21,day,album,12.0,https://i.scdn.co/image/ab67616d0000b273ea8c4394cd245ae9719c3980,,,,matched,https://i.scdn.co/image/ab67616d0000b273ea8c4394cd245ae9719c3980,https://open.spotify.com/artist/2S36C6cEr1zo4QLQQaDGgk
"June 27, 2019",Portent,False,Metal,Gilead Media,"Oshkosh, Wisconsin",Ed Blair,"False, Portent",matched,3LmkXDYj7aAOUgCESU59RO,https://open.spotify.com/album/3LmkXDYj7aAOUgCESU59RO,6LZR4r3xs8zc954tsXo6Gj,False,Portent,2019-07-12,day,album,4.0,https://i.scdn.co/image/ab67616d0000b273085fa2d35a701550bbc8b697,,,,matched,https://i.scdn.co/image/ab67616d0000b273962ef890699753c6fac78fc9,https://open.spotify.com/artist/6LZR4r3xs8zc954tsXo6Gj
"June 26, 2019",SPAZA,SPAZA,Jazz,Independent Artist,"Johannesburg, South Africa",Marcus J. Moore,"SPAZA, SPAZA",matched,0WgyazEbldjNaxWkVjeFa2,https://open.spotify.com/album/0WgyazEbldjNaxWkVjeFa2,0rMjC98w4mx0XqSsBt3Vfw,SPAZA,SPAZA,2019-06-07,day,album,7.0,https://i.scdn.co/image/ab67616d0000b273a32901a019fd54fd8a9349c0,,,,matched,https://i.scdn.co/image/ab67616d0000b273713cd22cef7aac3479af00b0,https://open.spotify.com/artist/0rMjC98w4mx0XqSsBt3Vfw
"June 25, 2019",Patience,Mannequin Pussy,Punk,MANNEQUIN PUSSY,"Philadelphia, Pennsylvania",Annie Zaleski,"Mannequin Pussy, Patience",matched,1X0Na8DRV5U6G9grTPDWKF,https://open.spotify.com/album/1X0Na8DRV5U6G9grTPDWKF,33yje3hgpNfdXpqdJQcrt9,Mannequin Pussy,Patience,2019-06-21,day,album,10.0,https://i.scdn.co/image/ab67616d0000b2733b00b2c21fab2f9633ea5c84,,,,matched,https://i.scdn.co/image/ab6761610000e5eb06772549627b04ba312e6b50,https://open.spotify.com/artist/33yje3hgpNfdXpqdJQcrt9
"June 24, 2019",High Fantasy,Gygax,Rock,GYGAX,"Ventura, California",Jeff Treppel,"Gygax, High Fantasy",matched,2YV5S9QxGN3YGSlz9Mi6fE,https://open.spotify.com/album/2YV5S9QxGN3YGSlz9Mi6fE,03P8pmNz0NDFrfs1bEZVvc,Gygax,High Fantasy,2019-06-21,day,album,9.0,https://i.scdn.co/image/ab67616d0000b2734b26025627dc497ea32ab5c0,,,,matched,https://i.scdn.co/image/ab67616d0000b27351fc7a3d1cfee3a877e615ea,https://open.spotify.com/artist/03P8pmNz0NDFrfs1bEZVvc
"June 21, 2019",In a Desperate Red,The Rats,Punk,Mississippi Records,"New York, New York",Kerry Cardoza,"The Rats, In a Desperate Red",matched,5nuecDy5CdcrUAQiyXYjKl,https://open.spotify.com/album/5nuecDy5CdcrUAQiyXYjKl,4Q4DVKW9IKkGS36FVt2Vtw,The Rats,In A Desperate Red,2019-06-21,day,album,16.0,https://i.scdn.co/image/ab67616d0000b27385bfb9c6cae04b2813e285aa,,,,matched,https://i.scdn.co/image/ab67616d0000b273232635cf578ba4f989aab7cb,https://open.spotify.com/artist/4Q4DVKW9IKkGS36FVt2Vtw
"June 20, 2019",Death’s Head Speaks,Simulation,Electronic,Hausu Mountain Records,"Chicago, Illinois",Marc Masters,"Simulation, Death’s Head Speaks",no_match,,,,,,,,,,,,,,,,
"June 19, 2019",VWETO II,Georgia Anne Muldrow,Electronic,Independent Artist,"Los Angeles, California",Diamond Sharp,"Georgia Anne Muldrow, VWETO II",matched,6GnRdsXLiRkfXU02s5Buzr,https://open.spotify.com/album/6GnRdsXLiRkfXU02s5Buzr,2RdnkH5txHb9c4vGwq0I31,Georgia Anne Muldrow,VWETO II,2019-06-21,day,album,16.0,https://i.scdn.co/image/ab67616d0000b2734502e39c014a1f1e17a90929,,,,matched,https://i.scdn.co/image/ab6761610000e5ebf5e477def650852bf5c68c63,https://open.spotify.com/artist/2RdnkH5txHb9c4vGwq0I31
"June 18, 2019",Alice Clark,Alice Clark,R&amp;B/Soul,Independent Artist,"New York, New York",Philip Freeman,"Alice Clark, Alice Clark",matched,6PwFOaxZZ5PmqYV6UCoJ04,https://open.spotify.com/album/6PwFOaxZZ5PmqYV6UCoJ04,6gI51znwsOPQecFnIW7bkh,Alice Clark,Alice Clark,1972-05-18,day,album,10.0,https://i.scdn.co/image/ab67616d0000b273d745b8e9218210f0f2187728,,,,matched,https://i.scdn.co/image/ab67616d0000b27377f35b822d9425b638060cdd,https://open.spotify.com/artist/6gI51znwsOPQecFnIW7bkh
,,,,,,,", ",no_match,,,,,,,,,,,,,,,,
"June 13, 2019",Heart Hunger,Meernaa,Rock,Independent Artist,"Oakland, California",Anna White,"Meernaa, Heart Hunger",matched,3PlslGiIooJoA5BXNKvFYH,https://open.spotify.com/album/3PlslGiIooJoA5BXNKvFYH,6x8L59xNfuXIM7UfzoSe7g,Meernaa,Heart Hunger,2019-06-14,day,album,9.0,https://i.scdn.co/image/ab67616d0000b273c37a7e2decde378f934e7247,,,,matched,https://i.scdn.co/image/ab6761610000e5eb516972e7f4704fe15198c791,https://open.spotify.com/artist/6x8L59xNfuXIM7UfzoSe7g
"June 12, 2019",California Black Vows,Clay Rendering,Rock,Independent Artist,"Los Angeles, California",Andy O’Connor,"Clay Rendering, California Black Vows",matched,3gbq70ebVqqmSZr7tRFSuJ,https://open.spotify.com/album/3gbq70ebVqqmSZr7tRFSuJ,4R3DNq9mTgXnL58myNpceQ,Clay Rendering,California Black Vows,2019-06-14,day,album,9.0,https://i.scdn.co/image/ab67616d0000b2734b5a008d86b2165a6e7ba14d,,,,matched,https://i.scdn.co/image/9f45645e683585d37705add792c85c0b1745e9ad,https://open.spotify.com/artist/4R3DNq9mTgXnL58myNpceQ
"June 11, 2019",April Is the Cruellest Month,Masayuki Takayanagi New Direction Unit,Experimental,Blank Forms Editions,"Brooklyn, New York",David Menestres,"Masayuki Takayanagi New Direction Unit, April Is the Cruellest Month",matched,3sAqKmLxuoky3nVsx8Boy0,https://open.spotify.com/album/3sAqKmLxuoky3nVsx8Boy0,4xbtBMiaSzm9QM0ift7jW8,Masayuki Takayanagi New Direction Unit,April is the cruellest month,1975,year,album,3.0,https://i.scdn.co/image/ab67616d0000b273a68a7a123558860ffcef3992,,,,matched,https://i.scdn.co/image/ab67616d0000b273cd265ade6f652dd05842b765,https://open.spotify.com/artist/4xbtBMiaSzm9QM0ift7jW8
"June 10, 2019",Walkie Talkie,Brijean,Pop,Independent Artist,"Los Angeles, California",Diamond Sharp,"Brijean, Walkie Talkie",matched,4xe0HD0qau8tareYmLqLv4,https://open.spotify.com/album/4xe0HD0qau8tareYmLqLv4,2TRNyrjoKJnqSc9G8jCZfb,Brijean,Walkie Talkie,2019-06-28,day,album,8.0,https://i.scdn.co/image/ab67616d0000b27311ba7c2d13476f14979d9f99,,,,matched,https://i.scdn.co/image/ab6761610000e5eb0ca32e88271219592f271f62,https://open.spotify.com/artist/2TRNyrjoKJnqSc9G8jCZfb
"June 07, 2019",Grass Stains and Novocaine,Seablite,Alternative,Emotional Response,"Seaside, Oregon",Mariana Timony,"Seablite, Grass Stains and Novocaine",no_match,,,,,,,,,,,,,,,,
"June 06, 2019",ONDA,Jambinai,Metal,Independent Artist,"Seoul, South Korea",Ian Cohen,"Jambinai, ONDA",matched,32nH4he9Qzx9jNGbGqsE3i,https://open.spotify.com/album/32nH4he9Qzx9jNGbGqsE3i,20xwrwSmGSBQLLV0EVRS9M,JAMBINAI,ONDA,2019-06-07,day,album,8.0,https://i.scdn.co/image/ab67616d0000b2736920b2c544317f81d3dd46a5,,,,matched,https://i.scdn.co/image/ab6761610000e5ebd993dcb52fd9289f84c019b1,https://open.spotify.com/artist/20xwrwSmGSBQLLV0EVRS9M
"June 05, 2019",Spirit Volume,City and i.o.,Electronic,PTP,"New York, New York",Jordan Reyes,"City and i.o., Spirit Volume",matched,5qLYdg47Etg8WNMdkMRZQ8,https://open.spotify.com/album/5qLYdg47Etg8WNMdkMRZQ8,3377YpeXB6LaCW4xqhOdHD,City & i.o,Spirit Volume,2019-06-07,day,album,9.0,https://i.scdn.co/image/ab67616d0000b2736a55bd67f31d04b5c1fd053b,,,,matched,https://i.scdn.co/image/ab67616d0000b2736a55bd67f31d04b5c1fd053b,https://open.spotify.com/artist/3377YpeXB6LaCW4xqhOdHD
"June 04, 2019",Lust For Youth,Lust for Youth,Alternative,Independent Artist,"Copenhagen, Denmark",Annie Zaleski,"Lust for Youth, Lust For Youth",matched,7huRLT02wP9rG8zLoZFHAW,https://open.spotify.com/album/7huRLT02wP9rG8zLoZFHAW,18x7cMASHAS2NJ4kcLJa1u,Lust For Youth,Lust for Youth,2019-06-07,day,album,8.0,https://i.scdn.co/image/ab67616d0000b273d95dbe4fa770c94e4f973d92,,,,matched,https://i.scdn.co/image/ab6761610000e5ebf4a7130d89ad5b5800cdc166,https://open.spotify.com/artist/18x7cMASHAS2NJ4kcLJa1u
"June 03, 2019",Swim Team,Christelle Bofale,Alternative,christelle bofale,Texas,Diamond Sharp,"Christelle Bofale, Swim Team",matched,6F4Mx7EITXp9BIFYKswIsv,https://open.spotify.com/album/6F4Mx7EITXp9BIFYKswIsv,5V2m8msK0HTJaviJBCGLmz,Christelle Bofale,Swim Team,2019-05-31,day,single,5.0,https://i.scdn.co/image/ab67616d0000b2733790358f56dceb30c4ae2771,,,,matched,https://i.scdn.co/image/ab6761610000e5ebe1ced7d5febd6e319fc65073,https://open.spotify.com/artist/5V2m8msK0HTJaviJBCGLmz
"May 31, 2019",Demos (1973​-​75) Volumes 1&2,Azymuth,,Independent Artist,Brazil,Dean Van Nguyen,"Azymuth, Demos (1973​-​75) Volumes 1&2",no_match,,,,,,,,,,,,,,,,
"May 30, 2019",FLIGHT OF THE WIG,Psalm One,Hip-Hop/Rap,Psalm One aka Hologram Kizzie,Chicago,Phillip Mlynar,"Psalm One, FLIGHT OF THE WIG",matched,2UrNbvM6ZRf2yck9ZEklUv,https://open.spotify.com/album/2UrNbvM6ZRf2yck9ZEklUv,1nuhKrHzivsm88EjIE67L1,Psalm One,Flight of the Wig,2019-06-19,day,album,9.0,https://i.scdn.co/image/ab67616d0000b273f1f11a794726a20b9ea5fece,,,,matched,https://i.scdn.co/image/ab6761610000e5eba6fe8b61de2328d566385d8b,https://open.spotify.com/artist/1nuhKrHzivsm88EjIE67L1
"May 29, 2019",Cut Through,Kythira,Pop,Alyssa Gengos,"Los Angeles, California",Mariana Timony,"Kythira, Cut Through",matched,0HeNKbTxavZfl9weVGaS9A,https://open.spotify.com/album/0HeNKbTxavZfl9weVGaS9A,2Vw7qxedA3qpM1TTpp3uD6,Kythira,Cut Through,2019-05-30,day,album,9.0,https://i.scdn.co/image/ab67616d0000b27319278d6b048a51c2da1a1b69,,,,matched,https://i.scdn.co/image/ab6761610000e5eb381eec1a1a7d77e4410f219b,https://open.spotify.com/artist/2Vw7qxedA3qpM1TTpp3uD6
"May 28, 2019",Suddenly Everyone Explodes,Plastic Mermaids,Rock,Independent Artist,UK,Stuart Berman,"Plastic Mermaids, Suddenly Everyone Explodes",matched,0dGgt9DCHtaMezNFJTjnxQ,https://open.spotify.com/album/0dGgt9DCHtaMezNFJTjnxQ,0K2bb637U0v3bBiwE7vtjQ,Plastic Mermaids,Suddenly Everyone Explodes,2019-05-24,day,album,13.0,https://i.scdn.co/image/ab67616d0000b273d747ccff2aa3077ea74766e0,,,,matched,https://i.scdn.co/image/ab6761610000e5eb9500eb9c4eb0a4df371a0a84,https://open.spotify.com/artist/0K2bb637U0v3bBiwE7vtjQ
"May 24, 2019",We Get By,Mavis Staples,R&amp;B/Soul,Independent Artist,"Chicago, Illinois",Jim Allen,"Mavis Staples, We Get By",matched,162ZDwMcg8NGzp6BPKy58G,https://open.spotify.com/album/162ZDwMcg8NGzp6BPKy58G,0cTSCsVx04SSht9V6cpKN0,Mavis Staples,We Get By,2019-05-24,day,album,11.0,https://i.scdn.co/image/ab67616d0000b27327d12475983658195016bdf3,,,,matched,https://i.scdn.co/image/ab6761610000e5ebb83248f35430ef184a037f1e,https://open.spotify.com/artist/0cTSCsVx04SSht9V6cpKN0
"May 23, 2019",Chemical Flowers,Helm,Electronic,Independent Artist,"London, UK",J. Edward Keyes,"Helm, Chemical Flowers",matched,2YxVDcRASv6mQEZqTDOEEd,https://open.spotify.com/album/2YxVDcRASv6mQEZqTDOEEd,4vgGgW0EX7CeEU7WZzhbsx,Helm,Chemical Flowers,2019-05-17,day,album,8.0,https://i.scdn.co/image/ab67616d0000b27343078cb25a241439e251f275,,,,matched,https://i.scdn.co/image/ab6761610000e5ebe8a08a28de5526d780f05421,https://open.spotify.com/artist/4vgGgW0EX7CeEU7WZzhbsx
"May 22, 2019",The Best of Luck Club,Alex Lahey,Rock,Independent Artist,"Melbourne, Australia",Jerry Cowgill,"Alex Lahey, The Best of Luck Club",matched,5YCf7fOpsfKgB5f3XFLjh8,https://open.spotify.com/album/5YCf7fOpsfKgB5f3XFLjh8,5kdYrM3h2sB1Eid5tDf6Hk,Alex Lahey,The Best of Luck Club,2019-05-17,day,album,10.0,https://i.scdn.co/image/ab67616d0000b273a80ad46226182024ac401f32,,,,matched,https://i.scdn.co/image/ab6761610000e5eb624e4d8e998f6324991bf04d,https://open.spotify.com/artist/5kdYrM3h2sB1Eid5tDf6Hk
"May 21, 2019",Thina,Seba Kaapstad,R&amp;B/Soul,Independent Artist,South Africa,Shanice Brim,"Seba Kaapstad, Thina",matched,3cGU4YIabfl6KMBdFQvnWk,https://open.spotify.com/album/3cGU4YIabfl6KMBdFQvnWk,6i1YUN2HJGtCdO3s17JV3V,Seba Kaapstad,Thina,2019-05-17,day,album,12.0,https://i.scdn.co/image/ab67616d0000b273400fdb74ea9b382f596a58e2,,,,matched,https://i.scdn.co/image/ab6761610000e5eb122e3797749b4b6d8fc99c6f,https://open.spotify.com/artist/6i1YUN2HJGtCdO3s17JV3V
"May 20, 2019",Reckoning,Mourning [A] BLKstar,R&amp;B/Soul,Independent Artist,"Cleveland, Ohio",Ben Grenrock,"Mourning [A] BLKstar, Reckoning",matched,3toA2YDkIwZZoMOP2PG1ms,https://open.spotify.com/album/3toA2YDkIwZZoMOP2PG1ms,3d7JKcEcThVS0eNAMvsmtY,Mourning [A] BLKstar,Reckoning,2019-05-10,day,album,13.0,https://i.scdn.co/image/ab67616d0000b2738c5f45ba402298060861dabf,,,,matched,https://i.scdn.co/image/ab6772690000c46c27d0d6af21785855da5d2e6f,https://open.spotify.com/artist/3d7JKcEcThVS0eNAMvsmtY
"May 17, 2019",Are You A Dreamer?,Death & Vanilla,Alternative,Death &amp; Vanilla,"Malmö, Sweden",Emma August Welter,"Death & Vanilla, Are You A Dreamer?",matched,4nLjr9ZCoXU5F2P0C3TLs7,https://open.spotify.com/album/4nLjr9ZCoXU5F2P0C3TLs7,7GSTcEvn1BkC3eucAlvBwt,Death and Vanilla,Are You a Dreamer?,2019-05-10,day,album,8.0,https://i.scdn.co/image/ab67616d0000b27357813a27fff5b7f654d625fb,,,,matched,https://i.scdn.co/image/ab6761610000e5ebd8f4c6fc280be83575278550,https://open.spotify.com/artist/7GSTcEvn1BkC3eucAlvBwt
"May 16, 2019",3,Nots,Punk,NOTS,"Memphis, Tennessee",Kerry Cardoza,"Nots, 3",matched,7k76RR46937cefhCMiVf58,https://open.spotify.com/album/7k76RR46937cefhCMiVf58,5xOij09NdE9HMecIAgmuaE,Nots,3,2019-05-10,day,album,10.0,https://i.scdn.co/image/ab67616d0000b27361da432739c406cc0e6e2c7b,,,,matched,https://i.scdn.co/image/ab6772690000c46cde165206b98eac60d79b1060,https://open.spotify.com/artist/5xOij09NdE9HMecIAgmuaE
"May 15, 2019",Radish,Big Bend,Electronic,Independent Artist,"Mansfield, Ohio",Dean Van Nguyen,"Big Bend, Radish",matched,4O8IAzsJoFgmHfWri4yOcY,https://open.spotify.com/album/4O8IAzsJoFgmHfWri4yOcY,3wMxhIZL4RU4vomEuKlu8G,Big Bend,Radish,2019-05-10,day,album,8.0,https://i.scdn.co/image/ab67616d0000b273d9df7e7fb92b4a35b2ef5c31,,,,matched,https://i.scdn.co/image/ab6761610000e5ebecf1c0f298634fca95eef993,https://open.spotify.com/artist/3wMxhIZL4RU4vomEuKlu8G
"May 14, 2019",Halal Cool J,Don Leisure,Hip-Hop/Rap,Independent Artist,"Cardiff, UK",Phillip Mlynar,"Don Leisure, Halal Cool J",matched,2WzPwunvWZ8ziah8ewTDWH,https://open.spotify.com/album/2WzPwunvWZ8ziah8ewTDWH,21hln04kMnbpNlZHQfEu76,Don Leisure,Halal Cool J,2019-05-03,day,album,17.0,https://i.scdn.co/image/ab67616d0000b2736c503e6f95d385e0c1dd0e7d,,,,matched,https://i.scdn.co/image/ab6761610000e5eb8dc41d8f68b93de67b600d5f,https://open.spotify.com/artist/21hln04kMnbpNlZHQfEu76
"May 13, 2019",Age Hasn’t Spoiled You,Greys,Rock,Independent Artist,"Toronto, Ontario",Stuart Berman,"Greys, Age Hasn’t Spoiled You",no_match,,,,,,,,,,,,,,,,
"May 10, 2019",Young Enough,Charly Bliss,Pop,Independent Artist,"New York, New York",J. Edward Keyes,"Charly Bliss, Young Enough",matched,1Aq2sk7wwC80eOmjvU9Suk,https://open.spotify.com/album/1Aq2sk7wwC80eOmjvU9Suk,7axA2bNeZsae6t2mgxoSFh,Charly Bliss,Young Enough,2019-05-10,day,album,11.0,https://i.scdn.co/image/ab67616d0000b273dfcdfe77a19a4c9a77ac39da,,,,matched,https://i.scdn.co/image/ab6761610000e5ebf319baf446194c93715edc76,https://open.spotify.com/artist/7axA2bNeZsae6t2mgxoSFh
"May 09, 2019",Goodness Gracious,Sunbeam Sound Machine,Alternative,Independent Artist,"Melbourne, Australia",Ned Raggett,"Sunbeam Sound Machine, Goodness Gracious",matched,6j3sCx6hCTshjnVmWXvKhr,https://open.spotify.com/album/6j3sCx6hCTshjnVmWXvKhr,5rGnc6zmQSjWGJ8KEAvGFq,Sunbeam Sound Machine,Goodness Gracious,2019-05-03,day,album,11.0,https://i.scdn.co/image/ab67616d0000b2732e7e34f35f2cb704515e4fcd,,,,matched,https://i.scdn.co/image/ab6761610000e5ebf5528ac59da2bfdef4514790,https://open.spotify.com/artist/5rGnc6zmQSjWGJ8KEAvGFq
"May 08, 2019",Flight Paths,Mina,World,Independent Artist,"London, UK",Shanice Brim,"Mina, Flight Paths",matched,04mBmjofaf4fIARHAorzcI,https://open.spotify.com/album/04mBmjofaf4fIARHAorzcI,2KvWE2yC2SS2fck2WOm8Kv,Mina,Flight Paths,2019-05-03,day,album,12.0,https://i.scdn.co/image/ab67616d0000b27315333bcbd826848dd8e63f98,,,,matched,https://i.scdn.co/image/ab6761610000e5eba428281f7a8d8310a53ddaaa,https://open.spotify.com/artist/2KvWE2yC2SS2fck2WOm8Kv
"May 07, 2019",Heritage II,Mark de Clive-Lowe,Jazz,Independent Artist,"Tokyo, Japan",David R. Adler,"Mark de Clive-Lowe, Heritage II",matched,5TJU2MkmlgcY2j6MgtRBi9,https://open.spotify.com/album/5TJU2MkmlgcY2j6MgtRBi9,6K3loJxbWoXzVycXOBKh7P,Mark de Clive-Lowe,Heritage II,2019-05-04,day,album,8.0,https://i.scdn.co/image/ab67616d0000b2731be3106b81ffeea69997bffa,,,,matched,https://i.scdn.co/image/ab6761610000e5eb7c0e24f81f950506632ada83,https://open.spotify.com/artist/6K3loJxbWoXzVycXOBKh7P
"May 06, 2019",Death Sequence,The Physics House Band,Experimental,Unearthly Vision,"England, UK",Marc Masters,"The Physics House Band, Death Sequence",matched,1S0KxqBWUIoJlrQjbzt5Td,https://open.spotify.com/album/1S0KxqBWUIoJlrQjbzt5Td,30EilmonVXftR1pWoALezP,The Physics House Band,Death Sequence,2019-05-03,day,single,4.0,https://i.scdn.co/image/ab67616d0000b273460e5dc046f16fc08ce410e4,,,,matched,https://i.scdn.co/image/ab6761610000e5eb87a476de5834617cc571492c,https://open.spotify.com/artist/30EilmonVXftR1pWoALezP
"May 03, 2019",Useless Coordinates,Drahla,Alternative,Independent Artist,"Leeds, UK",Nina Corcoran,"Drahla, Useless Coordinates",matched,4bCRv4FAFrpxLgvPXThMgC,https://open.spotify.com/album/4bCRv4FAFrpxLgvPXThMgC,1HHyE1TCzui5Lay0gwS6bR,Drahla,Useless Coordinates,2019-05-03,day,album,10.0,https://i.scdn.co/image/ab67616d0000b2732dd2550b78aff3c08c6f29a0,,,,matched,https://i.scdn.co/image/ab6761610000e5eb6061b6dbe56857cfc7024d22,https://open.spotify.com/artist/1HHyE1TCzui5Lay0gwS6bR
"May 01, 2019",Schemes,Schemes,R&amp;B/Soul,mike clay,"Montreal, Québec",John Morrison,"Schemes, Schemes",matched,0qN4bHN1HMyOLZbV9jD1gR,https://open.spotify.com/album/0qN4bHN1HMyOLZbV9jD1gR,5OALCvvN93q3zK3wYgFDhd,20schemes music,Songs From The Schemes,2025-11-03,day,album,10.0,https://i.scdn.co/image/ab67616d0000b273615e48c5bd63f24834af915e,,,,matched,https://i.scdn.co/image/ab67616d0000b273a88681fd889b05adbc20c45e,https://open.spotify.com/artist/5OALCvvN93q3zK3wYgFDhd
"April 30, 2019",No More Running,Eve Maret,Experimental,Independent Artist,"Nashville, Tennessee",Ned Raggett,"Eve Maret, No More Running",matched,01Geyuf30Bpn9y8hrL9SW9,https://open.spotify.com/album/01Geyuf30Bpn9y8hrL9SW9,6EPKhshyGfzUrurBHGJAnA,Eve Maret,No More Running,2018-08-17,day,album,8.0,https://i.scdn.co/image/ab67616d0000b273b8d0c1636ec394bb6c9faf8c,,,,matched,https://i.scdn.co/image/ab6761610000e5eb7aaf8c8a1c3e8ddb28bc2323,https://open.spotify.com/artist/6EPKhshyGfzUrurBHGJAnA
"April 29, 2019",Your Church On My Bonfire,PAWS,Rock,Independent Artist,"Scotland, UK",Jerry Cowgill,"PAWS, Your Church On My Bonfire",matched,5NOSZKHbvNFNA1Ax9MAgel,https://open.spotify.com/album/5NOSZKHbvNFNA1Ax9MAgel,7lBWdR4AAQLNYYXGTu6jpa,PAWS,Your Church on My Bonfire,2019-04-26,day,album,11.0,https://i.scdn.co/image/ab67616d0000b2738d2aecad8770954e51831e1b,,,,matched,https://i.scdn.co/image/ab6761610000e5eb1b63700bcf1cb3c82dd5dd67,https://open.spotify.com/artist/7lBWdR4AAQLNYYXGTu6jpa
"April 26, 2019",Only You Can See It,Emily Reo,Pop,Independent Artist,"Boston, Massachusetts",Anna White,"Emily Reo, Only You Can See It",matched,7j8VAqZClRM9u02NiUzjKQ,https://open.spotify.com/album/7j8VAqZClRM9u02NiUzjKQ,09CyPArcJ4jYLXtF1UBhuj,Emily Reo,Only You Can See It,2019-04-12,day,album,10.0,https://i.scdn.co/image/ab67616d0000b273f08f520c45b1a40c1c0a241d,,,,matched,https://i.scdn.co/image/ab6761610000e5ebd33c5965d2339dc305cb4e9a,https://open.spotify.com/artist/09CyPArcJ4jYLXtF1UBhuj
"April 25, 2019",No Dados,Reese McHenry,Rock,Independent Artist,"Chapel Hill, North Carolina",Zachary Lipez,"Reese McHenry, No Dados",matched,1qLVNC5CBkaknAsbBbv1wk,https://open.spotify.com/album/1qLVNC5CBkaknAsbBbv1wk,0k2i1SVquiVa7xTiqh8Chm,Reese McHenry,No Dados,2019-04-12,day,album,13.0,https://i.scdn.co/image/ab67616d0000b2738a1ba8c735496472731424bd,,,,matched,https://i.scdn.co/image/ab6761610000e5eb9f7ea10563705da7cf87b53e,https://open.spotify.com/artist/0k2i1SVquiVa7xTiqh8Chm
"April 24, 2019","Yoshio Ojima & Satsuki Shibano, FRKWYS Vol. 15: serenitatem",Visible Cloaks,Ambient,Independent Artist,"Portland, Oregon",Andrew Parks,"Visible Cloaks, Yoshio Ojima & Satsuki Shibano, FRKWYS Vol. 15: serenitatem",no_match,,,,,,,,,,,,,,,,
"April 23, 2019",Orange,Caroline Shaw & Attacca Quartet,Classical,Caroline Shaw,"New York, New York",David R. Adler,"Caroline Shaw & Attacca Quartet, Orange",no_match,,,,,,,,,,,,,,,,
"April 22, 2019",Sulphur English,Inter Arma,Metal,Independent Artist,"Richmond, Virginia",Kim Kelly,"Inter Arma, Sulphur English",matched,2aa2K1vqMD0vqpvPl5idlv,https://open.spotify.com/album/2aa2K1vqMD0vqpvPl5idlv,5ZG7r3Jg0Y1hGQRMQ8hdRs,Inter Arma,Sulphur English,2019-04-12,day,album,9.0,https://i.scdn.co/image/ab67616d0000b2736f6d1a29c63bae610eac1c68,,,,matched,https://i.scdn.co/image/ab6761610000e5ebe8e80c20a59cb01a204c38c7,https://open.spotify.com/artist/5ZG7r3Jg0Y1hGQRMQ8hdRs
"April 19, 2019",Jobcentre Rejects: Ultra Rare New Wave of British Heavy Metal 1978-1982,Various Artists,Metal,Jobcentre Rejects,Sweden,Stephen Thomas Erlewine,"Various Artists, Jobcentre Rejects: Ultra Rare New Wave of British Heavy Metal 1978-1982",no_match,,,,,,,,,,,,,,,,
"April 18, 2019",Peer 2 Peer,WORLD BRAIN,Experimental,Independent Artist,"Berlin, Germany",Simon Chandler,"WORLD BRAIN, Peer 2 Peer",matched,0yj7MLtNm1dfYoiqU0hONP,https://open.spotify.com/album/0yj7MLtNm1dfYoiqU0hONP,2CiVXlqZHnOj4nWFBj3s2k,World Brain,Peer 2 Peer,2019-04-12,day,album,10.0,https://i.scdn.co/image/ab67616d0000b2734521217a2bc435e775622dae,,,,matched,https://i.scdn.co/image/ab6761610000e5eb77b4a2ae67ce60807593ebd7,https://open.spotify.com/artist/2CiVXlqZHnOj4nWFBj3s2k
"April 17, 2019",Thalassa,Ioanna Gika,Pop,Independent Artist,"Los Angeles, California",Jenn Pelly,"Ioanna Gika, Thalassa",matched,6XbhNvhK5AXHZ5yWTR48y7,https://open.spotify.com/album/6XbhNvhK5AXHZ5yWTR48y7,4ctIi0Pt6FzHjDUD7CU2os,Ioanna Gika,Thalassa,2019-04-05,day,album,10.0,https://i.scdn.co/image/ab67616d0000b27327b6b343160da7f334cdd5b7,,,,matched,https://i.scdn.co/image/ab6761610000e5ebb50601ea053780d1aad3868b,https://open.spotify.com/artist/4ctIi0Pt6FzHjDUD7CU2os
"April 16, 2019",Wolastoqiyik Lintuwakonawa,Jeremy Dutcher,Classical,Independent Artist,"Toronto, Ontario",Catalina Maria Johnson,"Jeremy Dutcher, Wolastoqiyik Lintuwakonawa",matched,0C30aelNKP4cCkFKOyj8hy,https://open.spotify.com/album/0C30aelNKP4cCkFKOyj8hy,0QisUuu0cbcoOod1lBVf0f,Jeremy Dutcher,Wolastoqiyik Lintuwakonawa,2018-04-06,day,album,11.0,https://i.scdn.co/image/ab67616d0000b2735b5735cd904c853d983e615c,,,,matched,https://i.scdn.co/image/ab6761610000e5ebc5377a501efbb0e0c86368eb,https://open.spotify.com/artist/0QisUuu0cbcoOod1lBVf0f
"April 15, 2019",Essentials,Patio,Punk,Independent Artist,"Queens, New York",Annie Zaleski,"Patio, Essentials",matched,5eRP1ZCrOf49dNajnu0mci,https://open.spotify.com/album/5eRP1ZCrOf49dNajnu0mci,2mln4aJfJQaYzFUUQ3Ji9N,Patio,Essentials,2019-04-05,day,album,10.0,https://i.scdn.co/image/ab67616d0000b273c458a70f8ddcd7bbfdb26c31,,,,matched,https://i.scdn.co/image/ab6761610000e5eb2afba7c84f64cca4258421d2,https://open.spotify.com/artist/2mln4aJfJQaYzFUUQ3Ji9N
"April 12, 2019",Burd,Wilma Vritra,Hip-Hop/Rap,Independent Artist,"Los Angeles, California",Phillip Mlynar,"Wilma Vritra, Burd",matched,0G5U8X6jRX5EVDWS4qPtt5,https://open.spotify.com/album/0G5U8X6jRX5EVDWS4qPtt5,4bTUUfUPhp9CENuMnDoiyT,"Wilma Vritra, Wilma Archer, VRITRA",Burd,2019-04-05,day,album,16.0,https://i.scdn.co/image/ab67616d0000b273f838efb8d1a3e19e32ef84e9,,,,matched,https://i.scdn.co/image/ab6761610000e5ebf8b70bcdce3829ddd8c68527,https://open.spotify.com/artist/4bTUUfUPhp9CENuMnDoiyT
"April 11, 2019",The Budos Band V,The Budos Band,World,Independent Artist,"New York, New York",Brad Sanders,"The Budos Band, The Budos Band V",no_match,,,,,,,,,,,,,,,,
"April 10, 2019",Endless Column,Endless Column,Alternative,Erste Theke Tontraeger,"Mannheim, Germany",Annie Zaleski,"Endless Column, Endless Column",no_match,,,,,,,,,,,,,,,,
"April 09, 2019",she/her/they/them,Evan Greer,Folk,Independent Artist,"Boston, Massachusetts",Sasha Geffen,"Evan Greer, she/her/they/them",matched,2ZaWClO7cjhtkaacxxE0o6,https://open.spotify.com/album/2ZaWClO7cjhtkaacxxE0o6,53nTXspPdZCIMnq5I1PVnK,Evan Greer,she/her/they/them,2019-04-05,day,album,10.0,https://i.scdn.co/image/ab67616d0000b2733ad219ab80efd8fc565eca3d,,,,matched,https://i.scdn.co/image/ab6761610000e5eb002b12d652e166f5045539e5,https://open.spotify.com/artist/53nTXspPdZCIMnq5I1PVnK
"April 08, 2019",The Hat Factory 93,Rodan,Punk,Independent Artist,"Louisville, Kentucky",JJ Skolnik,"Rodan, The Hat Factory 93",no_match,,,,,,,,,,,,,,,,
"April 05, 2019",Luminous Volumes,Skryptor,Rock,Sleeping Giant Glossolalia,"New York, New York",Marc Masters,"Skryptor, Luminous Volumes",matched,3BGuisTDfKuaxJAjtn7LFu,https://open.spotify.com/album/3BGuisTDfKuaxJAjtn7LFu,11BGs6Oj6tFV4llCwxl4DR,Skryptor,Luminous Volumes,2019-03-22,day,album,7.0,https://i.scdn.co/image/ab67616d0000b273b71e61bc01ce134cd3342893,,,,matched,https://i.scdn.co/image/ab67616d0000b273b71e61bc01ce134cd3342893,https://open.spotify.com/artist/11BGs6Oj6tFV4llCwxl4DR
"April 03, 2019",The End,Shlohmo,Electronic,Independent Artist,"Los Angeles, California",Joe Muggs,"Shlohmo, The End",matched,0no9vd20lVRbHZooRhqUHb,https://open.spotify.com/album/0no9vd20lVRbHZooRhqUHb,6y80I9YZi4DOpbaSUlL725,Shlohmo,The End,2019-03-22,day,album,13.0,https://i.scdn.co/image/ab67616d0000b27309b5089ce7af3c7024685288,,,,matched,https://i.scdn.co/image/ab6761610000e5eb8fe018baaf785ddacd4de93b,https://open.spotify.com/artist/6y80I9YZi4DOpbaSUlL725
"April 02, 2019",Guns,Quelle Chris,Hip-Hop/Rap,Independent Artist,"Detroit, Michigan",Phillip Mlynar,"Quelle Chris, Guns",matched,3A2VTSsAXNEmpILkYm8gkv,https://open.spotify.com/album/3A2VTSsAXNEmpILkYm8gkv,2SlUrJAcTYbWR8GcmB9IEi,Quelle Chris,Guns,2019-03-29,day,album,13.0,https://i.scdn.co/image/ab67616d0000b273d8bee3d887473528f8675caa,,,,matched,https://i.scdn.co/image/ab6761610000e5ebc36277a70171d07015fe12b1,https://open.spotify.com/artist/2SlUrJAcTYbWR8GcmB9IEi
"April 01, 2019",Earth Night,Various Artists,Electronic,DJs for Climate Action,"Brooklyn, New York",J. Edward Keyes,"Various Artists, Earth Night",matched,781ShDrj7p8Y8hDf9HHUMO,https://open.spotify.com/album/781ShDrj7p8Y8hDf9HHUMO,0LyfQWJT6nXafLPZqxe9Of,Various Artists,Last Night on Earth Allstars,2014-09-15,day,compilation,4.0,https://i.scdn.co/image/ab67616d0000b2730cead3aaf36565dd2c10e25b,,,,matched,https://i.scdn.co/image/ab6761610000e5eb6b134287e3095d2c84b7932a,https://open.spotify.com/artist/0LyfQWJT6nXafLPZqxe9Of
"March 29, 2019",Matamoros,USA/Mexico,Punk,Independent Artist,"Austin, Texas",Marc Masters,"USA/Mexico, Matamoros",matched,3W1Gotlzn9WONQyNlfHxxR,https://open.spotify.com/album/3W1Gotlzn9WONQyNlfHxxR,7CIMwDke1RHKvAFmuztJB7,USA/Mexico,Matamoros,2019-05-01,day,album,5.0,https://i.scdn.co/image/ab67616d0000b273a64da889fa4d754f7ef07129,,,,matched,https://i.scdn.co/image/ab67616d0000b273a64da889fa4d754f7ef07129,https://open.spotify.com/artist/7CIMwDke1RHKvAFmuztJB7
"March 28, 2019",Peru’s Master Percussionist,Chocolate,World,Buh Records,"Lima, Peru",Dean Van Nguyen,"Chocolate, Peru’s Master Percussionist",no_match,,,,,,,,,,,,,,,,
"March 27, 2019",Map of Absences,Turning Jewels Into Water,World,Independent Artist,"Brooklyn, New York",Shanice Brim,"Turning Jewels Into Water, Map of Absences",matched,731i5ADaPaynjlQUMFMJqH,https://open.spotify.com/album/731i5ADaPaynjlQUMFMJqH,76sHAweDHCoJFFjAD9Ry5T,Turning Jewels Into Water,Map Of Absences,2019-03-15,day,album,11.0,https://i.scdn.co/image/ab67616d0000b2739ffe658b1bf725e805631b44,,,,matched,https://i.scdn.co/image/4fe5d4f57494006f9bf4c4fc69bb9749c95a8556,https://open.spotify.com/artist/76sHAweDHCoJFFjAD9Ry5T
"March 26, 2019",Past Lives,Caleb Burhans,Experimental,Independent Artist,"New York, New York",Jamie Ludwig,"Caleb Burhans, Past Lives",matched,36H8Pp1dTC7mjTULJV2Eud,https://open.spotify.com/album/36H8Pp1dTC7mjTULJV2Eud,3962g9Dfd93mJSVy1D37LF,"Caleb Burhans, Duo Harpverk, JACK Quartet, Simon Jermyn",Caleb Burhans: Past Lives,2019-03-08,day,album,4.0,https://i.scdn.co/image/ab67616d0000b273c8e4d16dad762805da66cc5b,,,,matched,https://i.scdn.co/image/ab6761610000e5eb2a4a57240392c896d0f527e4,https://open.spotify.com/artist/3962g9Dfd93mJSVy1D37LF
"March 25, 2019","Post Now: Round One, Chicago vs. New York",Various Artists,Experimental,SKiN GRAFT Records,"St. Louis, Missouri",Philip Freeman,"Various Artists, Post Now: Round One, Chicago vs. New York",matched,2RJyXwwi1j7ikEcqYuZc6Z,https://open.spotify.com/album/2RJyXwwi1j7ikEcqYuZc6Z,0LyfQWJT6nXafLPZqxe9Of,Various Artists,Post Now: Round One - Chicago vs. New York,2019-03-15,day,compilation,16.0,https://i.scdn.co/image/ab67616d0000b27341351d8067a8ce37def3b834,,,,matched,https://i.scdn.co/image/ab6761610000e5eb6b134287e3095d2c84b7932a,https://open.spotify.com/artist/0LyfQWJT6nXafLPZqxe9Of
"March 22, 2019",Panorama,La Dispute,Alternative,Independent Artist,Grand Rapids,Zoe Camp,"La Dispute, Panorama",matched,67emRwxtr7MSMpkUODvklY,https://open.spotify.com/album/67emRwxtr7MSMpkUODvklY,7lQKE6HaKQcCsgLRMhsh5W,La Dispute,Panorama,2019-03-22,day,album,10.0,https://i.scdn.co/image/ab67616d0000b27308a444fc7586c70ff7f3534c,,,,matched,https://i.scdn.co/image/ab6761610000e5eb950c5818450e492415c48577,https://open.spotify.com/artist/7lQKE6HaKQcCsgLRMhsh5W
"March 21, 2019",KOKOROKO,KOKOROKO,Jazz,Kokoroko,"London, UK",Jesse Bernard,"KOKOROKO, KOKOROKO",matched,5GgdFrmouCR0Ud5Ag7IC8H,https://open.spotify.com/album/5GgdFrmouCR0Ud5Ag7IC8H,3u9rbdcmA6CxjxOAkjaeFr,Kokoroko,KOKOROKO,2019-03-08,day,single,4.0,https://i.scdn.co/image/ab67616d0000b27344d198c8f86d7e2d05864bd0,,,,matched,https://i.scdn.co/image/ab6761610000e5eb4195eb7322a35b79fee7d169,https://open.spotify.com/artist/3u9rbdcmA6CxjxOAkjaeFr
"March 20, 2019",Dreaming the Dark,Tamaryn,Alternative,TAMARYN,California,Anna White,"Tamaryn, Dreaming the Dark",matched,2vqkkykfmpW9VwB3pzvNKM,https://open.spotify.com/album/2vqkkykfmpW9VwB3pzvNKM,3TdVTSmMfLh55VrJDUpIQ2,Tamaryn,Dreaming The Dark,2019-03-22,day,album,9.0,https://i.scdn.co/image/ab67616d0000b273d416dc1cbae526263d769eef,,,,matched,https://i.scdn.co/image/ab6761610000e5ebb9d5aa671ef5286534b94a30,https://open.spotify.com/artist/3TdVTSmMfLh55VrJDUpIQ2
"March 19, 2019",Bahir,Dexter Story,World,Independent Artist,"Los Angeles, California",Amaya Garcia,"Dexter Story, Bahir",matched,4uWGMZa4rvksf9b6lhb2WP,https://open.spotify.com/album/4uWGMZa4rvksf9b6lhb2WP,058MysjRT4fJ9XKLqXcizq,Dexter Story,Bahir,2020-10-06,day,album,13.0,https://i.scdn.co/image/ab67616d0000b2737e803ce1dcbce91e6681917a,,,,matched,https://i.scdn.co/image/ab6761610000e5eb73b3f2d4d17f3be5258c5c5c,https://open.spotify.com/artist/058MysjRT4fJ9XKLqXcizq
"March 15, 2019",Epilogue,Aaron Abernathy,R&amp;B/Soul,Independent Artist,"Washington D.C., D.C.",Vance Brinkley,"Aaron Abernathy, Epilogue",matched,6vXMKntpRLtIsuGiqmeoG5,https://open.spotify.com/album/6vXMKntpRLtIsuGiqmeoG5,0U2CaFRICn6yg9RsxGgEZl,Aaron Abernathy,Epilogue,2019-01-28,day,album,18.0,https://i.scdn.co/image/ab67616d0000b273a4074080f218c5c8a47c5d74,,,,matched,https://i.scdn.co/image/ab6761610000e5eb8e5dc58da0a0abdc4fe21240,https://open.spotify.com/artist/0U2CaFRICn6yg9RsxGgEZl
"March 14, 2019",To Believe,The Cinematic Orchestra,Electronic,Independent Artist,"London, UK",Michaelangelo Matos,"The Cinematic Orchestra, To Believe",matched,7Jm76j0kKzyy2GLExHlVQO,https://open.spotify.com/album/7Jm76j0kKzyy2GLExHlVQO,32ogthv0BdaSMPml02X9YB,The Cinematic Orchestra,To Believe,2019-03-15,day,album,7.0,https://i.scdn.co/image/ab67616d0000b2733dc6e57b6f297dd9bb4683d9,,,,matched,https://i.scdn.co/image/ab6761610000e5eb9e2576943e27fcddc3bb3646,https://open.spotify.com/artist/32ogthv0BdaSMPml02X9YB
"March 13, 2019",Powder in Space,Powder,Electronic,Beats In Space,"New York, New York",Harley Oliver Brown,"Powder, Powder in Space",matched,21Cm5yRbAuiqplpwrP8SXF,https://open.spotify.com/album/21Cm5yRbAuiqplpwrP8SXF,4uODGAg149IxrHfQ9z8Hzr,Powder,Powder in Space,2019-02-15,day,album,18.0,https://i.scdn.co/image/ab67616d0000b273fdd67d0a838cebfcc8dabdfd,,,,matched,https://i.scdn.co/image/ab6761610000e5eb9995fffc36a53f67cc83ac7b,https://open.spotify.com/artist/4uODGAg149IxrHfQ9z8Hzr
"March 12, 2019",Rituals of Power,Misery Index,Metal,Independent Artist,"Baltimore, Maryland",Andy O’Connor,"Misery Index, Rituals of Power",matched,3UfGYkMLGwGq6PP1KwzPPH,https://open.spotify.com/album/3UfGYkMLGwGq6PP1KwzPPH,1kTUJy3zL57iEANLB9FpIA,Misery Index,Rituals of Power,2019-03-08,day,album,9.0,https://i.scdn.co/image/ab67616d0000b27394015722a324cd4cfab09f8d,,,,matched,https://i.scdn.co/image/ab6761610000e5eb0353d3358cfe2af3183b9d7d,https://open.spotify.com/artist/1kTUJy3zL57iEANLB9FpIA
"March 11, 2019",Softer Faces,Living Hour,Alternative,Independent Artist,"Winnipeg, Manitoba",Patrick Lyons,"Living Hour, Softer Faces",matched,39IbJ7Xa4OlIdUMDbkt0tM,https://open.spotify.com/album/39IbJ7Xa4OlIdUMDbkt0tM,2Ho3J07GaGcCl2ePXnjEia,Living Hour,Softer Faces,2019-03-01,day,album,9.0,https://i.scdn.co/image/ab67616d0000b273193ce58ee52f5904e41fb32c,,,,matched,https://i.scdn.co/image/ab6761610000e5eb8599943810ff3ded3217e7f9,https://open.spotify.com/artist/2Ho3J07GaGcCl2ePXnjEia
"March 08, 2019",Akaline Kidal,Ahmed Ag Kaedy,World,Amanar De Kidal,Mali,Richard Gehr,"Ahmed Ag Kaedy, Akaline Kidal",matched,0xN7GpcjnhZF0TOzn6h5lu,https://open.spotify.com/album/0xN7GpcjnhZF0TOzn6h5lu,2cU8NUbXTFaGTDituvMzsm,Ahmed Ag Kaedy,Akaline Kidal,2019-03-01,day,album,12.0,https://i.scdn.co/image/ab67616d0000b273a7ecdbcf7d6f51402748359e,,,,matched,https://i.scdn.co/image/ab6761610000e5eb718a6acb7734f19f897051b3,https://open.spotify.com/artist/2cU8NUbXTFaGTDituvMzsm
"March 07, 2019",Out of the Blue,Imani,Jazz,MAD ABOUT RECORDS,Portugal,Philip Freeman,"Imani, Out of the Blue",matched,4iOJUJLdxwtzk2wCJM2Lxz,https://open.spotify.com/album/4iOJUJLdxwtzk2wCJM2Lxz,4JffxXfuV7gMnklTOZgFy3,Imani,Out Of The Blue,2023-02-13,day,single,4.0,https://i.scdn.co/image/ab67616d0000b2738d2da4fcaa67af97779da521,,,,matched,https://i.scdn.co/image/ab67616d0000b2738d2da4fcaa67af97779da521,https://open.spotify.com/artist/4JffxXfuV7gMnklTOZgFy3
"March 06, 2019",After its own death / Walking in a spiral towards the house,Nivhek,Experimental,Grouper,,John Thorp,"Nivhek, After its own death / Walking in a spiral towards the house",matched,3wjaDfCkbngdwxN2lloyCB,https://open.spotify.com/album/3wjaDfCkbngdwxN2lloyCB,5igTNru2ENU1qwU1qvlmYl,Nivhek,After its own death / Walking in a spiral towards the house,2019-02-08,day,album,4.0,https://i.scdn.co/image/ab67616d0000b2732c272d5e09c0fa7ca5b789c1,,,,matched,https://i.scdn.co/image/ab67616d0000b2732c272d5e09c0fa7ca5b789c1,https://open.spotify.com/artist/5igTNru2ENU1qwU1qvlmYl
"March 05, 2019",Stunning Luxury,Snapped Ankles,Alternative,Independent Artist,"London, UK",Ned Raggett,"Snapped Ankles, Stunning Luxury",matched,1cuDUrMmyu65xuEfYLDk56,https://open.spotify.com/album/1cuDUrMmyu65xuEfYLDk56,4iWOyexPqcvgycdx7mLUcl,Snapped Ankles,Stunning Luxury,2019-03-01,day,album,10.0,https://i.scdn.co/image/ab67616d0000b27322e96594522950063155edec,,,,matched,https://i.scdn.co/image/ab6761610000e5eb99524b9a8b16d5e84a70d05c,https://open.spotify.com/artist/4iWOyexPqcvgycdx7mLUcl
"March 04, 2019",Helium,Homeshake,Alternative,homeshake,"Toronto, Ontario",Max Savage Levenson,"Homeshake, Helium",matched,1oucExNoEYioyctbk7E2RN,https://open.spotify.com/album/1oucExNoEYioyctbk7E2RN,4DMSJzGjw2SMkKAT5EEE5u,HOMESHAKE,Helium,2019-02-15,day,album,13.0,https://i.scdn.co/image/ab67616d0000b2731fbb731802e23ce91f6a07eb,,,,matched,https://i.scdn.co/image/ab6761610000e5eb5ab980cf34b7b0f09791da14,https://open.spotify.com/artist/4DMSJzGjw2SMkKAT5EEE5u
"February 28, 2019",fabric presents Bonobo,Bonobo,Electronic,Independent Artist,"Brighton, UK",Michaelangelo Matos,"Bonobo, fabric presents Bonobo",matched,08y3P0LuZGR59084Zk4Rxt,https://open.spotify.com/album/08y3P0LuZGR59084Zk4Rxt,0cmWgDlu9CwTgxPhf403hb,Bonobo,fabric presents Bonobo (DJ Mix),2019-02-22,day,album,22.0,https://i.scdn.co/image/ab67616d0000b273024af35f955f474314e8f545,,,,matched,https://i.scdn.co/image/ab6761610000e5ebc66e2d7422967d6f6f5ab905,https://open.spotify.com/artist/0cmWgDlu9CwTgxPhf403hb
"February 27, 2019",In Condemnation,Pandemix,Punk,Independent Artist,,Kerry Cardoza,"Pandemix, In Condemnation",matched,3jVtqmbEOuYkFtAPmXNzf5,https://open.spotify.com/album/3jVtqmbEOuYkFtAPmXNzf5,4rgk9iE1GZ6BFSsD61BJZ9,Pandemix,In Condemnation,2019-02-22,day,album,10.0,https://i.scdn.co/image/ab67616d0000b273e0c3481563b51b4b077c81e4,,,,matched,https://i.scdn.co/image/ab67616d0000b273e0c3481563b51b4b077c81e4,https://open.spotify.com/artist/4rgk9iE1GZ6BFSsD61BJZ9
"February 26, 2019",Mosawi Swiri,Houssam Gania,World,Independent Artist,"Essaouira, Morocco",Dean Van Nguyen,"Houssam Gania, Mosawi Swiri",no_match,,,,,,,,,,,,,,,,
"February 25, 2019",Jungle Run,Nubiyan Twist,Jazz,Independent Artist,"London, UK",Michael J. West,"Nubiyan Twist, Jungle Run",matched,5pdHXtWKSUUEeWDKvz2qN8,https://open.spotify.com/album/5pdHXtWKSUUEeWDKvz2qN8,5HNkGissAKlCv88sus7rVO,Nubiyan Twist,Jungle Run,2019-02-15,day,album,10.0,https://i.scdn.co/image/ab67616d0000b27366fd192abf67d5b59a366e01,,,,matched,https://i.scdn.co/image/ab6761610000e5eb4217f9689f738a294181a9d6,https://open.spotify.com/artist/5HNkGissAKlCv88sus7rVO
"February 22, 2019",In Search of the Miraculous,Desperate Journalist,Rock,Independent Artist,"London, UK",Annie Zaleski,"Desperate Journalist, In Search of the Miraculous",no_match,,,,,,,,,,,,,,,,
"February 21, 2019",Triage,Methyl Ethel,Pop,METHYL ETHEL,"Perth, Australia",Angel E. Fraden,"Methyl Ethel, Triage",matched,2QLjYV6YS67wtj3GEKLs42,https://open.spotify.com/album/2QLjYV6YS67wtj3GEKLs42,3I3Fz1DeUY0icXFvOjbXm7,Methyl Ethel,Triage,2019-02-15,day,album,9.0,https://i.scdn.co/image/ab67616d0000b2737db09e1a231766df2c39b301,,,,matched,https://i.scdn.co/image/ab6761610000e5ebbd5927434f8a64b9bb124cb0,https://open.spotify.com/artist/3I3Fz1DeUY0icXFvOjbXm7
"February 20, 2019",The Railway Prince Hotel,Tullycraft,Alternative,Independent Artist,"Seattle, Washington",Annie Zaleski,"Tullycraft, The Railway Prince Hotel",matched,5376JHdgNFiI5mjYLPYyPb,https://open.spotify.com/album/5376JHdgNFiI5mjYLPYyPb,3KtOvpYuKClAuYxJqdITm6,Tullycraft,The Railway Prince Hotel,2019-02-08,day,album,12.0,https://i.scdn.co/image/ab67616d0000b27335c4a62cd13d3410887b27e0,,,,matched,https://i.scdn.co/image/ab6772690000c46cf531a7766a6cfc8f9494872d,https://open.spotify.com/artist/3KtOvpYuKClAuYxJqdITm6
"February 19, 2019",Black Tenere,Kel Assouf,World,Independent Artist,Niger,Megan Iacobini de Fazio,"Kel Assouf, Black Tenere",matched,2szNhyx4lm9LoUU8KnUN6b,https://open.spotify.com/album/2szNhyx4lm9LoUU8KnUN6b,5mu6VL20oyfrkqOW61w7p9,Kel Assouf,Black Tenere,2019-02-15,day,album,9.0,https://i.scdn.co/image/ab67616d0000b273f131bc2d9f2030682ba56a14,,,,matched,https://i.scdn.co/image/ab6761610000e5eb4fe5af122931819e6a16fddd,https://open.spotify.com/artist/5mu6VL20oyfrkqOW61w7p9
"February 15, 2019","Japanese Ambient, Environmental & New Age Music 1980​-​1990",Kankyō Ongaku,,Independent Artist,Japan,April Clare Welsh,"Kankyō Ongaku, Japanese Ambient, Environmental & New Age Music 1980​-​1990",no_match,,,,,,,,,,,,,,,,
"February 14, 2019",The Heretics,Rotting Christ,Metal,Independent Artist,Greece,Grayson Haver Currin,"Rotting Christ, The Heretics",matched,00oBoAA6p3N4jUGAGk19zr,https://open.spotify.com/album/00oBoAA6p3N4jUGAGk19zr,7FhkwcO8Jd7BRWdllBpXBJ,Rotting Christ,The Heretics,2019-02-15,day,album,10.0,https://i.scdn.co/image/ab67616d0000b2732658fb6555f3a8309c513ed8,,,,matched,https://i.scdn.co/image/ab6761610000e5ebf2d04e20d1333128f1ed2517,https://open.spotify.com/artist/7FhkwcO8Jd7BRWdllBpXBJ
"February 13, 2019",Fyah,Theon Cross,Jazz,Independent Artist,"London, UK",Marcus J. Moore,"Theon Cross, Fyah",matched,0hoEpWq1xFAwRV4efA4Bz1,https://open.spotify.com/album/0hoEpWq1xFAwRV4efA4Bz1,0IFabaHypEH0hMgkx0Gw56,Theon Cross,Fyah,2019-02-15,day,album,8.0,https://i.scdn.co/image/ab67616d0000b273e2a16393f27e976b168ddef3,,,,matched,https://i.scdn.co/image/ab6761610000e5eb1f09e7b09df508b16f2c1400,https://open.spotify.com/artist/0IFabaHypEH0hMgkx0Gw56
"February 12, 2019",A Mild Circus,Yarrow,Punk,Independent Artist,"Philadelphia, Pennsylvania",Alex Smith,"Yarrow, A Mild Circus",matched,7lkAg1WdA11KmdpB5At81A,https://open.spotify.com/album/7lkAg1WdA11KmdpB5At81A,69QhQxOEvA8bLLsLTutWLf,Yarrow,A Mild Circus,2019-02-15,day,single,6.0,https://i.scdn.co/image/ab67616d0000b2737401138e73f84e09b6c8a828,,,,matched,https://i.scdn.co/image/ab67616d0000b2737401138e73f84e09b6c8a828,https://open.spotify.com/artist/69QhQxOEvA8bLLsLTutWLf
"February 11, 2019",Ripe for Anarchy,Business of Dreams,Alternative,Business Of Dreams,"Louisville, Kentucky",J. Edward Keyes,"Business of Dreams, Ripe for Anarchy",matched,3RpTHAYmOfu3RUpdx7iV6D,https://open.spotify.com/album/3RpTHAYmOfu3RUpdx7iV6D,7g8z1s6Wx9YoN5zhDkBMfe,Business of Dreams,Ripe for Anarchy,2019-02-01,day,album,11.0,https://i.scdn.co/image/ab67616d0000b273d738245d8bae4dabe8c4cd39,,,,matched,https://i.scdn.co/image/ab6761610000e5eb07437535be901a4ea4515925,https://open.spotify.com/artist/7g8z1s6Wx9YoN5zhDkBMfe
"February 08, 2019",Anima Mysterium,Yugen Blakrok,Hip-Hop/Rap,Independent Artist,South Africa,Phillip Mlynar,"Yugen Blakrok, Anima Mysterium",matched,5BRbvaAFVHhWMvRECNHAqe,https://open.spotify.com/album/5BRbvaAFVHhWMvRECNHAqe,3kv1Edgn5HlEWCuEKr1Y9x,"Yugen Blakrok, Kanif The Jhatmaster",Anima Mysterium,2019-02-01,day,album,12.0,https://i.scdn.co/image/ab67616d0000b273c9ccecba04e6df268286f19e,,,,matched,https://i.scdn.co/image/ab6761610000e5eb0611eb094f7d2b86b46289e8,https://open.spotify.com/artist/3kv1Edgn5HlEWCuEKr1Y9x
"February 07, 2019",Buoys,Panda Bear,Alternative,Independent Artist,"Lisbon, Portugal",Andrew Parks,"Panda Bear, Buoys",matched,3vnTHiTvlOcNFg2wCK0Uyl,https://open.spotify.com/album/3vnTHiTvlOcNFg2wCK0Uyl,1R84VlXnFFULOsWWV8IrCQ,Panda Bear,Buoys,2019-02-08,day,album,9.0,https://i.scdn.co/image/ab67616d0000b273232b78d2c056214c1b1df1c1,,,,matched,https://i.scdn.co/image/ab6761610000e5ebab1e305a3a59fe4c918828c6,https://open.spotify.com/artist/1R84VlXnFFULOsWWV8IrCQ
"February 06, 2019",Highway Hypnosis,Sneaks,Alternative,Independent Artist,"Washington, D.C.",Jenn Pelly,"Sneaks, Highway Hypnosis",matched,3SIlKpB3dnr4Wy1ERwZWwp,https://open.spotify.com/album/3SIlKpB3dnr4Wy1ERwZWwp,40iUcsx6LWJ0DEPryPmU30,Sneaks,Highway Hypnosis,2019-01-25,day,album,13.0,https://i.scdn.co/image/ab67616d0000b273818be82944cee1c94a991a98,,,,matched,https://i.scdn.co/image/ab6761610000e5ebc68e7ac4b92016719f6c2d47,https://open.spotify.com/artist/40iUcsx6LWJ0DEPryPmU30
"February 05, 2019",Nūr,Dua Saleh,Hip-Hop/Rap,Independent Artist,"Los Angeles, California",Gus Navarro,"Dua Saleh, Nūr",matched,46ZW6xsjuHxCDAjeeV0zT8,https://open.spotify.com/album/46ZW6xsjuHxCDAjeeV0zT8,2DGBzoOLcKLK3eWxFyugdB,Dua Saleh,Nūr,2019-01-03,day,single,5.0,https://i.scdn.co/image/ab67616d0000b27369cb37b0d879006c7cd248ab,,,,matched,https://i.scdn.co/image/ab6761610000e5eb8ea01e1ecab88cbaf8049279,https://open.spotify.com/artist/2DGBzoOLcKLK3eWxFyugdB
"February 01, 2019",Living Tomb,Ossuarium,Metal,20 Buck Spin,"Pittsburgh, Pennsylvania",Andy O’Connor,"Ossuarium, Living Tomb",matched,16ZUWC86GLaZ6e5Sdnef6x,https://open.spotify.com/album/16ZUWC86GLaZ6e5Sdnef6x,79tFEqKUbOncVYJY75vZu2,Ossuarium,Living Tomb,2019-02-01,day,album,8.0,https://i.scdn.co/image/ab67616d0000b273b128313c28d583759c449d3a,,,,matched,https://i.scdn.co/image/ab67616d0000b273b128313c28d583759c449d3a,https://open.spotify.com/artist/79tFEqKUbOncVYJY75vZu2
"January 31, 2019",Temporal,Julia Kent,Classical,Independent Artist,New York,Erin Lyndal Martin,"Julia Kent, Temporal",matched,0oNSmGIa6Cbugkg7nyFJeh,https://open.spotify.com/album/0oNSmGIa6Cbugkg7nyFJeh,2YJXo1ERQAO7r4hQtu2vFc,Julia Kent,Temporal,2019-01-25,day,album,7.0,https://i.scdn.co/image/ab67616d0000b2734517f0b8123b86199bce4924,,,,matched,https://i.scdn.co/image/d6c2cc917b5af20c1cd1c94c36a0a63bcfd06725,https://open.spotify.com/artist/2YJXo1ERQAO7r4hQtu2vFc
"January 30, 2019",The Language of Injury,Ithaca,Punk,Independent Artist,"London, UK",Zoe Camp,"Ithaca, The Language of Injury",matched,6Cv0Ujt0hHS02xObeLexXC,https://open.spotify.com/album/6Cv0Ujt0hHS02xObeLexXC,7HIvrtPrTTxXrBeJkiRj8x,Ithaca,The Language of Injury,2019-02-01,day,album,10.0,https://i.scdn.co/image/ab67616d0000b2735f1f176e748701372c7abe84,,,,matched,https://i.scdn.co/image/ab6761610000e5eb3c0004853fb95bf6c12ed1e3,https://open.spotify.com/artist/7HIvrtPrTTxXrBeJkiRj8x
"January 29, 2019",Sewele,Sir Shina Peters,World,Sir Shina Peters &amp; His International Stars,Nigeria,Megan Iacobini de Fazio,"Sir Shina Peters, Sewele",matched,6ENav14QzYJEN0wjsjwH0T,https://open.spotify.com/album/6ENav14QzYJEN0wjsjwH0T,774XinAuSJ5UAid0N6BNrV,Sir Shina Peters,Sewele,2019-01-25,day,single,4.0,https://i.scdn.co/image/ab67616d0000b2731373b92e4d82115e2a0f0db8,,,,matched,https://i.scdn.co/image/ab67616d0000b27361f20ce41ecb373470d732c1,https://open.spotify.com/artist/774XinAuSJ5UAid0N6BNrV
"January 28, 2019",Isa,Croatian Amor,Electronic,Independent Artist,"Copenhagen, Denmark",Jordan Reyes,"Croatian Amor, Isa",matched,2yzFak6Xv488wPtDU72C8G,https://open.spotify.com/album/2yzFak6Xv488wPtDU72C8G,67QjO1hSxmYnra5p51qjig,Croatian Amor,Isa,2019-01-25,day,album,9.0,https://i.scdn.co/image/ab67616d0000b273512e9100c44c36c45a4c00ae,,,,matched,https://i.scdn.co/image/ab6761610000e5eb86033f295bbde02acfec013a,https://open.spotify.com/artist/67QjO1hSxmYnra5p51qjig
"January 25, 2019",Eternal Words,Tomas Nordmark,Electronic,Independent Artist,"London, UK",April Clare Welsh,"Tomas Nordmark, Eternal Words",matched,6nqThSHqr0guQQ1dRqyvdw,https://open.spotify.com/album/6nqThSHqr0guQQ1dRqyvdw,0TBCJYEeBoQspLmeXE6Ixy,Tomas Nordmark,Eternal Words,2019-01-25,day,album,8.0,https://i.scdn.co/image/ab67616d0000b2731cc106376eec1369203e8405,,,,matched,https://i.scdn.co/image/ab6761610000e5eb370c6c85811eea7e3d7ca7f4,https://open.spotify.com/artist/0TBCJYEeBoQspLmeXE6Ixy
"January 24, 2019",The Onrush Of Eternity,log(m) & Laraaji,Electronic,"Invisible, Inc.","Glasgow, UK",Miles Bowe,"log(m) & Laraaji, The Onrush Of Eternity",no_match,,,,,,,,,,,,,,,,
"January 23, 2019",Nighttime Birds and Morning Stars,Sarah Louise,Folk,Independent Artist,"Asheville, North Carolina",Robert Rubsam,"Sarah Louise, Nighttime Birds and Morning Stars",matched,4TAc01qF0dPwGX2yJlK07B,https://open.spotify.com/album/4TAc01qF0dPwGX2yJlK07B,2lGwVpVjE5WrnI4pP5Lu0y,Sarah Louise,Nighttime Birds and Morning Stars,2019-01-25,day,album,8.0,https://i.scdn.co/image/ab67616d0000b2733972c748508dcad8c3386095,,,,matched,https://i.scdn.co/image/ab6761610000e5ebaaa0ba569ca9d633624c2bb2,https://open.spotify.com/artist/2lGwVpVjE5WrnI4pP5Lu0y
"January 22, 2019",Siku,Nicola Cruz,Electronic,Independent Artist,"Quito, Ecuador",Amaya Garcia,"Nicola Cruz, Siku",matched,3Ebykp28PuMSSQfqzkt8DO,https://open.spotify.com/album/3Ebykp28PuMSSQfqzkt8DO,0OltT51j3hIkgaDJqqPzDn,Nicola Cruz,Siku,2019-01-25,day,album,11.0,https://i.scdn.co/image/ab67616d0000b273ebd26123e0c48c9531b9caeb,,,,matched,https://i.scdn.co/image/ab6761610000e5eb59701cfb11e4b3ac993131f5,https://open.spotify.com/artist/0OltT51j3hIkgaDJqqPzDn
"January 18, 2019",Tomb,Angelo De Augustine,Alternative,Independent Artist,"Los Angeles, California",Allison Hussey,"Angelo De Augustine, Tomb",matched,4bUHu3F1zbCbKKcwvCmAXj,https://open.spotify.com/album/4bUHu3F1zbCbKKcwvCmAXj,0W79ONUwHoehEib1nRXlmi,Angelo De Augustine,Tomb,2019-01-11,day,album,12.0,https://i.scdn.co/image/ab67616d0000b273056fff045ee34bb311867c55,,,,matched,https://i.scdn.co/image/ab6761610000e5eb7dfb25a7f899ddd8c3fc0ea2,https://open.spotify.com/artist/0W79ONUwHoehEib1nRXlmi
"January 17, 2019",Italo Funk,Various Artists,Electronic,Soul Clap Records,"Boston, Massachusetts",Andrew Parks,"Various Artists, Italo Funk",matched,66lk5ulPgqYoNNavCGlmyY,https://open.spotify.com/album/66lk5ulPgqYoNNavCGlmyY,0LyfQWJT6nXafLPZqxe9Of,Various Artists,Italo Funk,2019-01-18,day,compilation,10.0,https://i.scdn.co/image/ab67616d0000b273b8092e71290f5c70cd1bd76f,,,,matched,https://i.scdn.co/image/ab6761610000e5eb6b134287e3095d2c84b7932a,https://open.spotify.com/artist/0LyfQWJT6nXafLPZqxe9Of
"January 16, 2019",Midnight Parade,The Day,Alternative,Independent Artist,"Antwerp, Belgium",Ned Raggett,"The Day, Midnight Parade",matched,6z7pyTtrLbN7kNiySBnfts,https://open.spotify.com/album/6z7pyTtrLbN7kNiySBnfts,7tE9qfIbkI2LNvwykjyiDN,The Day,Midnight Parade,2019-01-18,day,album,13.0,https://i.scdn.co/image/ab67616d0000b2736133031817ea2ed3953a5ce0,,,,matched,https://i.scdn.co/image/ab6761610000e5eb9d035f227d45d803a8a8b87a,https://open.spotify.com/artist/7tE9qfIbkI2LNvwykjyiDN
"January 15, 2019",The Unseen In Between,Steve Gunn,Folk,Independent Artist,"Brooklyn, New York",Allison Hussey,"Steve Gunn, The Unseen In Between",matched,349hcptM7Y0HRpgrsSY570,https://open.spotify.com/album/349hcptM7Y0HRpgrsSY570,7uLXW75DlTRahz2WKJZGeO,Steve Gunn,The Unseen In Between,2019-01-18,day,album,9.0,https://i.scdn.co/image/ab67616d0000b273d635648592f88b4eb0bc610a,,,,matched,https://i.scdn.co/image/ab6761610000e5ebbf401db358984a1a3a4f8531,https://open.spotify.com/artist/7uLXW75DlTRahz2WKJZGeO
"January 14, 2019",Remind Me Tomorrow,Sharon Van Etten,Rock,Independent Artist,"New York, New York",Allison Crutchfield,"Sharon Van Etten, Remind Me Tomorrow",matched,4bfvR9TMwCm2tzXpboLH3t,https://open.spotify.com/album/4bfvR9TMwCm2tzXpboLH3t,2wJ4vsxWd7df7dRU4KcoDe,Sharon Van Etten,Remind Me Tomorrow,2019-01-18,day,album,10.0,https://i.scdn.co/image/ab67616d0000b2733ba1f72fb3bf152db4547435,,,,matched,https://i.scdn.co/image/ab6761610000e5eb44bf77f28461ee5d6e10cabe,https://open.spotify.com/artist/2wJ4vsxWd7df7dRU4KcoDe
"January 11, 2019",Unseen Worlds,Laurie Spiegel,Electronic,Independent Artist,"New York, New York",Miles Bowe,"Laurie Spiegel, Unseen Worlds",matched,4XHcaSU6bLMEVNl6IqWYBS,https://open.spotify.com/album/4XHcaSU6bLMEVNl6IqWYBS,5ixSn3H9wbdWQxcf8qEKOV,Laurie Spiegel,Unseen Worlds,2019-01-18,day,album,12.0,https://i.scdn.co/image/ab67616d0000b27313225fa9bf8f66769d224f0c,,,,matched,https://i.scdn.co/image/ab6761610000e5ebe90b13e30f15ea9bb0b0e499,https://open.spotify.com/artist/5ixSn3H9wbdWQxcf8qEKOV
"January 10, 2019",Stomping Off From Greenwood,Greg Ward,Jazz,Independent Artist,"Chicago, Illinois",Michael J. West,"Greg Ward, Stomping Off From Greenwood",matched,7vNbKZ0RB1rtuOTMI1cBKj,https://open.spotify.com/album/7vNbKZ0RB1rtuOTMI1cBKj,45OekOuTTgPbzlABtBHScr,Greg Ward Presents Rogue Parade,"Stomping Off From Greenwood (feat. Matt Gold, Dave Miller, Matt Ulery & Quin Kirchner)",2019-01-11,day,album,9.0,https://i.scdn.co/image/ab67616d0000b27392aa9a1191c4812008626781,,,,matched,https://i.scdn.co/image/ab6761610000e5eb3ddad8449be26d352b179679,https://open.spotify.com/artist/45OekOuTTgPbzlABtBHScr
"January 09, 2019",Prehysteria,T-Rextasy,Punk,Independent Artist,"New York, New York",Allison Crutchfield,"T-Rextasy, Prehysteria",matched,22pyWukCovin5Z8Wkf3ctt,https://open.spotify.com/album/22pyWukCovin5Z8Wkf3ctt,2WQzYe8YoPcGrCabem1Snd,T-Rextasy,Prehysteria,2019-01-03,day,album,10.0,https://i.scdn.co/image/ab67616d0000b273cb60b7d6a12a6513f00976ee,,,,matched,https://i.scdn.co/image/ab6761610000e5ebb4b43702b6e5f48aa3a07542,https://open.spotify.com/artist/2WQzYe8YoPcGrCabem1Snd
"January 08, 2019",Ill Considered 5,Ill Considered,Jazz,Independent Artist,"London, UK",Amaya Garcia,"Ill Considered, Ill Considered 5",no_match,,,,,,,,,,,,,,,,
"January 07, 2019",Bigness,Pickle Darling,Pop,Independent Artist,"Christchurch, New Zealand",Adam Badí Donoval,"Pickle Darling, Bigness",matched,3hVFOcGes8bKw8iAvKcZQX,https://open.spotify.com/album/3hVFOcGes8bKw8iAvKcZQX,1CkgDItGS5PnRLXcEaforp,Pickle Darling,Bigness,2019-01-04,day,album,10.0,https://i.scdn.co/image/ab67616d0000b27389838aeff8159fda222c657a,,,,matched,https://i.scdn.co/image/ab6761610000e5eb1c29cc98132577539289dd01,https://open.spotify.com/artist/1CkgDItGS5PnRLXcEaforp
"January 04, 2019",Tides,Kaitlyn Aurelia Smith,Ambient,Independent Artist,"Los Angeles, California",Joshua Minsoo Kim,"Kaitlyn Aurelia Smith, Tides",matched,2UrefkDolomiYGbbueGZOW,https://open.spotify.com/album/2UrefkDolomiYGbbueGZOW,6P86FLVAK4sxu8OhyQJBvH,Kaitlyn Aurelia Smith,Tides: Music for Meditation and Yoga,2013-05-01,day,album,9.0,https://i.scdn.co/image/ab67616d0000b27392d68f7ba30b0c4c18c04c63,,,,matched,https://i.scdn.co/image/ab6761610000e5eba26adc44e8b8fc891acdcd85,https://open.spotify.com/artist/6P86FLVAK4sxu8OhyQJBvH
"January 03, 2019",Strangers From the Far East,Khana Bierbood,Alternative,คณะ เบียร์บูด/Khana Bierbood,Thailand,Simon Chandler,"Khana Bierbood, Strangers From the Far East",matched,4IA7bjmFl1cCJ4J0POnKFv,https://open.spotify.com/album/4IA7bjmFl1cCJ4J0POnKFv,2c8aJtxb4DHH8rOBfxwpr7,Khana Bierbood,Strangers from the Far East,2019-01-11,day,album,7.0,https://i.scdn.co/image/ab67616d0000b273532541590928d4d8e9f637bf,,,,matched,https://i.scdn.co/image/ab6761610000e5eb3a8ab8d4fb28522f16ef8789,https://open.spotify.com/artist/2c8aJtxb4DHH8rOBfxwpr7
"December 21, 2018",War in my Pen,MIKE,Hip-Hop/Rap,Independent Artist,"New York, New York",Phillip Mlynar,"MIKE, War in my Pen",matched,78qkOuif081psiMCkmMo4v,https://open.spotify.com/album/78qkOuif081psiMCkmMo4v,1wlzPS1hSNrkriIIwLFTmU,MIKE,War in my Pen,2018-12-21,day,album,13.0,https://i.scdn.co/image/ab67616d0000b2735e6276cc36c19a6eb0b91e97,,,,matched,https://i.scdn.co/image/ab6761610000e5eb592451e2718b94f9c49d2ebe,https://open.spotify.com/artist/1wlzPS1hSNrkriIIwLFTmU
"December 20, 2018","Beats For Brothels, Vol. 4",The Doppelgangaz,Hip-Hop/Rap,Independent Artist,"New York, New York",Jay Balfour,"The Doppelgangaz, Beats For Brothels, Vol. 4",matched,31GPMr2o1p6zPVW947kO6j,https://open.spotify.com/album/31GPMr2o1p6zPVW947kO6j,4J8pjytuR06BizCeBKBIDk,The Doppelgangaz,"Beats for Brothels, Vol. 4",2018-12-14,day,album,20.0,https://i.scdn.co/image/ab67616d0000b2737b0bcd1cffbb15cee4de34be,,,,matched,https://i.scdn.co/image/ab6761610000e5eb026394cca4cbe15e4734a93a,https://open.spotify.com/artist/4J8pjytuR06BizCeBKBIDk
"December 19, 2018",2000 – 2004,Frakkur,Ambient,Independent Artist,"Reykjavík, Iceland",Miles Bowe,"Frakkur, 2000 – 2004",matched,0XEVhUvCuqZpSClREEsVlg,https://open.spotify.com/album/0XEVhUvCuqZpSClREEsVlg,7MsCO5nqwXGWzbEFzpXxMV,Frakkur,2000 - 2004,2018-11-23,day,album,24.0,https://i.scdn.co/image/ab67616d0000b273d8be443dbdf8791c48d5faeb,,,,matched,https://i.scdn.co/image/ab6761610000e5eba949107986f34b4b51623ede,https://open.spotify.com/artist/7MsCO5nqwXGWzbEFzpXxMV
"December 18, 2018",De Bassari Togo,Orchestre Abass,World,Analog Africa,Germany,Dean Van Nguyen,"Orchestre Abass, De Bassari Togo",matched,1iBBiHjMXfiVHRenOTR1TZ,https://open.spotify.com/album/1iBBiHjMXfiVHRenOTR1TZ,5gOueGDeVfDhfpE0jbv0Qo,Orchestre Abass,De Bassari Togo (Analog Africa Dance Edition No. 10),2018-12-14,day,single,6.0,https://i.scdn.co/image/ab67616d0000b2733f724789b1aef184580782cb,,,,matched,https://i.scdn.co/image/ab67616d0000b27396c9a8b21c268d2cc0ac5d36,https://open.spotify.com/artist/5gOueGDeVfDhfpE0jbv0Qo
"December 17, 2018",Universalis,Hammock,Alternative,Independent Artist,"Nashville, Tennessee",Andrew Parks,"Hammock, Universalis",matched,1akyiiCQFxpLTuxjcCVUyg,https://open.spotify.com/album/1akyiiCQFxpLTuxjcCVUyg,0VOR7Ie9xUSb45fzIIVJQ1,Hammock,Universalis,2018-12-07,day,album,11.0,https://i.scdn.co/image/ab67616d0000b273e2e42705d9ef5585256c5634,,,,matched,https://i.scdn.co/image/ab6761610000e5ebbaede86bbfc2bd986d52a681,https://open.spotify.com/artist/0VOR7Ie9xUSb45fzIIVJQ1
"December 14, 2018",Energy Control Center,Bubbha Thomas & The Lightmen,Jazz,Bubbha Thomas &amp; The Lightmen,"Houston, Texas",Phillip Mlynar,"Bubbha Thomas & The Lightmen, Energy Control Center",matched,2iccXt78iAacXm16NNSJjX,https://open.spotify.com/album/2iccXt78iAacXm16NNSJjX,3EB5EOabBQxRo7bSSDfesO,Bubbha Thomas & The Lightmen,Energy Control Center,2018-04-19,day,album,12.0,https://i.scdn.co/image/ab67616d0000b273c2c06eb49b29eaf704f044c7,,,,matched,https://i.scdn.co/image/ab67616d0000b2737ac868a0cef60feab55afc2c,https://open.spotify.com/artist/3EB5EOabBQxRo7bSSDfesO
"December 12, 2018",Fighting for Survival,Yoruba Singers,World,Independent Artist,Guyana,Megan Iacobini de Fazio,"Yoruba Singers, Fighting for Survival",matched,5IKaIkg1XU67qgZllpRAu7,https://open.spotify.com/album/5IKaIkg1XU67qgZllpRAu7,1NDtahEEGoG3oElf8LSPht,Yoruba Singers,Fighting for Survival,2012-08-31,day,album,12.0,https://i.scdn.co/image/ab67616d0000b273c24d82d93588d4a69c1ffeca,,,,matched,https://i.scdn.co/image/ab67616d0000b2738d3b3f1bc12bd1d98cd52a2e,https://open.spotify.com/artist/1NDtahEEGoG3oElf8LSPht
"December 11, 2018",Natural Sci-Fi,Steve Spacek,Electronic,Independent Artist,Australia,Jake Hulyer,"Steve Spacek, Natural Sci-Fi",matched,5nJ6SBCF4V1FUfzUE6wC3W,https://open.spotify.com/album/5nJ6SBCF4V1FUfzUE6wC3W,5IcRvSiReLydKCr56ObWuX,Steve Spacek,Natural Sci-Fi,2018-12-07,day,album,8.0,https://i.scdn.co/image/ab67616d0000b273f0abf670b2b78d24e3625e7a,,,,matched,https://i.scdn.co/image/ab6761610000e5eb4b57f73fcf85225e024cc6ec,https://open.spotify.com/artist/5IcRvSiReLydKCr56ObWuX
"December 10, 2018",WARM,Jeff Tweedy,Rock,Independent Artist,"Chicago, Illinois",Max Savage Levenson,"Jeff Tweedy, WARM",matched,6dsqls3emhakKWVRPHzhtI,https://open.spotify.com/album/6dsqls3emhakKWVRPHzhtI,2rDxtYUzTAYJJE3Bl3Z5IN,Jeff Tweedy,WARM,2018-11-30,day,album,11.0,https://i.scdn.co/image/ab67616d0000b273dafc65416abd4bcf583ec701,,,,matched,https://i.scdn.co/image/ab6761610000e5eb734c4de65b3a168dada1388f,https://open.spotify.com/artist/2rDxtYUzTAYJJE3Bl3Z5IN
"December 07, 2018",Lost Time Behind the Moon,Scott Hirsch,Rock,Independent Artist,"Ojai, California",Allison Hussey,"Scott Hirsch, Lost Time Behind the Moon",matched,2xiazUl5k3FK99ilK1SUV8,https://open.spotify.com/album/2xiazUl5k3FK99ilK1SUV8,6u1qI4cUpJV3UCqZI8lHyT,Scott Hirsch,Lost Time Behind the Moon,2018-12-07,day,album,10.0,https://i.scdn.co/image/ab67616d0000b273242ef15c6de36e416a200669,,,,matched,https://i.scdn.co/image/ab6761610000e5eb6c24aff3524af904c8e74da2,https://open.spotify.com/artist/6u1qI4cUpJV3UCqZI8lHyT
"December 06, 2018",This Band Will Self-Destruct in T-Minus,Th’ Losin Streaks,Rock,Th&#39; Losin Streaks,"Sacramento, California",Doug Wallen,"Th’ Losin Streaks, This Band Will Self-Destruct in T-Minus",matched,1xNDVU4i5QxwgnzYJMeYMu,https://open.spotify.com/album/1xNDVU4i5QxwgnzYJMeYMu,7Hj3waA1iNQIjEZrdBiWtO,Th' Losin Streaks,This Band Will Self-Destruct in T-Minus,2018-12-07,day,album,13.0,https://i.scdn.co/image/ab67616d0000b273e13e544cb310ebad3143c0ab,,,,matched,https://i.scdn.co/image/ab67616d0000b2734ef208d9ec47bb09d523d0cf,https://open.spotify.com/artist/7Hj3waA1iNQIjEZrdBiWtO
"December 05, 2018",Penelope Two,Penelope Trappes,Alternative,Independent Artist,"Brighton, UK",J. Edward Keyes,"Penelope Trappes, Penelope Two",matched,5sxTACwiK4f1vb8liqYNcW,https://open.spotify.com/album/5sxTACwiK4f1vb8liqYNcW,6shE4Y1z4lzRqoDp65XfzT,Penelope Trappes,Penelope Two,2018-10-26,day,album,10.0,https://i.scdn.co/image/ab67616d0000b2737379839bdc0c2dd19c3f2f37,,,,matched,https://i.scdn.co/image/ab6761610000e5eb3c0acec00e41a458911ae5f2,https://open.spotify.com/artist/6shE4Y1z4lzRqoDp65XfzT
"December 04, 2018",Turntables on the Hudson 20 Year Anniversary,Various Artists,World,Nickodemus,"Brooklyn, New York",Amaya Garcia,"Various Artists, Turntables on the Hudson 20 Year Anniversary",matched,5sgsO9BDA1z8DTNa5kXIkv,https://open.spotify.com/album/5sgsO9BDA1z8DTNa5kXIkv,0LyfQWJT6nXafLPZqxe9Of,Various Artists,Turntables on the Hudson: Twenty Years of Good Vibes (20 Year Anniversary),2018-12-07,day,compilation,20.0,https://i.scdn.co/image/ab67616d0000b273e1f99effcbc698cf16d0cea4,,,,matched,https://i.scdn.co/image/ab6761610000e5eb6b134287e3095d2c84b7932a,https://open.spotify.com/artist/0LyfQWJT6nXafLPZqxe9Of
"December 03, 2018",In the Senses,Filmico,Ambient,Independent Artist,Argentina,Miles Bowe,"Filmico, In the Senses",matched,0ZCHBAJKujUSNhgrFUct9H,https://open.spotify.com/album/0ZCHBAJKujUSNhgrFUct9H,3DaKxdqmaNdyA8Sex3nVhx,Filmico,In the Senses,2018-12-07,day,album,13.0,https://i.scdn.co/image/ab67616d0000b273d5366c69d6dc27d9201ebe55,,,,matched,https://i.scdn.co/image/ab6761610000e5eb4a20b13bd616503a80908601,https://open.spotify.com/artist/3DaKxdqmaNdyA8Sex3nVhx
"November 30, 2018",Let Pain Be Your Guide,Portrayal of Guilt,Metal,portrayal of guilt,"Austin, Texas",Zoe Camp,"Portrayal of Guilt, Let Pain Be Your Guide",matched,6rI4QJC5BLDTJ6ViehvaF6,https://open.spotify.com/album/6rI4QJC5BLDTJ6ViehvaF6,1Uwe1MbiKnPHAFh3qMWuNp,Portrayal of Guilt,Let Pain Be Your Guide,2018-11-16,day,album,10.0,https://i.scdn.co/image/ab67616d0000b273d96fec942abd8ef555ecaafc,,,,matched,https://i.scdn.co/image/ab6761610000e5eb630ccf1e411c73d472cf73f9,https://open.spotify.com/artist/1Uwe1MbiKnPHAFh3qMWuNp
"November 29, 2018",From Nubia to Cairo,Ali Hassan Kuban,World,Independent Artist,"Straße, Egypt",Richard Gehr,"Ali Hassan Kuban, From Nubia to Cairo",matched,3a1dswo4gx3RMO431Qe8w7,https://open.spotify.com/album/3a1dswo4gx3RMO431Qe8w7,4dVQ9H8M0hxoRqAsnCGnMm,Ali Hassan Kuban,From Nubia to Cairo,2018-11-16,day,album,7.0,https://i.scdn.co/image/ab67616d0000b2735ba3880aa0f90ccfa42a9ae4,,,,matched,https://i.scdn.co/image/ab6761610000e5eba50da836fea14487b8b3937b,https://open.spotify.com/artist/4dVQ9H8M0hxoRqAsnCGnMm
"November 27, 2018",The Terror End of Beauty,Harriet Tubman,Jazz,Independent Artist,"New York, New York",Brad Cohan,"Harriet Tubman, The Terror End of Beauty",matched,1G1kJ8JSz55t8zKTKV5JpM,https://open.spotify.com/album/1G1kJ8JSz55t8zKTKV5JpM,7MSEswUtGkyoRfTJq1OqH4,Harriet Tubman,The Terror End Of Beauty,2018-11-23,day,album,10.0,https://i.scdn.co/image/ab67616d0000b2735a22b4bba6695b3e363eb70c,,,,matched,https://i.scdn.co/image/fde0714c2caa884a62429d3ed93c122d0813d8e3,https://open.spotify.com/artist/7MSEswUtGkyoRfTJq1OqH4
"November 26, 2018",Brainfeeder X,Various Artists,Electronic,Brainfeeder,"Los Angeles, California",Max Bell,"Various Artists, Brainfeeder X",matched,3o2065Z31P88vws4lA3cc4,https://open.spotify.com/album/3o2065Z31P88vws4lA3cc4,0LyfQWJT6nXafLPZqxe9Of,Various Artists,Brainfeeder X,2018-11-16,day,compilation,36.0,https://i.scdn.co/image/ab67616d0000b273e494e5efdfc95a15d2276bbf,,,,matched,https://i.scdn.co/image/ab6761610000e5eb6b134287e3095d2c84b7932a,https://open.spotify.com/artist/0LyfQWJT6nXafLPZqxe9Of
"November 21, 2018",Unusual Sounds,Various Artists,Funk,Anthology Recordings,"Brooklyn, New York",J. Edward Keyes,"Various Artists, Unusual Sounds",matched,60Er6BAGhDFbo3BCPhxp3A,https://open.spotify.com/album/60Er6BAGhDFbo3BCPhxp3A,0LyfQWJT6nXafLPZqxe9Of,Various Artists,Unusual Sounds,2018-11-09,day,compilation,16.0,https://i.scdn.co/image/ab67616d0000b2734e9129dc4ab034d59b5362e3,,,,matched,https://i.scdn.co/image/ab6761610000e5eb6b134287e3095d2c84b7932a,https://open.spotify.com/artist/0LyfQWJT6nXafLPZqxe9Of
"November 20, 2018",Malik Ruff,Quadry,Hip-Hop/Rap,Independent Artist,"Baton Rouge, Louisiana",Nate Patrin,"Quadry, Malik Ruff",matched,5zfjbbRoQxTxsLXlQREJoK,https://open.spotify.com/album/5zfjbbRoQxTxsLXlQREJoK,2pzBpiI8GzFAEauiwvjVsR,Quadry,Malik Ruff,2018-11-02,day,album,13.0,https://i.scdn.co/image/ab67616d0000b273bc3dac1ee29923be5c859d29,,,,matched,https://i.scdn.co/image/ab6761610000e5ebca8c41748d3813eebd4287c7,https://open.spotify.com/artist/2pzBpiI8GzFAEauiwvjVsR
"November 19, 2018",From the Dirt,Waajeed,Electronic,Independent Artist,"Detroit, Michigan",Gus Navarro,"Waajeed, From the Dirt",no_match,,,,,,,,,,,,,,,,
"November 16, 2018",Black Velvet,Charles Bradley,R&amp;B/Soul,Independent Artist,"Brooklyn, New York",Max Savage Levenson,"Charles Bradley, Black Velvet",matched,7g2c9X1xsOSqKDBOtQHrWY,https://open.spotify.com/album/7g2c9X1xsOSqKDBOtQHrWY,462T0buQ5ScBUQCRpodDRf,Charles Bradley,Black Velvet,2018-11-09,day,album,9.0,https://i.scdn.co/image/ab67616d0000b273bf6ed94be0c4149e6463a1ca,,,,matched,https://i.scdn.co/image/ab6761610000e5eb5b855b0ad3f90d4addabf7f2,https://open.spotify.com/artist/462T0buQ5ScBUQCRpodDRf
"November 15, 2018",Cosmovore,Ulthar,Metal,20 Buck Spin,"Pittsburgh, Pennsylvania",Kim Kelly,"Ulthar, Cosmovore",matched,5psa9YdAAHq1Tw108TeRZc,https://open.spotify.com/album/5psa9YdAAHq1Tw108TeRZc,6s1hQzoXYdEjYdJiHbu1iZ,Ulthar,Cosmovore,2018-11-09,day,album,6.0,https://i.scdn.co/image/ab67616d0000b273e7015d64b5023d5efc34aac9,,,,matched,https://i.scdn.co/image/ab6761610000e5ebc8975475e50a3547f967e71a,https://open.spotify.com/artist/6s1hQzoXYdEjYdJiHbu1iZ
"November 14, 2018","Jazz, Jazz, Jazz",The Scorpions & Saif Abu Bakr,Jazz,Habibi Funk Records,"Berlin, Germany",Dean Van Nguyen,"The Scorpions & Saif Abu Bakr, Jazz, Jazz, Jazz",no_match,,,,,,,,,,,,,,,,
"November 13, 2018",Lover Chanting EP,Little Dragon,Experimental,Independent Artist,"Gothenburg, Sweden",Eric R. Danton,"Little Dragon, Lover Chanting EP",matched,62qMaZERK3xLfIHp8m6iHN,https://open.spotify.com/album/62qMaZERK3xLfIHp8m6iHN,6Tyzp9KzpiZ04DABQoedps,Little Dragon,Lover Chanting EP,2018-11-09,day,single,4.0,https://i.scdn.co/image/ab67616d0000b273d79901af0e9bce98f284defc,,,,matched,https://i.scdn.co/image/ab6761610000e5eb15f9f1a4c029e472affd6d8a,https://open.spotify.com/artist/6Tyzp9KzpiZ04DABQoedps
"November 09, 2018",Une Vie Cent Détours,Cosmic Analog Ensemble,Experimental,My Bags,"Messac, France",Will Schube,"Cosmic Analog Ensemble, Une Vie Cent Détours",matched,4CCspqaJnZlnyNklIGGlVD,https://open.spotify.com/album/4CCspqaJnZlnyNklIGGlVD,477PPCXcCS9mi3lRRnudCq,Cosmic Analog Ensemble,Une Vie Cent Detours,2018-10-21,day,album,14.0,https://i.scdn.co/image/ab67616d0000b2739a126c4bd8e59338dd2f6eea,,,,matched,https://i.scdn.co/image/ab6761610000e5eb631413bf4bd4b2be8451739c,https://open.spotify.com/artist/477PPCXcCS9mi3lRRnudCq
"November 08, 2018",Fill in the Blank,Kev Brown,Hip-Hop/Rap,KEV BROWN,"Greater Landover, Maryland",Marcus J. Moore,"Kev Brown, Fill in the Blank",no_match,,,,,,,,,,,,,,,,
"November 07, 2018",Moths,Moths,Metal,MOTHS,"San Juan, Puerto Rico",Gabriel Serrano Denis,"Moths, Moths",matched,7405uoN91PnIf9B9r8xmM1,https://open.spotify.com/album/7405uoN91PnIf9B9r8xmM1,4AjGhQCCyOseKcUC5O1U7b,Marisa And The Moths,Marisa And The Moths (Deluxe Edition),2020-06-06,day,album,16.0,https://i.scdn.co/image/ab67616d0000b273d7d4e9a8e61b1c4a76f1935a,,,,matched,https://i.scdn.co/image/ab6761610000e5eb4045335e6a4234e31cac258e,https://open.spotify.com/artist/4AjGhQCCyOseKcUC5O1U7b
"November 06, 2018",Examples Volume Two,Eric Lau,Hip-Hop/Rap,Independent Artist,"London, UK",Jake Hulyer,"Eric Lau, Examples Volume Two",no_match,,,,,,,,,,,,,,,,
"November 02, 2018",The Garner Poems,Mourning [A] BLKstar,Funk,Electric Cowbell Records,"Washington, D.C.",Jesse Bernard,"Mourning [A] BLKstar, The Garner Poems",matched,2a7U8YKSNHxqQaQKlCiKFO,https://open.spotify.com/album/2a7U8YKSNHxqQaQKlCiKFO,3d7JKcEcThVS0eNAMvsmtY,Mourning [A] BLKstar,The Garner Poems,2018-10-26,day,album,10.0,https://i.scdn.co/image/ab67616d0000b2734a65682845d1b8ade08b6153,,,,matched,https://i.scdn.co/image/ab6772690000c46c27d0d6af21785855da5d2e6f,https://open.spotify.com/artist/3d7JKcEcThVS0eNAMvsmtY
"November 01, 2018",First Love 初恋 : Debut Album and Demo Tracks,Space Streakings,Experimental,Independent Artist,"Tokyo, Japan",Zoe Camp,"Space Streakings, First Love 初恋 : Debut Album and Demo Tracks",no_match,,,,,,,,,,,,,,,,
"October 31, 2018",The One,Will Sessions & Amp Fiddler ft. Dames Brown,Funk,Will Sessions,"Detroit, Michigan",Dean Van Nguyen,"Will Sessions & Amp Fiddler ft. Dames Brown, The One",no_match,,,,,,,,,,,,,,,,
"October 30, 2018",Childqueen Outtakes,Kadhja Bonet,R&amp;B/Soul,Independent Artist,"Toronto, Ontario",Marcus J. Moore,"Kadhja Bonet, Childqueen Outtakes",matched,5DBp30tDVgskvi4q1ykiGp,https://open.spotify.com/album/5DBp30tDVgskvi4q1ykiGp,6sqZoZxe9BQwk7Zxh6STfF,Kadhja Bonet,Childqueen Outtakes,2018-10-17,day,single,3.0,https://i.scdn.co/image/ab67616d0000b273f3f24b79b2a76608b2ad2090,,,,matched,https://i.scdn.co/image/ab6761610000e5eb2a6e95fbaa72eea31aab5fdc,https://open.spotify.com/artist/6sqZoZxe9BQwk7Zxh6STfF
"October 29, 2018",What Happens When I Try To Relax,Open Mike Eagle,Hip-Hop/Rap,Independent Artist,Los Angeles,Ben Grenrock,"Open Mike Eagle, What Happens When I Try To Relax",matched,0A92L1Hi5oydYcILnybAj4,https://open.spotify.com/album/0A92L1Hi5oydYcILnybAj4,5CuU6SRJjbbZL926nSGGxX,Open Mike Eagle,What Happens When I Try to Relax,2018-10-19,day,single,6.0,https://i.scdn.co/image/ab67616d0000b2730fe02a5b654824f1ec5ba075,,,,matched,https://i.scdn.co/image/ab6761610000e5eb96826659fcdac3bd12fea8a8,https://open.spotify.com/artist/5CuU6SRJjbbZL926nSGGxX
"October 26, 2018",Alone At Last,Tasha,Alternative,Independent Artist,"New York, New York",Amaya Garcia,"Tasha, Alone At Last",matched,7qBbibZwuwiHyaDwj0mreo,https://open.spotify.com/album/7qBbibZwuwiHyaDwj0mreo,4ZbFpxbORhzU78ve8e62Ej,Tasha,Alone at Last,2018-10-26,day,album,7.0,https://i.scdn.co/image/ab67616d0000b2737306b5ecd4012905d75300c5,,,,matched,https://i.scdn.co/image/ab6761610000e5ebb167ae4305547eabc07ae4c4,https://open.spotify.com/artist/4ZbFpxbORhzU78ve8e62Ej
"October 25, 2018",Unreality,SRSQ,Alternative,Independent Artist,"Los Angeles, California",JJ Skolnik,"SRSQ, Unreality",matched,5XJJUgKlsOizy8ACjOUDfG,https://open.spotify.com/album/5XJJUgKlsOizy8ACjOUDfG,7oTWrSAsrqQnBE1LRUBZPE,SRSQ,Unreality,2018-10-26,day,album,8.0,https://i.scdn.co/image/ab67616d0000b2730ea50697ab97e19e51a06a70,,,,matched,https://i.scdn.co/image/ab6761610000e5eb231b5f4b74ec3c60ad8b2d14,https://open.spotify.com/artist/7oTWrSAsrqQnBE1LRUBZPE
"October 24, 2018",Humble Pi,Homeboy Sandman & Edan,Hip-Hop/Rap,Homeboy Sandman &amp; Edan,"New York, New York",Nate Patrin,"Homeboy Sandman & Edan, Humble Pi",no_match,,,,,,,,,,,,,,,,
"October 23, 2018",Us,Empress Of,Pop,Independent Artist,"Brooklyn, New York",Amaya Garcia,"Empress Of, Us",matched,1cI7nJzWzxpzri0qnc71pH,https://open.spotify.com/album/1cI7nJzWzxpzri0qnc71pH,5QuBVnBPEzwYvFrgBbwpmU,Empress Of,Us,2018-10-19,day,album,10.0,https://i.scdn.co/image/ab67616d0000b2732e5a394548797ae5ba5e4307,,,,matched,https://i.scdn.co/image/ab6761610000e5ebf345fe810d0e0e3a1879e157,https://open.spotify.com/artist/5QuBVnBPEzwYvFrgBbwpmU
"October 22, 2018",Broken Politics,Neneh Cherry,Pop,Independent Artist,Sweden,Joe Muggs,"Neneh Cherry, Broken Politics",matched,6u8U2RICI3IGFr1Pyn7SBE,https://open.spotify.com/album/6u8U2RICI3IGFr1Pyn7SBE,3JxCEqL9zjKnDJgUhRuRJD,Neneh Cherry,Broken Politics,2018-10-19,day,album,12.0,https://i.scdn.co/image/ab67616d0000b2732d607903276a7e68b18c9391,,,,matched,https://i.scdn.co/image/ab6761610000e5eb72aecba283cf67c2f058980e,https://open.spotify.com/artist/3JxCEqL9zjKnDJgUhRuRJD
"October 19, 2018",Warzone,Yoko Ono,Alternative,Independent Artist,"New York, New York",Jordan Reyes,"Yoko Ono, Warzone",matched,5EvPFlJpDNTJ6qFMiEJnwH,https://open.spotify.com/album/5EvPFlJpDNTJ6qFMiEJnwH,2s4tjL6W3qrblOe0raIzwJ,Yoko Ono,WARZONE,2018-10-19,day,album,13.0,https://i.scdn.co/image/ab67616d0000b273d2e3a48f140f1dd21ae2e282,,,,matched,https://i.scdn.co/image/ab6761610000e5eb5b915a74eb7b513baf65e2d7,https://open.spotify.com/artist/2s4tjL6W3qrblOe0raIzwJ
"October 18, 2018",happy little trees,Kenny Segal,Hip-Hop/Rap,Independent Artist,"Los Angeles, California",Blake Gillespie,"Kenny Segal, happy little trees",matched,3CVZrTJj9MPFOCOqaoZXNo,https://open.spotify.com/album/3CVZrTJj9MPFOCOqaoZXNo,13vr2QqzoWOWDyaAZDuEGO,Kenny Segal,happy little trees,2018-10-19,day,album,11.0,https://i.scdn.co/image/ab67616d0000b273012d193e7b4fbf4aa9cacb52,,,,matched,https://i.scdn.co/image/ab6761610000e5eb99f7da5f45fa0f1bd1be57a7,https://open.spotify.com/artist/13vr2QqzoWOWDyaAZDuEGO
"October 17, 2018",Revolution,Daniel Crawford,R&amp;B/Soul,Independent Artist,"Los Angeles, California",Chaka V. Grier,"Daniel Crawford, Revolution",matched,4uWuxhr4Gvf2Pj8ZBZvJKn,https://open.spotify.com/album/4uWuxhr4Gvf2Pj8ZBZvJKn,2LKnipTOJ6jcfSrgMQYZlh,Daniel Crawford,Revolution,2018-10-16,day,album,13.0,https://i.scdn.co/image/ab67616d0000b2739907d6a4d6e48316cafca168,,,,matched,https://i.scdn.co/image/ab6761610000e5eb68604d2e27d3349fa0ec39e5,https://open.spotify.com/artist/2LKnipTOJ6jcfSrgMQYZlh
"October 16, 2018",Virus.DOS,Master Boot Record,Electronic,MASTER BOOT RECORD,"Rome, Italy",Andrew Parks,"Master Boot Record, Virus.DOS",matched,6ElO2C628e79gXaKtlp5WD,https://open.spotify.com/album/6ElO2C628e79gXaKtlp5WD,77s5NAGQbxu8oLstaqSwHE,MASTER BOOT RECORD,Virus.Dos,2018-10-05,day,album,7.0,https://i.scdn.co/image/ab67616d0000b2739d8487ecb691594f606b2ac2,,,,matched,https://i.scdn.co/image/ab6761610000e5eb152905907abce8efe58481c6,https://open.spotify.com/artist/77s5NAGQbxu8oLstaqSwHE
"October 15, 2018",Deal Thy Fate,Album Of The Day: Castle,Metal,Ripple Music,"San Ramon, California",Zoe Camp,"Album Of The Day: Castle, Deal Thy Fate",no_match,,,,,,,,,,,,,,,,
"October 12, 2018",System,Trevor Jackson,Electronic,Independent Artist,"London, UK",Joe Muggs,"Trevor Jackson, System",matched,4lLyrjb6mMLEJn1IB4Kyr5,https://open.spotify.com/album/4lLyrjb6mMLEJn1IB4Kyr5,5hv2fNEDLZ3qB1War7mVlo,Trevor Jackson,System,2018-09-28,day,album,8.0,https://i.scdn.co/image/ab67616d0000b273982267151b4430a8a7c140c1,,,,matched,https://i.scdn.co/image/9dad45976d55e1cbd708974e183db5d5ff9a32aa,https://open.spotify.com/artist/5hv2fNEDLZ3qB1War7mVlo
"October 11, 2018",La Maison Noir,Petite Noir,Experimental,Independent Artist,"Cape Town, South Africa",Marcus J. Moore,"Petite Noir, La Maison Noir",matched,5WTI7yxnyj5bjRCwBs66jY,https://open.spotify.com/album/5WTI7yxnyj5bjRCwBs66jY,4dGwtd1FYag1VY1vaR1U8y,Petite Noir,La Maison Noir / The Black House,2018-10-05,day,single,6.0,https://i.scdn.co/image/ab67616d0000b273a212d3a15d8af682af6c05d3,,,,matched,https://i.scdn.co/image/ab6761610000e5ebdf80b49d3a55ff00abf746cf,https://open.spotify.com/artist/4dGwtd1FYag1VY1vaR1U8y
"October 10, 2018",Autobiography,Jlin,Electronic,Independent Artist,"Gary, Indiana",Will Schube,"Jlin, Autobiography",matched,1VHVQvbgMDyZ7vlWKZGCio,https://open.spotify.com/album/1VHVQvbgMDyZ7vlWKZGCio,23QKqAkKwti9zBiac6RFBA,Jlin,Autobiography (Music from Wayne McGregor's Autobiography),2018-09-28,day,album,13.0,https://i.scdn.co/image/ab67616d0000b27337b537b72cfecee01c082968,,,,matched,https://i.scdn.co/image/ab6761610000e5ebff2eee5d6eb0fd9f2c8d0039,https://open.spotify.com/artist/23QKqAkKwti9zBiac6RFBA
"October 05, 2018",Helltown,Electric Citizen,Metal,Independent Artist,"Cincinnati, Ohio",Zachary Lipez,"Electric Citizen, Helltown",matched,1lwbBv7MubKCFNX8xana9y,https://open.spotify.com/album/1lwbBv7MubKCFNX8xana9y,4Cym4Hrc1wHY99UqoVQ8zZ,electric citizen,Helltown,2018-09-28,day,album,9.0,https://i.scdn.co/image/ab67616d0000b2735c63d0f16c39867ffd3118de,,,,matched,https://i.scdn.co/image/ab6761610000e5eb68b02560480c4f9b290c437a,https://open.spotify.com/artist/4Cym4Hrc1wHY99UqoVQ8zZ
"October 04, 2018",Soft Hell,Pill,Alternative,Independent Artist,"New York, New York",Annie Zaleski,"Pill, Soft Hell",matched,1hyTJBqKA3G70wpvNbBg1U,https://open.spotify.com/album/1hyTJBqKA3G70wpvNbBg1U,6E16nSEJi8onSUTrpY8asH,Pill,Soft Hell,2019-05-18,day,album,12.0,https://i.scdn.co/image/ab67616d0000b27348d8c304f5a93d2f98521bd3,,,,matched,https://i.scdn.co/image/ab6761610000e5eb259c7d59f696fb24a3f42c9c,https://open.spotify.com/artist/6E16nSEJi8onSUTrpY8asH
"October 03, 2018",For My Crimes,Marissa Nadler,Folk,Independent Artist,"Nashville, Tennessee",Dean Van Nguyen,"Marissa Nadler, For My Crimes",matched,5nZC2nks7FBdA441SXLAM0,https://open.spotify.com/album/5nZC2nks7FBdA441SXLAM0,5zjaF8JUdylMWrA7AVo3hJ,Marissa Nadler,For My Crimes,2018-09-28,day,album,11.0,https://i.scdn.co/image/ab67616d0000b27335fa0931f403af215d33dc1c,,,,matched,https://i.scdn.co/image/ab6761610000e5eb769e2648bdad94288e3c7a75,https://open.spotify.com/artist/5zjaF8JUdylMWrA7AVo3hJ
"October 02, 2018",Moontribe,Moontribe,World,Fortuna Records,"Tel Aviv, Israel",Megan Iacobini de Fazio,"Moontribe, Moontribe",matched,1WEIu8K57cwKRbQNsAal8v,https://open.spotify.com/album/1WEIu8K57cwKRbQNsAal8v,4eyLxUeRDhzbtBeBU7BAG1,Moontribe,Moontribe,2018-09-28,day,album,7.0,https://i.scdn.co/image/ab67616d0000b273fb91e90c026d1af1decf54f4,,,,matched,https://i.scdn.co/image/ab67616d0000b273fb91e90c026d1af1decf54f4,https://open.spotify.com/artist/4eyLxUeRDhzbtBeBU7BAG1
"October 01, 2018",Future Bubblers 2.0,Various Artists,Electronic,Future Bubblers,"London, UK",Joe Muggs,"Various Artists, Future Bubblers 2.0",no_match,,,,,,,,,,,,,,,,
"September 28, 2018",Low,Jansport J,Hip-Hop/Rap,Independent Artist,"Los Angeles, California",Jesse Fairfax,"Jansport J, Low",matched,5eR8k8olud3v2hAP0JcyYK,https://open.spotify.com/album/5eR8k8olud3v2hAP0JcyYK,23lJNrVQNbmohxsZZylJgY,Jansport J,Low,2018-09-28,day,album,21.0,https://i.scdn.co/image/ab67616d0000b273ccb3ebe2ca665d81a3f772ab,,,,matched,https://i.scdn.co/image/ab6761610000e5eb74c6c88ebe92de8c96e394be,https://open.spotify.com/artist/23lJNrVQNbmohxsZZylJgY
"September 27, 2018",Thunder Follows the Light,Mutual Benefit,Alternative,mutual benefit,"Brooklyn, New York",Allison Hussey,"Mutual Benefit, Thunder Follows the Light",matched,0mfWe1yl49IvELjU9eWq5R,https://open.spotify.com/album/0mfWe1yl49IvELjU9eWq5R,0AUwa5xmiy57qdGlOksvea,Mutual Benefit,Thunder Follows the Light,2018-09-21,day,album,10.0,https://i.scdn.co/image/ab67616d0000b273f9435b46ed3808bd90fd6167,,,,matched,https://i.scdn.co/image/ab6761610000e5eb92b33cf89cc089617172a0d6,https://open.spotify.com/artist/0AUwa5xmiy57qdGlOksvea
"September 26, 2018",Burnt Sugar,Gouge Away,Punk,Independent Artist,"Fort Lauderdale, Florida",Michael Siebert,"Gouge Away, Burnt Sugar",matched,2hRFrwaBSK3IdR1ahR7ajj,https://open.spotify.com/album/2hRFrwaBSK3IdR1ahR7ajj,1Gi5tHYi0ptGG0G3tX9PkU,Gouge Away,Burnt Sugar,2018-09-28,day,album,11.0,https://i.scdn.co/image/ab67616d0000b273874ec2dace1e0fef93494954,,,,matched,https://i.scdn.co/image/ab6761610000e5eb6a60cebc22318c019d68f14c,https://open.spotify.com/artist/1Gi5tHYi0ptGG0G3tX9PkU
"September 25, 2018",African Rhythms,Oneness of Juju,Funk,Independent Artist,"Richmond, Virginia",Dean Van Nguyen,"Oneness of Juju, African Rhythms",matched,5By1WjsMoJeI3qrFb4k8VB,https://open.spotify.com/album/5By1WjsMoJeI3qrFb4k8VB,4ALwsFQJ7K7X4CowneIqsc,Oneness Of Juju,African Rhythms,2018-09-21,day,album,12.0,https://i.scdn.co/image/ab67616d0000b273d22a0336e099c261f7a0f7d4,,,,matched,https://i.scdn.co/image/ab6772690000c46c2ede245b14327102a8093854,https://open.spotify.com/artist/4ALwsFQJ7K7X4CowneIqsc
"September 21, 2018",Shelley’s on Zenn-La,Oliver Coates,Electronic,Independent Artist,"Glasgow, UK",Adam Badí Donoval,"Oliver Coates, Shelley’s on Zenn-La",matched,66SQ6MmErubBKSzojD0HdO,https://open.spotify.com/album/66SQ6MmErubBKSzojD0HdO,2jToqK8MU3rtt0DYrgCIXM,Oliver Coates,Shelley's on Zenn-La,2018-09-07,day,album,8.0,https://i.scdn.co/image/ab67616d0000b273400a236ad67c4cef52677096,,,,matched,https://i.scdn.co/image/ab6761610000e5eb97334ebe0011aa4ec2d62d67,https://open.spotify.com/artist/2jToqK8MU3rtt0DYrgCIXM
"September 20, 2018",Further Still,Bosse-de-Nage,Metal,Independent Artist,,Michael Siebert,"Bosse-de-Nage, Further Still",matched,0W4VAkbvE6r9mAVaNPCURd,https://open.spotify.com/album/0W4VAkbvE6r9mAVaNPCURd,7o1sULgHxbBDdUnK95tewd,Bosse-de-Nage,Further Still,2018-09-14,day,album,9.0,https://i.scdn.co/image/ab67616d0000b2733e43a9528ca6dd98ab3c51ee,,,,matched,https://i.scdn.co/image/ab6761610000e5ebfaa3ab6937e85a16e585c8d9,https://open.spotify.com/artist/7o1sULgHxbBDdUnK95tewd
"September 19, 2018",This Behavior,ADULT.,Electronic,Independent Artist,"Detroit, Michigan",Daniel Dylan Wray,"ADULT., This Behavior",matched,3Dnou6IZo3fBDhJ0Dg4T1n,https://open.spotify.com/album/3Dnou6IZo3fBDhJ0Dg4T1n,2jh27vMWRDaPgtwvluMomC,ADULT.,This Behavior,2018-09-07,day,album,10.0,https://i.scdn.co/image/ab67616d0000b273ec4d6304d35c0aa90f5443d6,,,,matched,https://i.scdn.co/image/ab6761610000e5eb5258c93247c865b1049c5f99,https://open.spotify.com/artist/2jh27vMWRDaPgtwvluMomC
"September 18, 2018",Room 25,Noname,Hip-Hop/Rap,Independent Artist,"Chicago, Illinois",Marcus J. Moore,"Noname, Room 25",matched,5GV2nBx7O67vu9NYHbMfXl,https://open.spotify.com/album/5GV2nBx7O67vu9NYHbMfXl,1EpyA68dKpjf7jXmQL88Hy,Noname,Room 25,2018-09-14,day,album,11.0,https://i.scdn.co/image/ab67616d0000b273f65df5cd2490bff182ddd2fd,,,,matched,https://i.scdn.co/image/ab6761610000e5ebff06bac9abd774f452ee4fbe,https://open.spotify.com/artist/1EpyA68dKpjf7jXmQL88Hy
"September 17, 2018",Rockers From the Land of Reggae,I-Mo-Jah,Reggae,Pressure Sounds,"England, UK",J. Edward Keyes,"I-Mo-Jah, Rockers From the Land of Reggae",matched,0RBWU84B0W34ZwWwtRs927,https://open.spotify.com/album/0RBWU84B0W34ZwWwtRs927,3uGPVlELYjeBNMdYhcFfyy,I-Mo-Jah,Rockers From The Land of Reggae,2018-08-31,day,album,11.0,https://i.scdn.co/image/ab67616d0000b27383ac72e785c94135ca255af1,,,,matched,https://i.scdn.co/image/ab67616d0000b27383ac72e785c94135ca255af1,https://open.spotify.com/artist/3uGPVlELYjeBNMdYhcFfyy
"September 14, 2018",Find Us When U Get There,Scott Xylo,Funk,Independent Artist,"Leicester, UK",Martin Aston,"Scott Xylo, Find Us When U Get There",matched,6y5FNAS9koCD1TPZdE0Ur2,https://open.spotify.com/album/6y5FNAS9koCD1TPZdE0Ur2,6RSeezU1HMufy7b8swygvR,Scott Xylo,Find Us When U Get There,2018-09-07,day,album,7.0,https://i.scdn.co/image/ab67616d0000b27390cd95b9d6d5672d3114a567,,,,matched,https://i.scdn.co/image/ab6761610000e5eb287b7f476680dca19c8b0ba8,https://open.spotify.com/artist/6RSeezU1HMufy7b8swygvR
"September 13, 2018",Dur-Dur of Somalia – Volume 1 & Volume 2,Dur-Dur Band,Funk,Analog Africa,Germany,Megan Iacobini de Fazio,"Dur-Dur Band, Dur-Dur of Somalia – Volume 1 & Volume 2",no_match,,,,,,,,,,,,,,,,
"September 12, 2018",Render Another Ugly Method,Mothers,Rock,Independent Artist,"Philadelphia, Pennsylvania",Eric R. Danton,"Mothers, Render Another Ugly Method",matched,3Kox52zVsSJ981xD9kKOQW,https://open.spotify.com/album/3Kox52zVsSJ981xD9kKOQW,0aeq6izGKdpdcBUkXGCHXv,Mothers,Render Another Ugly Method,2018-09-07,day,album,11.0,https://i.scdn.co/image/ab67616d0000b2735526364338312ddddf3971c9,,,,matched,https://i.scdn.co/image/ab6761610000e5eb5347f44842c57fc7b4b45f1d,https://open.spotify.com/artist/0aeq6izGKdpdcBUkXGCHXv
"September 11, 2018",Kingdoms in Colour,Maribou State,Electronic,Independent Artist,"London, UK",Amaya Garcia,"Maribou State, Kingdoms in Colour",matched,70FGsJuLXPQHYdKmEZZFq9,https://open.spotify.com/album/70FGsJuLXPQHYdKmEZZFq9,7zrkALJ9ayRjzysp4QYoEg,Maribou State,Kingdoms In Colour,2018-09-07,day,album,13.0,https://i.scdn.co/image/ab67616d0000b2738a6a84a8365621d035de6147,,,,matched,https://i.scdn.co/image/ab6761610000e5eb68398569d96f20bb6ba6ac0d,https://open.spotify.com/artist/7zrkALJ9ayRjzysp4QYoEg
"September 10, 2018",Events Score,Daniel Davies,Electronic,Independent Artist,"Los Angeles, California",Miles Bowe,"Daniel Davies, Events Score",matched,6UmoT1azWGzOGAIEFtPlcL,https://open.spotify.com/album/6UmoT1azWGzOGAIEFtPlcL,0YaDmIGxP3HVcH7xvkpvSP,Daniel Davies,Events Score,2018-08-31,day,album,8.0,https://i.scdn.co/image/ab67616d0000b273941ecc9655d9be3904aa534b,,,,matched,https://i.scdn.co/image/ab6761610000e5eb720350142905f5b72252ac33,https://open.spotify.com/artist/0YaDmIGxP3HVcH7xvkpvSP
"September 07, 2018",Magus,Thou,Metal,Independent Artist,"Baton Rouge, Louisiana",Ashley Naftule,"Thou, Magus",matched,1SGPW1Rxdi33IkHi7mlwZV,https://open.spotify.com/album/1SGPW1Rxdi33IkHi7mlwZV,4KoZpKiPeX4jIi7Euwcfuo,Thou,Magus,2018-08-31,day,album,11.0,https://i.scdn.co/image/ab67616d0000b2731f5713c7739bed37192cd071,,,,matched,https://i.scdn.co/image/ab6761610000e5eb40b0465fe3765cb99e3d42cd,https://open.spotify.com/artist/4KoZpKiPeX4jIi7Euwcfuo
"September 06, 2018",New Hymn to Freedom,Szun Waves,Jazz,Independent Artist,"London, UK",Dave Sumner,"Szun Waves, New Hymn to Freedom",matched,6AJssUzYYF3qKJGKvieUYM,https://open.spotify.com/album/6AJssUzYYF3qKJGKvieUYM,0UovNspE5r3Cxdsok7ZUp1,Szun Waves,New Hymn to Freedom,2018-08-31,day,album,6.0,https://i.scdn.co/image/ab67616d0000b2731bef26b373b0b60e8a1aafd8,,,,matched,https://i.scdn.co/image/ab6761610000e5eb770e5470dd94cc1cfd1ab346,https://open.spotify.com/artist/0UovNspE5r3Cxdsok7ZUp1
"September 05, 2018",Melondrama,Cale Sexton,Electronic,Independent Artist,"Melbourne, Australia",Miles Bowe,"Cale Sexton, Melondrama",matched,4bfl0W54cGALaPiGaIU4D4,https://open.spotify.com/album/4bfl0W54cGALaPiGaIU4D4,1QZxfUfhGyMejQCYG5KsYD,Cale Sexton,Melondrama,2018-08-24,day,album,9.0,https://i.scdn.co/image/ab67616d0000b27390fa360746e17295154328ba,,,,matched,https://i.scdn.co/image/ab67616d0000b27390fa360746e17295154328ba,https://open.spotify.com/artist/1QZxfUfhGyMejQCYG5KsYD
"September 04, 2018",I’m Reliving the End Over and Over and Over Again and Its Only the Beginning,Risa Rubin,Alternative,Independent Artist,"Chicago, Illinois",Mariana Timony,"Risa Rubin, I’m Reliving the End Over and Over and Over Again and Its Only the Beginning",no_match,,,,,,,,,,,,,,,,
"August 31, 2018",Joy As An Act of Resistance.,Idles,Punk,IDLES,"Bristol, UK",Fergal Kenney,"Idles, Joy As An Act of Resistance.",matched,2JLMlrYV74wjlOqgsm2hfX,https://open.spotify.com/album/2JLMlrYV74wjlOqgsm2hfX,75mafsNqNE1WSEVxIKuY5C,IDLES,Joy as an Act of Resistance.,2018-08-31,day,album,12.0,https://i.scdn.co/image/ab67616d0000b273f247f4e8334b745fc2dd080f,,,,matched,https://i.scdn.co/image/ab6761610000e5eb15a2ab2d3913d5b998e93e71,https://open.spotify.com/artist/75mafsNqNE1WSEVxIKuY5C
"August 30, 2018",Only Self,Jesus Piece,Punk,Independent Artist,"Philadelphia, Pennsylvania",Michael Siebert,"Jesus Piece, Only Self",matched,3S382sny5N3i1OG96Vd4rY,https://open.spotify.com/album/3S382sny5N3i1OG96Vd4rY,5ZPr0RHsR3DrAhtsYMsfHR,Jesus Piece,Only Self,2018-08-24,day,album,10.0,https://i.scdn.co/image/ab67616d0000b2737073c73c7fa1a0f0544efe16,,,,matched,https://i.scdn.co/image/ab6761610000e5eb25952629ccca24e45e4f098f,https://open.spotify.com/artist/5ZPr0RHsR3DrAhtsYMsfHR
"August 29, 2018",Energy Dreams,Rejoicer,Electronic,Independent Artist,"Los Angeles, California",Nate Patrin,"Rejoicer, Energy Dreams",matched,3wSXOY68kl1mYshppvvFr7,https://open.spotify.com/album/3wSXOY68kl1mYshppvvFr7,1N5ZTU16lJJL9hbPAMvGnk,Rejoicer,Energy Dreams,2018-08-31,day,album,11.0,https://i.scdn.co/image/ab67616d0000b273a2ce6829e71bbf84588fdd84,,,,matched,https://i.scdn.co/image/ab6761610000e5eb6a83040048f413975c8e5116,https://open.spotify.com/artist/1N5ZTU16lJJL9hbPAMvGnk
"August 28, 2018",Tangerine Reef,Animal Collective,Alternative,Independent Artist,"Baltimore, Maryland",Sam Goldner,"Animal Collective, Tangerine Reef",matched,6IBX55ELYOVAv7Ml9v4wVz,https://open.spotify.com/album/6IBX55ELYOVAv7Ml9v4wVz,4kwxTgCKMipBKhSnEstNKj,Animal Collective,Tangerine Reef,2018-08-17,day,album,13.0,https://i.scdn.co/image/ab67616d0000b2732fa599663faf485873fde9ef,,,,matched,https://i.scdn.co/image/ab6761610000e5eb18820542e3e60a677899c7dd,https://open.spotify.com/artist/4kwxTgCKMipBKhSnEstNKj
"August 27, 2018",Nobody’s Watching,Steady Holiday,Alternative,Independent Artist,"Los Angeles, California",Max Savage Levenson,"Steady Holiday, Nobody’s Watching",no_match,,,,,,,,,,,,,,,,
"August 23, 2018",Limpid Fear [清澈恐惧],bod [包家巷],Electronic,Independent Artist,"Berlin, Germany",Sam Goldner,"bod [包家巷], Limpid Fear [清澈恐惧]",no_match,,,,,,,,,,,,,,,,
"August 22, 2018",Nostrum Grocers,Nostrum Grocers,Hip-Hop/Rap,Independent Artist,"New York, New York",Paul Thompson,"Nostrum Grocers, Nostrum Grocers",matched,4498NAZKxwn19VUdTnLg3P,https://open.spotify.com/album/4498NAZKxwn19VUdTnLg3P,2JHVYm50g7XEH4NyH0oKEI,"Nostrum Grocers, Milo, E L U C I D",Nostrum Grocers,2018-08-03,day,album,10.0,https://i.scdn.co/image/ab67616d0000b273fa07ceed9d8c0e086f9035b1,,,,matched,https://i.scdn.co/image/ab67616d0000b273fa07ceed9d8c0e086f9035b1,https://open.spotify.com/artist/2JHVYm50g7XEH4NyH0oKEI
"August 21, 2018",Thank You For Today,Death Cab for Cutie,Alternative,Independent Artist,"Seattle, Washington",Candace McDuffie,"Death Cab for Cutie, Thank You For Today",matched,6agCM9GJcebduMddgFmgsO,https://open.spotify.com/album/6agCM9GJcebduMddgFmgsO,0YrtvWJMgSdVrk3SfNjTbx,Death Cab for Cutie,Thank You for Today,2018-08-17,day,album,10.0,https://i.scdn.co/image/ab67616d0000b273ce536332e7955ba2bb30f677,,,,matched,https://i.scdn.co/image/ab6761610000e5eb5325c0e98f2975b4fe7847e2,https://open.spotify.com/artist/0YrtvWJMgSdVrk3SfNjTbx
"August 20, 2018",Slide,George Clanton,Electronic,Independent Artist,"Los Angeles, California",David Glickman,"George Clanton, Slide",matched,12Biup1Sq5hpHsX85gJPb2,https://open.spotify.com/album/12Biup1Sq5hpHsX85gJPb2,1G5v3lpMz7TeoW0yGpRQHr,George Clanton,Slide,2018-08-17,day,album,10.0,https://i.scdn.co/image/ab67616d0000b27354823b660c0985479ea17f08,,,,matched,https://i.scdn.co/image/ab6761610000e5eb803fcf5ca41d460fcbc8e61c,https://open.spotify.com/artist/1G5v3lpMz7TeoW0yGpRQHr
"August 17, 2018",Be the Cowboy,Mitski,Alternative,Independent Artist,"New York, New York",Ally-Jane Grossan,"Mitski, Be the Cowboy",matched,42cH7mrkfljkqkxA2Ip9Xq,https://open.spotify.com/album/42cH7mrkfljkqkxA2Ip9Xq,2uYWxilOVlUdk4oV9DvwqK,Mitski,Be the Cowboy,2018-08-17,day,album,14.0,https://i.scdn.co/image/ab67616d0000b273c428f67b4a9b7e1114dfc117,,,,matched,https://i.scdn.co/image/ab6761610000e5ebaf731fe1a006c29152075c89,https://open.spotify.com/artist/2uYWxilOVlUdk4oV9DvwqK
"August 16, 2018",Clear Tamei/Steel Mogu,Iglooghost,Electronic,Independent Artist,UK,Joe Muggs,"Iglooghost, Clear Tamei/Steel Mogu",no_match,,,,,,,,,,,,,,,,
"August 15, 2018",Bloom,Somni,Experimental,Independent Artist,"Los Angeles, California",Blake Gillespie,"Somni, Bloom",matched,7zFGxCK2mjxd1gWoJnISjF,https://open.spotify.com/album/7zFGxCK2mjxd1gWoJnISjF,2upTpHOyJdpbwlQABrjhQn,Somniare,Nova Bloom,2025-09-05,day,single,1.0,https://i.scdn.co/image/ab67616d0000b273b82c40ddcc43425ccdce6cbe,,,,matched,https://i.scdn.co/image/ab6761610000e5eb365e40a7e4d512882de6acf5,https://open.spotify.com/artist/2upTpHOyJdpbwlQABrjhQn
"August 14, 2018",Deep in the Big,Rabbit Island,Alternative,Independent Artist,"Perth, Australia",Doug Wallen,"Rabbit Island, Deep in the Big",matched,3ns8VCJQb09LCpCrY2kGLy,https://open.spotify.com/album/3ns8VCJQb09LCpCrY2kGLy,4srD2rg0TVhk5heI16vgc3,Rabbit Island,Deep in The Big,2018-08-17,day,album,8.0,https://i.scdn.co/image/ab67616d0000b2738db0ca6d53d1604c01794d25,,,,matched,https://i.scdn.co/image/ab6761610000e5eb363806c369782f4ed2ecee03,https://open.spotify.com/artist/4srD2rg0TVhk5heI16vgc3
"August 13, 2018",Protean Labyrinth,Kyoko Kitamura,Jazz,Independent Artist,"Brooklyn, New York",Seth Colter Walls,"Kyoko Kitamura, Protean Labyrinth",matched,53WAUs2vELawtrzpuR1JZl,https://open.spotify.com/album/53WAUs2vELawtrzpuR1JZl,4bFfvqBpJ2eM7WuUnXuM9i,Kyoko Kitamura,Protean Labyrinth,2018-08-10,day,album,8.0,https://i.scdn.co/image/ab67616d0000b273424add10e6837152e41d4f91,,,,matched,https://i.scdn.co/image/ab67616d0000b273b0c5b11a6a049fbef0deba49,https://open.spotify.com/artist/4bFfvqBpJ2eM7WuUnXuM9i
"August 10, 2018",Suffuse,Roy Montgomery,Ambient,Ba Da Bing Records,"Providence, Rhode Island",Daniel Dylan Wray,"Roy Montgomery, Suffuse",matched,6omeZk17oITqB89uY4A1tS,https://open.spotify.com/album/6omeZk17oITqB89uY4A1tS,0g15pJOpHp0RMVScdAXzLH,Roy Montgomery,Suffuse,2018-08-17,day,album,6.0,https://i.scdn.co/image/ab67616d0000b273f96869ac4ae72e56b13e2528,,,,matched,https://i.scdn.co/image/2e46bb66f244decd0623a1558882fd4b5d913147,https://open.spotify.com/artist/0g15pJOpHp0RMVScdAXzLH
"August 09, 2018",Future Me Hates Me,The Beths,Alternative,Independent Artist,"Auckland, New Zealand",Max Savage Levenson,"The Beths, Future Me Hates Me",matched,6usdG3GBRayk8nb4eU1nrk,https://open.spotify.com/album/6usdG3GBRayk8nb4eU1nrk,7DjwIxbe8kpw4pqnzAMoin,The Beths,Future Me Hates Me,2018-08-10,day,album,10.0,https://i.scdn.co/image/ab67616d0000b2733a8da9eff5bfd1067d3fe893,,,,matched,https://i.scdn.co/image/ab6761610000e5ebeb26b0d0de46b77e23675281,https://open.spotify.com/artist/7DjwIxbe8kpw4pqnzAMoin
"August 08, 2018",Our Garden Needs Its Flowers,Jess Sah Bi & Peter One,Folk,Jess Sah Bi &amp; Peter One,,Dean Van Nguyen,"Jess Sah Bi & Peter One, Our Garden Needs Its Flowers",no_match,,,,,,,,,,,,,,,,
"August 07, 2018",Catching a Body,Hprizm,Hip-Hop/Rap,Independent Artist,"New York, New York",Nate Patrin,"Hprizm, Catching a Body",matched,4ZGY9OfJyvn4BIA4VCascq,https://open.spotify.com/album/4ZGY9OfJyvn4BIA4VCascq,0YIRvV4i3BIk1uRGM2Mdtt,Hprizm,Catching a Body,2018-08-03,day,album,9.0,https://i.scdn.co/image/ab67616d0000b273fb6559072671ab347576713a,,,,matched,https://i.scdn.co/image/ab6761610000e5eb3e68190371df027217d347a3,https://open.spotify.com/artist/0YIRvV4i3BIk1uRGM2Mdtt
"August 06, 2018",Maroon Cloud,Nicole Mitchell,Jazz,Nicole M Mitchell,North Carolina,Peter Margasak,"Nicole Mitchell, Maroon Cloud",matched,4feRTC8LZfAhoYBPXILa8D,https://open.spotify.com/album/4feRTC8LZfAhoYBPXILa8D,218pLy5tj6iFQ4e6c2ije6,Nicole Mitchell,Maroon Cloud,2018-08-20,day,album,8.0,https://i.scdn.co/image/ab67616d0000b2739ecd37bb6edaaba59f6a56c5,,,,matched,https://i.scdn.co/image/ab6761610000e5eb3b7dcddd6acd8b5ea8b1258f,https://open.spotify.com/artist/218pLy5tj6iFQ4e6c2ije6
"August 03, 2018",Bell House,Shy Boys,Alternative,Independent Artist,"Kansas City, Missouri",Annie Howard,"Shy Boys, Bell House",matched,3mJUu98d0uA120KvRqk8V4,https://open.spotify.com/album/3mJUu98d0uA120KvRqk8V4,7hDw3suvKY0KLud00BuzHL,Shy Boys,Bell House,2018-08-03,day,album,10.0,https://i.scdn.co/image/ab67616d0000b27355d4c185f0dc863f695a6156,,,,matched,https://i.scdn.co/image/ab6761610000e5ebfd16cfed9c70c7f7e010ca99,https://open.spotify.com/artist/7hDw3suvKY0KLud00BuzHL
"August 02, 2018",Dissolvi,Steve Hauschildt,Electronic,Independent Artist,"Tbilisi, Georgia",Andrew Parks,"Steve Hauschildt, Dissolvi",matched,46fXKgkZzFICUthYxcf9Ie,https://open.spotify.com/album/46fXKgkZzFICUthYxcf9Ie,2L00vHmYcwC9OlsEv6M5UO,Steve Hauschildt,Dissolvi,2018-08-03,day,album,8.0,https://i.scdn.co/image/ab67616d0000b273865199b47699be03e08feeea,,,,matched,https://i.scdn.co/image/ab6761610000e5ebe3b2ab82af6f124cf9de6a91,https://open.spotify.com/artist/2L00vHmYcwC9OlsEv6M5UO
"August 01, 2018",Michael Nau & the Mighty Thread,Michael Nau & the Mighty Thread,Alternative,Michael Nau,Maryland,Will Schube,"Michael Nau & the Mighty Thread, Michael Nau & the Mighty Thread",no_match,,,,,,,,,,,,,,,,
"July 31, 2018",Before the Day Has Gone,Bellini,Alternative,Independent Artist,"Sizilien, Italy",Brad Cohan,"Bellini, Before the Day Has Gone",matched,55f1TKAWOoFWuF7MqE8H4S,https://open.spotify.com/album/55f1TKAWOoFWuF7MqE8H4S,3uJgKj9ERkbcxkWrAteCy9,Bellini,Before the Day Has Gone,2018-07-27,day,album,10.0,https://i.scdn.co/image/ab67616d0000b27394216dc35aee3f19427abf1b,,,,matched,https://i.scdn.co/image/c9454cd66d59c57137c7bd31975adb71859e63b2,https://open.spotify.com/artist/3uJgKj9ERkbcxkWrAteCy9
"July 30, 2018",Touch Dissolves,Aaron Martin,Jazz,IIKKI,"Brittany, France",Dave Sumner,"Aaron Martin, Touch Dissolves",matched,5FFbTjVVesMHnldBcVSzAH,https://open.spotify.com/album/5FFbTjVVesMHnldBcVSzAH,1AsoWIju9npgZobKqN159G,Aaron Martin,Touch Dissolves,2018-07-12,day,album,7.0,https://i.scdn.co/image/ab67616d0000b273322b7fbf25008fd8eeb73ca0,,,,matched,https://i.scdn.co/image/ab6761610000e5eb65d5bc39105d0185aa519003,https://open.spotify.com/artist/1AsoWIju9npgZobKqN159G
"July 27, 2018",At Your Leisure,Clearance,Rock,Independent Artist,"Chicago, Illinois",Mariana Timony,"Clearance, At Your Leisure",matched,1h5MjMHhaaIfF8HsOKrDLn,https://open.spotify.com/album/1h5MjMHhaaIfF8HsOKrDLn,4H6VFQFbvh0ssc17u6PlLU,Clearance,At Your Leisure,2018-07-27,day,album,11.0,https://i.scdn.co/image/ab67616d0000b2737387689b148c3430b1c6f459,,,,matched,https://i.scdn.co/image/ab6761610000e5ebe4f66df28e0448dbf2553013,https://open.spotify.com/artist/4H6VFQFbvh0ssc17u6PlLU
"July 26, 2018",Little Ugly Girls,Little Ugly Girls,Alternative,Independent Artist,"Melbourne, Australia",Doug Wallen,"Little Ugly Girls, Little Ugly Girls",matched,33B12irGfanVANH1q2UcJA,https://open.spotify.com/album/33B12irGfanVANH1q2UcJA,39LMhiagd14q6vNnJrfK0J,Little Ugly Girls,Little Ugly Girls,2018-08-03,day,album,12.0,https://i.scdn.co/image/ab67616d0000b273ba8e22d72f44138b774a19d2,,,,matched,https://i.scdn.co/image/ab67616d0000b273ba8e22d72f44138b774a19d2,https://open.spotify.com/artist/39LMhiagd14q6vNnJrfK0J
"July 25, 2018",Sundays,Tanukichan,Alternative,Independent Artist,"Oakland, California",Max Mohenu,"Tanukichan, Sundays",matched,4vupizJJr0djy8FW5eCnbI,https://open.spotify.com/album/4vupizJJr0djy8FW5eCnbI,7d0wUlQ0ZXIGFa0YzuBiR6,Tanukichan,Sundays,2018-07-13,day,album,10.0,https://i.scdn.co/image/ab67616d0000b273049989572af382d6494840de,,,,matched,https://i.scdn.co/image/ab6761610000e5eb7902d13d16abe022dba65431,https://open.spotify.com/artist/7d0wUlQ0ZXIGFa0YzuBiR6
"July 24, 2018",Lithium Zion,Deaf Wish,Alternative,Independent Artist,"Melbourne, Australia",Joe Gross,"Deaf Wish, Lithium Zion",matched,77jLO9Uh8jfXqyM4betiWe,https://open.spotify.com/album/77jLO9Uh8jfXqyM4betiWe,6TDNRppZUK7nDRS7vOc9OW,Deaf Wish,Lithium Zion,2018-07-27,day,album,11.0,https://i.scdn.co/image/ab67616d0000b273d8a119c3ec6107ffb6fd48fc,,,,matched,https://i.scdn.co/image/ab6772690000c46c1eda936f821f496eb5f866aa,https://open.spotify.com/artist/6TDNRppZUK7nDRS7vOc9OW
"July 23, 2018",Ogre Heights,Mondo Lava,Electronic,Independent Artist,"Pamplona, Spain",Amaya Garcia,"Mondo Lava, Ogre Heights",matched,2mBl9qCmKUIuwIp6CZInvY,https://open.spotify.com/album/2mBl9qCmKUIuwIp6CZInvY,29FujBxc4P5mvmNas09T0F,Mondo Lava,Ogre Heights,2018-07-20,day,album,8.0,https://i.scdn.co/image/ab67616d0000b273371c687df02044856363d52a,,,,matched,https://i.scdn.co/image/ab6761610000e5ebe610975b2f2644a01aaa11a3,https://open.spotify.com/artist/29FujBxc4P5mvmNas09T0F
"July 19, 2018",Nose Picker,Negative Scanner,Alternative,Independent Artist,"Chicago, Illinois",Luke Ottenhof,"Negative Scanner, Nose Picker",no_match,,,,,,,,,,,,,,,,
"July 18, 2018",Ordinary Corrupt Human Love,Deafheaven,Metal,Independent Artist,San Francisco,Jon Wiederhorn,"Deafheaven, Ordinary Corrupt Human Love",matched,2iA7rzpQsOfAPkfH4Ekp7f,https://open.spotify.com/album/2iA7rzpQsOfAPkfH4Ekp7f,4XpPveeg7RuYS3CgLo75t9,Deafheaven,Ordinary Corrupt Human Love,2018-07-13,day,album,7.0,https://i.scdn.co/image/ab67616d0000b27376c2f9052b4453ab5bd64544,,,,matched,https://i.scdn.co/image/ab6761610000e5eb2c91a9397fb610a767476b98,https://open.spotify.com/artist/4XpPveeg7RuYS3CgLo75t9
"July 17, 2018",Here From Where We Are,Pariah,Ambient,Independent Artist,UK,Joe Muggs,"Pariah, Here From Where We Are",matched,1F1dCW6tCNDJws1rJHYB59,https://open.spotify.com/album/1F1dCW6tCNDJws1rJHYB59,0ZCB95QaI7Tgdnb2yU2iNg,Pariah,Here From Where We Are,2018-07-13,day,album,9.0,https://i.scdn.co/image/ab67616d0000b273a8df06466f0f1d800d40b5c7,,,,matched,https://i.scdn.co/image/ab6761610000e5eb7bc8f786fcc7dedcfd443c1f,https://open.spotify.com/artist/0ZCB95QaI7Tgdnb2yU2iNg
"July 16, 2018",The Switch,Body/Head,Alternative,Independent Artist,"Northampton, Massachusetts",Daniel Dylan Wray,"Body/Head, The Switch",matched,1VBl6Wzk0J9fKPr4x2KIdf,https://open.spotify.com/album/1VBl6Wzk0J9fKPr4x2KIdf,7iWLSJUrdU7ijowTmAHMCc,Body/Head,The Switch,2018-07-13,day,album,5.0,https://i.scdn.co/image/ab67616d0000b2732355d1291c1c1cd0a571c883,,,,matched,https://i.scdn.co/image/ab6772690000c46c05a389a4b284e6e8fb52027f,https://open.spotify.com/artist/7iWLSJUrdU7ijowTmAHMCc
"July 13, 2018",Endless Scroll,BODEGA,Alternative,Independent Artist,"New York, New York",Max Freedman,"BODEGA, Endless Scroll",matched,0ijBJnfhd3WlcwqyGkiyMc,https://open.spotify.com/album/0ijBJnfhd3WlcwqyGkiyMc,3lnWfdMG9U0oVMC15SEbB5,BODEGA,Endless Scroll,2018-06-07,day,album,14.0,https://i.scdn.co/image/ab67616d0000b2738b3010d91a24fbd3b8c098e7,,,,matched,https://i.scdn.co/image/ab6761610000e5eb2455ce49a2d8f47463f9aba1,https://open.spotify.com/artist/3lnWfdMG9U0oVMC15SEbB5
"July 12, 2018",Disambiguation,Cruel Diagonals,Ambient,Independent Artist,"Los Angeles, California",Raymond Cummings,"Cruel Diagonals, Disambiguation",matched,46C7T2d104a8fZGaMyJaLr,https://open.spotify.com/album/46C7T2d104a8fZGaMyJaLr,0C7jgMYmKXPmy5bHH5ebEN,Cruel Diagonals,Disambiguation,2018-07-13,day,album,9.0,https://i.scdn.co/image/ab67616d0000b27331b4784e8e6eec1cfe8c389b,,,,matched,https://i.scdn.co/image/ab6761610000e5eb113c2b1f393d4841a20e265c,https://open.spotify.com/artist/0C7jgMYmKXPmy5bHH5ebEN
"July 11, 2018",Capricho del Diablo,San Cha,Latin,Independent Artist,"Los Angeles, California",Catalina Maria Johnson,"San Cha, Capricho del Diablo",matched,6xqqa2cOdVeafCUVKqAlSD,https://open.spotify.com/album/6xqqa2cOdVeafCUVKqAlSD,2DcBLRfgPEhX6q6366QZnG,SAN CHA,Capricho Del Diablo,2018-06-06,day,single,1.0,https://i.scdn.co/image/ab67616d0000b273c102bd1f7f635baceeca931e,,,,matched,https://i.scdn.co/image/ab6761610000e5eb94ae07e4daf96fc7d0f24830,https://open.spotify.com/artist/2DcBLRfgPEhX6q6366QZnG
"July 10, 2018",1+1=X,Various Artists,Experimental,Erased Tapes,"London, UK",Erin Lyndal Martin,"Various Artists, 1+1=X",matched,7q7Zkp7Hvq0iEhrLCVTTbA,https://open.spotify.com/album/7q7Zkp7Hvq0iEhrLCVTTbA,0LyfQWJT6nXafLPZqxe9Of,Various Artists,STORMBLOOD: FINAL FANTASY XIV Original SoundtrackVolume 2【1/2】,2018-07-04,day,compilation,105.0,https://i.scdn.co/image/ab67616d0000b2739dd4232980c8fb696a40effc,,,,matched,https://i.scdn.co/image/ab6761610000e5eb6b134287e3095d2c84b7932a,https://open.spotify.com/artist/0LyfQWJT6nXafLPZqxe9Of
"July 09, 2018",Black Hole Party,Thousand Foot Whale Claw,Electronic,Independent Artist,"Austin, Texas",Andrew Parks,"Thousand Foot Whale Claw, Black Hole Party",matched,6dF6BtoWu4W4kCdrzR2GQe,https://open.spotify.com/album/6dF6BtoWu4W4kCdrzR2GQe,2m4Rp1os1FqyOxsjp9K821,Thousand Foot Whale Claw,Black Hole Party,2018-06-29,day,album,6.0,https://i.scdn.co/image/ab67616d0000b2735510104ddc00f8ec1a96246e,,,,matched,https://i.scdn.co/image/ab67616d0000b2735510104ddc00f8ec1a96246e,https://open.spotify.com/artist/2m4Rp1os1FqyOxsjp9K821
"July 06, 2018",No Trail and Other Unholy Paths,Jaye Jayle,Alternative,Independent Artist,"Louisville, Kentucky",Annie Zaleski,"Jaye Jayle, No Trail and Other Unholy Paths",no_match,,,,,,,,,,,,,,,,
"July 05, 2018",How Many Times Have You Driven By,hana vu,Alternative,Independent Artist,"Los Angeles, California",Max Savage Levenson,"hana vu, How Many Times Have You Driven By",matched,14oVfK6bX4Kqtgl3N0lOhh,https://open.spotify.com/album/14oVfK6bX4Kqtgl3N0lOhh,3diDUq8QMCCtx8a4Jy42aO,Hana Vu,How Many Times Have You Driven By,2018-06-29,day,album,10.0,https://i.scdn.co/image/ab67616d0000b273612217f361aa2a52d74bf10f,,,,matched,https://i.scdn.co/image/ab6761610000e5ebc4ee27d4262635b082669771,https://open.spotify.com/artist/3diDUq8QMCCtx8a4Jy42aO
"July 03, 2018",Byen,Bjørn Torske,Electronic,Independent Artist,Norway,David Garber,"Bjørn Torske, Byen",matched,1QBlMByP8mgFqlLPIzstKD,https://open.spotify.com/album/1QBlMByP8mgFqlLPIzstKD,4mD9kXHOs76Ld1m2Vfyi68,Bjørn Torske,Byen,2018-06-06,day,album,7.0,https://i.scdn.co/image/ab67616d0000b2731d14ad09e482eef1f76a441b,,,,matched,https://i.scdn.co/image/ab6772690000c46c83cdf1826f8375f363b052b2,https://open.spotify.com/artist/4mD9kXHOs76Ld1m2Vfyi68
"June 29, 2018",Desolation,Khemmis,Metal,20 Buck Spin,"Pittsburgh, Pennsylvania",Sarah Kitteringham,"Khemmis, Desolation",matched,0AhiOQ4nG20afco3O3PpPF,https://open.spotify.com/album/0AhiOQ4nG20afco3O3PpPF,5Dejhd4zYKEUm6q1FLr1ik,Khemmis,Desolation,2018-06-22,day,album,6.0,https://i.scdn.co/image/ab67616d0000b27323bff60d86e2b2a8c860bf10,,,,matched,https://i.scdn.co/image/ab6761610000e5eb7d0f362973e7cdc3752b97a8,https://open.spotify.com/artist/5Dejhd4zYKEUm6q1FLr1ik
"June 28, 2018",Ikhlas,FAUXE,Electronic,CHINABOT,"London, UK",Karen Gwee,"FAUXE, Ikhlas",matched,3Iq39AtgEBbwM5mDYP3Ihv,https://open.spotify.com/album/3Iq39AtgEBbwM5mDYP3Ihv,6dvcG23IN4NjyLZ3nbKd6p,Fauxe,Ikhlas,2018-06-20,day,album,16.0,https://i.scdn.co/image/ab67616d0000b2739a1915f16e2afdd61a6c5138,,,,matched,https://i.scdn.co/image/ab6761610000e5eb766f1b5c6886a91c42f7e635,https://open.spotify.com/artist/6dvcG23IN4NjyLZ3nbKd6p
"June 27, 2018",Divine Weight,Alex Zhang Hungtai,Ambient,Independent Artist,"New York, New York",Tristan Bath,"Alex Zhang Hungtai, Divine Weight",matched,4oHlMqFuvpetzH314olJlb,https://open.spotify.com/album/4oHlMqFuvpetzH314olJlb,0U4w3nZTdH0QyefP5b1q0P,Alex Zhang Hungtai,Divine Weight,2018-06-29,day,album,5.0,https://i.scdn.co/image/ab67616d0000b2732b0885107db5551c89de2032,,,,matched,https://i.scdn.co/image/ab6761610000e5eb46c4071f83e0956d6ebd4909,https://open.spotify.com/artist/0U4w3nZTdH0QyefP5b1q0P
"June 26, 2018",Voids,Martyn,Electronic,Independent Artist,"Washington, D.C.",Marcus J. Moore,"Martyn, Voids",matched,3tY3VLcVTgpOskWTrGmfdi,https://open.spotify.com/album/3tY3VLcVTgpOskWTrGmfdi,68i1l0GWQ5dwzAy1UVNHNw,Martyn,Voids,2018-06-22,day,album,10.0,https://i.scdn.co/image/ab67616d0000b273562c01f2a0a8654641923f19,,,,matched,https://i.scdn.co/image/ab6761610000e5eb9122ffb7f5927600efb4e5a7,https://open.spotify.com/artist/68i1l0GWQ5dwzAy1UVNHNw
"June 25, 2018",Roach Goin’ Down,Palberta,Alternative,Independent Artist,"New York, New York",Sasha Geffen,"Palberta, Roach Goin’ Down",matched,7zhtOR8JfI8wNlWYxmOAwJ,https://open.spotify.com/album/7zhtOR8JfI8wNlWYxmOAwJ,3P9RPqVK0w0CN5SqlQ6j0f,Palberta,Roach Going Down,2018-06-15,day,album,22.0,https://i.scdn.co/image/ab67616d0000b273278f86ca4bd35f19f1410e94,,,,matched,https://i.scdn.co/image/ab6761610000e5eb5dd1af2c3b8f47eb8057559a,https://open.spotify.com/artist/3P9RPqVK0w0CN5SqlQ6j0f
"June 22, 2018",Alive In the East?,Binker & Moses,Jazz,Binker and Moses,"London, UK",Andy Thomas,"Binker & Moses, Alive In the East?",matched,2ZlzJ1w9jVm2y9DCp60jyi,https://open.spotify.com/album/2ZlzJ1w9jVm2y9DCp60jyi,7mKZJ0SITREZQovQF6Qeb4,Binker and Moses,Alive in the East? (Live),2018-06-22,day,album,10.0,https://i.scdn.co/image/ab67616d0000b273d96231dae333be6da1bc15d9,,,,matched,https://i.scdn.co/image/ab6761610000e5eb01c044907fadb201ac187818,https://open.spotify.com/artist/7mKZJ0SITREZQovQF6Qeb4
"June 21, 2018",Cloud Corner,Marisa Anderson,Folk,Independent Artist,"Portland, Oregon",Robert Ham,"Marisa Anderson, Cloud Corner",matched,67VwTfsOQ2vFAE6um5seLD,https://open.spotify.com/album/67VwTfsOQ2vFAE6um5seLD,5j2d5CS0sh2LTpFsrKAFcW,Marisa Anderson,Cloud Corner,2018-06-15,day,album,10.0,https://i.scdn.co/image/ab67616d0000b27381654b9af9050a1bb565fe4e,,,,matched,https://i.scdn.co/image/ab6761610000e5eb64e119174afcdee0196bd144,https://open.spotify.com/artist/5j2d5CS0sh2LTpFsrKAFcW
"June 20, 2018",Maghreb United,AMMAR 808,Electronic,Independent Artist,,Amaya Garcia,"AMMAR 808, Maghreb United",matched,6fUvO0xupPtVpE6WRoeLZ7,https://open.spotify.com/album/6fUvO0xupPtVpE6WRoeLZ7,0TAPEEcG2NQAfSKkreQWAM,Ammar 808,Maghreb United,2018-06-15,day,album,10.0,https://i.scdn.co/image/ab67616d0000b2732b33c817bec7622148b9af3a,,,,matched,https://i.scdn.co/image/ab6761610000e5ebbd8f04b58a775da954f2c76a,https://open.spotify.com/artist/0TAPEEcG2NQAfSKkreQWAM
"June 19, 2018","¡Súbelo, Cuba!",Havana Cultura,Electronic,Independent Artist,"London, UK",David Garber,"Havana Cultura, ¡Súbelo, Cuba!",no_match,,,,,,,,,,,,,,,,
"June 18, 2018",Listen All Around: The Golden Age of Central and East African Music,Dust-to-Digital,,Independent Artist,"Atlanta, Georgia",Peter Holslin,"Dust-to-Digital, Listen All Around: The Golden Age of Central and East African Music",no_match,,,,,,,,,,,,,,,,
"June 15, 2018",Bon Voyage,Melody’s Echo Chamber,Experimental,Melody&#39;s Echo Chamber,"Paris, France",Amaya Garcia,"Melody’s Echo Chamber, Bon Voyage",no_match,,,,,,,,,,,,,,,,
"June 14, 2018",Cinereous Incarnate,Abstracter,Metal,Independent Artist,"Oakland, California",Jordan Reyes,"Abstracter, Cinereous Incarnate",matched,0hkwI0LC6R9dsh9hdzJUcw,https://open.spotify.com/album/0hkwI0LC6R9dsh9hdzJUcw,6p2lOSM9IjODcAngAhzzRS,Abstracter,Cinereous Incarnate,2018-06-08,day,album,6.0,https://i.scdn.co/image/ab67616d0000b2734bbdc5f161039a30102d6f46,,,,matched,https://i.scdn.co/image/ab6761610000e5ebcfc15f4fdcffc1d40804d038,https://open.spotify.com/artist/6p2lOSM9IjODcAngAhzzRS
"June 13, 2018",Happysad,Kiefer,Hip-Hop/Rap,Independent Artist,"Los Angeles, California",Will Schube,"Kiefer, Happysad",matched,5lLWFHscI6xBchZOnbqBXc,https://open.spotify.com/album/5lLWFHscI6xBchZOnbqBXc,5lDtfHPqWN6MG9tFywnW8J,Kiefer,Happysad,2018-06-08,day,album,13.0,https://i.scdn.co/image/ab67616d0000b2730bd8a8ccdc1dbcfd4dfdc2ae,,,,matched,https://i.scdn.co/image/ab6761610000e5eb15e6ef5f0dd1ae5933f3dad3,https://open.spotify.com/artist/5lDtfHPqWN6MG9tFywnW8J
"June 12, 2018",Colt,Hilary Woods,Ambient,Independent Artist,,Amaya Garcia,"Hilary Woods, Colt",matched,29JeAsTyeysxFx6v21v8N8,https://open.spotify.com/album/29JeAsTyeysxFx6v21v8N8,4S05GVttpg3rjOte0SX749,Hilary Woods,Colt,2018-06-08,day,album,8.0,https://i.scdn.co/image/ab67616d0000b273b693d080423b435a4b03ab8d,,,,matched,https://i.scdn.co/image/ab6761610000e5eb3229bc892f16ffb4c6a7c48e,https://open.spotify.com/artist/4S05GVttpg3rjOte0SX749
"June 11, 2018",Fades,Cheer-Accident,Experimental,Independent Artist,"Chicago, Illinois",Brad Cohan,"Cheer-Accident, Fades",matched,2iWazYgCsAy10QuqjaT32r,https://open.spotify.com/album/2iWazYgCsAy10QuqjaT32r,11VJahxEh2Fs2pXXVxdYeo,Cheer-Accident,Fades,2018-05-25,day,album,10.0,https://i.scdn.co/image/ab67616d0000b273676f58f6f49262e479924d00,,,,matched,https://i.scdn.co/image/86a335a0e9ec4602e4cf6c1a6279d3efc805b419,https://open.spotify.com/artist/11VJahxEh2Fs2pXXVxdYeo
"June 08, 2018",Childqueen,Kadhja Bonet,R&amp;B/Soul,Independent Artist,"Toronto, Ontario",Briana Younger,"Kadhja Bonet, Childqueen",matched,1rUI6iwxz81yEgS7POrqlO,https://open.spotify.com/album/1rUI6iwxz81yEgS7POrqlO,6sqZoZxe9BQwk7Zxh6STfF,Kadhja Bonet,Childqueen,2018-06-08,day,album,10.0,https://i.scdn.co/image/ab67616d0000b27316c4b8dc2a21e69b5c65e95e,,,,matched,https://i.scdn.co/image/ab6761610000e5eb2a6e95fbaa72eea31aab5fdc,https://open.spotify.com/artist/6sqZoZxe9BQwk7Zxh6STfF
"June 07, 2018",Free For All,Sami Baha,Electronic,Independent Artist,"Istanbul, Turkey",Sam Goldner,"Sami Baha, Free For All",matched,38WlfHPVU54dlcG9D75pS9,https://open.spotify.com/album/38WlfHPVU54dlcG9D75pS9,0NqV34fP3RUaWutqpupv7c,Sami Baha,Free for All,2018-06-01,day,album,13.0,https://i.scdn.co/image/ab67616d0000b273b1a9864f20c5e8276a45e94e,,,,matched,https://i.scdn.co/image/ab6761610000e5eb066bc8897b0c91cd2c1dc84b,https://open.spotify.com/artist/0NqV34fP3RUaWutqpupv7c
"June 06, 2018",Black Soap,MIKE,Hip-Hop/Rap,Independent Artist,"New York, New York",Christina Lee,"MIKE, Black Soap",matched,3XRZT9RIXconL1sHX6B3Sy,https://open.spotify.com/album/3XRZT9RIXconL1sHX6B3Sy,1wlzPS1hSNrkriIIwLFTmU,MIKE,Black Soap,2018-05-25,day,album,7.0,https://i.scdn.co/image/ab67616d0000b2735c90d7d4130b972d1d54e92f,,,,matched,https://i.scdn.co/image/ab6761610000e5eb592451e2718b94f9c49d2ebe,https://open.spotify.com/artist/1wlzPS1hSNrkriIIwLFTmU
"June 05, 2018",Pink Noise,Echo Ladies,Pop,Independent Artist,"Malmö, Sweden",Amaya Garcia,"Echo Ladies, Pink Noise",matched,0SiZJuSnBs3MJbjFO0Ge0w,https://open.spotify.com/album/0SiZJuSnBs3MJbjFO0Ge0w,6oVcSUWav1AjjopB8cKJ4m,Echo Ladies,Pink Noise,2018-06-08,day,album,8.0,https://i.scdn.co/image/ab67616d0000b273622fa2ec78706da1d7d3362a,,,,matched,https://i.scdn.co/image/ab6761610000e5eb202c2d4995ececd0cf94a3da,https://open.spotify.com/artist/6oVcSUWav1AjjopB8cKJ4m
"June 04, 2018",Hell-On,Neko Case,Alternative,Independent Artist,"Seattle, Washington",Max Savage Levenson,"Neko Case, Hell-On",matched,7I141P48NQw206up7jBezG,https://open.spotify.com/album/7I141P48NQw206up7jBezG,4Cedjq5BQL3MhapRvDpFED,Neko Case,Hell-On,2018-06-01,day,album,12.0,https://i.scdn.co/image/ab67616d0000b273768b62b3a41a9fef037cb2c6,,,,matched,https://i.scdn.co/image/ab6761610000e5eb07b1a967d9743d13f7c08606,https://open.spotify.com/artist/4Cedjq5BQL3MhapRvDpFED
"June 01, 2018",Gentle Leader,Peach Kelli Pop,,Independent Artist,"Long Beach, California",Mariana Timony,"Peach Kelli Pop, Gentle Leader",matched,4dZEtt6FQXo85InzcyD3Aa,https://open.spotify.com/album/4dZEtt6FQXo85InzcyD3Aa,5xrA0STCpXYDPnfiyU8A3t,Peach Kelli Pop,Gentle Leader,2018-05-25,day,album,9.0,https://i.scdn.co/image/ab67616d0000b273dcebe6e32e8d247a6668788a,,,,matched,https://i.scdn.co/image/ab6761610000e5eb7ba7385259969f60d0fee102,https://open.spotify.com/artist/5xrA0STCpXYDPnfiyU8A3t
"May 31, 2018",Astral Projection,ASC,Electronic,Independent Artist,"Del Mar, California",Joe Muggs,"ASC, Astral Projection",matched,75zLXZVQcS6L3dA9oQAkC5,https://open.spotify.com/album/75zLXZVQcS6L3dA9oQAkC5,23ofL7vJakLiALOWk9M3RO,ASC,Astral Projection,2018-05-11,day,album,12.0,https://i.scdn.co/image/ab67616d0000b273af52ed01b306cdc13251388f,,,,matched,https://i.scdn.co/image/ab6761610000e5eb3c6a106491102dbc56073ab7,https://open.spotify.com/artist/23ofL7vJakLiALOWk9M3RO
"May 30, 2018",Fear of a Brown Planet,Brownout,Funk,Fat Beats Records,"Los Angeles, California",Nate Patrin,"Brownout, Fear of a Brown Planet",matched,3vnUAFxcVUx7VrrUZl6yaO,https://open.spotify.com/album/3vnUAFxcVUx7VrrUZl6yaO,75ITBSKqlC5hlS4PZ2XP1S,Brownout,Fear Of A Brown Planet,2018-05-26,day,album,12.0,https://i.scdn.co/image/ab67616d0000b27393f07f7cae0add872eff0dce,,,,matched,https://i.scdn.co/image/ab6761610000e5ebe0c8f629b91b6078f651ade3,https://open.spotify.com/artist/75ITBSKqlC5hlS4PZ2XP1S
"May 29, 2018",The Long Sleep,Jenny Hval,Experimental,Independent Artist,"Oslo, Norway",Joe Bucciero,"Jenny Hval, The Long Sleep",matched,2i7WFk7BLE9jCW3tYd4hR8,https://open.spotify.com/album/2i7WFk7BLE9jCW3tYd4hR8,5eerVxtb9lY9p6D7m89Bs7,Jenny Hval,The Long Sleep,2018-05-25,day,single,4.0,https://i.scdn.co/image/ab67616d0000b273e58df8cd74a35fd4d21a5c9f,,,,matched,https://i.scdn.co/image/ab6761610000e5eb6203e72067881925fea08f91,https://open.spotify.com/artist/5eerVxtb9lY9p6D7m89Bs7
"May 25, 2018",Sink,Sudan Archives,Experimental,Independent Artist,"Los Angeles, California",Jay Balfour,"Sudan Archives, Sink",matched,2wPKhUg6o1RaamPmfs9NfC,https://open.spotify.com/album/2wPKhUg6o1RaamPmfs9NfC,2MPHBxznH1fj59jbOWY38u,Sudan Archives,Sink,2018-05-25,day,single,6.0,https://i.scdn.co/image/ab67616d0000b27307db703d652cfda0e5c2e3e8,,,,matched,https://i.scdn.co/image/ab6761610000e5eb0937734c7a4d13d8ef02e2f7,https://open.spotify.com/artist/2MPHBxznH1fj59jbOWY38u
"May 24, 2018",Argonauta,Aisha Burns,Folk,Independent Artist,Massachusetts,Max Savage Levenson,"Aisha Burns, Argonauta",matched,6aAhfPy7g4xgfgyYYRWuPX,https://open.spotify.com/album/6aAhfPy7g4xgfgyYYRWuPX,1AZoAl5rMnZWGNPGr88krQ,Aisha Burns,Argonauta,2018-05-25,day,album,8.0,https://i.scdn.co/image/ab67616d0000b2732dce49a31ff935c75bb90af7,,,,matched,https://i.scdn.co/image/ab6772690000c46c6e8e3e139d013096292b2136,https://open.spotify.com/artist/1AZoAl5rMnZWGNPGr88krQ
"May 23, 2018",Tell Me How You Really Feel,Courtney Barnett,Alternative,courtney barnett,"Melbourne, Australia",Aly Comingore,"Courtney Barnett, Tell Me How You Really Feel",matched,40vSKGMfXXyFPiqKCQErga,https://open.spotify.com/album/40vSKGMfXXyFPiqKCQErga,4OOlG5eBXSkSAAEeKjJb5Y,Courtney Barnett,Tell Me How You Really Feel,2018-05-18,day,album,10.0,https://i.scdn.co/image/ab67616d0000b2730c669a88abb24af1a38c0afb,,,,matched,https://i.scdn.co/image/ab6761610000e5eb3ed0d3cdb91f128a8d7636d0,https://open.spotify.com/artist/4OOlG5eBXSkSAAEeKjJb5Y
"May 22, 2018",Mating Surfaces,Lithics,Punk,L I T H I C S,"Portland, Oregon",Kerry Cardoza,"Lithics, Mating Surfaces",matched,3zYUpR5VTmKyMezydlycVe,https://open.spotify.com/album/3zYUpR5VTmKyMezydlycVe,11m3JrB2fXeM5rR5yxhKGF,Lithics,Mating Surfaces,2018-05-25,day,album,12.0,https://i.scdn.co/image/ab67616d0000b273f66ba64f16cddca4ff83c534,,,,matched,https://i.scdn.co/image/ab6761610000e5eb6a56a385c5b15e7fe940d06d,https://open.spotify.com/artist/11m3JrB2fXeM5rR5yxhKGF
"May 21, 2018",Sacrifices,Prefuse 73,Electronic,Independent Artist,"New York, New York",Will Schube,"Prefuse 73, Sacrifices",matched,4xlIZmLGW28pY3UabRgWZR,https://open.spotify.com/album/4xlIZmLGW28pY3UabRgWZR,0ZsnKPvBsvvycnET2GZMrG,Prefuse 73,Sacrifices,2018-04-27,day,album,17.0,https://i.scdn.co/image/ab67616d0000b273f8246030624c8ad4f2324a47,,,,matched,https://i.scdn.co/image/ab6761610000e5eb4a08de05e45929150f04e496,https://open.spotify.com/artist/0ZsnKPvBsvvycnET2GZMrG
"May 18, 2018",Happy Ending,Wax Idols,Alternative,Independent Artist,California,Ned Raggett,"Wax Idols, Happy Ending",matched,46zJq4vNTm2676b86ynOPQ,https://open.spotify.com/album/46zJq4vNTm2676b86ynOPQ,7cytnP2ReWI2mDEYrci4aM,Wax Idols,Happy Ending,2018-05-14,day,album,11.0,https://i.scdn.co/image/ab67616d0000b2733d4969637487546428d0aca7,,,,matched,https://i.scdn.co/image/ab6761610000e5eba19068b6c7ee7aff7af15190,https://open.spotify.com/artist/7cytnP2ReWI2mDEYrci4aM
"May 17, 2018",Savagery,Skinless,Metal,Independent Artist,"Moreau, New York",Zoe Camp,"Skinless, Savagery",matched,6ZTx1DTQLaWu4ZTTPENunT,https://open.spotify.com/album/6ZTx1DTQLaWu4ZTTPENunT,5OLgWkV7opwcxN7zOhKb6g,Skinless,Savagery,2018-05-11,day,album,10.0,https://i.scdn.co/image/ab67616d0000b273422703e9657d3cfddb5d35b6,,,,matched,https://i.scdn.co/image/ab6761610000e5eb037e5aeba8dc2da9c06a1b6a,https://open.spotify.com/artist/5OLgWkV7opwcxN7zOhKb6g
"May 16, 2018",Location,The Contemporary Jazz Quintet,Jazz,Independent Artist,,Michael J. West,"The Contemporary Jazz Quintet, Location",matched,41je5zzsEuWP8vb13uxUck,https://open.spotify.com/album/41je5zzsEuWP8vb13uxUck,2oxn7mBQTaUJdqVI2UW6hL,The Contemporary Jazz Quintet,Location,2018-05-11,day,album,5.0,https://i.scdn.co/image/ab67616d0000b27385ba8753da770be2939f4bf6,,,,matched,https://i.scdn.co/image/ab67616d0000b27385ba8753da770be2939f4bf6,https://open.spotify.com/artist/2oxn7mBQTaUJdqVI2UW6hL
"May 15, 2018","I Have Fought Against It, But I Can’t Any Longer",The Body,Metal,the body,"Portland, Oregon",Joe Bucciero,"The Body, I Have Fought Against It, But I Can’t Any Longer",matched,2yR0l9a77mQRD125LqHNG6,https://open.spotify.com/album/2yR0l9a77mQRD125LqHNG6,1VFYpTpgmp7ANXqok2dTg3,The Body,"I Have Fought Against It, But I Can’t Any Longer.",2018-05-11,day,album,10.0,https://i.scdn.co/image/ab67616d0000b273ac5bbe2d09dc054524876d10,,,,matched,https://i.scdn.co/image/ab6761610000e5eb3c20908ca043758a63837de6,https://open.spotify.com/artist/1VFYpTpgmp7ANXqok2dTg3
"May 14, 2018",7,Beach House,Alternative,Independent Artist,"Baltimore, Maryland",Max Freedman,"Beach House, 7",matched,1zN85Ep8w2JORfCe0RHLDP,https://open.spotify.com/album/1zN85Ep8w2JORfCe0RHLDP,56ZTgzPBDge0OvCGgMO3OY,Beach House,7,2018-05-11,day,album,11.0,https://i.scdn.co/image/ab67616d0000b2730af2276ae66a42e73eb07683,,,,matched,https://i.scdn.co/image/ab6761610000e5ebb3e38a46a56a423d8f741c09,https://open.spotify.com/artist/56ZTgzPBDge0OvCGgMO3OY
"May 11, 2018",DNA Feelings,Aïsha Devi,Electronic,Aisha Devi,Switzerland,Philip Sherburne,"Aïsha Devi, DNA Feelings",matched,2eMkVN2i3rWWeRqF8YnCLj,https://open.spotify.com/album/2eMkVN2i3rWWeRqF8YnCLj,4RtrEYqj2bINZ2HXWUG3j4,Aïsha Devi,DNA Feelings,2018-05-11,day,album,11.0,https://i.scdn.co/image/ab67616d0000b2735714a66b035c7986e75f0f3e,,,,matched,https://i.scdn.co/image/ab6761610000e5eb3c6ab8b8e86ebc5f20902ccd,https://open.spotify.com/artist/4RtrEYqj2bINZ2HXWUG3j4
"May 10, 2018",Quieter,Carla Bozulich,Experimental,Carla Bozulich / Evangelista,"Los Angeles, California",JJ Skolnik,"Carla Bozulich, Quieter",matched,5hh8G4VQ6cXU0HSIPdLGf2,https://open.spotify.com/album/5hh8G4VQ6cXU0HSIPdLGf2,1J1ZZtNJAhoc2PJ3y5Un4Q,Carla Bozulich,Quieter,2018-05-11,day,album,7.0,https://i.scdn.co/image/ab67616d0000b273b2372989324ec510ba46e7d0,,,,matched,https://i.scdn.co/image/958095b6d7aa46f56be9e79104c4b0c02e36f389,https://open.spotify.com/artist/1J1ZZtNJAhoc2PJ3y5Un4Q
"May 09, 2018",Singularity,Jon Hopkins,Electronic,Independent Artist,"London, UK",Amaya Garcia,"Jon Hopkins, Singularity",matched,1nvzBC1M3dlCMIxfUCBhlO,https://open.spotify.com/album/1nvzBC1M3dlCMIxfUCBhlO,7yxi31szvlbwvKq9dYOmFI,Jon Hopkins,Singularity,2018,year,album,12.0,https://i.scdn.co/image/ab67616d0000b2736e2053350b4f7fd2242bea53,,,,matched,https://i.scdn.co/image/ab6761610000e5eb3d9a2d89248069107e1a22d0,https://open.spotify.com/artist/7yxi31szvlbwvKq9dYOmFI
"May 08, 2018",Exit Future Heart,Dustin Wong + Takako Minekawa + Good Willsmith,Electronic,Umor Rex,"Mexico City, Mexico",Joe Muggs,"Dustin Wong + Takako Minekawa + Good Willsmith, Exit Future Heart",no_match,,,,,,,,,,,,,,,,
"May 07, 2018",Blue Poles,Jack Ladder & the Dreamlanders,Alternative,Jack Ladder &amp; The Dreamlanders,"Sydney, Australia",Ned Raggett,"Jack Ladder & the Dreamlanders, Blue Poles",no_match,,,,,,,,,,,,,,,,
"May 03, 2018",Sekyra prohnaná kolenem,Nikander,Metal,Independent Artist,"Brno, Czech Republic",Jacopo Sanna,"Nikander, Sekyra prohnaná kolenem",matched,4gCBo9mSceKWREc1AzdPdj,https://open.spotify.com/album/4gCBo9mSceKWREc1AzdPdj,0youFTcQrmCHqqKqd8HnmZ,Nikander,Sekyra Prohnaná Kolenem,2018-06-14,day,album,8.0,https://i.scdn.co/image/ab67616d0000b27316b3a625bfeb7ca76467ef91,,,,matched,https://i.scdn.co/image/ab67616d0000b27316b3a625bfeb7ca76467ef91,https://open.spotify.com/artist/0youFTcQrmCHqqKqd8HnmZ
"May 02, 2018",Miro Tape,Duppy Gun Productions,Reggae,DUPPY GUN,"Los Angeles, California",Joe Muggs,"Duppy Gun Productions, Miro Tape",no_match,,,,,,,,,,,,,,,,
"May 01, 2018",Rejuvenate,Paul White,Experimental,Independent Artist,"London, UK",Marcus J. Moore,"Paul White, Rejuvenate",matched,5T8bq8zws5e099JYI0hJYK,https://open.spotify.com/album/5T8bq8zws5e099JYI0hJYK,5agXR9PXcQ3whCRLu8LeeN,Paul White,Rejuvenate,2018-04-27,day,album,11.0,https://i.scdn.co/image/ab67616d0000b273036e573c16a9cb165638243e,,,,matched,https://i.scdn.co/image/ab6761610000e5eba47120421cfeaac58a25571b,https://open.spotify.com/artist/5agXR9PXcQ3whCRLu8LeeN
"April 30, 2018",Vive la Void,Vive la Void,Electronic,Independent Artist,"Portland, Oregon",Sasha Geffen,"Vive la Void, Vive la Void",matched,6cK85kMvrhigsYVzCsW0N4,https://open.spotify.com/album/6cK85kMvrhigsYVzCsW0N4,4n3AUJMqZwEzbw736cabuE,Vive la Void,Vive la Void,2018-05-04,day,album,7.0,https://i.scdn.co/image/ab67616d0000b27372b7e0398a9aa32f86f4d958,,,,matched,https://i.scdn.co/image/6176cb2546467a57307b71e8cbcb63d784be70c2,https://open.spotify.com/artist/4n3AUJMqZwEzbw736cabuE
"April 27, 2018",Grid of Points,Grouper,Ambient,Independent Artist,,Brian Coney,"Grouper, Grid of Points",matched,5wy223m8JP5DBOvgumFgN8,https://open.spotify.com/album/5wy223m8JP5DBOvgumFgN8,31uyAcnY0kjjKKIQZMKX4i,Grouper,Grid of Points,2018-04-27,day,album,7.0,https://i.scdn.co/image/ab67616d0000b273e57024c0f4e11eea4acd49ba,,,,matched,https://i.scdn.co/image/ab6772690000c46c0eb3de49815691fc713e709a,https://open.spotify.com/artist/31uyAcnY0kjjKKIQZMKX4i
"April 26, 2018",self-titled (aka Spray Bottle),Ruby Karinto,Punk,Independent Artist,"Victoria, British Columbia",Jordan Reyes,"Ruby Karinto, self-titled (aka Spray Bottle)",no_match,,,,,,,,,,,,,,,,
"April 25, 2018",Endless Light,Space Ghost,Hip-Hop/Rap,Independent Artist,"Oakland, California",Max Bell,"Space Ghost, Endless Light",matched,5hukdj4k7sjlfL3wUloOSK,https://open.spotify.com/album/5hukdj4k7sjlfL3wUloOSK,3YfpfN9dOwJUoeqXoWazgi,Space Ghost,Endless Light,2018-03-16,day,album,12.0,https://i.scdn.co/image/ab67616d0000b2735ca1ded753288ef106ea6073,,,,matched,https://i.scdn.co/image/ab6761610000e5ebbeac26b79da0d77ef4f26486,https://open.spotify.com/artist/3YfpfN9dOwJUoeqXoWazgi
"April 23, 2018",Hollow of the Void,Petrification,Metal,Sentient Ruin Laboratories,"Oakland, California",Ed Blair,"Petrification, Hollow of the Void",matched,4GpAMcOY9uULdczIecMMsx,https://open.spotify.com/album/4GpAMcOY9uULdczIecMMsx,4al8rz9iUJLDF1SCxltjit,Petrification,Hollow of the Void,2018-04-23,day,album,11.0,https://i.scdn.co/image/ab67616d0000b2738e4119931082a69c20fe1661,,,,matched,https://i.scdn.co/image/ab6761610000e5eb5e1505d3143a89d38b19a78e,https://open.spotify.com/artist/4al8rz9iUJLDF1SCxltjit
"April 20, 2018",Direct Memory Access,MASTER BOOT RECORD,Metal,Independent Artist,"Rome, Italy",Casey Jarman,"MASTER BOOT RECORD, Direct Memory Access",matched,3BhDAfxJZ7Ng8oNGy3XS1v,https://open.spotify.com/album/3BhDAfxJZ7Ng8oNGy3XS1v,77s5NAGQbxu8oLstaqSwHE,MASTER BOOT RECORD,Direct Memory Access,2018-04-20,day,album,8.0,https://i.scdn.co/image/ab67616d0000b2736ccd739b51bf621da00a0b80,,,,matched,https://i.scdn.co/image/ab6761610000e5eb152905907abce8efe58481c6,https://open.spotify.com/artist/77s5NAGQbxu8oLstaqSwHE
"April 19, 2018",Stars Wept To the Sea,Unreqvited,Metal,Avantgarde Music,Italy,Sarah Kitteringham,"Unreqvited, Stars Wept To the Sea",matched,4O7LxSQ5DS8YCxVL7btkya,https://open.spotify.com/album/4O7LxSQ5DS8YCxVL7btkya,1ZYRTJCj869ya07OpEAlGR,Unreqvited,Stars Wept to the Sea,2018-04-16,day,album,8.0,https://i.scdn.co/image/ab67616d0000b273892c8b4568d751f500d78321,,,,matched,https://i.scdn.co/image/ab6761610000e5ebd5b76b447bc52e481de23ca5,https://open.spotify.com/artist/1ZYRTJCj869ya07OpEAlGR
"April 18, 2018",Kudu,Anteloper,Jazz,International Anthem,"Chicago, Illinois",Joe Bucciero,"Anteloper, Kudu",matched,7Ir6nNlmg3MOImQp2Jc5AU,https://open.spotify.com/album/7Ir6nNlmg3MOImQp2Jc5AU,22N13sDYkfrSOZp1CptvIN,Anteloper,Kudu,2018-04-20,day,single,5.0,https://i.scdn.co/image/ab67616d0000b27363612ca42dc5816b0bfabc2c,,,,matched,https://i.scdn.co/image/ab6761610000e5eb1e81ad1c50798a1f70535f09,https://open.spotify.com/artist/22N13sDYkfrSOZp1CptvIN
"April 17, 2018",Now That’s What I Call Trax! Volume 1,Various Artists,Electronic,TRAX Records,"Chicago, Illinois",Amaya Garcia,"Various Artists, Now That’s What I Call Trax! Volume 1",no_match,,,,,,,,,,,,,,,,
"April 16, 2018",Odd Talk,Ganser,Alternative,Independent Artist,"Chicago, Illinois",Will Schube,"Ganser, Odd Talk",matched,3xB3Fsz5aHz4AzyIf5ymd2,https://open.spotify.com/album/3xB3Fsz5aHz4AzyIf5ymd2,32ONqBogM4wH7VRbcMZYtE,Ganser,Odd Talk,2018-04-20,day,album,10.0,https://i.scdn.co/image/ab67616d0000b273b32c2ddc7b83adecd0b1addb,,,,matched,https://i.scdn.co/image/ab6761610000e5ebfb3118a20e38dbc6b1937e85,https://open.spotify.com/artist/32ONqBogM4wH7VRbcMZYtE
"April 13, 2018",Feel Great,WRONG,Metal,Wrong,"Miami, Florida",Sarah Kitteringham,"WRONG, Feel Great",matched,23eNnnpC4Jt4TWAK15LxDU,https://open.spotify.com/album/23eNnnpC4Jt4TWAK15LxDU,5qvrzqBe3TE1eCejgmioGh,WRONG,Feel Great,2018-04-13,day,album,11.0,https://i.scdn.co/image/ab67616d0000b273aa5dedd54fa6d690997a2cfb,,,,matched,https://i.scdn.co/image/ab6761610000e5ebeb9dced040291f1de46f461e,https://open.spotify.com/artist/5qvrzqBe3TE1eCejgmioGh
"April 12, 2018",The Recognitions,Exitmusic,Electronic,Independent Artist,New York,Laura Studarus,"Exitmusic, The Recognitions",matched,35VaTOBHGEMTmj0sBIkOYU,https://open.spotify.com/album/35VaTOBHGEMTmj0sBIkOYU,1sLflvP9XBFyDA0l6iFNjE,Exitmusic,The Recognitions,2018-04-20,day,album,9.0,https://i.scdn.co/image/ab67616d0000b2739c7dc88e72e76b6b5ea9f2af,,,,matched,https://i.scdn.co/image/ab6761610000e5eb38ac610d9a9ca2c8581230f0,https://open.spotify.com/artist/1sLflvP9XBFyDA0l6iFNjE
"April 11, 2018",Grum Vol. 1,Rawkid,Hip-Hop/Rap,Independent Artist,"Sheffield, UK",Will Schube,"Rawkid, Grum Vol. 1",matched,7jDmhm0D2PGrOgpHaeWlf7,https://open.spotify.com/album/7jDmhm0D2PGrOgpHaeWlf7,0At8sJKWMd0Nd6hcAbB1ok,Rawkid,"Grum, Vol. 1",2018-03-30,day,album,10.0,https://i.scdn.co/image/ab67616d0000b273d5d707d7240fef04e2b478b4,,,,matched,https://i.scdn.co/image/ab67616d0000b273d5d707d7240fef04e2b478b4,https://open.spotify.com/artist/0At8sJKWMd0Nd6hcAbB1ok
"April 10, 2018",Sun Go Nova,Denmark Vessey,Hip-Hop/Rap,Independent Artist,"Detroit, Michigan",Max Savage Levenson,"Denmark Vessey, Sun Go Nova",matched,3UOSmGdHlzRMgH3UaOL3Ew,https://open.spotify.com/album/3UOSmGdHlzRMgH3UaOL3Ew,6o8VpmZLTJZfFUQhKCDYoZ,Denmark Vessey,Sun Go Nova,2018-04-20,day,album,14.0,https://i.scdn.co/image/ab67616d0000b27361374fea8fdac69a496852a1,,,,matched,https://i.scdn.co/image/ab6761610000e5eb68c44ea8645ec8c719426242,https://open.spotify.com/artist/6o8VpmZLTJZfFUQhKCDYoZ
"April 09, 2018","The Louder I Call, The Faster It Runs",Wye Oak,Alternative,Independent Artist,"Baltimore, Maryland",Max Savage Levenson,"Wye Oak, The Louder I Call, The Faster It Runs",matched,1tfp03qs3brIaamvTsRntL,https://open.spotify.com/album/1tfp03qs3brIaamvTsRntL,5SjNVG3L9mgWQPsfp1sFDB,Wye Oak,"The Louder I Call, the Faster It Runs",2018-04-06,day,album,12.0,https://i.scdn.co/image/ab67616d0000b273f680a5667d57f3396e9e9dfb,,,,matched,https://i.scdn.co/image/ab6761610000e5eb09d3a19718a94938681c1beb,https://open.spotify.com/artist/5SjNVG3L9mgWQPsfp1sFDB
"April 06, 2018",Sex & Food,Unknown Mortal Orchestra,Rock,Independent Artist,"Portland, Oregon",Eric R. Danton,"Unknown Mortal Orchestra, Sex & Food",matched,2swiA7ANSFyAHKJhkD4mNR,https://open.spotify.com/album/2swiA7ANSFyAHKJhkD4mNR,1LeVJ5GPeYDOVUjxx1y7Rp,Unknown Mortal Orchestra,Sex & Food,2018-04-06,day,album,12.0,https://i.scdn.co/image/ab67616d0000b2738b1ea10ca54961e5e5d94244,,,,matched,https://i.scdn.co/image/ab6761610000e5ebe6d5bde61a28cfb8e53893e1,https://open.spotify.com/artist/1LeVJ5GPeYDOVUjxx1y7Rp
"April 05, 2018",Rafiq Bhatia Breaking English,Rafiq Bhatia,Electronic,Independent Artist,New York,Laura Studarus,"Rafiq Bhatia, Rafiq Bhatia Breaking English",no_match,,,,,,,,,,,,,,,,
"April 04, 2018",You Fucken Sucker,Paul de Jong,Experimental,Independent Artist,"North Adams, Massachusetts",Amaya Garcia,"Paul de Jong, You Fucken Sucker",matched,1szcMwJ0VlQEUEwfLVfZnr,https://open.spotify.com/album/1szcMwJ0VlQEUEwfLVfZnr,1OjuSjXVf02X4UUBpHIQsN,Paul de Jong,You Fucken Sucker,2018-04-06,day,album,14.0,https://i.scdn.co/image/ab67616d0000b273c803949f0013c30b041e466f,,,,matched,https://i.scdn.co/image/ab6761610000e5eb096cfd819c9868304d2d22cf,https://open.spotify.com/artist/1OjuSjXVf02X4UUBpHIQsN
"April 03, 2018",Ill Considered 3,Ill Considered,Jazz,Independent Artist,"London, UK",Andy Thomas,"Ill Considered, Ill Considered 3",no_match,,,,,,,,,,,,,,,,
"April 02, 2018",Adrian Younge Presents: Voices of Gemma,Adrian Younge,R&amp;B/Soul,Independent Artist,"Los Angeles, California",Will Schube,"Adrian Younge, Adrian Younge Presents: Voices of Gemma",matched,7IL0DJjtv6pfz8UCTYQ8GU,https://open.spotify.com/album/7IL0DJjtv6pfz8UCTYQ8GU,4aMeIY7MkJoZg7O91cmDDd,Adrian Younge,Adrian Younge Presents: Voices of Gemma,2018-03-30,day,album,22.0,https://i.scdn.co/image/ab67616d0000b2739f994e7e8febe837e0aaa8e5,,,,matched,https://i.scdn.co/image/ab6761610000e5eb892bfa72a0cd8e4907eded3c,https://open.spotify.com/artist/4aMeIY7MkJoZg7O91cmDDd
"March 30, 2018",Dirt,Yamantaka//Sonic Titan,Experimental,Independent Artist,"Toronto, Ontario",Max Mertens,"Yamantaka//Sonic Titan, Dirt",matched,566OjYAnHkH5dsQnrARb7M,https://open.spotify.com/album/566OjYAnHkH5dsQnrARb7M,2QRoohviRnCgnokZ6KI7mc,YAMANTAKA // SONIC TITAN,Dirt,2018-03-23,day,album,10.0,https://i.scdn.co/image/ab67616d0000b273ed2aa78662364c0473cae234,,,,matched,https://i.scdn.co/image/ab6761610000e5eb6f797deb51bb4731d25dc42b,https://open.spotify.com/artist/2QRoohviRnCgnokZ6KI7mc
"March 29, 2018",Jean Grae and Quelle Chris Take Society to Task,On “Everything’s Fine,Hip-Hop/Rap,Quelle Chris,"Detroit, Michigan",Marcus J. Moore,"On “Everything’s Fine, Jean Grae and Quelle Chris Take Society to Task",no_match,,,,,,,,,,,,,,,,
"March 28, 2018",Run Deep,Deva Mahal,Pop,Independent Artist,"Wellington, New Zealand",Will Schube,"Deva Mahal, Run Deep",matched,24uAA2v6yqB1gN6YCUL9ed,https://open.spotify.com/album/24uAA2v6yqB1gN6YCUL9ed,74kTlA5KHbgVuvqOEeKON0,Deva Mahal,Run Deep,2018-03-23,day,album,12.0,https://i.scdn.co/image/ab67616d0000b27334dad4d0b3b8289a4d8e7528,,,,matched,https://i.scdn.co/image/ab6761610000e5eb1e79d89a2847ed3b9fa6bcff,https://open.spotify.com/artist/74kTlA5KHbgVuvqOEeKON0
"March 27, 2018",Net,Sandra Bell,Alternative,Drawing Room Records,"New York, New York",Robert Ham,"Sandra Bell, Net",matched,4W9vL4gqRUdGj4b769USq0,https://open.spotify.com/album/4W9vL4gqRUdGj4b769USq0,0ANKhCTNaNupjhKhU9AIQf,Sandra Bell,Net,2018-03-30,day,album,19.0,https://i.scdn.co/image/ab67616d0000b273d2aef565d3d1d9d13dfe72ca,,,,matched,https://i.scdn.co/image/ab67616d0000b27307aa3eb73198626985b7d274,https://open.spotify.com/artist/0ANKhCTNaNupjhKhU9AIQf
"March 26, 2018",Code Girl,Mary Halvorson,Jazz,Independent Artist,"New York, New York",Peter Margasak,"Mary Halvorson, Code Girl",matched,5PgtI7zGbJZeQrFMeF0ARb,https://open.spotify.com/album/5PgtI7zGbJZeQrFMeF0ARb,5tCfZ8dYbzaq6auQeSAsRl,Mary Halvorson,Code Girl,2018-03-30,day,album,14.0,https://i.scdn.co/image/ab67616d0000b2733101ff446629b55f51089c0f,,,,matched,https://i.scdn.co/image/ab6761610000e5ebc7ff02897f68fffcf54bcb5d,https://open.spotify.com/artist/5tCfZ8dYbzaq6auQeSAsRl
"March 23, 2018",Possessor,GosT,Electronic,Gost,"hell, Michigan",Andrew Parks,"GosT, Possessor",matched,3f1TM6nCi60FxQkyqQ61FP,https://open.spotify.com/album/3f1TM6nCi60FxQkyqQ61FP,46HcJG62ky3Tj7yJpB2Qqg,Gost,Possessor,2018-03-23,day,album,11.0,https://i.scdn.co/image/ab67616d0000b273a6653c8fd27d8840409f7bd2,,,,matched,https://i.scdn.co/image/ab6761610000e5ebea701db07e97d3be9dccb27e,https://open.spotify.com/artist/46HcJG62ky3Tj7yJpB2Qqg
"March 22, 2018",Synthetic Core 88,Equip,Electronic,Independent Artist,"Chicago, Illinois",Simon Chandler,"Equip, Synthetic Core 88",matched,0LJvU3ZhTrYpZnkWW39UoU,https://open.spotify.com/album/0LJvU3ZhTrYpZnkWW39UoU,3IOhNbmcUbaMuJkmyfkfE0,Equip,Synthetic Core 88 (Original Soundtrack),2018-04-04,day,album,14.0,https://i.scdn.co/image/ab67616d0000b27364a540fb1a7a7f3b758b1d5d,,,,matched,https://i.scdn.co/image/ab6761610000e5eb4ab69ab42773d56394780b47,https://open.spotify.com/artist/3IOhNbmcUbaMuJkmyfkfE0
"March 21, 2018",Polygondwanaland,King Gizzard & The Lizard Wizard,Rock,Only Lovers Records,France,John Morrison,"King Gizzard & The Lizard Wizard, Polygondwanaland",no_match,,,,,,,,,,,,,,,,
"March 20, 2018",Now Only,Album of  the Day: Mount Eerie,Alternative,Mount Eerie,"Anacortes, Washington",Jordan Reyes,"Album of  the Day: Mount Eerie, Now Only",no_match,,,,,,,,,,,,,,,,
"March 19, 2018",The Incubus of Karma,Mournful Congregation,Metal,20 Buck Spin,"Pittsburgh, Pennsylvania",J. Bennett,"Mournful Congregation, The Incubus of Karma",matched,1rhwYeJDiaANxQI164meX6,https://open.spotify.com/album/1rhwYeJDiaANxQI164meX6,3HZQm7muBa4Ho0p8K9X82M,Mournful Congregation,The Incubus of Karma,2018-03-23,day,album,6.0,https://i.scdn.co/image/ab67616d0000b273630a5829832d7a1f10928b86,,,,matched,https://i.scdn.co/image/ab67616d0000b2730e4172f8c02350684e061d2f,https://open.spotify.com/artist/3HZQm7muBa4Ho0p8K9X82M
"March 16, 2018",Blueprint,Alice Bag,Alternative,Independent Artist,"Mexico City, Mexico",Annie Zaleski,"Alice Bag, Blueprint",matched,5b2jFQS71tPOZ9iFRjA6s4,https://open.spotify.com/album/5b2jFQS71tPOZ9iFRjA6s4,0LK0Nj6UFKDtcCju1cD1sm,Alice Bag,Blueprint,2018-03-23,day,album,11.0,https://i.scdn.co/image/ab67616d0000b27363189fae0febe0bb26888798,,,,matched,https://i.scdn.co/image/ab6761610000e5ebc4513149e467b062545d63ad,https://open.spotify.com/artist/0LK0Nj6UFKDtcCju1cD1sm
"March 15, 2018",New Path,Essaie Pas,Electronic,Independent Artist,"Montréal, Québec",Amaya Garcia,"Essaie Pas, New Path",matched,2JuSxTDkjfnu7inullcgbl,https://open.spotify.com/album/2JuSxTDkjfnu7inullcgbl,2yNAWB78hJG1gSrodV5QSP,Essaie Pas,New Path,2018-03-16,day,album,6.0,https://i.scdn.co/image/ab67616d0000b2732e82994a4b27ba417a6a3459,,,,matched,https://i.scdn.co/image/ab6761610000e5eba5a167f9fbe8666a9dbacfdf,https://open.spotify.com/artist/2yNAWB78hJG1gSrodV5QSP
"March 14, 2018",129 Dreamless GMG,Erica Eso,Alternative,Independent Artist,"Kingston, New York",Will Schube,"Erica Eso, 129 Dreamless GMG",matched,3HRgeoKj6ZYtLY9AAH1zgx,https://open.spotify.com/album/3HRgeoKj6ZYtLY9AAH1zgx,1h9gQ8F1dO0sFUXOZ0Jwlq,Erica Eso,129 Dreamless GMG,2018-03-16,day,album,7.0,https://i.scdn.co/image/ab67616d0000b273c2106c4f085e561f012bac99,,,,matched,https://i.scdn.co/image/ab6761610000e5ebd70d4261009ee404193ed13c,https://open.spotify.com/artist/1h9gQ8F1dO0sFUXOZ0Jwlq
"March 13, 2018",Of Abstract Dreams,Sun Ra,Jazz,Sun Ra Arkestra,Alabama,Marcus J. Moore,"Sun Ra, Of Abstract Dreams",matched,6eteU1FJMSpeDoiwDlsOKn,https://open.spotify.com/album/6eteU1FJMSpeDoiwDlsOKn,0tIODqvzGUoEaK26rK4pvX,Sun Ra,Of Abstract Dreams,2018-03-16,day,single,4.0,https://i.scdn.co/image/ab67616d0000b273449b50803ad94fdbd373752b,,,,matched,https://i.scdn.co/image/66bf46ec1bfc2c72b97986f84af1a69f07531329,https://open.spotify.com/artist/0tIODqvzGUoEaK26rK4pvX
"March 12, 2018",Jericho Sirens,Hot Snakes,,Independent Artist,"San Diego, California",Jeff Terich,"Hot Snakes, Jericho Sirens",matched,5bb9gsFMpYNiIDiXES4ofP,https://open.spotify.com/album/5bb9gsFMpYNiIDiXES4ofP,5hEP2P4E1FjoFYdhhxe7vi,Hot Snakes,Jericho Sirens,2018-03-16,day,album,10.0,https://i.scdn.co/image/ab67616d0000b273e5468fd126f30343cc3e10c2,,,,matched,https://i.scdn.co/image/a3d4ef41ac71429f8b0ec72aae955578710acad8,https://open.spotify.com/artist/5hEP2P4E1FjoFYdhhxe7vi
"March 09, 2018",Hunchin’ All Night,Hunee,Electronic,Rush Hour Music,"Amsterdam, Netherlands",David Garber,"Hunee, Hunchin’ All Night",matched,7DQYEeeElfRlwjyjA1SVL1,https://open.spotify.com/album/7DQYEeeElfRlwjyjA1SVL1,6uElH4moADg7AGB3DCGOwy,Hunee,Hunchin' All Night,2018-04-09,day,album,12.0,https://i.scdn.co/image/ab67616d0000b273314aae025eccd220730b14e4,,,,matched,https://i.scdn.co/image/662f3a6be29d66451ee801ae9bd1d5d09352a914,https://open.spotify.com/artist/6uElH4moADg7AGB3DCGOwy
"March 08, 2018",Spiritual Jazz 8: Japan Pt. 1,Various Artists,Jazz,Spiritual Jazz,"London, UK",Ben Grenrock,"Various Artists, Spiritual Jazz 8: Japan Pt. 1",no_match,,,,,,,,,,,,,,,,
"March 07, 2018",Verdancy,David Garland,Experimental,Independent Artist,"New York, New York",Jim Allen,"David Garland, Verdancy",matched,4352UqwwQDDAzNARCUvRr1,https://open.spotify.com/album/4352UqwwQDDAzNARCUvRr1,3oS1slqwJmcbNAngVjvXBR,David Garland,Verdancy,2018-03-21,day,album,27.0,https://i.scdn.co/image/ab67616d0000b273d95116caf38e781b83348414,,,,matched,https://i.scdn.co/image/ab67616d0000b2732a0d24baa4997b75e6ee4495,https://open.spotify.com/artist/3oS1slqwJmcbNAngVjvXBR
"March 05, 2018",Who Are You,E Ruscha V,Electronic,Secret Circuit,"Los Angeles, California",Joe Darling,"E Ruscha V, Who Are You",matched,3IlpmrOKZkuPNopf0WCk1F,https://open.spotify.com/album/3IlpmrOKZkuPNopf0WCk1F,0NOdYxMmwVSeIshVxo6eVE,E Ruscha V,Who Are You,2017-11-03,day,album,9.0,https://i.scdn.co/image/ab67616d0000b27312ea145afb1e91f46f6b878c,,,,matched,https://i.scdn.co/image/ab6761610000e5eb811f89dc6edc56718125019a,https://open.spotify.com/artist/0NOdYxMmwVSeIshVxo6eVE
"March 02, 2018",How to Socialise & Make Friends,Camp Cope,Rock,CAMP COPE,"Melbourne, Australia",Ally-Jane Grossan,"Camp Cope, How to Socialise & Make Friends",matched,35S2dxyIq1PKoAMlUu7QZs,https://open.spotify.com/album/35S2dxyIq1PKoAMlUu7QZs,6OtUfATGYDnx5O23FP6C2s,Camp Cope,How to Socialise and Make Friends,2018-03-02,day,album,9.0,https://i.scdn.co/image/ab67616d0000b273315fbaa88e246ec49ce8c010,,,,matched,https://i.scdn.co/image/ab6761610000e5eb479eb90e703a140c5ebb6e2a,https://open.spotify.com/artist/6OtUfATGYDnx5O23FP6C2s
"March 01, 2018",The Hill Temple,Hex,Alternative,HEX,"Wellington, New Zealand",Isabelle Tolhurst,"Hex, The Hill Temple",matched,4ZQhc33ipnDnIMe1pZ4gA4,https://open.spotify.com/album/4ZQhc33ipnDnIMe1pZ4gA4,6BjHH7u4nKr1i9IrwLInWW,HEX,The Hill Temple,2018-02-17,day,album,8.0,https://i.scdn.co/image/ab67616d0000b273daceee082b66fa9f92d76231,,,,matched,https://i.scdn.co/image/ab6761610000e5eb60c4a9481ed50928d715346a,https://open.spotify.com/artist/6BjHH7u4nKr1i9IrwLInWW
"February 27, 2018",Temet,Imarhan,World,Independent Artist,"Tamanrasset, Algeria",Noah Berlatsky,"Imarhan, Temet",matched,5MCnyM5GBaeED2WXsQDE91,https://open.spotify.com/album/5MCnyM5GBaeED2WXsQDE91,1KQ1687z0hWSabx0YswG54,Imarhan,Temet,2018-02-23,day,album,10.0,https://i.scdn.co/image/ab67616d0000b27330f2f817fb6b53d119a68c10,,,,matched,https://i.scdn.co/image/ab6761610000e5eb603cf0d76920e4a5f7e0912d,https://open.spotify.com/artist/1KQ1687z0hWSabx0YswG54
"February 26, 2018",The Biophonic Boombox Recordings,Nightcrawlers,Electronic,The Nightcrawlers,"Philadelphia, Pennsylvania",Simon Chandler,"Nightcrawlers, The Biophonic Boombox Recordings",matched,65snIMfleBo0UExDntfBId,https://open.spotify.com/album/65snIMfleBo0UExDntfBId,7BRxqFwkOQ3ON2l94svgFi,The Nightcrawlers,The Biophonic Boombox Recordings,2018-02-23,day,compilation,14.0,https://i.scdn.co/image/ab67616d0000b2738d0bdaf6715714b507987d51,,,,matched,https://i.scdn.co/image/ab6761610000e5eba0c8d5bc98425ce519358c18,https://open.spotify.com/artist/7BRxqFwkOQ3ON2l94svgFi
"February 23, 2018",J​-​Jazz: Deep Modern Jazz from Japan 1969​-​1984,Various Artists,Jazz,BBE,"London, UK",Patrick Jarenwattananon,"Various Artists, J​-​Jazz: Deep Modern Jazz from Japan 1969​-​1984",matched,5ppyEJiUQc9kqXmzOECwWL,https://open.spotify.com/album/5ppyEJiUQc9kqXmzOECwWL,0LyfQWJT6nXafLPZqxe9Of,Various Artists,J-Jazz – Deep Modern Jazz from Japan 1969-1984,2018-02-23,day,compilation,10.0,https://i.scdn.co/image/ab67616d0000b27350917fcde935a9a611e5881e,,,,matched,https://i.scdn.co/image/ab6761610000e5eb6b134287e3095d2c84b7932a,https://open.spotify.com/artist/0LyfQWJT6nXafLPZqxe9Of
"February 22, 2018",Pasar De Las Luces,Album of the day: Mint Field,Alternative,Mint Field,"Mexico City, Mexico",Daniel Dylan Wray,"Album of the day: Mint Field, Pasar De Las Luces",no_match,,,,,,,,,,,,,,,,
"February 21, 2018",Sunder,Nathan Fake,Electronic,Independent Artist,"England, UK",Amaya Garcia,"Nathan Fake, Sunder",matched,4kaTKcilEpzYoppazwBgTw,https://open.spotify.com/album/4kaTKcilEpzYoppazwBgTw,5rZVjGkZZI4TnpMHQwrxfG,Nathan Fake,Sunder,2018-02-23,day,single,5.0,https://i.scdn.co/image/ab67616d0000b2735017ae30776d26a2ac96ffb3,,,,matched,https://i.scdn.co/image/ab6761610000e5ebac6d7d84491c57abc1e0958b,https://open.spotify.com/artist/5rZVjGkZZI4TnpMHQwrxfG
"February 20, 2018",The Strife of Love in A Dream,Miracle,Electronic,Independent Artist,UK,Andrew Parks,"Miracle, The Strife of Love in A Dream",matched,3BcKyqmXypyHA2mPNd1YQq,https://open.spotify.com/album/3BcKyqmXypyHA2mPNd1YQq,28VQJJAPiTYsyOGcFNNAcQ,Miracle,The Strife of Love in a Dream,2018-02-16,day,album,8.0,https://i.scdn.co/image/ab67616d0000b273bbadc99bd42845a3b13e565f,,,,matched,https://i.scdn.co/image/ab6761610000e5ebae6c687274d9f305dc87c678,https://open.spotify.com/artist/28VQJJAPiTYsyOGcFNNAcQ
"February 16, 2018",Twin Fantasy,Car Seat Headrest,Alternative,Independent Artist,,J. Edward Keyes,"Car Seat Headrest, Twin Fantasy",matched,6gDtROOIYa6OQxwhDNkDRM,https://open.spotify.com/album/6gDtROOIYa6OQxwhDNkDRM,5PbpKlxQE0Ktl5lcNABoFf,Car Seat Headrest,Twin Fantasy,2018-02-16,day,album,10.0,https://i.scdn.co/image/ab67616d0000b2736e56a2355e849c1cb25e4e76,,,,matched,https://i.scdn.co/image/ab6761610000e5ebbe1423263bfb1e277f06fed6,https://open.spotify.com/artist/5PbpKlxQE0Ktl5lcNABoFf
"February 15, 2018","Quare Groove, Vol. 1",Various Artists,Electronic,Allchival,"Dublin, Ireland",Philip Sherburne,"Various Artists, Quare Groove, Vol. 1",no_match,,,,,,,,,,,,,,,,
"February 14, 2018",The Optimist,Ryan Porter,Jazz,World Galaxy Records,"Los Angeles, California",Marcus J. Moore,"Ryan Porter, The Optimist",matched,6Uj3GvaCY0DTny6wocVEK4,https://open.spotify.com/album/6Uj3GvaCY0DTny6wocVEK4,1kiNqP5rOEbTchaFXyTY5c,Ryan Porter,The Optimist,2018-02-23,day,album,11.0,https://i.scdn.co/image/ab67616d0000b273072e5852491521faa73c112b,,,,matched,https://i.scdn.co/image/660cda8dcc87628725491aca0b1aaa771cfccd7d,https://open.spotify.com/artist/1kiNqP5rOEbTchaFXyTY5c
"February 13, 2018",Homowo,Basa Basa,,Independent Artist,"Accra, Ghana",Jonathan Bernstein,"Basa Basa, Homowo",matched,4eK9uta9LmaxMUcBFbTbS2,https://open.spotify.com/album/4eK9uta9LmaxMUcBFbTbS2,699lZFg1YHsQCg9WOQkecl,Basa Basa,Homowo,2018-02-13,day,album,8.0,https://i.scdn.co/image/ab67616d0000b2734248e64503f017dd6d40f25f,,,,matched,https://i.scdn.co/image/ab67616d0000b273366b72ee2555000756070994,https://open.spotify.com/artist/699lZFg1YHsQCg9WOQkecl
"February 12, 2018",Candy Valley,Bigott,,Independent Artist,Spain,Casey Jarman,"Bigott, Candy Valley",matched,6EeX95BywucyhwfRtl7ThS,https://open.spotify.com/album/6EeX95BywucyhwfRtl7ThS,4DQYOwqipb8qphMdd7pl7p,bigott,Candy Valley,2018-02-16,day,album,9.0,https://i.scdn.co/image/ab67616d0000b273bde56f20aee0417f75227890,,,,matched,https://i.scdn.co/image/ab6761610000e5eb2486277a21bf440cdbebf6f6,https://open.spotify.com/artist/4DQYOwqipb8qphMdd7pl7p
"February 09, 2018",Slow Sundown,Holy Motors,Alternative,Independent Artist,"Tallinn, Estonia",Annie Zaleski,"Holy Motors, Slow Sundown",matched,2eIWEThSWFddE0MEeOvZV3,https://open.spotify.com/album/2eIWEThSWFddE0MEeOvZV3,5iYU8FJ5aU8X4A77hA76st,Holy Motors,Slow Sundown,2018-01-26,day,album,8.0,https://i.scdn.co/image/ab67616d0000b2738157792af5f8c4d0f70e5ab2,,,,matched,https://i.scdn.co/image/ab6761610000e5eb0787f2ccc5cb47bf495f53a0,https://open.spotify.com/artist/5iYU8FJ5aU8X4A77hA76st
"February 08, 2018",Esperanto,Victor Assis Brasil,Jazz,Independent Artist,Brazil,Casey Jarman,"Victor Assis Brasil, Esperanto",matched,2AD3t2b3UPIiF9e3bTldao,https://open.spotify.com/album/2AD3t2b3UPIiF9e3bTldao,4ChZwCIiFv4wfocI6ir8X2,Victor Assis Brasil,Esperanto / Toca Antonio Carlos Jobim,2018-02-09,day,album,11.0,https://i.scdn.co/image/ab67616d0000b273d495e8c43bddd6722686ac39,,,,matched,https://i.scdn.co/image/ab6761610000e5ebab2f272fc3c46a0cf2031cfa,https://open.spotify.com/artist/4ChZwCIiFv4wfocI6ir8X2
"February 07, 2018",We Out Here,Various Artists,Jazz,We Out Here,"London, UK",Phillip Mlynar,"Various Artists, We Out Here",matched,0H6nfrkNnV5m67o6qVOGT3,https://open.spotify.com/album/0H6nfrkNnV5m67o6qVOGT3,0LyfQWJT6nXafLPZqxe9Of,Various Artists,We Out Here,2018-02-09,day,compilation,9.0,https://i.scdn.co/image/ab67616d0000b273fcff0762b4818626ccab5959,,,,matched,https://i.scdn.co/image/ab6761610000e5eb6b134287e3095d2c84b7932a,https://open.spotify.com/artist/0LyfQWJT6nXafLPZqxe9Of
"February 06, 2018",Ere,Storm{O},Punk,STORMO,Italy,Jacopo Sanna,"Storm{O}, Ere",no_match,,,,,,,,,,,,,,,,
"February 05, 2018",La Contra Ola,Various Artists,Electronic,Les Disques Bongo Joe,"Geneva, Switzerland",Casey Jarman,"Various Artists, La Contra Ola",no_match,,,,,,,,,,,,,,,,
"February 02, 2018",Whatever It Takes,James Hunter,R&amp;B/Soul,James Hunter Six,"England, UK",Jim Allen,"James Hunter, Whatever It Takes",matched,5xS12JJKDNn0UNflrA9nUW,https://open.spotify.com/album/5xS12JJKDNn0UNflrA9nUW,0Fn28eidAZsxHQhTzY3gKp,The James Hunter Six,Whatever It Takes,2018-02-02,day,album,10.0,https://i.scdn.co/image/ab67616d0000b27324a962b9c94b61fc6063aea3,,,,matched,https://i.scdn.co/image/ab6761610000e5eb57707c62300340f854b8d924,https://open.spotify.com/artist/0Fn28eidAZsxHQhTzY3gKp
"February 01, 2018",Hilja,Cucina Povera,Electronic,Independent Artist,"Helsinki, Finland",Amaya Garcia,"Cucina Povera, Hilja",matched,2n4BmbmrbnrylB71xFoJIe,https://open.spotify.com/album/2n4BmbmrbnrylB71xFoJIe,46VnhKgQTmPBKdJBTuk0D1,Cucina Povera,Hilja,2018-01-26,day,album,8.0,https://i.scdn.co/image/ab67616d0000b27397e0a7a0219ca86f746acca9,,,,matched,https://i.scdn.co/image/ab67616d0000b27397e0a7a0219ca86f746acca9,https://open.spotify.com/artist/46VnhKgQTmPBKdJBTuk0D1
"January 31, 2018",ION,Portal,Metal,Profound Lore Records,"Kitchener, Ontario",Joe Bucciero,"Portal, ION",matched,3Ah46ts0j8wOr4lG73e346,https://open.spotify.com/album/3Ah46ts0j8wOr4lG73e346,1WiZz4d759EPtACSUBEfmt,Portal,Ion,2018-01-26,day,album,9.0,https://i.scdn.co/image/ab67616d0000b273af5f5ea883813d1858a83a71,,,,matched,https://i.scdn.co/image/ab6761610000e5eba0f83191d9d7b22a914b02d9,https://open.spotify.com/artist/1WiZz4d759EPtACSUBEfmt
"January 30, 2018",Freedom’s Goblin,Ty Segall,Alternative,Independent Artist,"Los Angeles, California",Jonathan Bernstein,"Ty Segall, Freedom’s Goblin",no_match,,,,,,,,,,,,,,,,
"January 29, 2018",All These Worlds Are Yours,HOLY,Alternative,Independent Artist,"Stockholm, Sweden",Ned Raggett,"HOLY, All These Worlds Are Yours",matched,3e2nekPVPlUUrDuSQpuwF4,https://open.spotify.com/album/3e2nekPVPlUUrDuSQpuwF4,6TNGPJ14slujZq0YSywpsQ,HOLY,All These Worlds Are Yours,2018-01-26,day,album,10.0,https://i.scdn.co/image/ab67616d0000b273fac3f4ab6c164181c3598876,,,,matched,https://i.scdn.co/image/ab6761610000e5eb6ed592d19d2467331b2c2cb8,https://open.spotify.com/artist/6TNGPJ14slujZq0YSywpsQ
"January 26, 2018",This is Glue,Salad Boys,Alternative,Independent Artist,"Christchurch, New Zealand",J. Edward Keyes,"Salad Boys, This is Glue",matched,718UGCtduCNmaZGSiv36Jw,https://open.spotify.com/album/718UGCtduCNmaZGSiv36Jw,4ptQCy5dKNSFIsWSvk1fc4,Salad Boys,This Is Glue,2018-01-19,day,album,12.0,https://i.scdn.co/image/ab67616d0000b273bce80d05806c8238943e87c1,,,,matched,https://i.scdn.co/image/ab6761610000e5ebe5241cd13a59c5dfdc3b079d,https://open.spotify.com/artist/4ptQCy5dKNSFIsWSvk1fc4
"January 25, 2018",Snares Like A Haircut,No Age,Alternative,Independent Artist,"Los Angeles, California",Jordan Reyes,"No Age, Snares Like A Haircut",matched,37E3lvyejDaSCOB0LHxePB,https://open.spotify.com/album/37E3lvyejDaSCOB0LHxePB,72acCeElLYGL9nBHcZzX1h,No Age,Snares Like a Haircut,2018-01-26,day,album,12.0,https://i.scdn.co/image/ab67616d0000b273615fe32ea83cabbb16210e10,,,,matched,https://i.scdn.co/image/ab6761610000e5eb3691af9ac5da240dc22e877a,https://open.spotify.com/artist/72acCeElLYGL9nBHcZzX1h
"January 24, 2018",Sunspots,Jeff Snyder,Experimental,Independent Artist,"Princeton, New Jersey",Raymond Cummings,"Jeff Snyder, Sunspots",matched,4JmxErg7vqv6aGAMyFhxrn,https://open.spotify.com/album/4JmxErg7vqv6aGAMyFhxrn,6DvXAmzgMeYnKd4rq26GFp,Jeff Snyder,Sunspots,2018-01-26,day,album,12.0,https://i.scdn.co/image/ab67616d0000b27384d6a8b7c13e10e250aa7cd9,,,,matched,https://i.scdn.co/image/ab6761610000e5ebfd17a6d813bab5470a2f67d3,https://open.spotify.com/artist/6DvXAmzgMeYnKd4rq26GFp
"January 23, 2018",Voice Hardcore,Phew,Electronic,Independent Artist,"Tokyo, Japan",Patrick St. Michel,"Phew, Voice Hardcore",matched,3o7D6UXr4OwN1FJdyNU0lM,https://open.spotify.com/album/3o7D6UXr4OwN1FJdyNU0lM,7mTJBVGJmkgbjwvbzc0Bqb,Phew,Voice Hardcore,2018-01-19,day,single,6.0,https://i.scdn.co/image/ab67616d0000b2732df8f595aed866d5a01058ad,,,,matched,https://i.scdn.co/image/ab6772690000c46cea77fc8abc464e7ddf4d34d6,https://open.spotify.com/artist/7mTJBVGJmkgbjwvbzc0Bqb
"January 19, 2018",The House,Porches,Pop,Independent Artist,"New York, New York",Joe Darling,"Porches, The House",matched,3NUX6Gg2sWAX4yjEvi6EkL,https://open.spotify.com/album/3NUX6Gg2sWAX4yjEvi6EkL,2JzhQYGos3RqV7MT5fWeek,Porches,The House,2018,year,album,14.0,https://i.scdn.co/image/ab67616d0000b273977ec9635d1e7faa45844ad3,,,,matched,https://i.scdn.co/image/ab6761610000e5eb59a2607b5912f9c150365e5b,https://open.spotify.com/artist/2JzhQYGos3RqV7MT5fWeek
"January 18, 2018",Támsins Likam,Hamferð,Metal,Independent Artist,Faroe Islands,Saby Reyes-Kulkarni,"Hamferð, Támsins Likam",matched,4I4y5ROqCjkbzn5ap7lS49,https://open.spotify.com/album/4I4y5ROqCjkbzn5ap7lS49,4Okrb4EaAYXpRu2cx2ipa4,Hamferð,Támsins likam,2018-01-12,day,album,6.0,https://i.scdn.co/image/ab67616d0000b273ddde9d357439b4ea39e4321d,,,,matched,https://i.scdn.co/image/ab6761610000e5eb2ef65586739a641c7bc18444,https://open.spotify.com/artist/4Okrb4EaAYXpRu2cx2ipa4
"January 17, 2018",The Miracles of the Seven Dances,Hany Mehanna,Experimental,Hany Mehanna - هاني مهنى,"Cairo, Egypt",Casey Jarman,"Hany Mehanna, The Miracles of the Seven Dances",matched,1KyFBCRPYSggqq1IQVCkKq,https://open.spotify.com/album/1KyFBCRPYSggqq1IQVCkKq,3h9X1RMf1TfyNGntWJZdJ2,Hany Mehanna,The Miracles Of The Seven Dances,2018-01-19,day,album,7.0,https://i.scdn.co/image/ab67616d0000b273c79dfb5b662ee35b1b7f2fdf,,,,matched,https://i.scdn.co/image/ab67616d0000b27310dc56755c525ba898807056,https://open.spotify.com/artist/3h9X1RMf1TfyNGntWJZdJ2
"January 16, 2018",Spencer for Hire,Vic Spencer & Sonny Jim,Hip-Hop/Rap,Daupe,"London, UK",Will Schube,"Vic Spencer & Sonny Jim, Spencer for Hire",no_match,,,,,,,,,,,,,,,,
"January 12, 2018",Songs of Praise,Shame,Alternative,shame,"England, UK",Will Schube,"Shame, Songs of Praise",matched,3ZtngTnZwbWMAdzcpKWgXH,https://open.spotify.com/album/3ZtngTnZwbWMAdzcpKWgXH,4IeWU3NYBI9mISFVhzXG8f,shame,Songs of Praise,2018-01-12,day,album,10.0,https://i.scdn.co/image/ab67616d0000b273c3dfff586fd0b401acf19a0a,,,,matched,https://i.scdn.co/image/ab6761610000e5eb9668c80b0c623e06486ec7f1,https://open.spotify.com/artist/4IeWU3NYBI9mISFVhzXG8f
"January 11, 2018",Unearth,Album of  the Day: Crater,Alternative,Crater,"Seattle, Washington",J. Edward Keyes,"Album of  the Day: Crater, Unearth",no_match,,,,,,,,,,,,,,,,
"January 10, 2018",33 33,NPVR,Experimental,Independent Artist,"London, UK",Joe Darling,"NPVR, 33 33",matched,5GCXoIEjORWbYo3IpcdFt5,https://open.spotify.com/album/5GCXoIEjORWbYo3IpcdFt5,4NXhndPCiHIvZcZjA8Wp1K,NPVR,33 33,2018-01-12,day,album,5.0,https://i.scdn.co/image/ab67616d0000b273f84ac153f36d7e55b11f7df2,,,,matched,https://i.scdn.co/image/45304eb0f015b509141843795f3d75385f119255,https://open.spotify.com/artist/4NXhndPCiHIvZcZjA8Wp1K
"January 09, 2018",Offerings,Typhoon,Rock,TYPHOON,"Portland, Oregon",Katrina Nattress,"Typhoon, Offerings",matched,2keHjWDRlQYnrTkm7ShyUc,https://open.spotify.com/album/2keHjWDRlQYnrTkm7ShyUc,6p6WlxIkeWH8yOYvciFfVl,Typhoon,Offerings,2018-01-12,day,album,14.0,https://i.scdn.co/image/ab67616d0000b27349e9efbc75d0af662393bb97,,,,matched,https://i.scdn.co/image/ab6761610000e5eb00c16be522d2d69e95d863da,https://open.spotify.com/artist/6p6WlxIkeWH8yOYvciFfVl
"January 08, 2018",Savage Exile,Azar Swan,Electronic,aufnahme + wiedergabe,"Berlin, Germany",Ned Raggett,"Azar Swan, Savage Exile",matched,5YLEAiFNzuOKX56He8anFY,https://open.spotify.com/album/5YLEAiFNzuOKX56He8anFY,4DbpsM8cxMWcgZ0WVAOWF0,Azar Swan,Savage Exile,2017-12-01,day,album,10.0,https://i.scdn.co/image/ab67616d0000b273708639e2eeb3140a22a2e461,,,,matched,https://i.scdn.co/image/ab6772690000c46c6222c6a4d9e84e45ba2f8ea6,https://open.spotify.com/artist/4DbpsM8cxMWcgZ0WVAOWF0
"January 05, 2018",Somewhere Else,Profligate,Electronic,Independent Artist,"Cleveland, Ohio",Jordan Reyes,"Profligate, Somewhere Else",matched,3pI715BMKierg315p7uOcM,https://open.spotify.com/album/3pI715BMKierg315p7uOcM,2IyJ5wHIkktNP6NmxgCz7K,Profligate,Somewhere Else,2018-01-05,day,album,7.0,https://i.scdn.co/image/ab67616d0000b273801bafb3e032952e4498ba76,,,,matched,https://i.scdn.co/image/ab6761610000e5eb5604cc48ea20d9dc47f37f4a,https://open.spotify.com/artist/2IyJ5wHIkktNP6NmxgCz7K
"January 04, 2018","Detroit, MI 1997 – 2001",Heathered Pearls,Electronic,Independent Artist,"Brooklyn, New York",Andrew Parks,"Heathered Pearls, Detroit, MI 1997 – 2001",matched,0HLOIKX8mvhAq34gIKxtjS,https://open.spotify.com/album/0HLOIKX8mvhAq34gIKxtjS,1o949goAYc4vD4IqN0zhVV,Heathered Pearls,"Detroit, MI 1997 - 2001",2017-12-08,day,single,4.0,https://i.scdn.co/image/ab67616d0000b27329bbf4ab1f19b2c2e6d6431d,,,,matched,https://i.scdn.co/image/ab6761610000e5ebee53371f32a8510aabdcba5c,https://open.spotify.com/artist/1o949goAYc4vD4IqN0zhVV
"January 03, 2018",Habibi Funk 007: An eclectic selection of music from the Arab world,Various Artists,Funk,Habibi Funk Records,"Berlin, Germany",Andy Thomas,"Various Artists, Habibi Funk 007: An eclectic selection of music from the Arab world",matched,1MWIRATDeTkT70lG5g9P0S,https://open.spotify.com/album/1MWIRATDeTkT70lG5g9P0S,0LyfQWJT6nXafLPZqxe9Of,Various Artists,Habibi Funk: An Eclectic Selection of Music from the Arab World (Habibi Funk 007),2017-12-01,day,compilation,16.0,https://i.scdn.co/image/ab67616d0000b273673441549625909e01d592a2,,,,matched,https://i.scdn.co/image/ab6761610000e5eb6b134287e3095d2c84b7932a,https://open.spotify.com/artist/0LyfQWJT6nXafLPZqxe9Of
"December 22, 2017",Laughing at the System,Total Control,Alternative,A  L  T  E  R,"London, UK",J. Edward Keyes,"Total Control, Laughing at the System",matched,5DdCEuIYhHAnbaihPZnVbZ,https://open.spotify.com/album/5DdCEuIYhHAnbaihPZnVbZ,5vjPLkDLdB76i8EO1PFOT6,Total Control,Laughing At The System,2017-12-08,day,album,8.0,https://i.scdn.co/image/ab67616d0000b27369f8e80341a116bd69445115,,,,matched,https://i.scdn.co/image/ab6772690000c46cf5c12becc55119f4ba1fcbc0,https://open.spotify.com/artist/5vjPLkDLdB76i8EO1PFOT6
"December 21, 2017",Weighing of the Heart,Nabihah Iqbal,Alternative,Independent Artist,"London, UK",J. Edward Keyes,"Nabihah Iqbal, Weighing of the Heart",matched,1wv2yreeNsyBNnvlhOhvjO,https://open.spotify.com/album/1wv2yreeNsyBNnvlhOhvjO,7pPOvwCq4bb2iObs8twDir,Nabihah Iqbal,Weighing of the Heart,2017-12-01,day,album,11.0,https://i.scdn.co/image/ab67616d0000b2735b8adaf13ab359327e9484c1,,,,matched,https://i.scdn.co/image/ab6761610000e5eb230ac530c8f4efbdeb938b06,https://open.spotify.com/artist/7pPOvwCq4bb2iObs8twDir
"December 20, 2017",Blush,Blush,Rock,Independent Artist,"Brooklyn, New York",Mariana Timony,"Blush, Blush",matched,65PiQuiAIspSguZAZl0NCy,https://open.spotify.com/album/65PiQuiAIspSguZAZl0NCy,15CEv1hif8kVH5mrlWAHAG,The Blushes,The Blushes,2023-07-10,day,single,5.0,https://i.scdn.co/image/ab67616d0000b273e538dce4b97b4d2017a17fcc,,,,matched,https://i.scdn.co/image/ab6761610000e5eb3d33fc28f8dc274df239b6b5,https://open.spotify.com/artist/15CEv1hif8kVH5mrlWAHAG
"December 19, 2017",When Daffi Attacks,Jeremiah Jae,Hip-Hop/Rap,Black Jungle Squad,"Chicago, Illinois",Marcus J. Moore,"Jeremiah Jae, When Daffi Attacks",no_match,,,,,,,,,,,,,,,,
"December 18, 2017",Forever Beast,Filthy Huns,Electronic,Independent Artist,"Los Angeles, California",J. Edward Keyes,"Filthy Huns, Forever Beast",matched,4GSOBn1TTsMA8RJQT8t1I0,https://open.spotify.com/album/4GSOBn1TTsMA8RJQT8t1I0,0kFLoB2CgEe7y5dFZkOjJW,Filthy Huns,Forever Beast,2017-12-01,day,album,4.0,https://i.scdn.co/image/ab67616d0000b273f6f9f96ceb705e9b7561ea5a,,,,matched,https://i.scdn.co/image/ab67616d0000b273f110927a9fbd954e283237dc,https://open.spotify.com/artist/0kFLoB2CgEe7y5dFZkOjJW
"December 15, 2017",Loss Memory,Coma Cinema,Alternative,Independent Artist,South Carolina,Eli Enis,"Coma Cinema, Loss Memory",matched,3QDaKEic21nBfFhJiTNcQA,https://open.spotify.com/album/3QDaKEic21nBfFhJiTNcQA,4Ebry32YXxGXbI8FqhhSFu,Coma Cinema,Loss Memory,2017-12-07,day,album,10.0,https://i.scdn.co/image/ab67616d0000b2732b8737b61f5830dcf35adcf3,,,,matched,https://i.scdn.co/image/ab6761610000e5eb25fb5d179805d6677706d6b5,https://open.spotify.com/artist/4Ebry32YXxGXbI8FqhhSFu
"December 14, 2017",The Crowning Quietus,Inconcessus Lux Lucis,Metal,Independent Artist,"Manchester, UK",Brad Sanders,"Inconcessus Lux Lucis, The Crowning Quietus",matched,1mOPRk26RcQH1cvAJmkHAa,https://open.spotify.com/album/1mOPRk26RcQH1cvAJmkHAa,7DOaYGIMDGu3TGWZlDM6iE,Inconcessus Lux Lucis,The Crowning Quietus,2017-10-31,day,album,6.0,https://i.scdn.co/image/ab67616d0000b273487101ce05d81334ff802fa4,,,,matched,https://i.scdn.co/image/ab6761610000e5eb2a6fb77b9ca40ab6c77b0c6b,https://open.spotify.com/artist/7DOaYGIMDGu3TGWZlDM6iE
"December 13, 2017",Amp Dog Knights,Amp Fiddler,Electronic,Independent Artist,"Detroit, Michigan",Andrew Parks,"Amp Fiddler, Amp Dog Knights",matched,70JxC3cPbochvqaYowJ81B,https://open.spotify.com/album/70JxC3cPbochvqaYowJ81B,39g75EmRFeFbvHhsGjUpLU,Amp Fiddler,Amp Dog Knights,2020-11-28,day,album,14.0,https://i.scdn.co/image/ab67616d0000b273c42d5f0177d9fa08ef62ae3b,,,,matched,https://i.scdn.co/image/ab6761610000e5eb8e16a87f9b2e186e1b6d6000,https://open.spotify.com/artist/39g75EmRFeFbvHhsGjUpLU
"December 12, 2017",Hesaitix,M.E.S.H.,Electronic,Hesaitix / M.E.S.H.,,Chris Kelly,"M.E.S.H., Hesaitix",matched,3kSk5lWvH7y0mYS3kLhXZF,https://open.spotify.com/album/3kSk5lWvH7y0mYS3kLhXZF,2Xh0QLRL0qScgK7YKxCdYH,M.E.S.H.,Hesaitix,2017-11-10,day,album,11.0,https://i.scdn.co/image/ab67616d0000b2731a9f73a83869d9eec6367ae5,,,,matched,https://i.scdn.co/image/ab6761610000e5eb36ef4db56dafb5c2c8174fa5,https://open.spotify.com/artist/2Xh0QLRL0qScgK7YKxCdYH
"December 11, 2017",Mental Hoop,His Electro Blue Voice,,IRON LUNG Records,"Seattle, Washington",JJ Skolnik,"His Electro Blue Voice, Mental Hoop",matched,1oEQ27Eg5ZanmQdOPg4INj,https://open.spotify.com/album/1oEQ27Eg5ZanmQdOPg4INj,0fjgTN0XM22oyZi9wWzT6P,His Electro Blue Voice,Mental Hoop,2017-11-24,day,album,9.0,https://i.scdn.co/image/ab67616d0000b2737cf8b679147d70383e2ba0d1,,,,matched,https://i.scdn.co/image/ab6761610000e5ebef42cdfcd634ca7a6b37b3a6,https://open.spotify.com/artist/0fjgTN0XM22oyZi9wWzT6P
"December 08, 2017",Eghass Malan,Les Filles de Illighadad,World,Independent Artist,"Abalak, Niger",Ana Gavrilovska,"Les Filles de Illighadad, Eghass Malan",matched,3ri5Fj0vI09Dhex4hnGxfn,https://open.spotify.com/album/3ri5Fj0vI09Dhex4hnGxfn,45EoOvcenErsYkaJUnqjJv,Les Filles de Illighadad,Eghass Malan,2017-10-28,day,album,7.0,https://i.scdn.co/image/ab67616d0000b273ca375c3ed27d87173820bbba,,,,matched,https://i.scdn.co/image/ab6761610000e5ebe71383310fc446a9192fa79f,https://open.spotify.com/artist/45EoOvcenErsYkaJUnqjJv
"December 07, 2017",Mechanics Of Dominion,Esmerine,Experimental,Independent Artist,"Montreal, Québec",JR Moores,"Esmerine, Mechanics Of Dominion",matched,3XYajkFY90YSxsLaiRvQqc,https://open.spotify.com/album/3XYajkFY90YSxsLaiRvQqc,1uXKQUZkkDAQ89OPXLMtw2,Esmerine,Mechanics of Dominion,2017-10-20,day,album,8.0,https://i.scdn.co/image/ab67616d0000b273bebd4d22e9b0f40eda06abb9,,,,matched,https://i.scdn.co/image/ab6761610000e5ebeac31bb8f069f845e5ea31b1,https://open.spotify.com/artist/1uXKQUZkkDAQ89OPXLMtw2
"December 06, 2017",All Belief is Paradise,Fits,Pop,Independent Artist,"Brooklyn, New York",Eli Enis,"Fits, All Belief is Paradise",matched,1dQAvZpGcoCtVrxNSJ4HOC,https://open.spotify.com/album/1dQAvZpGcoCtVrxNSJ4HOC,3x0Uj5d7ELRafXmAoYvaXZ,FITS,All Belief is Paradise,2017-11-17,day,album,12.0,https://i.scdn.co/image/ab67616d0000b273ee747cf04efb3968d5ee1123,,,,matched,https://i.scdn.co/image/ab6761610000e5eba491bc38688cb496f3723837,https://open.spotify.com/artist/3x0Uj5d7ELRafXmAoYvaXZ
"December 05, 2017",Exposure & Response,Mo Troper,Alternative,Independent Artist,"Portland, Oregon",Eli Enis,"Mo Troper, Exposure & Response",matched,06F6ttUminJKee6PcdDuZY,https://open.spotify.com/album/06F6ttUminJKee6PcdDuZY,52txBRG3MARNC9QMCUcT5o,Mo Troper,Exposure & Response,2017-11-17,day,album,15.0,https://i.scdn.co/image/ab67616d0000b2733fcfd5a4a5f3de265594842c,,,,matched,https://i.scdn.co/image/ab6761610000e5eba52ccf56ee0a1497116b790d,https://open.spotify.com/artist/52txBRG3MARNC9QMCUcT5o
"December 04, 2017",In Case You Don’t Know What To Play,Damiano von Erckert,Electronic,AVA. RECORDS,"Berlin, Germany",David Garber,"Damiano von Erckert, In Case You Don’t Know What To Play",matched,0uwmbpIe15Hb5jOQCP0Cd9,https://open.spotify.com/album/0uwmbpIe15Hb5jOQCP0Cd9,28Y1hMhuru402KjzFJDegi,Damiano von Erckert,In Case You Don't Know What to Play,2017-01-18,day,album,10.0,https://i.scdn.co/image/ab67616d0000b2732feb3d604fe57744c0ef449c,,,,matched,https://i.scdn.co/image/ab6761610000e5eb638df270f740129240958b55,https://open.spotify.com/artist/28Y1hMhuru402KjzFJDegi
"December 01, 2017",Every Eye,Ivan Ave,Hip-Hop/Rap,Jakarta Records,"Berlin, Germany",Jesse Fairfax,"Ivan Ave, Every Eye",matched,6ghn6VdDTko9AlDoOv8Sqh,https://open.spotify.com/album/6ghn6VdDTko9AlDoOv8Sqh,7BxJEL8I7OoAMGyPWn1cPS,Ivan Ave,Every Eye,2017-11-10,day,album,14.0,https://i.scdn.co/image/ab67616d0000b27323df445a888fc89725cbaf39,,,,matched,https://i.scdn.co/image/ab6761610000e5ebca3d0ae9202939b21c1e2068,https://open.spotify.com/artist/7BxJEL8I7OoAMGyPWn1cPS
"November 30, 2017",Wild Pitch: The Story,DJ Pierre,Electronic,Get Physical Music,"Berlin, Germany",Joe Darling,"DJ Pierre, Wild Pitch: The Story",matched,17LUmjGEZIwHCl3toOu96W,https://open.spotify.com/album/17LUmjGEZIwHCl3toOu96W,58nnSR1lwvcuklbb3Uc6TU,DJ Pierre,Wild Pitch: The Story,2017-11-24,day,album,17.0,https://i.scdn.co/image/ab67616d0000b273854afecf371d7db3ced34aa3,,,,matched,https://i.scdn.co/image/ab6761610000e5ebd267da196809cc0afc7ad585,https://open.spotify.com/artist/58nnSR1lwvcuklbb3Uc6TU
"November 29, 2017",FILM,Qasim Naqvi,Ambient,Independent Artist,New York,Katy Henriksen,"Qasim Naqvi, FILM",matched,5Qf6rxM0KDsCdVcgoLWGhM,https://open.spotify.com/album/5Qf6rxM0KDsCdVcgoLWGhM,3HMjcIM1vwBifTgdYZlv6D,Qasim Naqvi,Film,2017-09-29,day,album,10.0,https://i.scdn.co/image/ab67616d0000b273df7d06a793e8ac0faf398cfe,,,,matched,https://i.scdn.co/image/ab6761610000e5ebfe285c6e9b9f00505a93bf77,https://open.spotify.com/artist/3HMjcIM1vwBifTgdYZlv6D
"November 28, 2017",Arpo,Call Super,Ambient,Independent Artist,"London, UK",Ammar Kalia,"Call Super, Arpo",matched,7mrPjCtvBSAOVRTWC4727a,https://open.spotify.com/album/7mrPjCtvBSAOVRTWC4727a,1FVo44KTXqxo3JxXADWTd9,Call Super,Arpo,2017-11-10,day,album,11.0,https://i.scdn.co/image/ab67616d0000b273dce8454ddce9dcd0987750b2,,,,matched,https://i.scdn.co/image/ab6761610000e5eb59d8a2406fe806de9b649178,https://open.spotify.com/artist/1FVo44KTXqxo3JxXADWTd9
"November 27, 2017",El Pulpo,John Davis & the Cicadas,Alternative,John Davis &amp; The Cicadas,"Durham, North Carolina",Corbie Hill,"John Davis & the Cicadas, El Pulpo",matched,70Tk0k6UoPg4xC14RCCuxS,https://open.spotify.com/album/70Tk0k6UoPg4xC14RCCuxS,04vj59Wk7XnfsV0RxEhJOX,John Davis & the Cicadas,El Pulpo,2017-10-20,day,album,13.0,https://i.scdn.co/image/ab67616d0000b273733ba0c362855f8e19fee304,,,,matched,https://i.scdn.co/image/ab67616d0000b273733ba0c362855f8e19fee304,https://open.spotify.com/artist/04vj59Wk7XnfsV0RxEhJOX
"November 22, 2017","First Show, Acoustic at The Pacer House, Bellingham WA 11/22/97",Death Cab for Cutie,Alternative,Independent Artist,"Seattle, Washington",J. Edward Keyes,"Death Cab for Cutie, First Show, Acoustic at The Pacer House, Bellingham WA 11/22/97",no_match,,,,,,,,,,,,,,,,
"November 21, 2017",Permo,Spinning Coin,Pop,Independent Artist,"Glasgow, UK",Maria Sherman,"Spinning Coin, Permo",matched,2jPas0DyjylxmRXE7J9DoC,https://open.spotify.com/album/2jPas0DyjylxmRXE7J9DoC,4tSxfdWuRgYtlPQ1d4kjYE,Spinning Coin,Permo,2017-11-10,day,album,14.0,https://i.scdn.co/image/ab67616d0000b273ddcdbfcf13b340a62be0746e,,,,matched,https://i.scdn.co/image/ab6761610000e5ebf58c17ed1ea7efa68db109e7,https://open.spotify.com/artist/4tSxfdWuRgYtlPQ1d4kjYE
"November 20, 2017",Nordkarpatenland,Malokarpatan,Metal,Invictus Productions,"Dublin, Ireland",Zachary Goldsmith,"Malokarpatan, Nordkarpatenland",matched,2rGY3gif9WOLM9g5nIC8yr,https://open.spotify.com/album/2rGY3gif9WOLM9g5nIC8yr,0ubZb5LkGMpWUps33ulYrl,Malokarpatan,Nordkarpatenland,2017-10-31,day,album,10.0,https://i.scdn.co/image/ab67616d0000b273ad13274c52e3b4e9016a460d,,,,matched,https://i.scdn.co/image/ab67616d0000b273a1f92cc5dea7ed7c1aa9032c,https://open.spotify.com/artist/0ubZb5LkGMpWUps33ulYrl
"November 17, 2017",Musik,William Eggleston,Experimental,Independent Artist,"Memphis, Tennessee",Raymond Cummings,"William Eggleston, Musik",matched,536bqxNH2M4CuDD4qZTC8f,https://open.spotify.com/album/536bqxNH2M4CuDD4qZTC8f,5PYBMKpEQE3NLMe2pmENVg,William Eggleston,Musik,2017-10-20,day,album,13.0,https://i.scdn.co/image/ab67616d0000b27382bce3b3d97255e03e96e13d,,,,matched,https://i.scdn.co/image/ab6761610000e5eb3415e5c4aef5248dc8ab5a44,https://open.spotify.com/artist/5PYBMKpEQE3NLMe2pmENVg
"November 16, 2017",Free of Form,Sarah Elizabeth Charles,Jazz,Independent Artist,"New York, New York",Noah Berlatsky,"Sarah Elizabeth Charles, Free of Form",matched,4kueFVxdZ1TVDMwvqBuhR1,https://open.spotify.com/album/4kueFVxdZ1TVDMwvqBuhR1,5LqWmZQlNt5EqbjJsOMjtn,Sarah Elizabeth Charles,Free of Form,2017-10-06,day,album,12.0,https://i.scdn.co/image/ab67616d0000b27317402d8a5495f0d0a7d0488c,,,,matched,https://i.scdn.co/image/ab6761610000e5eb77d39aaa5fa73a17a67aebc9,https://open.spotify.com/artist/5LqWmZQlNt5EqbjJsOMjtn
"November 15, 2017",Ascending A Mountain Of Heavy Light,The Body & Full Of Hell,Metal,Full of Hell,"Ocean City, Maryland",JR Moores,"The Body & Full Of Hell, Ascending A Mountain Of Heavy Light",no_match,,,,,,,,,,,,,,,,
"November 14, 2017",Soul of a Woman,Sharon Jones & the Dap-Kings,R&amp;B/Soul,Sharon Jones &amp; The Dap-Kings,"Brooklyn, New York",Max Savage Levenson,"Sharon Jones & the Dap-Kings, Soul of a Woman",matched,6Y3Hr84DBJ7oV76c3BuInv,https://open.spotify.com/album/6Y3Hr84DBJ7oV76c3BuInv,6LufpoVlIYKQCu9Gjpk8B7,Sharon Jones & The Dap-Kings,Soul of a Woman,2017-11-17,day,album,11.0,https://i.scdn.co/image/ab67616d0000b273e934e34550506789bc119a46,,,,matched,https://i.scdn.co/image/cd0f5585d478bbb91cff3e0b723ed91c6d2046d7,https://open.spotify.com/artist/6LufpoVlIYKQCu9Gjpk8B7
"November 13, 2017",Dissolve,Tusks,Pop,Independent Artist,"London, UK",Katrina Nattress,"Tusks, Dissolve",matched,3SKB1aHqYbAZScaiAJ4nj6,https://open.spotify.com/album/3SKB1aHqYbAZScaiAJ4nj6,2JexLbBGkh1FnSWF1uoehP,Tusks,Dissolve,2017-10-13,day,album,10.0,https://i.scdn.co/image/ab67616d0000b273d80cb4430036bbd79487245f,,,,matched,https://i.scdn.co/image/ab6761610000e5eb1132432764b61cb9d14b1326,https://open.spotify.com/artist/2JexLbBGkh1FnSWF1uoehP
"November 10, 2017",Immersion Trench Reverie,Yellow Eyes,Metal,Independent Artist,"New York, New York",Brad Sanders,"Yellow Eyes, Immersion Trench Reverie",matched,3xAeSzBt5M3opwhRNv6nAH,https://open.spotify.com/album/3xAeSzBt5M3opwhRNv6nAH,4sriy0rUaDm6U7cNo5FeSK,Yellow Eyes,Immersion Trench Reverie,2017-10-20,day,album,6.0,https://i.scdn.co/image/ab67616d0000b2736cdda990a4a6a3418f4e59bf,,,,matched,https://i.scdn.co/image/ab6761610000e5ebaf1ded239f5660d33a9bc2e7,https://open.spotify.com/artist/4sriy0rUaDm6U7cNo5FeSK
"November 09, 2017",Noir et Blanc,Zazou Bikaye CY1,Electronic,Zazou Bikaye,"Paris, France",Noah Berlatsky,"Zazou Bikaye CY1, Noir et Blanc",no_match,,,,,,,,,,,,,,,,
"November 08, 2017",Trans-Millenia Music,Pauline Anna Strom,Ambient,Independent Artist,"San Francisco, California",Andy Beta,"Pauline Anna Strom, Trans-Millenia Music",matched,4hY9BjX7ydDk7hlXaP8ykw,https://open.spotify.com/album/4hY9BjX7ydDk7hlXaP8ykw,1N5oRpOIshVJwICjXqkHPW,Pauline Anna Strom,Trans-Millenia Music,2017-11-10,day,album,13.0,https://i.scdn.co/image/ab67616d0000b273489bb573c6b83245251bbf24,,,,matched,https://i.scdn.co/image/ab6761610000e5ebee84a94355ce783ffd5eb13c,https://open.spotify.com/artist/1N5oRpOIshVJwICjXqkHPW
"November 07, 2017",Won,Lina Tullgren,Alternative,Independent Artist,"Los Angeles, California",Andrew Parks,"Lina Tullgren, Won",matched,1I41xaGvUr1pSwOnzF01qI,https://open.spotify.com/album/1I41xaGvUr1pSwOnzF01qI,2jQOcUsvmfNdv32JXmcqFE,Lina Tullgren,Won,2017-09-22,day,album,10.0,https://i.scdn.co/image/ab67616d0000b273128be6aa6c9c1af22bbe2fdd,,,,matched,https://i.scdn.co/image/ab6761610000e5ebe69edc5b0fb0516a0a1f32c9,https://open.spotify.com/artist/2jQOcUsvmfNdv32JXmcqFE
"November 06, 2017",The Centre Cannot Hold,Ben Frost,Experimental,Independent Artist,,Andrew Parks,"Ben Frost, The Centre Cannot Hold",matched,0gWiGZZWdWLru7dTMl9i0L,https://open.spotify.com/album/0gWiGZZWdWLru7dTMl9i0L,6qEM4txXHvfMbOUOK9L7pl,Ben Frost,The Centre Cannot Hold,2017-09-29,day,album,10.0,https://i.scdn.co/image/ab67616d0000b273077df7e36c82f8acfceba7e7,,,,matched,https://i.scdn.co/image/ab6761610000e5eb34337c6e2c7674b7d9e63459,https://open.spotify.com/artist/6qEM4txXHvfMbOUOK9L7pl
"November 03, 2017",Sterilize,Unsane,Metal,Independent Artist,"New York, New York",JR Moores,"Unsane, Sterilize",matched,5yTE6eWdQLw8z49Y4wIbYB,https://open.spotify.com/album/5yTE6eWdQLw8z49Y4wIbYB,2C3gpQ0UMPjrOQ4FYdylRS,Unsane,Sterilize,2017-09-29,day,album,10.0,https://i.scdn.co/image/ab67616d0000b27339f7cfd4e21b531f142cdff8,,,,matched,https://i.scdn.co/image/ab6772690000c46c1f8287f6ddcabf1d89bd6205,https://open.spotify.com/artist/2C3gpQ0UMPjrOQ4FYdylRS
"November 02, 2017",Letters Never Read,Dori Freeman,Country,Independent Artist,"Galax, Virginia",Jonathan Bernstein,"Dori Freeman, Letters Never Read",matched,3SarATvyjJUcQqLhnjLid4,https://open.spotify.com/album/3SarATvyjJUcQqLhnjLid4,4GCMwhffO4BBQZp2eoOapt,Dori Freeman,Letters Never Read,2017-10-20,day,album,10.0,https://i.scdn.co/image/ab67616d0000b273ac66cda3b110fe05ab6181d0,,,,matched,https://i.scdn.co/image/ab6761610000e5ebc40930294f08e223ded3857a,https://open.spotify.com/artist/4GCMwhffO4BBQZp2eoOapt
"November 01, 2017",Highly Rare,Makaya McCraven,Jazz,International Anthem,"Chicago, Illinois",Tina Edwards,"Makaya McCraven, Highly Rare",matched,1Nii2HACLT3N4ek1Odc7bn,https://open.spotify.com/album/1Nii2HACLT3N4ek1Odc7bn,5FnpXrrMdJVZCK54oHWqUa,Makaya McCraven,Highly Rare,2017-11-17,day,album,8.0,https://i.scdn.co/image/ab67616d0000b27393cc49f1ed32f7ee4b6d410a,,,,matched,https://i.scdn.co/image/ab6761610000e5ebc45b5954bceab3f88642f4c4,https://open.spotify.com/artist/5FnpXrrMdJVZCK54oHWqUa
"October 31, 2017","A flame my love, a frequency",Colleen,Experimental,Independent Artist,"Barcelona, Spain",Liz Pelly,"Colleen, A flame my love, a frequency",matched,4NTqrRWB6JQs8a4AUw1QEp,https://open.spotify.com/album/4NTqrRWB6JQs8a4AUw1QEp,0mOPHkTHaD6cFTMODNBxA3,Colleen,"A flame my love, a frequency",2017-10-20,day,album,8.0,https://i.scdn.co/image/ab67616d0000b27305dd6e286a6ac1f853b85665,,,,matched,https://i.scdn.co/image/ab6761610000e5eb8e80f5ac713bf072fa6b57d7,https://open.spotify.com/artist/0mOPHkTHaD6cFTMODNBxA3
"October 27, 2017",Offering,Cults,Alternative,Independent Artist,New York,Max Savage Levenson,"Cults, Offering",matched,3trAc3cGjtbFXbljFVdzZG,https://open.spotify.com/album/3trAc3cGjtbFXbljFVdzZG,3Oim8XBPbznAa8Jj8QzNc8,Cults,Offering,2022-10-26,day,album,13.0,https://i.scdn.co/image/ab67616d0000b273d0349cd631791ca446be337a,,,,matched,https://i.scdn.co/image/ab6761610000e5eb92ec52fb43fbd4d2511a9d1d,https://open.spotify.com/artist/3Oim8XBPbznAa8Jj8QzNc8
"October 25, 2017",Losing,Bully,Alternative,Independent Artist,"Nashville, Tennessee",Aly Comingore,"Bully, Losing",matched,3jRpBcMcchGuMSadJUmi8u,https://open.spotify.com/album/3jRpBcMcchGuMSadJUmi8u,34LdbFt5sVXKTJOzf1iExQ,Bully,Losing,2017-10-20,day,album,12.0,https://i.scdn.co/image/ab67616d0000b273e44d09d0a01729ecdf2c0bad,,,,matched,https://i.scdn.co/image/ab6761610000e5eb295620325f5525560d83f2e8,https://open.spotify.com/artist/34LdbFt5sVXKTJOzf1iExQ
"October 24, 2017",dd elle,dd elle,Electronic,Independent Artist,New Jersey,Jake Hulyer,"dd elle, dd elle",matched,2LMFglQS25Z0CqvquWor7o,https://open.spotify.com/album/2LMFglQS25Z0CqvquWor7o,51Xn8Iyl9hYHtCLon6MY4T,dd elle,dd elle,2017-09-29,day,album,10.0,https://i.scdn.co/image/ab67616d0000b27328858d4cda3805741acee74c,,,,matched,https://i.scdn.co/image/ab6761610000e5eb9a1fcd914663aca40f1094dc,https://open.spotify.com/artist/51Xn8Iyl9hYHtCLon6MY4T
"October 23, 2017",Luciferian Towers,Godspeed You! Black Emperor,Rock,Independent Artist,"Montreal, Québec",Will Schube,"Godspeed You! Black Emperor, Luciferian Towers",no_match,,,,,,,,,,,,,,,,
"October 20, 2017",L.A. Witch,L.A. Witch,Punk,L.A. WITCH,"Los Angeles, California",Jonathan Bernstein,"L.A. Witch, L.A. Witch",matched,0D71Uq3dO23MfV5jwwpEXw,https://open.spotify.com/album/0D71Uq3dO23MfV5jwwpEXw,4VIQa9l1HW6VPhR9IdJS8C,L.A. WITCH,L.A. WITCH,2017-09-08,day,album,9.0,https://i.scdn.co/image/ab67616d0000b273b20dfc9fe644d769785a1627,,,,matched,https://i.scdn.co/image/ab6761610000e5ebc0aab7ddf28e3064b5b7366d,https://open.spotify.com/artist/4VIQa9l1HW6VPhR9IdJS8C
"October 19, 2017",Eyes to the Light,The Effects,Alternative,the EFFECTS,"Washington, D.C.",Joe Gross,"The Effects, Eyes to the Light",matched,5F7T29q9f68GkJ0ImcDrFZ,https://open.spotify.com/album/5F7T29q9f68GkJ0ImcDrFZ,3ezgzYcj7p1GXXhHSCs7T3,The EFFECTS,Eyes to the Light,2017-09-29,day,album,9.0,https://i.scdn.co/image/ab67616d0000b273851ab6873c11fa3724baf77a,,,,matched,https://i.scdn.co/image/ab67616d0000b273851ab6873c11fa3724baf77a,https://open.spotify.com/artist/3ezgzYcj7p1GXXhHSCs7T3
"October 18, 2017",Thirty Days of Yes,Various Artists,Alternative,Thirty Days of Yes,Australia,J. Edward Keyes,"Various Artists, Thirty Days of Yes",no_match,,,,,,,,,,,,,,,,
"October 17, 2017",Lune Rouge,TOKiMONSTA,Electronic,Independent Artist,"Los Angeles, California",Ian Hsieh,"TOKiMONSTA, Lune Rouge",matched,54R420j4PLSzgsdIWDkp2Z,https://open.spotify.com/album/54R420j4PLSzgsdIWDkp2Z,3VwKSHAfgzV1DOHV0aANCI,TOKiMONSTA,Lune Rouge,2017-10-06,day,album,11.0,https://i.scdn.co/image/ab67616d0000b27309aebe7d4b2e9ac3f1885f66,,,,matched,https://i.scdn.co/image/ab6761610000e5eb16501beeb5dc7be91c464b7f,https://open.spotify.com/artist/3VwKSHAfgzV1DOHV0aANCI
"October 16, 2017",Nothing Valley,Melkbelly,Alternative,Independent Artist,"Chicago, Illinois",Aly Comingore,"Melkbelly, Nothing Valley",matched,0qcwHuzfdyz6newte3zdzy,https://open.spotify.com/album/0qcwHuzfdyz6newte3zdzy,7jrKVdbsnsYOR8roKyx1Th,Melkbelly,Nothing Valley,2017-10-13,day,album,11.0,https://i.scdn.co/image/ab67616d0000b273f559119a0caf7ceb5021581c,,,,matched,https://i.scdn.co/image/ab6761610000e5eb336d2728d7884fa871bc0593,https://open.spotify.com/artist/7jrKVdbsnsYOR8roKyx1Th
"October 13, 2017",Alone,Diron Animal,Electronic,Independent Artist,Portugal,Noah Berlatsky,"Diron Animal, Alone",matched,65vL9sSpHivIJkkhNuAiEg,https://open.spotify.com/album/65vL9sSpHivIJkkhNuAiEg,4WaqKLa8SL0gVM68KKTmkP,Diron Animal,Alone,2017-10-13,day,album,10.0,https://i.scdn.co/image/ab67616d0000b2739ed7f771764bd2f5e757840c,,,,matched,https://i.scdn.co/image/ab6761610000e5eb6bb8620357685477ec191c56,https://open.spotify.com/artist/4WaqKLa8SL0gVM68KKTmkP
"October 12, 2017",Survival Pop,Worriers,Punk,Independent Artist,"Brooklyn, New York",Luke Ottenhof,"Worriers, Survival Pop",matched,0c3Ej7KnYJ8QSs7Vwfc76S,https://open.spotify.com/album/0c3Ej7KnYJ8QSs7Vwfc76S,55Z2PiiE80rBOkkL1wyNPD,Worriers,Survival Pop,2017-09-29,day,album,12.0,https://i.scdn.co/image/ab67616d0000b273a457df5d06d3cbde50ab0041,,,,matched,https://i.scdn.co/image/ab6761610000e5ebe9799366bdc0911ea6a707a8,https://open.spotify.com/artist/55Z2PiiE80rBOkkL1wyNPD
"October 11, 2017",Wide Open,Weaves,Rock,Independent Artist,"Toronto, Ontario",Jonathan Bernstein,"Weaves, Wide Open",matched,0xdgYOoiXe1sV3CrSpAK5y,https://open.spotify.com/album/0xdgYOoiXe1sV3CrSpAK5y,3F44NFkOhpksx7b2JXMo3G,Weaves,Wide Open,2017-10-06,day,album,11.0,https://i.scdn.co/image/ab67616d0000b273211aecbc55a22e2c81b43e75,,,,matched,https://i.scdn.co/image/ab6761610000e5ebc2d8e8d92b8340c8e7ab216c,https://open.spotify.com/artist/3F44NFkOhpksx7b2JXMo3G
"October 09, 2017",Playing House,Common Holly,Alternative,Independent Artist,"Montreal, Québec",Amaya Garcia,"Common Holly, Playing House",matched,26ifYa1ea0x62zBjkRGdh6,https://open.spotify.com/album/26ifYa1ea0x62zBjkRGdh6,1UrMdRfi5y19p3ZkWSmKxk,Common Holly,Playing House,2017-10-27,day,album,9.0,https://i.scdn.co/image/ab67616d0000b27395b207d94ec26af4db6e032c,,,,matched,https://i.scdn.co/image/ab6761610000e5eb1fd479fc83b7b5dafb9bdc8a,https://open.spotify.com/artist/1UrMdRfi5y19p3ZkWSmKxk
"October 06, 2017",Joli Mai,Daphni,Electronic,Caribou,"London, UK",Andy Battaglia,"Daphni, Joli Mai",matched,2NF7kUOEaNYhCWLANV85Aj,https://open.spotify.com/album/2NF7kUOEaNYhCWLANV85Aj,4nhvb6x9ZhPiYCzrHDNia9,Daphni,Joli Mai,2017-10-06,day,album,12.0,https://i.scdn.co/image/ab67616d0000b2730ed3b03e9025fbfde6150f31,,,,matched,https://i.scdn.co/image/ab6761610000e5eb64a6f350a866eb6e119a5a6e,https://open.spotify.com/artist/4nhvb6x9ZhPiYCzrHDNia9
"October 05, 2017",Contravveleno,Havah,Punk,Maple Death Records,"Bologna, Italy",JJ Skolnik,"Havah, Contravveleno",matched,5cF4YFIg3Z3aoc9ZVUEnNN,https://open.spotify.com/album/5cF4YFIg3Z3aoc9ZVUEnNN,70Owgyx9arlWj8Gw73NDuV,HAVAH,Contravveleno,2017-09-15,day,album,12.0,https://i.scdn.co/image/ab67616d0000b273ced6154dec9fb61d461bb2a6,,,,matched,https://i.scdn.co/image/ab67616d0000b273ced6154dec9fb61d461bb2a6,https://open.spotify.com/artist/70Owgyx9arlWj8Gw73NDuV
"October 04, 2017",Endgame of the Anthropocene,Talibam!,,Independent Artist,"New York, New York",Raymond Cummings,"Talibam!, Endgame of the Anthropocene",matched,2dtfrJKPc8TMTZG6Ze2TKv,https://open.spotify.com/album/2dtfrJKPc8TMTZG6Ze2TKv,5rBktceDDxYqFip7hE6aOE,Talibam!,Endgame of the Anthropocene,2017-09-22,day,album,8.0,https://i.scdn.co/image/ab67616d0000b2734186df1acb2189d3cf5626c9,,,,matched,https://i.scdn.co/image/31bffa1792a72ca57fef79f01bc6164f6b7e63c8,https://open.spotify.com/artist/5rBktceDDxYqFip7hE6aOE
"October 02, 2017",Plum,Wand,Alternative,Independent Artist,"Los Angeles, California",J. Edward Keyes,"Wand, Plum",matched,0hXMWb42noMvFYF6qa5FE6,https://open.spotify.com/album/0hXMWb42noMvFYF6qa5FE6,53by9P3tpXOW1diWCI6MNu,Wand,Plum,2017-09-22,day,album,10.0,https://i.scdn.co/image/ab67616d0000b273471a7e62d2a30dd2b92aa520,,,,matched,https://i.scdn.co/image/ab6761610000e5eb220be689e1440c3cebfc21e0,https://open.spotify.com/artist/53by9P3tpXOW1diWCI6MNu
"September 29, 2017",Relatives in Descent,Protomartyr,Punk,Independent Artist,"Detroit, Michigan",J. Edward Keyes,"Protomartyr, Relatives in Descent",matched,5w1LR7cbTKEoCfgB98rkgR,https://open.spotify.com/album/5w1LR7cbTKEoCfgB98rkgR,2YFBqMMiIIL4XyiEwqySUQ,Protomartyr,Relatives In Descent,2017,year,album,12.0,https://i.scdn.co/image/ab67616d0000b273a1791c7ff2c809a7e3a2a40f,,,,matched,https://i.scdn.co/image/ab6761610000e5eb401abb529b8bdcc6078b817b,https://open.spotify.com/artist/2YFBqMMiIIL4XyiEwqySUQ
"September 28, 2017",Guitar Module 2017,Upper Wilds,Experimental,Independent Artist,"Brooklyn, New York",Raymond Cummings,"Upper Wilds, Guitar Module 2017",matched,5q6O91pUsr8Kzmjr5luCZj,https://open.spotify.com/album/5q6O91pUsr8Kzmjr5luCZj,1fyduJo9iJ5Hu3uLLa7BFx,Upper Wilds,Guitar Module 2017,2017-09-22,day,album,8.0,https://i.scdn.co/image/ab67616d0000b273496d469ff16313f973ba105d,,,,matched,https://i.scdn.co/image/ab6761610000e5eb336c9987bd571efce29f8a33,https://open.spotify.com/artist/1fyduJo9iJ5Hu3uLLa7BFx
"September 27, 2017",Goofballs,Eric Copeland,Electronic,Independent Artist,"Brooklyn, New York",Andrew Parks,"Eric Copeland, Goofballs",matched,1eTtICmBUSvnrQIN8IkkIy,https://open.spotify.com/album/1eTtICmBUSvnrQIN8IkkIy,4LZU1nFzdv7Fub6MtIEStf,Eric Copeland,Goofballs,2017-09-22,day,album,8.0,https://i.scdn.co/image/ab67616d0000b27382543d90e71b6b0646e10e23,,,,matched,https://i.scdn.co/image/e3457668c04ba23a24cbcbb06b2741a63d83c8f9,https://open.spotify.com/artist/4LZU1nFzdv7Fub6MtIEStf
"September 26, 2017",Colours of the Night,Maalem Mahmoud Gania,World,Independent Artist,"Essaouira, Morocco",Noah Berlatsky,"Maalem Mahmoud Gania, Colours of the Night",no_match,,,,,,,,,,,,,,,,
"September 25, 2017",Fabric,The Black Seeds,Reggae,Independent Artist,"Wellington, New Zealand",Richard Gehr,"The Black Seeds, Fabric",matched,1MNrRpsoxZMn5odDjCD80m,https://open.spotify.com/album/1MNrRpsoxZMn5odDjCD80m,0Q35wRRhdsU8EbsJ1eouCY,The Black Seeds,Fabric,2017-09-08,day,album,12.0,https://i.scdn.co/image/ab67616d0000b2731fd791b3cddb9757401c48f0,,,,matched,https://i.scdn.co/image/ab6761610000e5eb4fd7d24381d23f8a855e3b4b,https://open.spotify.com/artist/0Q35wRRhdsU8EbsJ1eouCY
"September 22, 2017",Wallflower,Jordan Rakei,Electronic,Independent Artist,"Brisbane, Australia",Ian Hsieh,"Jordan Rakei, Wallflower",matched,0YLgOv4Fi0UK3uKonJcdet,https://open.spotify.com/album/0YLgOv4Fi0UK3uKonJcdet,24icoQNJSEWNu3XvqKBR68,Jordan Rakei,Wallflower,2017-09-22,day,album,11.0,https://i.scdn.co/image/ab67616d0000b2736b0cb4549fb833b27fdb70c4,,,,matched,https://i.scdn.co/image/ab6761610000e5eb36df3b7306689e78f012c7fe,https://open.spotify.com/artist/24icoQNJSEWNu3XvqKBR68
"September 21, 2017",Heron,Nassau,Acoustic,Independent Artist,"Brooklyn, New York",Peter Lillis,"Nassau, Heron",matched,18MmURU3LigipnhvZh99Se,https://open.spotify.com/album/18MmURU3LigipnhvZh99Se,5Nv6jv2vG94Yz0NHDYu46O,Nassau,Heron,2017-09-08,day,album,8.0,https://i.scdn.co/image/ab67616d0000b2738b89e548d9497a8148af6248,,,,matched,https://i.scdn.co/image/ab6761610000e5eb8f2952974c7442d5b1af1e61,https://open.spotify.com/artist/5Nv6jv2vG94Yz0NHDYu46O
"September 20, 2017",Propagation of the Foul,Fatuous Rump,Metal,Amputated Vein Records,Japan,Noah Berlatsky,"Fatuous Rump, Propagation of the Foul",matched,0okhLVEhsJj3pHFS0FZtz4,https://open.spotify.com/album/0okhLVEhsJj3pHFS0FZtz4,7gijfXLNekiX7se1MmdYyw,Fatuous Rump,Propagation Of The Foul,2017-09-08,day,album,10.0,https://i.scdn.co/image/ab67616d0000b27309b1e73ffa7a229b56351e91,,,,matched,https://i.scdn.co/image/ab6761610000e5eb39e60f6964ea8773af7b9466,https://open.spotify.com/artist/7gijfXLNekiX7se1MmdYyw
"September 19, 2017",Before the Applause,Re-TROS,Alternative,Rebuilding the Rights of Statues,"Beijing, China",Ned Raggett,"Re-TROS, Before the Applause",matched,4tBSA4NfaLUP8MFkm8YrTw,https://open.spotify.com/album/4tBSA4NfaLUP8MFkm8YrTw,3iW4UAZQOJEXLW7L3H04gm,Re-TROS,Before The Applause (Rebuilding The Rights Of Statues),2017-09-22,day,album,9.0,https://i.scdn.co/image/ab67616d0000b2738f8824de4281a09bc0a83e65,,,,matched,https://i.scdn.co/image/ab6761610000e5eb3c8b1167b17bc03a18630a98,https://open.spotify.com/artist/3iW4UAZQOJEXLW7L3H04gm
"September 18, 2017",Where the Gods Are At Peace,Antibalas,World,Independent Artist,"Brooklyn, New York",Max Savage Levenson,"Antibalas, Where the Gods Are At Peace",no_match,,,,,,,,,,,,,,,,
"September 14, 2017",Music for Commercials,Yasuaki Shimizu,Soundtrack,Independent Artist,Japan,Noah Berlatsky,"Yasuaki Shimizu, Music for Commercials",matched,6769wncEGDC4eRl66lcrpi,https://open.spotify.com/album/6769wncEGDC4eRl66lcrpi,0Q14t6kRnPv4av49Rz5o6e,Yasuaki Shimizu,Music for Commercials,1987-01-01,day,album,24.0,https://i.scdn.co/image/ab67616d0000b27322b59991241a7d3e42b5f50f,,,,matched,https://i.scdn.co/image/cc4d704f9805f93e2097edee8a82ee9a34aa2ac3,https://open.spotify.com/artist/0Q14t6kRnPv4av49Rz5o6e
"September 13, 2017",All Good Things,ELWD,Hip-Hop/Rap,Independent Artist,UK,Nate Patrin,"ELWD, All Good Things",matched,7v2qle5ITKrieD5OG7p5Bi,https://open.spotify.com/album/7v2qle5ITKrieD5OG7p5Bi,3UIr0NbZyET0Dt7ErPmPGd,ELWD,All Good Things,2017-08-25,day,album,20.0,https://i.scdn.co/image/ab67616d0000b27358fc2a19507e0f67a0dd8ffa,,,,matched,https://i.scdn.co/image/ab6761610000e5eba4f763ce45cb16dfd048e007,https://open.spotify.com/artist/3UIr0NbZyET0Dt7ErPmPGd
"September 12, 2017",In Search of Lost Time,Partner,Alternative,Independent Artist,,Luke Ottenhof,"Partner, In Search of Lost Time",matched,43q6kUOk6TRY9m343H9cLf,https://open.spotify.com/album/43q6kUOk6TRY9m343H9cLf,15rbZYMoW9AYb3zcuFUNOU,Partner,In Search of Lost Time,2017-09-08,day,album,19.0,https://i.scdn.co/image/ab67616d0000b27397f90527af37692f7e3636ad,,,,matched,https://i.scdn.co/image/ab6761610000e5eb46ab12839a001ec49f1163e7,https://open.spotify.com/artist/15rbZYMoW9AYb3zcuFUNOU
"September 11, 2017",Utopioid,Rosetta,Metal,Independent Artist,"Philadelphia, Pennsylvania",JR Moores,"Rosetta, Utopioid",matched,6FN6gUeBU8EDylWCZD0rjJ,https://open.spotify.com/album/6FN6gUeBU8EDylWCZD0rjJ,0HJQZHbKgYyWCDc8uVko6S,Rosetta,Utopioid,2017-09-01,day,album,9.0,https://i.scdn.co/image/ab67616d0000b2739b64cbef53ea4ee5fd76e1c5,,,,matched,https://i.scdn.co/image/ab6761610000e5eb97cef2ee307e87e7273cda7b,https://open.spotify.com/artist/0HJQZHbKgYyWCDc8uVko6S
"September 08, 2017",Antisocialites,Alvvays,Alternative,Independent Artist,"Toronto, Ontario",Luke Ottenhof,"Alvvays, Antisocialites",matched,2Yy84EeclNVwFDem6yIB2s,https://open.spotify.com/album/2Yy84EeclNVwFDem6yIB2s,3kzwYV3OCB010YfXMF0Avt,Alvvays,Antisocialites,2017-09-08,day,album,10.0,https://i.scdn.co/image/ab67616d0000b27391390d24abb65f6fae0323f0,,,,matched,https://i.scdn.co/image/ab6761610000e5eba24052fe3c780cb8ca6e69c6,https://open.spotify.com/artist/3kzwYV3OCB010YfXMF0Avt
"September 07, 2017",Into the Shroud,Flesh World,Punk,Independent Artist,"San Francisco, California",Joe Gross,"Flesh World, Into the Shroud",matched,0GLKnHdzBHdC70c9ZbUe48,https://open.spotify.com/album/0GLKnHdzBHdC70c9ZbUe48,0AMJvzsjCTonQvMBRMnByc,Flesh World,Into the Shroud,2017-09-08,day,album,8.0,https://i.scdn.co/image/ab67616d0000b273554f3a4d4d2ca13f77ce2f32,,,,matched,https://i.scdn.co/image/ab6772690000c46cd1b4c5784c7fd8d241916a8e,https://open.spotify.com/artist/0AMJvzsjCTonQvMBRMnByc
"September 05, 2017",Ariadna (ариадна),Kedr Livanskiy,Electronic,Independent Artist,"Moscow, Russia",Robert Ham,"Kedr Livanskiy, Ariadna (ариадна)",no_match,,,,,,,,,,,,,,,,
"September 01, 2017",Aytche,Joseph Shabason,Jazz,Independent Artist,"Toronto, Ontario",Joe Darling,"Joseph Shabason, Aytche",matched,62Z7UkpXp1aqWZXDtFo7Ha,https://open.spotify.com/album/62Z7UkpXp1aqWZXDtFo7Ha,7xoTSPGUr9u8FWR4G8AWoS,Joseph Shabason,Aytche,2017-08-25,day,album,9.0,https://i.scdn.co/image/ab67616d0000b2734d987c63b3cae9231ac70ed8,,,,matched,https://i.scdn.co/image/ab6772690000c46c0b87b6812105e32b02b53f2e,https://open.spotify.com/artist/7xoTSPGUr9u8FWR4G8AWoS
"August 31, 2017",Rainbow Edition,Hype Williams,Experimental,Independent Artist,"London, UK",Claire Lobenfeld,"Hype Williams, Rainbow Edition",matched,4iN6TmJM1UT4AWWnuC6Jfn,https://open.spotify.com/album/4iN6TmJM1UT4AWWnuC6Jfn,3SMaI6j8ObewCWPQFwfvui,Hype Williams,Rainbow Edition,2017-08-25,day,album,20.0,https://i.scdn.co/image/ab67616d0000b27312fdc6ca0ee47f910acf480c,,,,matched,https://i.scdn.co/image/ab6761610000e5eb99864829877eca732355071f,https://open.spotify.com/artist/3SMaI6j8ObewCWPQFwfvui
"August 30, 2017",Every Country’s Sun,Mogwai,Alternative,Independent Artist,"Scotland, UK",Ron Hart,"Mogwai, Every Country’s Sun",matched,5iJFFiipsmCfJKax4k9Bpy,https://open.spotify.com/album/5iJFFiipsmCfJKax4k9Bpy,34UhPkLbtFKRq3nmfFgejG,Mogwai,Every Country's Sun,2017-09-01,day,album,11.0,https://i.scdn.co/image/ab67616d0000b27354f87c688ca60db86a276f20,,,,matched,https://i.scdn.co/image/ab6761610000e5eb5c58771372707e8b22c664ee,https://open.spotify.com/artist/34UhPkLbtFKRq3nmfFgejG
"August 29, 2017",S/T,Rainer Maria,Alternative,Independent Artist,"Brooklyn, New York",Patrick Rapa,"Rainer Maria, S/T",matched,10WSNVgYi9RnigSdeopZ0I,https://open.spotify.com/album/10WSNVgYi9RnigSdeopZ0I,5OUVzPFZebtoZFs85MIQpz,Rainer Maria,S/T,2017-08-18,day,album,9.0,https://i.scdn.co/image/ab67616d0000b27390b048ca56ee95039c7c98d5,,,,matched,https://i.scdn.co/image/ab6761610000e5eb718671efcf95599ad55164da,https://open.spotify.com/artist/5OUVzPFZebtoZFs85MIQpz
"August 28, 2017",Safely Nobody’s,Tall Friend,Alternative,tall friend,"Boston, Massachusetts",Patrick Rapa,"Tall Friend, Safely Nobody’s",matched,2Is7Og52hPZnNfQVcrUHX3,https://open.spotify.com/album/2Is7Og52hPZnNfQVcrUHX3,1aU0vq6YioM8xQFOjBvqsX,Tall Friend,Safely Nobody's,2017-08-11,day,album,9.0,https://i.scdn.co/image/ab67616d0000b273fd4a17923a3394f3f9e6bb43,,,,matched,https://i.scdn.co/image/ab6761610000e5eb2442c412c5f0dd7e0d366d2f,https://open.spotify.com/artist/1aU0vq6YioM8xQFOjBvqsX
"August 25, 2017",Exile in the Outer Ring,EMA,Experimental,Independent Artist,"Portland, Oregon",Zoë Beery,"EMA, Exile in the Outer Ring",matched,2QJCSUQODXNb2HMFslHVIb,https://open.spotify.com/album/2QJCSUQODXNb2HMFslHVIb,5zc31hILCd8LXc1Asl2yIr,EMA,Exile in the Outer Ring,2017-08-25,day,album,11.0,https://i.scdn.co/image/ab67616d0000b2739f20ba6548dfaa7240674f20,,,,matched,https://i.scdn.co/image/ab67616d0000b2739f20ba6548dfaa7240674f20,https://open.spotify.com/artist/5zc31hILCd8LXc1Asl2yIr
"August 24, 2017",Beast Epic,Iron & Wine,Alternative,Iron &amp; Wine,North Carolina,Joe Gross,"Iron & Wine, Beast Epic",matched,33zayrSBdboyCyGTjtQrsw,https://open.spotify.com/album/33zayrSBdboyCyGTjtQrsw,4M5nCE77Qaxayuhp3fVn4V,Iron & Wine,Beast Epic,2017-08-25,day,album,11.0,https://i.scdn.co/image/ab67616d0000b27303a65555dc780c3a35139055,,,,matched,https://i.scdn.co/image/ab6761610000e5ebd658bc80540e6d8944109166,https://open.spotify.com/artist/4M5nCE77Qaxayuhp3fVn4V
"August 23, 2017",Yellow,Naomi Punk,Experimental,Naomi Punk (Captured Tracks),"Seattle, Washington",Sam Lefebvre,"Naomi Punk, Yellow",matched,3JqolizupQ1t5W7tpIPDcA,https://open.spotify.com/album/3JqolizupQ1t5W7tpIPDcA,4t2KKytzz8BgIpbm3Q5FYt,Naomi Punk,Yellow,2017-08-04,day,album,25.0,https://i.scdn.co/image/ab67616d0000b27355c84f3934ddcd38423de717,,,,matched,https://i.scdn.co/image/4b7919f1a408892dff25c18f74e33c2f7b9d0db7,https://open.spotify.com/artist/4t2KKytzz8BgIpbm3Q5FYt
"August 22, 2017",Sweet as Broken Dates,Various Artists,World,Ostinato Records,"New York, New York",John Morrison,"Various Artists, Sweet as Broken Dates",matched,7l5wQ73rhubusiHsnT0tsN,https://open.spotify.com/album/7l5wQ73rhubusiHsnT0tsN,0LyfQWJT6nXafLPZqxe9Of,Various Artists,Sweet as Broken Dates: Lost Somali Tapes from the Horn of Africa,2017-08-25,day,compilation,15.0,https://i.scdn.co/image/ab67616d0000b2735af2680966e38753e960c000,,,,matched,https://i.scdn.co/image/ab6761610000e5eb6b134287e3095d2c84b7932a,https://open.spotify.com/artist/0LyfQWJT6nXafLPZqxe9Of
"August 21, 2017",Bop,Swarvy,Hip-Hop/Rap,Paxico Records,"Paxico, Kansas",Andrew Martin,"Swarvy, Bop",matched,3jYG9Bji1wzRpZLYnLRiN3,https://open.spotify.com/album/3jYG9Bji1wzRpZLYnLRiN3,1fmXn9ezSrVGjHSVc6ItcL,Swarvy,Bop,2017-08-11,day,album,10.0,https://i.scdn.co/image/ab67616d0000b2737b1e2c02ee6beab5eb167cd2,,,,matched,https://i.scdn.co/image/ab6761610000e5ebcc0503c192aa1f908c07ad14,https://open.spotify.com/artist/1fmXn9ezSrVGjHSVc6ItcL
"August 18, 2017",Eyeball Under,Weeping Icon,Alternative,Independent Artist,New York,J. Edward Keyes,"Weeping Icon, Eyeball Under",matched,2vDWCVC2TgRW2GFTZefL3M,https://open.spotify.com/album/2vDWCVC2TgRW2GFTZefL3M,7AQAl2GtBkKKtSYH9PoDX9,Weeping Icon,Eyeball Under,2017-07-14,day,album,8.0,https://i.scdn.co/image/ab67616d0000b27329c69fb27d7c822b58a90bc6,,,,matched,https://i.scdn.co/image/ab6761610000e5eba11ca2f58759789aaa1d22c0,https://open.spotify.com/artist/7AQAl2GtBkKKtSYH9PoDX9
"August 17, 2017",Pumpkin EP,Nemui PJ,Ambient,FLAU,"東京都, Japan",Andrew Martin,"Nemui PJ, Pumpkin EP",no_match,,,,,,,,,,,,,,,,
"August 16, 2017",Devil Electric,Devil Electric,Metal,Independent Artist,"Melbourne, Australia",Jeff Treppel,"Devil Electric, Devil Electric",matched,4jlE1M5ZKsS6dJJ3i27Qv7,https://open.spotify.com/album/4jlE1M5ZKsS6dJJ3i27Qv7,3utQcH2w7TpPvkv2mOusjA,Devil Electric,Devil Electric,2017-08-11,day,album,9.0,https://i.scdn.co/image/ab67616d0000b273866e2bd5aedcb573d3bb4a84,,,,matched,https://i.scdn.co/image/ab6761610000e5eb42b8e4e3caecee2a5abfd28c,https://open.spotify.com/artist/3utQcH2w7TpPvkv2mOusjA
"August 15, 2017",Jen Cloher,Jen Cloher,Alternative,Independent Artist,"Melbourne, Australia",Doug Wallen,"Jen Cloher, Jen Cloher",matched,7BEK3PbWv7FvJMk8ElFDTd,https://open.spotify.com/album/7BEK3PbWv7FvJMk8ElFDTd,5L8TWHTc67vWhQhL15r4i5,Jen Cloher,Jen Cloher,2017-08-11,day,album,11.0,https://i.scdn.co/image/ab67616d0000b27358f2a13be0225eef7cc88b05,,,,matched,https://i.scdn.co/image/ab6761610000e5eb9fecb84b06717a6544b70975,https://open.spotify.com/artist/5L8TWHTc67vWhQhL15r4i5
"August 14, 2017",How We Lived,Heinali and Matt Finney,Ambient,Independent Artist,,Noah Berlatsky,"Heinali and Matt Finney, How We Lived",no_match,,,,,,,,,,,,,,,,
"August 11, 2017",A Piece of the Geto,ZGTO,Hip-Hop/Rap,Independent Artist,"Detroit, Michigan",Will Schube,"ZGTO, A Piece of the Geto",matched,66nYMrY6S4808sQ7NvGr9A,https://open.spotify.com/album/66nYMrY6S4808sQ7NvGr9A,0g04EsPgsedgKsUhgh9TEG,"ZGTO, Shigeto, Zelooperz",A Piece of the Geto,2017-08-04,day,album,11.0,https://i.scdn.co/image/ab67616d0000b273bd923376bce689b10e5ca69d,,,,matched,https://i.scdn.co/image/ab67616d0000b273bd923376bce689b10e5ca69d,https://open.spotify.com/artist/0g04EsPgsedgKsUhgh9TEG
"August 10, 2017",Jean​-​Jacques Perrey et son Ondioline,Jean-Jacques Perrey,Electronic,Independent Artist,Switzerland,Allison Hussey,"Jean-Jacques Perrey, Jean​-​Jacques Perrey et son Ondioline",no_match,,,,,,,,,,,,,,,,
"August 09, 2017",Perfect Body,Mermaidens,Alternative,Independent Artist,"Wellington, New Zealand",Nick Fulton,"Mermaidens, Perfect Body",matched,6DI4dMGVP6k3Y0vxrUN5EE,https://open.spotify.com/album/6DI4dMGVP6k3Y0vxrUN5EE,5R7higOEVGXOdv9Uqbn8M8,Mermaidens,Perfect Body,2017-08-04,day,album,8.0,https://i.scdn.co/image/ab67616d0000b273c81c9befffac7c3e28cbc5f2,,,,matched,https://i.scdn.co/image/ab6761610000e5eb91e1e24ed2ea315eb0e5de78,https://open.spotify.com/artist/5R7higOEVGXOdv9Uqbn8M8
"August 08, 2017",Kawaida,Mim Suleiman,Electronic,Independent Artist,"Sheffield, UK",Andy Beta,"Mim Suleiman, Kawaida",matched,3kzZiPp1bccIzudxmoWqOM,https://open.spotify.com/album/3kzZiPp1bccIzudxmoWqOM,5qcxrZvndwOptgzTElt5bV,Mim Suleiman,Kawaida,2017-08-04,day,album,11.0,https://i.scdn.co/image/ab67616d0000b2736bc59d36ee569899d8eb9a3e,,,,matched,https://i.scdn.co/image/ab67616d0000b273022e0eb418be1271cf8dda21,https://open.spotify.com/artist/5qcxrZvndwOptgzTElt5bV
"August 07, 2017",Girl Minority,Grim Streaker,Alternative,grim streaker,"Brooklyn, New York",Scott Murry,"Grim Streaker, Girl Minority",matched,4KC4CO7dudPXZxgpyQU90Z,https://open.spotify.com/album/4KC4CO7dudPXZxgpyQU90Z,6N6uIgMiHeSE0VT7fIbcrG,Grim Streaker,Girl Minority,2017-07-07,day,single,4.0,https://i.scdn.co/image/ab67616d0000b273de0a53e2b402e1f7a338b41a,,,,matched,https://i.scdn.co/image/ab6761610000e5eb4bb3e72f8b01f0bf33833735,https://open.spotify.com/artist/6N6uIgMiHeSE0VT7fIbcrG
"August 04, 2017",Earl Grey,Girl Ray,Pop,Independent Artist,"London, UK",Matt Voracek,"Girl Ray, Earl Grey",matched,4mMOvIL9POzcM6g9j2kfOv,https://open.spotify.com/album/4mMOvIL9POzcM6g9j2kfOv,0MoDfakkeeD4FwftxAXwEd,Girl Ray,Earl Grey,2017-08-04,day,album,13.0,https://i.scdn.co/image/ab67616d0000b273cdf3f4a178b0b1fd564eaf4b,,,,matched,https://i.scdn.co/image/ab6761610000e5ebbf594fb4207a1d4780a091e6,https://open.spotify.com/artist/0MoDfakkeeD4FwftxAXwEd
"August 03, 2017",Inside a Quiet Mind,Micronism,Electronic,micronism,"Ipswich, Australia",Su Baykal,"Micronism, Inside a Quiet Mind",matched,3bwcZQiUA5O3W43NRCpsGn,https://open.spotify.com/album/3bwcZQiUA5O3W43NRCpsGn,45JQ4j70LLUJMDSnBAWkwy,micronism,inside a quiet mind,2017-07-21,day,album,11.0,https://i.scdn.co/image/ab67616d0000b2736204a3ba5eaa5b2c081735b0,,,,matched,https://i.scdn.co/image/ab6761610000e5eb16d50bc5fa8f3057bd135acf,https://open.spotify.com/artist/45JQ4j70LLUJMDSnBAWkwy
"August 02, 2017",Sounds of Crenshaw Vol. 1,Terrace Martin Presents The Pollyseeds,Experimental,Ropeadope Select,"Philadelphia, Pennsylvania",Jesse Fairfax,"Terrace Martin Presents The Pollyseeds, Sounds of Crenshaw Vol. 1",matched,1pzxq1WS6ISiZ46FdoSacI,https://open.spotify.com/album/1pzxq1WS6ISiZ46FdoSacI,5FX9U5mxQwpO3TXF0OGadm,"Terrace Martin Presents The Pollyseeds, Terrace Martin","Sounds Of Crenshaw, Vol. 1",2017-07-14,day,album,13.0,https://i.scdn.co/image/ab67616d0000b273827ad34b2c0ad9950dd787c3,,,,matched,https://i.scdn.co/image/ab6761610000e5eb1f4ca1e4ea3e0f97bb059b3a,https://open.spotify.com/artist/5FX9U5mxQwpO3TXF0OGadm
"August 01, 2017",National Debt,TRPL BLK & DJ Prince,Hip-Hop/Rap,Mobile Kitchen Sound,"New York, New York",Richardine Bartee,"TRPL BLK & DJ Prince, National Debt",no_match,,,,,,,,,,,,,,,,
"July 31, 2017",Square One,Bjørn Torske & Prins Thomas,Electronic,Bjørn Torske &amp; Prins Thomas,Norway,Andy Battaglia,"Bjørn Torske & Prins Thomas, Square One",no_match,,,,,,,,,,,,,,,,
"July 28, 2017",Across the Multiverse,Dent May,Pop,Independent Artist,"Los Angeles, California",Luke Ottenhof,"Dent May, Across the Multiverse",matched,7qiFfk3QDw5YZbuBpMktLX,https://open.spotify.com/album/7qiFfk3QDw5YZbuBpMktLX,34me8hAxavRmcDIwhxa3b7,Dent May,Across The Multiverse,2017-08-18,day,album,11.0,https://i.scdn.co/image/ab67616d0000b27329da15374dc9128f4cd9f370,,,,matched,https://i.scdn.co/image/ab6761610000e5eb9e21095fa6c110ad924624a6,https://open.spotify.com/artist/34me8hAxavRmcDIwhxa3b7
"July 27, 2017",Inspirations,Dwight Trible,Jazz,Independent Artist,"Los Angeles, California",Patrick Jarenwattananon,"Dwight Trible, Inspirations",matched,515aXaBTI3b3TBhbFEDuKG,https://open.spotify.com/album/515aXaBTI3b3TBhbFEDuKG,5HzryqCINeBjTh2KnPtWnu,Dwight Trible,Inspirations,2017-06-30,day,album,8.0,https://i.scdn.co/image/ab67616d0000b27394156924a5c37132a7b7906b,,,,matched,https://i.scdn.co/image/ab6772690000c46c6d6d09ff159a1623ec795b38,https://open.spotify.com/artist/5HzryqCINeBjTh2KnPtWnu
"July 26, 2017",Dopp Hopp,The Doppelgangaz,Hip-Hop/Rap,Independent Artist,"New York, New York",Jay Balfour,"The Doppelgangaz, Dopp Hopp",matched,2yYmOXKEd6YiVaek4yotzf,https://open.spotify.com/album/2yYmOXKEd6YiVaek4yotzf,4J8pjytuR06BizCeBKBIDk,The Doppelgangaz,Dopp Hopp,2017-07-07,day,album,15.0,https://i.scdn.co/image/ab67616d0000b2736c48fcecd1e6fac4da565010,,,,matched,https://i.scdn.co/image/ab6761610000e5eb026394cca4cbe15e4734a93a,https://open.spotify.com/artist/4J8pjytuR06BizCeBKBIDk
"July 25, 2017",3G,Dzang,Electronic,Independent Artist,"Los Angeles, California",Will Schube,"Dzang, 3G",matched,0wnAqaI7zYEjQiMC1TVvlJ,https://open.spotify.com/album/0wnAqaI7zYEjQiMC1TVvlJ,7DTvm02DU8negKRQT77bnJ,Dzang,3G,2017-07-14,day,album,14.0,https://i.scdn.co/image/ab67616d0000b27380c3d9e2b9795b485892d3b6,,,,matched,https://i.scdn.co/image/ab6761610000e5eb2b955095dba104d4ec31717b,https://open.spotify.com/artist/7DTvm02DU8negKRQT77bnJ
"July 21, 2017",Sh*tty Hits,Katie Von Schleicher,Alternative,Ba Da Bing Records,"Providence, Rhode Island",Ned Raggett,"Katie Von Schleicher, Sh*tty Hits",no_match,,,,,,,,,,,,,,,,
"July 20, 2017",After…,Fhloston Paradigm,Electronic,Independent Artist,"Philadelphia, Pennsylvania",Michaelangelo Matos,"Fhloston Paradigm, After…",matched,1r3UenAoUbL4gjvP2wWCb8,https://open.spotify.com/album/1r3UenAoUbL4gjvP2wWCb8,5PGMOu9y76kQhvFMbznuvA,Fhloston Paradigm,After...,2017-06-16,day,album,10.0,https://i.scdn.co/image/ab67616d0000b2733a50aafcd71a8a86f9808258,,,,matched,https://i.scdn.co/image/ab6761610000e5eb27278f318a05d6ae6779c391,https://open.spotify.com/artist/5PGMOu9y76kQhvFMbznuvA
"July 19, 2017",Year of the Funky,Bei Bei & Shawn Lee,Electronic,Bei Bei &amp; Shawn Lee,"London, UK",Richard Gehr,"Bei Bei & Shawn Lee, Year of the Funky",no_match,,,,,,,,,,,,,,,,
"July 18, 2017",Les Sourdes Oreilles,Cosmic Analog Ensemble,Funk,My Bags,"Messac, France",Marcus J. Moore,"Cosmic Analog Ensemble, Les Sourdes Oreilles",matched,7xszAySdihpS5qNanmw3BC,https://open.spotify.com/album/7xszAySdihpS5qNanmw3BC,477PPCXcCS9mi3lRRnudCq,Cosmic Analog Ensemble,Les Sourdes Oreilles,2017-07-14,day,album,16.0,https://i.scdn.co/image/ab67616d0000b27319aee374b17830fe9e2b3aa5,,,,matched,https://i.scdn.co/image/ab6761610000e5eb631413bf4bd4b2be8451739c,https://open.spotify.com/artist/477PPCXcCS9mi3lRRnudCq
"July 17, 2017",Locket,Crumb,Rock,Independent Artist,New York,Jonah Bromwich,"Crumb, Locket",matched,4pKJ14jcQKqko0cVBYoeWR,https://open.spotify.com/album/4pKJ14jcQKqko0cVBYoeWR,4kSGbjWGxTchKpIxXPJv0B,Crumb,Locket,2017-06-23,day,single,4.0,https://i.scdn.co/image/ab67616d0000b2734909d4c4d0043ce7f5840829,,,,matched,https://i.scdn.co/image/ab6761610000e5eb75d21c68b819486c575ba0ec,https://open.spotify.com/artist/4kSGbjWGxTchKpIxXPJv0B
"July 14, 2017",Mister Mellow,Washed Out,Pop,Independent Artist,"Perry, Georgia",Andrew Martin,"Washed Out, Mister Mellow",matched,6Rfsivv6DPegVm4oYLeAsm,https://open.spotify.com/album/6Rfsivv6DPegVm4oYLeAsm,5juOkIIy18sFw9L30syt1Z,Washed Out,Mister Mellow,2017-06-30,day,album,12.0,https://i.scdn.co/image/ab67616d0000b27337abbdcdaad6e98607e845ce,,,,matched,https://i.scdn.co/image/ab6761610000e5eb20041d765137104d749c6cac,https://open.spotify.com/artist/5juOkIIy18sFw9L30syt1Z
"July 13, 2017",A Walk With Love & Death,Melvins,Rock,Independent Artist,,JR Moores,"Melvins, A Walk With Love & Death",matched,4u1prBEdGie9MYUSRpnMGm,https://open.spotify.com/album/4u1prBEdGie9MYUSRpnMGm,6aVjo0xHSiuW5hkasoYSR3,Melvins,A Walk With Love and Death,2017-07-07,day,album,23.0,https://i.scdn.co/image/ab67616d0000b2734ab357a8d5794cba4aa5736f,,,,matched,https://i.scdn.co/image/ab6761610000e5eb7c310dd6a7f9b800b2fb8728,https://open.spotify.com/artist/6aVjo0xHSiuW5hkasoYSR3
"July 12, 2017",Youth Detention​ ​(​Nail My Feet Down To The Southside Of Town),Lee Bains III & The Glory Fires,Rock,Lee Bains + The Glory Fires,"Birmingham, Alabama",Jonathan Bernstein,"Lee Bains III & The Glory Fires, Youth Detention​ ​(​Nail My Feet Down To The Southside Of Town)",no_match,,,,,,,,,,,,,,,,
"July 11, 2017",Glitter & Blood,Sweeping Exits,Rock,Independent Artist,"Portland, Oregon",Luke Ottenhof,"Sweeping Exits, Glitter & Blood",matched,6JNYRAnA08rwaIMzzmFU0r,https://open.spotify.com/album/6JNYRAnA08rwaIMzzmFU0r,0FH9ayZWnvqaQKNP2YMaXS,Sweeping Exits,Glitter & Blood,2017-06-09,day,album,16.0,https://i.scdn.co/image/ab67616d0000b273d9251a641b904676d1a65bd9,,,,matched,https://i.scdn.co/image/ab67616d0000b273d9251a641b904676d1a65bd9,https://open.spotify.com/artist/0FH9ayZWnvqaQKNP2YMaXS
"July 10, 2017",Boo Boo,Toro y Moi,Pop,Independent Artist,"Oakland, California",Max Savage Levenson,"Toro y Moi, Boo Boo",matched,1or1EVymKizDf9IovJURHD,https://open.spotify.com/album/1or1EVymKizDf9IovJURHD,6O4EGCCb6DoIiR6B1QCQgp,Toro y Moi,Boo Boo,2017-07-07,day,album,13.0,https://i.scdn.co/image/ab67616d0000b2730a700115d36a944832019bc4,,,,matched,https://i.scdn.co/image/ab6761610000e5eb39b201e2a11f41de823c85e0,https://open.spotify.com/artist/6O4EGCCb6DoIiR6B1QCQgp
"July 07, 2017",GT ULTRA,Guerilla Toss,Punk,Independent Artist,"New York, New York",Mo Wilson,"Guerilla Toss, GT ULTRA",matched,3z5n1lZolZwYjH4Ii3m5qT,https://open.spotify.com/album/3z5n1lZolZwYjH4Ii3m5qT,2PlLrStX2yK6CzyRi3TKnO,Guerilla Toss,GT Ultra,2017-06-23,day,album,8.0,https://i.scdn.co/image/ab67616d0000b273834c6102f26da76cf299c3fa,,,,matched,https://i.scdn.co/image/ab6761610000e5eb79eea01f968c61198f7bbade,https://open.spotify.com/artist/2PlLrStX2yK6CzyRi3TKnO
"July 06, 2017",The Boy Who Spoke to the Wind,Lando Chill,Hip-Hop/Rap,Independent Artist,"Los Angeles, California",Saby Reyes-Kulkarni,"Lando Chill, The Boy Who Spoke to the Wind",matched,3ggJWcEiyTrbhwN99XLQm2,https://open.spotify.com/album/3ggJWcEiyTrbhwN99XLQm2,2TzDFGYjzVbaSEA3msOpqI,Lando Chill,The Boy Who Spoke to the Wind,2017-06-23,day,album,15.0,https://i.scdn.co/image/ab67616d0000b27309e8e6f200c18904f1a3da7b,,,,matched,https://i.scdn.co/image/ab6761610000e5eb67e90fe1f27f9996ac8daa01,https://open.spotify.com/artist/2TzDFGYjzVbaSEA3msOpqI
"July 05, 2017",Known Unknowns,billy woods,Hip-Hop/Rap,Independent Artist,"New York, New York",Blake Gillespie,"billy woods, Known Unknowns",matched,0jWwVYhDFLzTRNVCcmfrhN,https://open.spotify.com/album/0jWwVYhDFLzTRNVCcmfrhN,39vtb2iiz3079nqfL5nfFc,billy woods,Known Unknowns,2017-06-09,day,album,18.0,https://i.scdn.co/image/ab67616d0000b27378f066d88e56bb910a23dc1a,,,,matched,https://i.scdn.co/image/ab6761610000e5eb5175bd62c4f1c1d8436a0a16,https://open.spotify.com/artist/39vtb2iiz3079nqfL5nfFc
"July 03, 2017",Chasing an Illusion,Larkin Grimm,Folk,Independent Artist,"New York, New York",Noah Berlatsky,"Larkin Grimm, Chasing an Illusion",matched,1LdH1xEi2CkMShES2NpMTG,https://open.spotify.com/album/1LdH1xEi2CkMShES2NpMTG,6lnpyqsmlHZS2A6jn9StTV,Larkin Grimm,Chasing an Illusion,2017-06-16,day,album,8.0,https://i.scdn.co/image/ab67616d0000b273bd50d0e6c7bc4c3cbf6fa4d2,,,,matched,https://i.scdn.co/image/ab6761610000e5eb6968fbba6d31e992a4885bdf,https://open.spotify.com/artist/6lnpyqsmlHZS2A6jn9StTV
"June 30, 2017",Big Skies,Mere Women,Alternative,Independent Artist,"Sydney, Australia",Doug Wallen,"Mere Women, Big Skies",matched,2wPrDxM6bhzeC3bY5Tw1rw,https://open.spotify.com/album/2wPrDxM6bhzeC3bY5Tw1rw,3VhrdhymJTzDnVEbXwkkJb,Mere Women,Big Skies,2017-06-16,day,album,12.0,https://i.scdn.co/image/ab67616d0000b2733ac4cb1cd19c03719b9b0148,,,,matched,https://i.scdn.co/image/ab6761610000e5eb149ce9d8372a8f84427380a9,https://open.spotify.com/artist/3VhrdhymJTzDnVEbXwkkJb
"June 29, 2017",Wintres Woma,James Elkington,Folk,Independent Artist,"Chicago, Illinois",Joe Darling,"James Elkington, Wintres Woma",matched,73qwGTmNqDMs4cO8c7A7Ye,https://open.spotify.com/album/73qwGTmNqDMs4cO8c7A7Ye,7COf7QkYuPrzl1lVrR1sIE,James Elkington,Wintres Woma,2017-06-30,day,album,11.0,https://i.scdn.co/image/ab67616d0000b273802d2f74ea62a58d33bd72bc,,,,matched,https://i.scdn.co/image/ab6761610000e5eb56ca7aec9d2d2829fea95af6,https://open.spotify.com/artist/7COf7QkYuPrzl1lVrR1sIE
"June 28, 2017",Puff,Bernice,Pop,bernice,"Toronto, Ontario",Erin Williams,"Bernice, Puff",matched,499jDbZirow6mu2vjBUTek,https://open.spotify.com/album/499jDbZirow6mu2vjBUTek,5gpIHPSqWFnsv9UAwEGN0s,Bernice,Puff: In The Air Without A Shape,2018-05-25,day,album,7.0,https://i.scdn.co/image/ab67616d0000b2735ddfdb5b42b0eb7eaeee6d2c,,,,matched,https://i.scdn.co/image/ab6761610000e5eb637c8a50fea657692f0486ee,https://open.spotify.com/artist/5gpIHPSqWFnsv9UAwEGN0s
"June 27, 2017",Introducing the Crimsmen,The Peacers,Rock,Independent Artist,"San Francisco, California",Marc Masters,"The Peacers, Introducing the Crimsmen",matched,3ZuKhiAf2kiw35Rt6hPLTb,https://open.spotify.com/album/3ZuKhiAf2kiw35Rt6hPLTb,6gyVlp7X5WjSfYMg5L1nCV,The Peacers,Introducing the Crimsmen,2017-06-16,day,album,17.0,https://i.scdn.co/image/ab67616d0000b2735902d8ef682d94e11b27c032,,,,matched,https://i.scdn.co/image/ab6761610000e5eb746c896194af5bf4ec51d08d,https://open.spotify.com/artist/6gyVlp7X5WjSfYMg5L1nCV
"June 26, 2017",Some Twist,Michael Nau,Alternative,Independent Artist,Maryland,Casey Jarman,"Michael Nau, Some Twist",matched,5BJlXjpFtDVaKC5YouIbOI,https://open.spotify.com/album/5BJlXjpFtDVaKC5YouIbOI,1VfgWum48nwYJcCfdPwWgs,Michael Nau,Some Twist,2017-06-16,day,album,12.0,https://i.scdn.co/image/ab67616d0000b27399bd6e95897fe3218b41cbd0,,,,matched,https://i.scdn.co/image/ab6761610000e5ebc60ed235a005c3236adb9d63,https://open.spotify.com/artist/1VfgWum48nwYJcCfdPwWgs
"June 23, 2017",Dust,Laurel Halo,Electronic,Independent Artist,"Los Angeles, California",Joe Darling,"Laurel Halo, Dust",matched,7miNRiA7r3DUIfr2GI2Hha,https://open.spotify.com/album/7miNRiA7r3DUIfr2GI2Hha,0sRVVDpgF2sKzPBkDszzUl,Laurel Halo,Dust,2017-06-23,day,album,11.0,https://i.scdn.co/image/ab67616d0000b273627a4ac9ba593c12a064ad10,,,,matched,https://i.scdn.co/image/ab6761610000e5eb8eaf846c5f4d1ffd4f07519a,https://open.spotify.com/artist/0sRVVDpgF2sKzPBkDszzUl
"June 22, 2017","Larry Grenadier, John Medeski & John Scofield, Hudson",Jack DeJohnette,Jazz,"Hudson (DeJohnette, Grenadier, Medeski &amp; Scofield)","New York, New York",Patrick Jarenwattananon,"Jack DeJohnette, Larry Grenadier, John Medeski & John Scofield, Hudson",no_match,,,,,,,,,,,,,,,,
"June 21, 2017",In Death,Svartsyn,Metal,Agonia Records,Poland,Noah Berlatsky,"Svartsyn, In Death",matched,6Iax7eNqPmntXbxWLRJ5iI,https://open.spotify.com/album/6Iax7eNqPmntXbxWLRJ5iI,4hKyoyYXSDDGQWhUHv2L3I,Svartsyn,In Death,2017-06-09,day,album,7.0,https://i.scdn.co/image/ab67616d0000b273b6a991c4d185643ea40da618,,,,matched,https://i.scdn.co/image/ab67616d0000b27328c204fe08f6d0623033e2e7,https://open.spotify.com/artist/4hKyoyYXSDDGQWhUHv2L3I
"June 20, 2017",House and Land,House and Land,Folk,Independent Artist,"Asheville, North Carolina",Allison Hussey,"House and Land, House and Land",matched,6wuqMuP5uzJZtyzvhkatTZ,https://open.spotify.com/album/6wuqMuP5uzJZtyzvhkatTZ,7wEcAL8SfPKhI85Qw3Opfe,House and Land,House and Land,2017-06-16,day,album,10.0,https://i.scdn.co/image/ab67616d0000b2731d3d95048dcd47ca118d236c,,,,matched,https://i.scdn.co/image/ab6761610000e5ebdb485b24d46ead42fb65b58b,https://open.spotify.com/artist/7wEcAL8SfPKhI85Qw3Opfe
"June 19, 2017",Die Trommel Fatale,Brandon Seabrook,Experimental,Independent Artist,"Brooklyn, New York",Raymond Cummings,"Brandon Seabrook, Die Trommel Fatale",matched,61oDcxwVCbgSGccjhdfvXR,https://open.spotify.com/album/61oDcxwVCbgSGccjhdfvXR,4ifJc3icwlell38NYGXpOb,Brandon Seabrook,Die Trommel Fatale,2017-06-16,day,album,10.0,https://i.scdn.co/image/ab67616d0000b27397a8a6a67627350781debd2b,,,,matched,https://i.scdn.co/image/ab6761610000e5ebf6c2d21852875baffccd186b,https://open.spotify.com/artist/4ifJc3icwlell38NYGXpOb
"June 15, 2017",Soaked,Hot Flash Heat Wave,Alternative,Independent Artist,"Los Angeles, California",Steven Edelstone,"Hot Flash Heat Wave, Soaked",matched,1ONt9EbMeXJKIm9XomcfVs,https://open.spotify.com/album/1ONt9EbMeXJKIm9XomcfVs,33LSz2nhC8pCPTb3pd5add,Hot Flash Heat Wave,Soaked,2017-06-02,day,album,12.0,https://i.scdn.co/image/ab67616d0000b273972d4a43e751f0784fb2a3d3,,,,matched,https://i.scdn.co/image/ab6761610000e5ebeccfb59c438cfe6d49dd8f60,https://open.spotify.com/artist/33LSz2nhC8pCPTb3pd5add
"June 14, 2017",The Fifth State of Consciousness,Peaking Lights,Ambient,Independent Artist,"Baywood Los Osos, California",Katy Henriksen,"Peaking Lights, The Fifth State of Consciousness",no_match,,,,,,,,,,,,,,,,
"June 12, 2017",Attention Kmart Choppers,Juicy the Emissary,Hip-Hop/Rap,Independent Artist,Denton,Max Bell,"Juicy the Emissary, Attention Kmart Choppers",no_match,,,,,,,,,,,,,,,,
"June 09, 2017",Agent blå,Agent blå,Alternative,Agent Blå,"Gothenburg, Sweden",J. Edward Keyes,"Agent blå, Agent blå",matched,2jSNUmDHBpCKvCpl7dw9LH,https://open.spotify.com/album/2jSNUmDHBpCKvCpl7dw9LH,457YpcXkt7bLgJLE95sdyB,Agent blå,Agent Blå,2017-06-09,day,album,10.0,https://i.scdn.co/image/ab67616d0000b273073c3816e99481f45013f655,,,,matched,https://i.scdn.co/image/ab6761610000e5ebbac0dfa5ad18992a931911e2,https://open.spotify.com/artist/457YpcXkt7bLgJLE95sdyB
"June 06, 2017",Freedom of Movement,Nina Miranda,World,Independent Artist,"London, UK",Amaya Garcia,"Nina Miranda, Freedom of Movement",matched,7hbqlnKENuFGYqIExldF1Y,https://open.spotify.com/album/7hbqlnKENuFGYqIExldF1Y,20fu3DuGFu7HW0v8pJyagn,Nina Miranda,Freedom of Movement,2017-05-26,day,album,15.0,https://i.scdn.co/image/ab67616d0000b2739f43be1057269dbc255ff03e,,,,matched,https://i.scdn.co/image/ab6761610000e5ebb0c7dc4c5a85a7a7ceadbabf,https://open.spotify.com/artist/20fu3DuGFu7HW0v8pJyagn
"June 05, 2017",A World of Masks,The Heliocentrics,,Independent Artist,"London, UK",Max Savage Levenson,"The Heliocentrics, A World of Masks",matched,1MkBVNoNIZkbLSwXxt14qS,https://open.spotify.com/album/1MkBVNoNIZkbLSwXxt14qS,6Gujb3D3UJuIBtTCCK2Hnv,The Heliocentrics,A World of Masks,2017-05-26,day,album,11.0,https://i.scdn.co/image/ab67616d0000b273a9949471cfcbc7f2fc52a75a,,,,matched,https://i.scdn.co/image/ab6761610000e5eb5a1d1819285c3fdd61b5aa83,https://open.spotify.com/artist/6Gujb3D3UJuIBtTCCK2Hnv
"June 02, 2017",Somersault,Beach Fossils,Alternative,Independent Artist,"Brooklyn, New York",John Morrison,"Beach Fossils, Somersault",matched,2d7uieZPQtrUi5AQXwdsYV,https://open.spotify.com/album/2d7uieZPQtrUi5AQXwdsYV,1bwUhKRmEkOZ1wuTnV9XjC,Beach Fossils,Somersault,2017-06-02,day,album,11.0,https://i.scdn.co/image/ab67616d0000b273eb70b4a8562f8a40859621a2,,,,matched,https://i.scdn.co/image/ab6761610000e5eb444c5095572ca29a287308d7,https://open.spotify.com/artist/1bwUhKRmEkOZ1wuTnV9XjC
"June 01, 2017",Subordination,Institute,Punk,Independent Artist,"Austin, Texas",Sam Lefebvre,"Institute, Subordination",matched,7kzvpxZrRE19uchZ0p8yGS,https://open.spotify.com/album/7kzvpxZrRE19uchZ0p8yGS,4pLRqnM78ur7geXMT6q2NR,Institute,Subordination,2017-06-02,day,album,9.0,https://i.scdn.co/image/ab67616d0000b27302644376d9baeba5f513d0dd,,,,matched,https://i.scdn.co/image/f01ca468e22d78c6dbbf14231b1bf3186af48c87,https://open.spotify.com/artist/4pLRqnM78ur7geXMT6q2NR
"May 31, 2017",Modern Kosmology,Jane Weaver,Experimental,Independent Artist,"Liverpool, UK",Joe Darling,"Jane Weaver, Modern Kosmology",matched,6PN720FM9NAPx1N4NIKkSi,https://open.spotify.com/album/6PN720FM9NAPx1N4NIKkSi,1UrfmsMDKHSYXj7SaPjyWL,Jane Weaver,Modern Kosmology,2017-05-19,day,album,10.0,https://i.scdn.co/image/ab67616d0000b273fccb9a4cf55d0f0c2bb26890,,,,matched,https://i.scdn.co/image/ab6761610000e5eb90dee5aeecd023074dacdb28,https://open.spotify.com/artist/1UrfmsMDKHSYXj7SaPjyWL
"May 30, 2017",Fly or Die,Jaimie Branch,Jazz,International Anthem,"Chicago, Illinois",Marcus J. Moore,"Jaimie Branch, Fly or Die",matched,2JVEwFxlm2BcTtEeYnB5zr,https://open.spotify.com/album/2JVEwFxlm2BcTtEeYnB5zr,54T6Gso8zGPk4czyWlnUw5,Jaimie Branch,Fly or Die Fly or Die Fly or Die ((world war)),2023-08-25,day,album,9.0,https://i.scdn.co/image/ab67616d0000b273e3c5e61dc81f90b3ae04959d,,,,matched,https://i.scdn.co/image/ab6761610000e5eb918ceacd18fb4a33cca318a5,https://open.spotify.com/artist/54T6Gso8zGPk4czyWlnUw5
"May 29, 2017",Move Upstairs,Como Mamas,R&amp;B/Soul,The Como Mamas,"Como, Mississippi",Max Savage Levenson,"Como Mamas, Move Upstairs",matched,1NnMJaCtQpn1mPjmc1YDi6,https://open.spotify.com/album/1NnMJaCtQpn1mPjmc1YDi6,3xZA5DzsWQLrDQFaPAXwTy,The Como Mamas,Move Upstairs,2017-05-19,day,album,11.0,https://i.scdn.co/image/ab67616d0000b2730cafcd2b240904ceec4631a0,,,,matched,https://i.scdn.co/image/2b94e33888237b518e6e68fca07b86d236880b9d,https://open.spotify.com/artist/3xZA5DzsWQLrDQFaPAXwTy
"May 26, 2017",Best Woman,Vincent Ahehehinnou,World,Analog Africa,Germany,Dean Van Nguyen,"Vincent Ahehehinnou, Best Woman",matched,4bWVyHSBHKvkD7gcrlMxVF,https://open.spotify.com/album/4bWVyHSBHKvkD7gcrlMxVF,1EYbriX2mbaKMLdc5T77uj,Vincent Ahehehinnou,Best Woman (Analog Africa Dance Edition No. 5),2017-04-20,day,single,4.0,https://i.scdn.co/image/ab67616d0000b273695d93318e0ed5c8dbc157f2,,,,matched,https://i.scdn.co/image/ab6761610000e5eb0a5843efdec29188aad6ca9c,https://open.spotify.com/artist/1EYbriX2mbaKMLdc5T77uj
"May 25, 2017",Channelview,Curved Light,Electronic,Independent Artist,"Austin, Texas",Andrew Parks,"Curved Light, Channelview",matched,7IZDh2ipxBLwiZYIoaC4eM,https://open.spotify.com/album/7IZDh2ipxBLwiZYIoaC4eM,2SSFTSkdw1v4DDjAI73PYj,Curved Light,Channelview,2017-05-19,day,album,8.0,https://i.scdn.co/image/ab67616d0000b2735179a7eed2f34efd897d82b2,,,,matched,https://i.scdn.co/image/ab6761610000e5ebed5e4e34bf58264e58afd2f7,https://open.spotify.com/artist/2SSFTSkdw1v4DDjAI73PYj
"May 24, 2017",Gently Among the Coals,Threefifty,Alternative,Independent Artist,"Brooklyn, New York",Stephen M. Deusner,"Threefifty, Gently Among the Coals",no_match,,,,,,,,,,,,,,,,
"May 23, 2017",Still Hungry,DJ Format & Abdominal,Hip-Hop/Rap,Abdominal,"Toronto, Ontario",Nate Patrin,"DJ Format & Abdominal, Still Hungry",no_match,,,,,,,,,,,,,,,,
"May 22, 2017",Ultramega OK,Soundgarden,Alternative,Independent Artist,"Seattle, Washington",Brad Sanders,"Soundgarden, Ultramega OK",matched,00LS6GJwb5ZPTKS8NMAT8x,https://open.spotify.com/album/00LS6GJwb5ZPTKS8NMAT8x,5xUf6j4upBrXZPg6AI4MRK,Soundgarden,Ultramega OK (Expanded Reissue),2017-03-10,day,album,19.0,https://i.scdn.co/image/ab67616d0000b273bf2bfcbb44d19e0ac0bc8025,,,,matched,https://i.scdn.co/image/ab6761610000e5ebafa254b2a224584485286526,https://open.spotify.com/artist/5xUf6j4upBrXZPg6AI4MRK
"May 19, 2017",Death To The Planet,The Comet is Coming,Jazz,The Comet Is Coming,"London, UK",Marcus J. Moore,"The Comet is Coming, Death To The Planet",matched,78r1S2wMZbbdiNUZANMP7t,https://open.spotify.com/album/78r1S2wMZbbdiNUZANMP7t,0Z5FMozvx15nUSUA6a9kkU,The Comet Is Coming,Death to the Planet,2017-05-05,day,single,4.0,https://i.scdn.co/image/ab67616d0000b273cc52adecfcbd7fb0beed920c,,,,matched,https://i.scdn.co/image/ab6761610000e5eb64d5703bc39fcaf1f132846e,https://open.spotify.com/artist/0Z5FMozvx15nUSUA6a9kkU
"May 18, 2017","Saigon Supersound, Vol. 1",Various Artists,World,Saigon Supersound Compilations,"Frankfurt, Germany",Richard Gehr,"Various Artists, Saigon Supersound, Vol. 1",no_match,,,,,,,,,,,,,,,,
"May 17, 2017",Black Mountain Songs,Brooklyn Youth Chorus,Classical,Independent Artist,New York,Katy Henriksen,"Brooklyn Youth Chorus, Black Mountain Songs",matched,5V8LbFAaQgkF9R0PRaQyqQ,https://open.spotify.com/album/5V8LbFAaQgkF9R0PRaQyqQ,1GWl4Xx2O4QywxMtxXI6mM,"Brooklyn Youth Chorus, Dianne Berkun Menaker",Black Mountain Songs,2017-03-31,day,album,13.0,https://i.scdn.co/image/ab67616d0000b27312b52ad33b5424a3c976bf3c,,,,matched,https://i.scdn.co/image/ab67616d0000b273089e56c84ba72eb6e9f419d6,https://open.spotify.com/artist/1GWl4Xx2O4QywxMtxXI6mM
"May 16, 2017",Best Troubador,Bonnie ‘Prince’ Billy,Country,Bonnie &quot;Prince&quot; Billy,"Louisville, Kentucky",Peter Margasak,"Bonnie ‘Prince’ Billy, Best Troubador",no_match,,,,,,,,,,,,,,,,
"May 15, 2017",Powerplant,Girlpool,Alternative,Independent Artist,"Los Angeles, California",Tess Duncan,"Girlpool, Powerplant",matched,120bhi2kgHiYc2FwI7nghO,https://open.spotify.com/album/120bhi2kgHiYc2FwI7nghO,3BYXi96LqI8TwNljFKE0DZ,Girlpool,Powerplant,2017-05-12,day,album,12.0,https://i.scdn.co/image/ab67616d0000b27326d91b576ade878b7b948985,,,,matched,https://i.scdn.co/image/ab6761610000e5eb83f684f8bf5f29f5437643f1,https://open.spotify.com/artist/3BYXi96LqI8TwNljFKE0DZ
"May 12, 2017",Big Day,Loose Tooth,Alternative,Father/Daughter Records,"San Francisco, California",Casey Jarman,"Loose Tooth, Big Day",matched,5bOdjf1OTauRJHnCmiMRvj,https://open.spotify.com/album/5bOdjf1OTauRJHnCmiMRvj,6XY5qwYdplU55lHwdWb4vW,Loose Tooth,Big Day,2017-04-07,day,album,9.0,https://i.scdn.co/image/ab67616d0000b27310212b9c95e2f73794d6b979,,,,matched,https://i.scdn.co/image/ab67616d0000b27310212b9c95e2f73794d6b979,https://open.spotify.com/artist/6XY5qwYdplU55lHwdWb4vW
"May 11, 2017",Vocês Querem Mate?,Piri,World,Independent Artist,Brazil,Joe Gross,"Piri, Vocês Querem Mate?",matched,5Fk8HGeDBqY9JFX7xWf6HU,https://open.spotify.com/album/5Fk8HGeDBqY9JFX7xWf6HU,0gav0eK3c0etW2zs0V59Qc,Piri,Vocês Querem Mate?,2017-04-07,day,album,10.0,https://i.scdn.co/image/ab67616d0000b273201dd47b74f14ceae16c9fdf,,,,matched,https://i.scdn.co/image/ab67616d0000b273dc706828e008055ef3310452,https://open.spotify.com/artist/0gav0eK3c0etW2zs0V59Qc
"May 10, 2017",II,Crooked Bangs,Punk,Nervous Intent Records,"Berkeley, California",Colin Atrophy Hagendorf,"Crooked Bangs, II",no_match,,,,,,,,,,,,,,,,
"May 09, 2017",Sidelong,Sarah Shook & the Disarmers,Country,Sarah Shook &amp; the Disarmers,"Chapel Hill, North Carolina",Lee Zimmerman,"Sarah Shook & the Disarmers, Sidelong",matched,6b5MHLkj051eiAt1NgBLe3,https://open.spotify.com/album/6b5MHLkj051eiAt1NgBLe3,6ahZTaoJs2D0gcscsEx64r,Sarah Shook & the Disarmers,Sidelong,2017-04-28,day,album,12.0,https://i.scdn.co/image/ab67616d0000b273a8db5f2edfc3537c117cec06,,,,matched,https://i.scdn.co/image/ab6761610000e5eb32f569c7b6edd97c45499efb,https://open.spotify.com/artist/6ahZTaoJs2D0gcscsEx64r
"May 08, 2017",This Old Dog,Mac DeMarco,Rock,Independent Artist,"Los Angeles, California",Eric R. Danton,"Mac DeMarco, This Old Dog",matched,75nm5jp2BLrHuvHYfYFOsl,https://open.spotify.com/album/75nm5jp2BLrHuvHYfYFOsl,3Sz7ZnJQBIHsXLUSo0OQtM,Mac DeMarco,This Old Dog,2017-02-01,day,single,1.0,https://i.scdn.co/image/ab67616d0000b2732871de48185063a2827ca1b9,,,,matched,https://i.scdn.co/image/ab6761610000e5ebc9aca5b6d4c528caf75e8a1d,https://open.spotify.com/artist/3Sz7ZnJQBIHsXLUSo0OQtM
"May 05, 2017",Horse Follows Darkness,Delia Gonzalez,Electronic,Independent Artist,"Athens, Greece",J. Edward Keyes,"Delia Gonzalez, Horse Follows Darkness",matched,6gJokl2Gdt7Uzqhh2jGSLS,https://open.spotify.com/album/6gJokl2Gdt7Uzqhh2jGSLS,45PgDpNWsI7nko36stpj29,Delia Gonzalez,Horse Follows Darkness,2017-05-05,day,album,5.0,https://i.scdn.co/image/ab67616d0000b273bb1ef55f86bb07fc701cf874,,,,matched,https://i.scdn.co/image/377d315f77786f563ad7ffad88b3c355923cbddc,https://open.spotify.com/artist/45PgDpNWsI7nko36stpj29
"May 04, 2017",Seen Comin’ From a Mighty Eye,Skyway Man,Rock,Independent Artist,"Oakland, California",Will Schube,"Skyway Man, Seen Comin’ From a Mighty Eye",matched,7DigbYpr5ywwncDzeOBTcR,https://open.spotify.com/album/7DigbYpr5ywwncDzeOBTcR,5QaXPOeFBhSwhLxrmU2ghj,Skyway Man,Seen Comin' from a Mighty Eye,2017-02-10,day,album,12.0,https://i.scdn.co/image/ab67616d0000b273d77b76d4f45fe1402adbdded,,,,matched,https://i.scdn.co/image/ab6761610000e5ebf443e48c070360146150904e,https://open.spotify.com/artist/5QaXPOeFBhSwhLxrmU2ghj
"May 03, 2017",Snow,The New Year,Alternative,Independent Artist,Texas,Annie Zaleski,"The New Year, Snow",matched,2oGH4JGiJQHQJIjmqaHOcv,https://open.spotify.com/album/2oGH4JGiJQHQJIjmqaHOcv,58bGdoz5bUtPMOTzueTBOy,The New Year,Snow,2017-04-28,day,album,10.0,https://i.scdn.co/image/ab67616d0000b273d397663e8375c2cf6f25020c,,,,matched,https://i.scdn.co/image/1305d82f4ce501e3234df8c8adaa83b03ea64360,https://open.spotify.com/artist/58bGdoz5bUtPMOTzueTBOy
"May 02, 2017",Significant Weather,Real Life Buildings,Alternative,Independent Artist,"New York, New York",Cory Lomberg,"Real Life Buildings, Significant Weather",matched,49gDgLOprKeEoPb93KLxgw,https://open.spotify.com/album/49gDgLOprKeEoPb93KLxgw,6hyLngUwo2D5rJsF0YIgrz,Real Life Buildings,Significant Weather,2017-04-21,day,album,10.0,https://i.scdn.co/image/ab67616d0000b2738772c891e056cd9c1a3e2c3c,,,,matched,https://i.scdn.co/image/f411b67280f5978f9c95e61a227285580b404a84,https://open.spotify.com/artist/6hyLngUwo2D5rJsF0YIgrz
"May 01, 2017",Ice Pix,FIN,Pop,Hausu Mountain Records,"Chicago, Illinois",Noah Berlatsky,"FIN, Ice Pix",matched,0Yt7ehQdNBJP4hTxitOMRS,https://open.spotify.com/album/0Yt7ehQdNBJP4hTxitOMRS,6DocGnugPqDUetkIEAsDGB,FIN,Ice Pix,2017-03-24,day,album,11.0,https://i.scdn.co/image/ab67616d0000b2735c171c0e529d51c9e525a370,,,,matched,https://i.scdn.co/image/ab6761610000e5eb74fe88b1d350f675e00f98df,https://open.spotify.com/artist/6DocGnugPqDUetkIEAsDGB
"April 28, 2017",Silver Haze,Aye Nako,Alternative,Independent Artist,"New York, New York",J. Edward Keyes,"Aye Nako, Silver Haze",matched,4iyzaEWk2fcVVErWqwvS5Z,https://open.spotify.com/album/4iyzaEWk2fcVVErWqwvS5Z,73SIbPT9u0sHTR2SrwTXZE,Aye Nako,Silver Haze,2017-04-07,day,album,12.0,https://i.scdn.co/image/ab67616d0000b273ca4d1b92a198a4dfd5482d93,,,,matched,https://i.scdn.co/image/ab6761610000e5ebc56394bdbccbfeccfa2d70ad,https://open.spotify.com/artist/73SIbPT9u0sHTR2SrwTXZE
"April 26, 2017",Perfect Lavender,Furniteur,Pop,Independent Artist,"Washington, D.C.",Peter Lillis,"Furniteur, Perfect Lavender",matched,3Xm1EfP7hqNeFyjeAZZWyZ,https://open.spotify.com/album/3Xm1EfP7hqNeFyjeAZZWyZ,76COzWHRpQqnu4RGL0XdNr,Furniteur,Perfect Lavender,2017-03-28,day,album,8.0,https://i.scdn.co/image/ab67616d0000b27344d2a2f1e11ac34dc804cd83,,,,matched,https://i.scdn.co/image/ab6761610000e5eb4ffb75f7171260fcb861dbec,https://open.spotify.com/artist/76COzWHRpQqnu4RGL0XdNr
"April 25, 2017",Why El Paso Sky,VVV,Electronic,Holodeck Records,"Austin, Texas",Joe Darling,"VVV, Why El Paso Sky",matched,0YiyOTiLLz0I58rQK1I2Sx,https://open.spotify.com/album/0YiyOTiLLz0I58rQK1I2Sx,5hl8RZZmPaRoBAv7mVoO8x,VVV,Why El Paso Sky,2017-03-10,day,album,16.0,https://i.scdn.co/image/ab67616d0000b2733a5cdfd0e1bc445ae82f3985,,,,matched,https://i.scdn.co/image/ab67616d0000b2733a5cdfd0e1bc445ae82f3985,https://open.spotify.com/artist/5hl8RZZmPaRoBAv7mVoO8x
"April 24, 2017",WYW,Wear Your Wounds,Alternative,Independent Artist,"Essex, Massachusetts",Andrew Parks,"Wear Your Wounds, WYW",matched,5pm8EbTtXbVCKNAvVukWZm,https://open.spotify.com/album/5pm8EbTtXbVCKNAvVukWZm,162Upzibi1m79dQDaEUjl3,Wear Your Wounds,WYW,2017-04-07,day,album,10.0,https://i.scdn.co/image/ab67616d0000b2733ac196b42070114684ec93a3,,,,matched,https://i.scdn.co/image/ab6761610000e5eb2b4071887e010d8b5b2b3e2b,https://open.spotify.com/artist/162Upzibi1m79dQDaEUjl3
"April 21, 2017",Oz Waves,Various Artists,Electronic,Efficient Space,"Melbourne, Australia",Doug Wallen,"Various Artists, Oz Waves",matched,2ftagMhZV7ESEjcQZIqScJ,https://open.spotify.com/album/2ftagMhZV7ESEjcQZIqScJ,0LyfQWJT6nXafLPZqxe9Of,Various Artists,Oz Waves,2017-02-24,day,compilation,10.0,https://i.scdn.co/image/ab67616d0000b273a964274ec3698872cbc67410,,,,matched,https://i.scdn.co/image/ab6761610000e5eb6b134287e3095d2c84b7932a,https://open.spotify.com/artist/0LyfQWJT6nXafLPZqxe9Of
"April 20, 2017",Return To The 37th Chamber,El Michels Affair,R&amp;B/Soul,Independent Artist,New York,Nate Patrin,"El Michels Affair, Return To The 37th Chamber",matched,70OhGmsHTYRhPNmDmMMcwT,https://open.spotify.com/album/70OhGmsHTYRhPNmDmMMcwT,0cLrgpG3pW4MX4nD8h6qCc,El Michels Affair,Return To The 37th Chamber,2017-04-14,day,album,14.0,https://i.scdn.co/image/ab67616d0000b273e106c369268fe75639b6bcf1,,,,matched,https://i.scdn.co/image/ab6761610000e5eb6ca476b9b61c6a4c3574af1b,https://open.spotify.com/artist/0cLrgpG3pW4MX4nD8h6qCc
"April 18, 2017",A Hairshirt of Purpose,Pile,Rock,Independent Artist,,Matt Voracek,"Pile, A Hairshirt of Purpose",matched,3MdULAsEgwSIKF89XqrjIS,https://open.spotify.com/album/3MdULAsEgwSIKF89XqrjIS,44pUNjqg4mExLyFHnB3Bqf,Pile,A Hairshirt of Purpose,2017-03-31,day,album,13.0,https://i.scdn.co/image/ab67616d0000b27320aa486a01f6eb5eb4b7018b,,,,matched,https://i.scdn.co/image/ab6761610000e5eb33340c91b6ed5ae9c6cb32da,https://open.spotify.com/artist/44pUNjqg4mExLyFHnB3Bqf
"April 17, 2017",Friends Live #1,Band Practice & Catherine Cohen,Comedy,JMC Aggregate,"Queens, New York",Patrick Rapa,"Band Practice & Catherine Cohen, Friends Live #1",matched,03QTDKOqTlPyABJ9NWXL3L,https://open.spotify.com/album/03QTDKOqTlPyABJ9NWXL3L,6hslhbTkV2jt0OwzESzUEM,Band Practice / Catherine Cohen,Friends Live #1,2017-03-03,day,album,28.0,https://i.scdn.co/image/ab67616d0000b273b6bdfa9ac47b05fa9c17fc8f,,,,matched,https://i.scdn.co/image/ab67616d0000b273b6bdfa9ac47b05fa9c17fc8f,https://open.spotify.com/artist/6hslhbTkV2jt0OwzESzUEM
"April 13, 2017",It’s a Myth,Sneaks,Punk,Independent Artist,"Washington, D.C.",JJ Skolnik,"Sneaks, It’s a Myth",no_match,,,,,,,,,,,,,,,,
"April 12, 2017",What If,Hauschka,Ambient,Independent Artist,"Düsseldorf, Germany",Ron Hart,"Hauschka, What If",matched,6YAluPsAWDZ6rvwwNDyFsV,https://open.spotify.com/album/6YAluPsAWDZ6rvwwNDyFsV,6fTuDQJqqMDrrEXSFmgyJt,Hauschka,What If,2017-03-31,day,album,11.0,https://i.scdn.co/image/ab67616d0000b27385b43ed0f27025e2305eb524,,,,matched,https://i.scdn.co/image/ab6761610000e5eba7f392b33dfad83e6fdd80de,https://open.spotify.com/artist/6fTuDQJqqMDrrEXSFmgyJt
"April 11, 2017",Soul Run,Tanika Charles,R&amp;B/Soul,Independent Artist,Toronto,Max Savage Levenson,"Tanika Charles, Soul Run",matched,0wwDbkQbA5I1y2rR69u2hC,https://open.spotify.com/album/0wwDbkQbA5I1y2rR69u2hC,0BYgmolIl2cU1K2XZa7N7I,Tanika Charles,Soul Run,2017-04-07,day,album,11.0,https://i.scdn.co/image/ab67616d0000b273d44ccaf1a487207a522487a4,,,,matched,https://i.scdn.co/image/ab6761610000e5eb6dd4388df6f050e71d9c6951,https://open.spotify.com/artist/0BYgmolIl2cU1K2XZa7N7I
"April 10, 2017",Imaginary Enemies,Hiccup,Punk,Independent Artist,"New York, New York",Jonathan Bernstein,"Hiccup, Imaginary Enemies",matched,4o3mMW7HJD11cKf53KICoA,https://open.spotify.com/album/4o3mMW7HJD11cKf53KICoA,3h4zfGQUTOoyKwRkA9YNdL,Hiccup,Imaginary Enemies,2017-03-24,day,album,12.0,https://i.scdn.co/image/ab67616d0000b27308134174c8750dff318e7549,,,,matched,https://i.scdn.co/image/d39042e8418c996f443e8fe104de0cefebe6d308,https://open.spotify.com/artist/3h4zfGQUTOoyKwRkA9YNdL
"April 07, 2017",Abysma,Geotic,Ambient,Independent Artist,"Los Angeles, California",Will Schube,"Geotic, Abysma",matched,19fG1FIY9GZUyxM4ehuTvV,https://open.spotify.com/album/19fG1FIY9GZUyxM4ehuTvV,30wki8WYREGLQPm623vzkZ,Geotic,Abysma,2017-03-31,day,album,8.0,https://i.scdn.co/image/ab67616d0000b27324e6d10ba5108ea849bdbb6d,,,,matched,https://i.scdn.co/image/ab6761610000e5ebe21d0572ff6a5cdf0e8b8ff7,https://open.spotify.com/artist/30wki8WYREGLQPm623vzkZ
"April 06, 2017",Sorcerer,Tonstartssbandht,Rock,Independent Artist,Florida,Casey Jarman,"Tonstartssbandht, Sorcerer",matched,3as4FqtKVfNaROw9mvptPH,https://open.spotify.com/album/3as4FqtKVfNaROw9mvptPH,0ZoYAbDGICaSPSfTTvworW,Tonstartssbandht,Sorcerer,2017-03-24,day,album,3.0,https://i.scdn.co/image/ab67616d0000b273137904051b910895a1cacf97,,,,matched,https://i.scdn.co/image/ab6761610000e5ebafbb48e3f86787e312adbe6f,https://open.spotify.com/artist/0ZoYAbDGICaSPSfTTvworW
"April 04, 2017",Kelly Lee Owens,Kelly Lee Owens,,Independent Artist,"London, UK",Adam Badí Donoval,"Kelly Lee Owens, Kelly Lee Owens",matched,0aol42apbylFf2POjiAOeP,https://open.spotify.com/album/0aol42apbylFf2POjiAOeP,5eitAUlYmlha3LLWg7aBn5,Kelly Lee Owens,Kelly Lee Owens,2017-03-24,day,album,10.0,https://i.scdn.co/image/ab67616d0000b2734ce6423cb1d066af4cc17736,,,,matched,https://i.scdn.co/image/ab6761610000e5eb0a3339b0c187b2733cdb1145,https://open.spotify.com/artist/5eitAUlYmlha3LLWg7aBn5
"April 03, 2017",Rays,Rays,,RAYS,"Oakland, California",JJ Skolnik,"Rays, Rays",matched,03n62R3vuGd6mHD0y6l3um,https://open.spotify.com/album/03n62R3vuGd6mHD0y6l3um,2O8rNlkR7t0fRreLivSZcq,Raysta,Super Hero Raysta,2022-07-07,day,album,15.0,https://i.scdn.co/image/ab67616d0000b273ecd7f268007afacdde30841f,,,,matched,https://i.scdn.co/image/ab6761610000e5eb04c691d074b94efb7aeb8d70,https://open.spotify.com/artist/2O8rNlkR7t0fRreLivSZcq
"March 31, 2017",Overseas V,Eivind Opsvik,,Independent Artist,New York,Peter Margasak,"Eivind Opsvik, Overseas V",matched,1WmdGnli1WTYLe7xPmUjbW,https://open.spotify.com/album/1WmdGnli1WTYLe7xPmUjbW,1SGYzb7ZRMCvE9ssIPvFg5,Eivind Opsvik,Overseas V,2017-03-17,day,album,9.0,https://i.scdn.co/image/ab67616d0000b2736671d25fe8685629225302e3,,,,matched,https://i.scdn.co/image/ab6761610000e5ebb4506c81339bd913572980d6,https://open.spotify.com/artist/1SGYzb7ZRMCvE9ssIPvFg5
"March 30, 2017",Due Rent,lojii & Swarvy,,Fresh Selects,,Andrew Martin,"lojii & Swarvy, Due Rent",no_match,,,,,,,,,,,,,,,,
"March 29, 2017",Meet You,Century Palm,,deranged records,British Columbia,Cameron Cook,"Century Palm, Meet You",matched,6tFzw4wZ6bjaTmVARMcOjf,https://open.spotify.com/album/6tFzw4wZ6bjaTmVARMcOjf,4oCKfn9GNV2xtnkUHfoA7P,Century Palm,Meet You,2017-03-10,day,album,10.0,https://i.scdn.co/image/ab67616d0000b273711c5a7c9c20dc27c857d09e,,,,matched,https://i.scdn.co/image/db0dc6f302efe761e6de1686eadd0a7040677199,https://open.spotify.com/artist/4oCKfn9GNV2xtnkUHfoA7P
"March 28, 2017",Heartless,Pallbearer,,Independent Artist,"Little Rock, Arkansas",Elisabeth Vincentelli,"Pallbearer, Heartless",matched,5ypceLbDsUJywcccmyVtn2,https://open.spotify.com/album/5ypceLbDsUJywcccmyVtn2,2yeEmsTQMNHBlS5dhWtuD1,Pallbearer,Heartless,2017-03-24,day,album,7.0,https://i.scdn.co/image/ab67616d0000b273c0b3f3aa840e06b57dc30588,,,,matched,https://i.scdn.co/image/ab6761610000e5eb88271b2a5dab698a6d26c1e1,https://open.spotify.com/artist/2yeEmsTQMNHBlS5dhWtuD1
"March 27, 2017",Find Me Finding You,Laetitia Sadier Source Ensemble,,Laetitia Sadier,"London, UK",Marc Masters,"Laetitia Sadier Source Ensemble, Find Me Finding You",matched,6wwMt9AbBdSqNRVObnCbol,https://open.spotify.com/album/6wwMt9AbBdSqNRVObnCbol,0IENmOAgxbS5lEUx6eWCDR,"Laetitia Sadier Source Ensemble, Laetitia Sadier",Find Me Finding You,2017-03-24,day,album,10.0,https://i.scdn.co/image/ab67616d0000b2734f8e4aaa0f3f3308c965d4b9,,,,matched,https://i.scdn.co/image/ab67616d0000b2734f8e4aaa0f3f3308c965d4b9,https://open.spotify.com/artist/0IENmOAgxbS5lEUx6eWCDR
"March 24, 2017",Please Let Me Know,So Stressed,,Independent Artist,"Sacramento, California",J. Edward Keyes,"So Stressed, Please Let Me Know",matched,642rXTxZ8AF8YcWdYBjdaJ,https://open.spotify.com/album/642rXTxZ8AF8YcWdYBjdaJ,5np0GsZeY0sVoqeqUQBnss,So Stressed,Please Let Me Know,2017-02-17,day,album,10.0,https://i.scdn.co/image/ab67616d0000b27398ccfc01ad918a7fd79628df,,,,matched,https://i.scdn.co/image/0018e31b8cef8433685d47cfef028f28124dd229,https://open.spotify.com/artist/5np0GsZeY0sVoqeqUQBnss
"March 23, 2017",Flashes of Quincy,Snowball ii,,Snowball II,"Los Angeles, California",J. Edward Keyes,"Snowball ii, Flashes of Quincy",matched,3fw7wSrvLv4PebdTohSHft,https://open.spotify.com/album/3fw7wSrvLv4PebdTohSHft,23IwSbB1aba4slH9HpZd6B,Snowball II,Flashes of Quincy,2017-02-10,day,album,10.0,https://i.scdn.co/image/ab67616d0000b27320a5eb4505b0d443fe2d8505,,,,matched,https://i.scdn.co/image/ab6761610000e5eb0dc2d6e49112006c0c61d8bb,https://open.spotify.com/artist/23IwSbB1aba4slH9HpZd6B
"March 21, 2017",Drip Mental,Fire-Toolz,,Hausu Mountain Records,"Chicago, Illinois",Saby Reyes-Kulkarni,"Fire-Toolz, Drip Mental",matched,4DVk22De5SO2rdUY2Qn03I,https://open.spotify.com/album/4DVk22De5SO2rdUY2Qn03I,7nJawFIm90c4jAQFLabc1o,Fire-Toolz,Drip Mental,2017-02-03,day,album,12.0,https://i.scdn.co/image/ab67616d0000b273448997c5098b9b9f691aba01,,,,matched,https://i.scdn.co/image/ab6761610000e5eb6e9db83f1d9cebe86871a6e3,https://open.spotify.com/artist/7nJawFIm90c4jAQFLabc1o
"March 20, 2017",Offers,NE-HI,,Independent Artist,"Chicago, Illinois",J. Edward Keyes,"NE-HI, Offers",matched,3UwNnPvDiIOI2IE6bq7evV,https://open.spotify.com/album/3UwNnPvDiIOI2IE6bq7evV,4nx194YMhKEOO8WJWagjll,NE-HI,Offers,2017-02-24,day,album,11.0,https://i.scdn.co/image/ab67616d0000b2737ffc926029be8b2cdf0a9bf9,,,,matched,https://i.scdn.co/image/ab6761610000e5eb3035420ed1b7ff8c99ffe313,https://open.spotify.com/artist/4nx194YMhKEOO8WJWagjll
"March 17, 2017",Glass,UV-TV,,deranged records,British Columbia,Mariana Timony,"UV-TV, Glass",matched,0RT11XFNC97NqFg7BORQ15,https://open.spotify.com/album/0RT11XFNC97NqFg7BORQ15,1f44BNaRaTfFVLAMlbFsTm,UV-TV,Glass,2017-03-10,day,album,11.0,https://i.scdn.co/image/ab67616d0000b273d211831b0b9fd676542bd93e,,,,matched,https://i.scdn.co/image/ab6761610000e5ebe88ecbf45c8747b2827e07f1,https://open.spotify.com/artist/1f44BNaRaTfFVLAMlbFsTm
"March 16, 2017",Uyai,Ibibio Sound Machine,,Independent Artist,UK,J. Edward Keyes,"Ibibio Sound Machine, Uyai",matched,44AtpFbYw5xNMcLpzXdG2K,https://open.spotify.com/album/44AtpFbYw5xNMcLpzXdG2K,4J6CnIqPEtWYn3la2YYj2c,Ibibio Sound Machine,Uyai,2017-03-03,day,album,12.0,https://i.scdn.co/image/ab67616d0000b273b0572cd3e3993747bf3931b2,,,,matched,https://i.scdn.co/image/ab6761610000e5eb623013c295e33d19c512ba28,https://open.spotify.com/artist/4J6CnIqPEtWYn3la2YYj2c
"March 15, 2017",World Eater,Blanck Mass,,Independent Artist,"Edinburgh, UK",Robert Whitfield,"Blanck Mass, World Eater",matched,0lBB0xL8EzRUBMuS3UUbGQ,https://open.spotify.com/album/0lBB0xL8EzRUBMuS3UUbGQ,73LvjicByRK5LazcQYZMAY,Blanck Mass,World Eater,2017-03-03,day,album,7.0,https://i.scdn.co/image/ab67616d0000b27351065e9fb104229170e81438,,,,matched,https://i.scdn.co/image/0191ad23294b4e2c7f781e46f62bc8f102245b54,https://open.spotify.com/artist/73LvjicByRK5LazcQYZMAY
"March 14, 2017",Daily Affirmations,CohenBeats,,Independent Artist,Israel,Jesse Fairfax,"CohenBeats, Daily Affirmations",no_match,,,,,,,,,,,,,,,,
"March 13, 2017",Thelma,Thelma,,Independent Artist,"Brooklyn, New York",Mariana Timony,"Thelma, Thelma",matched,2Y2qtdixK9QGfTCtVAEo9D,https://open.spotify.com/album/2Y2qtdixK9QGfTCtVAEo9D,3sgUnR8TF35euWEV07RPyO,Thelma Houston,Thelma Houston,2012-04-26,day,album,12.0,https://i.scdn.co/image/ab67616d0000b2738c59a90b0d187f791ac16654,,,,matched,https://i.scdn.co/image/49c108cfba665aed62c6535f3245d6fd4e42d076,https://open.spotify.com/artist/3sgUnR8TF35euWEV07RPyO
"March 10, 2017",Last Nite in Paradise,Aquarian Blood,,Independent Artist,"Memphis, Tennessee",J. Edward Keyes,"Aquarian Blood, Last Nite in Paradise",matched,4BLVRpsabresx0MAQbA16B,https://open.spotify.com/album/4BLVRpsabresx0MAQbA16B,5jkZSsIrlYLOY7mPskyy5v,Aquarian Blood,Last Nite in Paradise,2017-02-10,day,album,15.0,https://i.scdn.co/image/ab67616d0000b2737bfbca80f8b757c0d3907b04,,,,matched,https://i.scdn.co/image/ab6761610000e5ebd93e81ed9098a09b940855e1,https://open.spotify.com/artist/5jkZSsIrlYLOY7mPskyy5v
"March 09, 2017",Stalking The Ghost,Unearthly Trance,,Independent Artist,"New York, New York",JR Moores,"Unearthly Trance, Stalking The Ghost",matched,2F50PnSWYWlWj2rCbE0eIp,https://open.spotify.com/album/2F50PnSWYWlWj2rCbE0eIp,3npIzgA2uj6DyE6yLfdU44,Unearthly Trance,Stalking the Ghost,2017-02-24,day,album,8.0,https://i.scdn.co/image/ab67616d0000b27339e49fe2b9503599d16381cb,,,,matched,https://i.scdn.co/image/ab6761610000e5eb6a95f2a4222c7c488624f896,https://open.spotify.com/artist/3npIzgA2uj6DyE6yLfdU44
"March 08, 2017",Digging a Tunnel,Sir Was,,sir Was,Sweden,Laura Studarus,"Sir Was, Digging a Tunnel",matched,0s2rxpHh0Dc2TDL6xo3qsk,https://open.spotify.com/album/0s2rxpHh0Dc2TDL6xo3qsk,2pRRvc1D9seqK4txoe8laT,sir Was,Digging a Tunnel,2017-03-10,day,album,12.0,https://i.scdn.co/image/ab67616d0000b2733fc687a780506e69e6a074e0,,,,matched,https://i.scdn.co/image/ab6761610000e5eb0249117084d3cd3f4546a843,https://open.spotify.com/artist/2pRRvc1D9seqK4txoe8laT
"March 07, 2017","All Day, Every Day, All Night",Del Paxton,,Independent Artist,"Buffalo, New York",Jonathan Bernstein,"Del Paxton, All Day, Every Day, All Night",matched,0pojavhBgMM2vuUyjVAsNW,https://open.spotify.com/album/0pojavhBgMM2vuUyjVAsNW,6xfq2lQ3eodSswZZBoJkkD,Del Paxton,"All Day, Every Day, All Night",2017-03-03,day,album,11.0,https://i.scdn.co/image/ab67616d0000b27367b7b78c5e6e7faaf0f6b83b,,,,matched,https://i.scdn.co/image/ab6761610000e5ebb9eb65885458927e58bc2456,https://open.spotify.com/artist/6xfq2lQ3eodSswZZBoJkkD
"March 06, 2017",volume 1: flick your tongue against your teeth and describe the present.,bedwetter,,LIL UGLY MANE,"Richmond, Virginia",Ross Devlin,"bedwetter, volume 1: flick your tongue against your teeth and describe the present.",no_match,,,,,,,,,,,,,,,,
"March 03, 2017",The Electronic Tapes,Ahmed Malek & Flako,,Habibi Funk Records,"Berlin, Germany",Andy Beta,"Ahmed Malek & Flako, The Electronic Tapes",no_match,,,,,,,,,,,,,,,,
"March 02, 2017",Synthesize the Soul: Astro-Atlantic Hypnotica From the Cape Verde Islands 1973-1988,Various Artists,,Ostinato Records,"New York, New York",John Morrison,"Various Artists, Synthesize the Soul: Astro-Atlantic Hypnotica From the Cape Verde Islands 1973-1988",matched,6CKsf8Mij4FW0Yio5RLEsh,https://open.spotify.com/album/6CKsf8Mij4FW0Yio5RLEsh,0LyfQWJT6nXafLPZqxe9Of,Various Artists,Synthesize the Soul: Astro-Atlantic Hypnotica from the Cape Verde Islands 1973 - 1988,2017-02-24,day,compilation,18.0,https://i.scdn.co/image/ab67616d0000b2738242ab1a6182ddf1f7c6045c,,,,matched,https://i.scdn.co/image/ab6761610000e5eb6b134287e3095d2c84b7932a,https://open.spotify.com/artist/0LyfQWJT6nXafLPZqxe9Of
"March 01, 2017",Volume Uno,Stromboli,,Maple Death Records,"Bologna, Italy",Michael Berdan,"Stromboli, Volume Uno",matched,4w649QUp23AmbZq9FnHmBD,https://open.spotify.com/album/4w649QUp23AmbZq9FnHmBD,1RE6e2HS91pQUYeV7UxtQM,Stromboli,Volume Uno,2017-02-10,day,album,8.0,https://i.scdn.co/image/ab67616d0000b2731d2efe044783657d11af5ef3,,,,matched,https://i.scdn.co/image/ab6761610000e5ebcaf150184afd4387387873cb,https://open.spotify.com/artist/1RE6e2HS91pQUYeV7UxtQM
"February 28, 2017",Day Fever,Dear Reader,,Independent Artist,"Berlin, Germany",Aaron Carnes,"Dear Reader, Day Fever",matched,65BYwF4uG7U6aNYJDK7jwH,https://open.spotify.com/album/65BYwF4uG7U6aNYJDK7jwH,1MkKuWpTPwAoYVkSfXiWSp,Dear Reader,Day Fever,2017-02-24,day,album,11.0,https://i.scdn.co/image/ab67616d0000b273d7649a492e9bc11644cbd5b3,,,,matched,https://i.scdn.co/image/ab6761610000e5ebc07403545d7f5082fc0f2d66,https://open.spotify.com/artist/1MkKuWpTPwAoYVkSfXiWSp
"February 27, 2017",The Hired Hands: A Tribute to Bruce Langhorne,Various Artists,,Scissor Tail Records,Oklahoma,Ned Raggett,"Various Artists, The Hired Hands: A Tribute to Bruce Langhorne",matched,0lcKB0tGGe0OyVYLYPQBsq,https://open.spotify.com/album/0lcKB0tGGe0OyVYLYPQBsq,0LyfQWJT6nXafLPZqxe9Of,Various Artists,The Hired Hands: a Tribute to Bruce Langhorne,2017-02-24,day,compilation,32.0,https://i.scdn.co/image/ab67616d0000b273b6ce9662c61fdf133bdbcaf3,,,,matched,https://i.scdn.co/image/ab6761610000e5eb6b134287e3095d2c84b7932a,https://open.spotify.com/artist/0LyfQWJT6nXafLPZqxe9Of
"February 24, 2017",The Iceberg,Oddisee,,Independent Artist,"Brooklyn, New York",Jonah Bromwich,"Oddisee, The Iceberg",matched,1AfY622pproWqJnr4lw1eb,https://open.spotify.com/album/1AfY622pproWqJnr4lw1eb,72tRiBHei5G9M8it4h4sfC,Oddisee,The Iceberg,2017-02-24,day,album,12.0,https://i.scdn.co/image/ab67616d0000b273eb99df36d6ae0285a346106e,,,,matched,https://i.scdn.co/image/ab6761610000e5eb7107fa871c65e7abbff237d6,https://open.spotify.com/artist/72tRiBHei5G9M8it4h4sfC
"February 23, 2017",A Night Walking Through Mirrors,Chicago/London Underground,,Cuneiform Records,"Washington, D.C.",Peter Margasak,"Chicago/London Underground, A Night Walking Through Mirrors",no_match,,,,,,,,,,,,,,,,
"February 22, 2017",Undying Color,Mind Over Mirrors,,Independent Artist,,Joe Darling,"Mind Over Mirrors, Undying Color",matched,7rFjQzEHT3Jv37iBayDWqz,https://open.spotify.com/album/7rFjQzEHT3Jv37iBayDWqz,0viGQ3jAizOu9tIRnYpvto,Mind Over Mirrors,Undying Color,2017-02-17,day,album,7.0,https://i.scdn.co/image/ab67616d0000b273d2d276df69ca04d311496150,,,,matched,https://i.scdn.co/image/ab6761610000e5ebb001025a29c17b0a01067bd8,https://open.spotify.com/artist/0viGQ3jAizOu9tIRnYpvto
"February 21, 2017",New Spirit,PVT,,Independent Artist,"Sydney, Australia",Adam Badí Donoval,"PVT, New Spirit",matched,4HwgsgxaYBo5PMslmhSsOv,https://open.spotify.com/album/4HwgsgxaYBo5PMslmhSsOv,6wG77Rz1cQYuKSoW7gaZkL,PVT,New Spirit,2017-02-17,day,album,11.0,https://i.scdn.co/image/ab67616d0000b273fd092dad62ea08fea9417357,,,,matched,https://i.scdn.co/image/ab6772690000c46ce3a63369db440ed207d3e788,https://open.spotify.com/artist/6wG77Rz1cQYuKSoW7gaZkL
"February 20, 2017",II,The Courtneys,,Independent Artist,"Vancouver, British Columbia",Lauren Rearick,"The Courtneys, II",matched,6Im70hIVKO52LgNgcPLVPD,https://open.spotify.com/album/6Im70hIVKO52LgNgcPLVPD,14jWPTviD30k11Jccwmq8E,The Courtneys,The Courtneys II,2017-02-17,day,album,10.0,https://i.scdn.co/image/ab67616d0000b273e8105abe4d6fa5dcd769726d,,,,matched,https://i.scdn.co/image/9f02fab3f196ceff0e419a35c9030d909b75bc04,https://open.spotify.com/artist/14jWPTviD30k11Jccwmq8E
"February 17, 2017",Cruel Optimism,Lawrence English,,Independent Artist,"Brisbane, Australia",Andrew Parks,"Lawrence English, Cruel Optimism",matched,4y372QHtXp8aJCV7M4YkBv,https://open.spotify.com/album/4y372QHtXp8aJCV7M4YkBv,0V1EXFlRy3LeOKB07YJucI,Lawrence English,Cruel Optimism,2017-02-17,day,album,10.0,https://i.scdn.co/image/ab67616d0000b273558f87545161f38f1797c48c,,,,matched,https://i.scdn.co/image/ab6761610000e5eb8076543d46aa7aa68420a6a0,https://open.spotify.com/artist/0V1EXFlRy3LeOKB07YJucI
"February 16, 2017",Headnod Suite,Karriem Riggins,,Independent Artist,"Los Angeles, California",Andrew Martin,"Karriem Riggins, Headnod Suite",matched,7FuXUobpTFPSCldrdU1jaL,https://open.spotify.com/album/7FuXUobpTFPSCldrdU1jaL,6e7BQ0gM6o8ecMXRZkXxlZ,Karriem Riggins,Headnod Suite,2017-02-24,day,album,29.0,https://i.scdn.co/image/ab67616d0000b27368d94b2686a318eb7d873309,,,,matched,https://i.scdn.co/image/ab6761610000e5eb1b181e1a2f5be0fa05f60e10,https://open.spotify.com/artist/6e7BQ0gM6o8ecMXRZkXxlZ
"February 15, 2017",Hard Love,Strand of Oaks,,Independent Artist,"Austin, Texas",Jeffrey Silverstein,"Strand of Oaks, Hard Love",matched,0aktJX94s98TalMmzYNPNg,https://open.spotify.com/album/0aktJX94s98TalMmzYNPNg,0t4oHObO3FImWvIhMimaSL,Strand of Oaks,Hard Love,2017-02-17,day,album,9.0,https://i.scdn.co/image/ab67616d0000b273ba0fc84f9dbc34c33b05d840,,,,matched,https://i.scdn.co/image/ab6761610000e5eb441de2dfb9488eeeda4784c5,https://open.spotify.com/artist/0t4oHObO3FImWvIhMimaSL
"February 14, 2017",Bye Bye Berta,Palberta,,Independent Artist,"New York, New York",Maria Sherman,"Palberta, Bye Bye Berta",matched,6NFH4Tm7u5ow9roq2ugkjJ,https://open.spotify.com/album/6NFH4Tm7u5ow9roq2ugkjJ,3P9RPqVK0w0CN5SqlQ6j0f,Palberta,Bye Bye Berta,2017-02-10,day,album,20.0,https://i.scdn.co/image/ab67616d0000b2730a2996e7c0e07a8e1dadeea8,,,,matched,https://i.scdn.co/image/ab6761610000e5eb5dd1af2c3b8f47eb8057559a,https://open.spotify.com/artist/3P9RPqVK0w0CN5SqlQ6j0f
"February 10, 2017",Shallow Drownings,Soggy Creep,,Independent Artist,"Olympia, Washington",JJ Skolnik,"Soggy Creep, Shallow Drownings",matched,5EFia91Sxe345NLnani4x5,https://open.spotify.com/album/5EFia91Sxe345NLnani4x5,1KHcXpiC0M6GIdjZCvqqLy,Soggy Creep,Shallow Drownings,2017-02-24,day,single,6.0,https://i.scdn.co/image/ab67616d0000b27381f9942afbfef23d03464d33,,,,matched,https://i.scdn.co/image/ab67616d0000b27381f9942afbfef23d03464d33,https://open.spotify.com/artist/1KHcXpiC0M6GIdjZCvqqLy
"February 09, 2017",Ripping Death b/w Riddle of Steel,Zig Zags,,FAMOUS CLASS RECORDS,"Brooklyn, New York",Jeff Terich,"Zig Zags, Ripping Death b/w Riddle of Steel",no_match,,,,,,,,,,,,,,,,
"February 08, 2017",missing home,Dream Wave,,Citrus City Records,"Richmond, Virginia",David Turner,"Dream Wave, missing home",matched,11nhf8mrPbtUy153o7ZAwA,https://open.spotify.com/album/11nhf8mrPbtUy153o7ZAwA,64F1YbwHs9wo4h2zGvkwh3,Dream Wave,Missing Home,2016-08-16,day,album,8.0,https://i.scdn.co/image/ab67616d0000b273280b716e8ada76f77ff3876f,,,,matched,https://i.scdn.co/image/ab6761610000e5eb9772c8d901b0e27257cc0c05,https://open.spotify.com/artist/64F1YbwHs9wo4h2zGvkwh3
"February 07, 2017",Messes,Stef Chura,,stef chura,"Detroit, Michigan",Maura Johnston,"Stef Chura, Messes",matched,6Xha0EJqYoHpxdhawxg1U0,https://open.spotify.com/album/6Xha0EJqYoHpxdhawxg1U0,1mZ4u1cMEPjsu6uEa6OxCq,Stef Chura,Messes,2017-01-27,day,album,11.0,https://i.scdn.co/image/ab67616d0000b273dde058b4cfff536d2dbd058b,,,,matched,https://i.scdn.co/image/ab6761610000e5eb583b43734902e4b80ce4b455,https://open.spotify.com/artist/1mZ4u1cMEPjsu6uEa6OxCq
"February 06, 2017","Pure, Beyond Reproach",Egyptrixx,,EGYPTRIXX,"Toronto, Ontario",Joe Darling,"Egyptrixx, Pure, Beyond Reproach",matched,4Zggk7YsT3IWLiBMI1712q,https://open.spotify.com/album/4Zggk7YsT3IWLiBMI1712q,5gLZp0yBIMY0UM5atyHwEf,Egyptrixx,Pure Beyond Reproach,2017-01-13,day,album,10.0,https://i.scdn.co/image/ab67616d0000b273882b1f5d4f40bd1cc951ba58,,,,matched,https://i.scdn.co/image/7d049e7ab9f23a10f73b231f6fe723e1443db7b2,https://open.spotify.com/artist/5gLZp0yBIMY0UM5atyHwEf
"February 03, 2017",Desvio Onirico,Boogarins,,Independent Artist,"Goiânia, Brazil",J. Edward Keyes,"Boogarins, Desvio Onirico",matched,03zqW2fqbmD1Q3QF6zw8I9,https://open.spotify.com/album/03zqW2fqbmD1Q3QF6zw8I9,0ohvsn0lgt51qZUbu9ct4s,Boogarins,Desvio Onírico (Live),2017-01-30,day,album,4.0,https://i.scdn.co/image/ab67616d0000b273ec45f7383f5d592210c8168f,,,,matched,https://i.scdn.co/image/ab6761610000e5eba6a25f56b5156128ae95a47e,https://open.spotify.com/artist/0ohvsn0lgt51qZUbu9ct4s
"February 02, 2017",Occult Architecture Vol. 1,Moon Duo,,Independent Artist,"Portland, Oregon",Will Schube,"Moon Duo, Occult Architecture Vol. 1",matched,2rATGkODnuVL2R4Qj9a7Q7,https://open.spotify.com/album/2rATGkODnuVL2R4Qj9a7Q7,4ipKeGoyPCcpEblETS4qLu,Moon Duo,Occult Architecture Vol. 1,2017-02-03,day,album,7.0,https://i.scdn.co/image/ab67616d0000b273e809b40ecfd732131c106d0a,,,,matched,https://i.scdn.co/image/1c9671d307de74e6f9f130d4fb7464914df8287d,https://open.spotify.com/artist/4ipKeGoyPCcpEblETS4qLu
"February 01, 2017",Fantasy,Fla.mingo,,business casual,,Simon Chandler,"Fla.mingo, Fantasy",no_match,,,,,,,,,,,,,,,,
"January 31, 2017",DJ Kicks (Matthew Dear),Matthew Dear,,Independent Artist,"Ann Arbor, Michigan",Andrew Parks,"Matthew Dear, DJ Kicks (Matthew Dear)",matched,6IUXo0MhtBOsRKaiDTZXm3,https://open.spotify.com/album/6IUXo0MhtBOsRKaiDTZXm3,2GLf7iaOOujAem5R87xwto,Matthew Dear,DJ-Kicks (Matthew Dear) [DJ Mix],2017-01-27,day,album,25.0,https://i.scdn.co/image/ab67616d0000b27329c7071d5f755cbe81d0ffb5,,,,matched,https://i.scdn.co/image/ab6761610000e5eb9d41b3181364244d63b2b944,https://open.spotify.com/artist/2GLf7iaOOujAem5R87xwto
"January 30, 2017",This is Steve,Delicate Steve,,Independent Artist,New Jersey,Max Savage Levenson,"Delicate Steve, This is Steve",matched,7i16uO5L9AXTDEfQbqaoFN,https://open.spotify.com/album/7i16uO5L9AXTDEfQbqaoFN,1bNgeTuV3MlkAq64Ybvcq5,Delicate Steve,This Is Steve,2017-01-27,day,album,10.0,https://i.scdn.co/image/ab67616d0000b2732ee8e42b53adfc1b2e3bef06,,,,matched,https://i.scdn.co/image/ab6761610000e5eb0b8c94e2a5738fcc32d82c4f,https://open.spotify.com/artist/1bNgeTuV3MlkAq64Ybvcq5
"January 27, 2017",Near to the Wild Heart of Life,Japandroids,,Independent Artist,"Vancouver, British Columbia",Jonathan Bernstein,"Japandroids, Near to the Wild Heart of Life",matched,26hqnB0XF1ZFc31zY6NAgf,https://open.spotify.com/album/26hqnB0XF1ZFc31zY6NAgf,2WcCoPxAWFNSCvsFPrpf30,Japandroids,Near To The Wild Heart Of Life,2017-01-27,day,album,8.0,https://i.scdn.co/image/ab67616d0000b2739f3f7436a76526d9ac53b95e,,,,matched,https://i.scdn.co/image/ab6761610000e5ebfd0793f33602ecf4722a6fc8,https://open.spotify.com/artist/2WcCoPxAWFNSCvsFPrpf30
"January 26, 2017",Live in Paris,Sleater-Kinney,,Independent Artist,"Portland, Oregon",JJ Skolnik,"Sleater-Kinney, Live in Paris",matched,2fX7mib0s0tkuVlTNDkoow,https://open.spotify.com/album/2fX7mib0s0tkuVlTNDkoow,4wLIbcoqmqI4WZHDiBxeCB,Sleater-Kinney,Live in Paris,2017-01-27,day,album,13.0,https://i.scdn.co/image/ab67616d0000b27309ab0af43cd9c29647fdfef8,,,,matched,https://i.scdn.co/image/ab6761610000e5ebd552307e6ac1093325f82704,https://open.spotify.com/artist/4wLIbcoqmqI4WZHDiBxeCB
"January 25, 2017",Sunbelt Emptiness,Pollen RX,,Pollen Rx,"Austin, Texas",Mariana Timony,"Pollen RX, Sunbelt Emptiness",matched,6dEg3YK73EXJUpIflExsJw,https://open.spotify.com/album/6dEg3YK73EXJUpIflExsJw,2gWnKCqz2DYhJ9kk2b08Ja,Pollen Rx,Sunbelt Emptiness,2017-01-14,day,album,9.0,https://i.scdn.co/image/ab67616d0000b27344130f00660cfbbb8dd7fe2f,,,,matched,https://i.scdn.co/image/ab67616d0000b27344130f00660cfbbb8dd7fe2f,https://open.spotify.com/artist/2gWnKCqz2DYhJ9kk2b08Ja
"January 24, 2017",Lives Through Magic,Various Artists,,Lives Through Magic,"New York, New York",Kristan J. Caryl,"Various Artists, Lives Through Magic",no_match,,,,,,,,,,,,,,,,
"January 23, 2017",Channels: Backpfeifengesicht/Airstrip One,Channels,,Independent Artist,"Washington, D.C.",JJ Skolnik,"Channels, Channels: Backpfeifengesicht/Airstrip One",no_match,,,,,,,,,,,,,,,,
"January 20, 2017",On the Pedestrian Side,Angela Sawyer,,Weird Ear Records,"Oakland, California",Andrew Parks,"Angela Sawyer, On the Pedestrian Side",no_match,,,,,,,,,,,,,,,,
"January 19, 2017",The World is a Loud Place,Landlady,,Independent Artist,New York,Allison Hussey,"Landlady, The World is a Loud Place",matched,2fLBtvX9MPugjmokeQSnNY,https://open.spotify.com/album/2fLBtvX9MPugjmokeQSnNY,49BZ5IiDgPouHX3pg8O4nK,Landlady,The World Is a Loud Place,2017-01-20,day,album,12.0,https://i.scdn.co/image/ab67616d0000b273af208f9e5fab35e02a048ce3,,,,matched,https://i.scdn.co/image/ab6761610000e5ebee6bda2daa14aace49fb8ed8,https://open.spotify.com/artist/49BZ5IiDgPouHX3pg8O4nK
"January 18, 2017",Reflection,아버지,,Independent Artist,"Pittsburgh, Pennsylvania",Simon Chandler,"아버지, Reflection",no_match,,,,,,,,,,,,,,,,
"January 17, 2017",Life Without Sound,Cloud Nothings,,Independent Artist,"Cleveland, Ohio",Drew Fortune,"Cloud Nothings, Life Without Sound",matched,5O3GgynrzWSdhzyFdHwDsF,https://open.spotify.com/album/5O3GgynrzWSdhzyFdHwDsF,6rnbB5fuUuCSsspvFsxIpT,Cloud Nothings,Life Without Sound,2017-01-27,day,album,9.0,https://i.scdn.co/image/ab67616d0000b273d459c27e7a507586e03eb272,,,,matched,https://i.scdn.co/image/ab6761610000e5eb61346617ddad2278595560e5,https://open.spotify.com/artist/6rnbB5fuUuCSsspvFsxIpT
"January 16, 2017",Cut to the Chafe,Thurst,,THURST,"Los Angeles, California",Mariana Timony,"Thurst, Cut to the Chafe",matched,3t9rzlb3fRZukcPZDKs91f,https://open.spotify.com/album/3t9rzlb3fRZukcPZDKs91f,0P5PRjp3IdDumzWyIhbsD9,Thurst,Cut To The Chafe,2017-01-20,day,album,12.0,https://i.scdn.co/image/ab67616d0000b27383f34e117f806b60fef056a2,,,,matched,https://i.scdn.co/image/ab6761610000e5eb11d34b9a102fabed7d316b39,https://open.spotify.com/artist/0P5PRjp3IdDumzWyIhbsD9
"January 13, 2017",As Was,Black Anvil,,Independent Artist,"New York, New York",Michael Hill,"Black Anvil, As Was",matched,6MkyOKp4osLtpjGlGzKEoO,https://open.spotify.com/album/6MkyOKp4osLtpjGlGzKEoO,1cM8mJWhWU9X0w4wpoQAQI,Black Anvil,As Was,2017-01-13,day,album,8.0,https://i.scdn.co/image/ab67616d0000b273cd6685f87525bbb95c3898b6,,,,matched,https://i.scdn.co/image/ab6761610000e5eb99d4acdb8cd696c8bd7f8bb6,https://open.spotify.com/artist/1cM8mJWhWU9X0w4wpoQAQI
"January 12, 2017",Not Even Happiness,Julie Byrne,,Independent Artist,"New York, New York",Max Mohenu,"Julie Byrne, Not Even Happiness",matched,1ZgvdUee6cQ0NCDHfKxbH0,https://open.spotify.com/album/1ZgvdUee6cQ0NCDHfKxbH0,10duXbKJkvdGK5RgktEnxV,Julie Byrne,Not Even Happiness,2017-01-12,day,album,9.0,https://i.scdn.co/image/ab67616d0000b2737b5526f539daee361599c0e1,,,,matched,https://i.scdn.co/image/ab6761610000e5eb40d999b8e6aa447f600ea915,https://open.spotify.com/artist/10duXbKJkvdGK5RgktEnxV
"January 11, 2017",LNLNN,Gidge,,Independent Artist,Sweden,Louis Pattison,"Gidge, LNLNN",matched,2J632aID9Tr1DFgl1ELhHn,https://open.spotify.com/album/2J632aID9Tr1DFgl1ELhHn,7aibxFH8hIlSUlXgshCgAP,Gidge,LNLNN,2017-01-13,day,album,7.0,https://i.scdn.co/image/ab67616d0000b273b272371d5a3385314a48232a,,,,matched,https://i.scdn.co/image/ab6761610000e5ebdb8868b88c3c052996c12c1f,https://open.spotify.com/artist/7aibxFH8hIlSUlXgshCgAP
"January 10, 2017",Ceremonial,Anchorsong,,Independent Artist,"London, UK",Jonathan Bernstein,"Anchorsong, Ceremonial",matched,6OI4YKdUvveiLR8E9kqXvU,https://open.spotify.com/album/6OI4YKdUvveiLR8E9kqXvU,7JFO7bnWWApOFvTMS3NFgh,Anchorsong,Ceremonial,2016-01-22,day,album,11.0,https://i.scdn.co/image/ab67616d0000b2731704916ef0a70e9e604bd4fe,,,,matched,https://i.scdn.co/image/ab6761610000e5eb5d96ca51a62d7fce57bd9dc2,https://open.spotify.com/artist/7JFO7bnWWApOFvTMS3NFgh
"January 09, 2017",Overnight,Heat,,Independent Artist,"Montréal, Québec",J. Edward Keyes,"Heat, Overnight",matched,5npXS01jK3Tc9TsiCcNSEq,https://open.spotify.com/album/5npXS01jK3Tc9TsiCcNSEq,2k9nSWlC3aJHH0JEywzbAz,Heat,Overnight,2017-01-20,day,album,9.0,https://i.scdn.co/image/ab67616d0000b273bd67a5bc1c34561fc3469b7a,,,,matched,https://i.scdn.co/image/ab6761610000e5eb65c26db429d4d46f5bb1e166,https://open.spotify.com/artist/2k9nSWlC3aJHH0JEywzbAz
"January 06, 2017",Raw Movements | Rude Movements,SunPalace,,Independent Artist,"London, UK",Nate Patrin,"SunPalace, Raw Movements | Rude Movements",matched,3vfh9BzrVIaIUmnv8nZkpm,https://open.spotify.com/album/3vfh9BzrVIaIUmnv8nZkpm,78k6nS6YleW2l4F0TgAjw1,SunPalace,Raw Movements | Rude Movements,2016-11-25,day,album,16.0,https://i.scdn.co/image/ab67616d0000b2730c08a8bee1caecc4c957f842,,,,matched,https://i.scdn.co/image/a99f0d79d50f4fafc5feefd58737620e06b36c33,https://open.spotify.com/artist/78k6nS6YleW2l4F0TgAjw1
"January 05, 2017",Kalahysteri,Kalahysteri,,Independent Artist,Italy,Casey Jarman,"Kalahysteri, Kalahysteri",matched,1aYIByso7J1W3Ki0cavX1G,https://open.spotify.com/album/1aYIByso7J1W3Ki0cavX1G,1yuCfwkd1Ki5rHcLG3nLms,Kalahysteri,Kalahysteri,2016-12-09,day,album,10.0,https://i.scdn.co/image/ab67616d0000b2735dc06ee9342eb785ed82094a,,,,matched,https://i.scdn.co/image/ab6761610000e5eb091d878d63017ec34a8dfa28,https://open.spotify.com/artist/1yuCfwkd1Ki5rHcLG3nLms
"January 04, 2017",Isle Enchanted,Wave Temples,,Independent Artist,Florida,J. Edward Keyes,"Wave Temples, Isle Enchanted",matched,24WyF8eENr1wbPdKdfnsTL,https://open.spotify.com/album/24WyF8eENr1wbPdKdfnsTL,7lqQMejAsgeC56Q4btzLPl,Wave Temples,Isle Enchanted,2016-12-16,day,single,2.0,https://i.scdn.co/image/ab67616d0000b273e3247437172383ec0f2f51a6,,,,matched,https://i.scdn.co/image/ab67616d0000b27374a70eef62ed5f7e09076792,https://open.spotify.com/artist/7lqQMejAsgeC56Q4btzLPl
"January 02, 2017",Mortal,Quicksails,,Independent Artist,"Chicago, Illinois",J. Edward Keyes,"Quicksails, Mortal",matched,09UETaa6K8eiTSqSlCUehG,https://open.spotify.com/album/09UETaa6K8eiTSqSlCUehG,3xscxX9BvGaqQ2DiVFN00S,Quicksails,Mortal,2016-12-09,day,album,9.0,https://i.scdn.co/image/ab67616d0000b273671058b68110f54e626ed700,,,,matched,https://i.scdn.co/image/ab6761610000e5ebb524e48cce9e00421046408f,https://open.spotify.com/artist/3xscxX9BvGaqQ2DiVFN00S
"January 02, 2017",Mary Bell,Mary Bell,,Independent Artist,"Paris, France",Sophie Kemp,"Mary Bell, Mary Bell",matched,7gNJIaS19qCFzlKYnm6MRU,https://open.spotify.com/album/7gNJIaS19qCFzlKYnm6MRU,54jcSACicB8Yj3gEXkqa1Y,Mary Bell,Mary Bell,2007-03-15,day,album,5.0,https://i.scdn.co/image/ab67616d0000b273edf55383db2a347df8f609f3,,,,matched,https://i.scdn.co/image/ab67616d0000b273edf55383db2a347df8f609f3,https://open.spotify.com/artist/54jcSACicB8Yj3gEXkqa1Y
"December 23, 2016",Love Songs: Part Two,Romare,,Independent Artist,"England, UK",Joe Darling,"Romare, Love Songs: Part Two",matched,324LXtvXAeKBeDIN1NkGuG,https://open.spotify.com/album/324LXtvXAeKBeDIN1NkGuG,6d1HqiWNEKV9zFqQM9WeYo,Romare,Love Songs: Part Two,2016-11-11,day,album,10.0,https://i.scdn.co/image/ab67616d0000b273d52368aeb634d7cacd4ff621,,,,matched,https://i.scdn.co/image/ab6761610000e5eb216fa985a73b945380846473,https://open.spotify.com/artist/6d1HqiWNEKV9zFqQM9WeYo
"December 22, 2016",Instant Evening,Zoos of Berlin,,Independent Artist,Detroit,Drew Fortune,"Zoos of Berlin, Instant Evening",matched,5KHDr7Su05ohpvoflheXY1,https://open.spotify.com/album/5KHDr7Su05ohpvoflheXY1,0GZHuvmW6YXFTOxTx9qQ0I,Zoos Of Berlin,Instant Evening,2016-11-17,day,album,12.0,https://i.scdn.co/image/ab67616d0000b2731a42f384bc313b61b5a006aa,,,,matched,https://i.scdn.co/image/ab6761610000e5ebd966dc5473ade3bf126a89c3,https://open.spotify.com/artist/0GZHuvmW6YXFTOxTx9qQ0I
"December 21, 2016",Jeremy Underground presents Beauty,Various,,Spacetalk,"London, UK",Amaya Garcia,"Various, Jeremy Underground presents Beauty",no_match,,,,,,,,,,,,,,,,
"December 20, 2016",Shrines of Paralysis,Ulcerate,,Independent Artist,"Auckland, New Zealand",Nnamdi Bawsism,"Ulcerate, Shrines of Paralysis",matched,3F61xA8pQADnq1EHfM5vv8,https://open.spotify.com/album/3F61xA8pQADnq1EHfM5vv8,3Bv5btxNbwbt79fcjw9DAg,Ulcerate,Shrines of Paralysis,2016-10-28,day,album,8.0,https://i.scdn.co/image/ab67616d0000b27360e289de791ff9438abecd0d,,,,matched,https://i.scdn.co/image/ab6761610000e5ebc11ea5a3b067a3bdb09aac3c,https://open.spotify.com/artist/3Bv5btxNbwbt79fcjw9DAg
"December 19, 2016",Old Souls Carnival,Medline,,My Bags,"Messac, France",Aaron Carnes,"Medline, Old Souls Carnival",no_match,,,,,,,,,,,,,,,,
"December 16, 2016",Worst Case Scenario,Elaquent,,Independent Artist,"Toronto, Ontario",Andrew Martin,"Elaquent, Worst Case Scenario",matched,7yr8YeKvI2jcbmimsktHFf,https://open.spotify.com/album/7yr8YeKvI2jcbmimsktHFf,14rl122F3uMCloqdEVV9WL,Elaquent,Worst Case Scenario,2016-12-02,day,album,12.0,https://i.scdn.co/image/ab67616d0000b2736f14066c15aa872bcf3bc7a0,,,,matched,https://i.scdn.co/image/ab6761610000e5ebe8f5146fc00dbc5166a80ee7,https://open.spotify.com/artist/14rl122F3uMCloqdEVV9WL
"December 15, 2016",Confront the Truth,Tony Molina,,Independent Artist,"San Francisco, California",J. Edward Keyes,"Tony Molina, Confront the Truth",matched,2GUV9Y885CLEOW7emYzLBG,https://open.spotify.com/album/2GUV9Y885CLEOW7emYzLBG,2fmfhABysLV519rQYOBvtm,Tony Molina,Confront the Truth,2016-10-28,day,album,8.0,https://i.scdn.co/image/ab67616d0000b273edfcb7411eeead31fd14afc4,,,,matched,https://i.scdn.co/image/ab6761610000e5eb1415c368e887872ad6a109b9,https://open.spotify.com/artist/2fmfhABysLV519rQYOBvtm
"December 14, 2016",Ohio,Earth Tongues,,Neither/Nor Records,"New York, New York",Peter Margasak,"Earth Tongues, Ohio",no_match,,,,,,,,,,,,,,,,
"December 13, 2016",The Source,Ted Hearne,,Independent Artist,"Los Angeles, California",Shawna Kenney,"Ted Hearne, The Source",matched,2eb1CC53xyeSwsoY41lkRW,https://open.spotify.com/album/2eb1CC53xyeSwsoY41lkRW,5F0YTnZ4stQnbFugW1d2Kb,Ted Hearne,The Source,2015-10-30,day,album,13.0,https://i.scdn.co/image/ab67616d0000b27374be10253667f5134a256a39,,,,matched,https://i.scdn.co/image/ab6761610000e5ebf4b2837a064ac3ec2975c96f,https://open.spotify.com/artist/5F0YTnZ4stQnbFugW1d2Kb
"December 12, 2016",The Eternalist,Agatus,,AGATUS,"Athens, Greece",Zachary Goldsmith,"Agatus, The Eternalist",matched,612SnMeHsBYFduP8pTefkw,https://open.spotify.com/album/612SnMeHsBYFduP8pTefkw,4z6YSFsRdfzBOmIUykpO14,Agatus,The Eternalist,2016-10-09,day,album,10.0,https://i.scdn.co/image/ab67616d0000b273dc05f8ccf4526bffc8ab09bc,,,,matched,https://i.scdn.co/image/ab67616d0000b273b5cb1890144308e257baa99f,https://open.spotify.com/artist/4z6YSFsRdfzBOmIUykpO14
"December 08, 2016",Broken Knowz,Jay Daniel,,Independent Artist,"Detroit, Michigan",Joe Darling,"Jay Daniel, Broken Knowz",matched,67MyKCc4RGqTZsqzdyWd3F,https://open.spotify.com/album/67MyKCc4RGqTZsqzdyWd3F,2xchSUK5lpbZck9zxSQTys,Jay Daniel,Broken Knowz,2016-11-25,day,album,9.0,https://i.scdn.co/image/ab67616d0000b273b115634b6f65153fb2d90c33,,,,matched,https://i.scdn.co/image/ab6761610000e5eb76518b7715b8c2d17d2ea317,https://open.spotify.com/artist/2xchSUK5lpbZck9zxSQTys
"December 07, 2016",Rhombal,Stephan Crump,,Independent Artist,"Brooklyn, New York",Peter Margasak,"Stephan Crump, Rhombal",matched,6RY2orNvl5dhKFN8xTQjnI,https://open.spotify.com/album/6RY2orNvl5dhKFN8xTQjnI,4nJDD9jIfsXuY93Kvx7bgT,Stephan Crump,Rhombal,2016-09-13,day,album,9.0,https://i.scdn.co/image/ab67616d0000b273d2cc0d465513539909e884d8,,,,matched,https://i.scdn.co/image/ab6761610000e5ebd445054ac03f90cf60c9987d,https://open.spotify.com/artist/4nJDD9jIfsXuY93Kvx7bgT
"December 06, 2016",Vol. 1,Permit,,Independent Artist,"Bloomington, Indiana",J. Edward Keyes,"Permit, Vol. 1",matched,0PWdxxdPaT0onkCVKlWguP,https://open.spotify.com/album/0PWdxxdPaT0onkCVKlWguP,6KLCRbR30heeegfQ8qG5zM,Permit,Vol. 1,2016-12-02,day,single,6.0,https://i.scdn.co/image/ab67616d0000b273f1c65a5094ba57c8dc6314f4,,,,matched,https://i.scdn.co/image/b2507c5298f3fd9b2fe8ce32309490b12e8a12df,https://open.spotify.com/artist/6KLCRbR30heeegfQ8qG5zM
"December 05, 2016",Early Volume,Slug,,Independent Artist,"Los Angeles, California",J. Edward Keyes,"Slug, Early Volume",matched,76dWJin6BaeUe9MnQ8iinV,https://open.spotify.com/album/76dWJin6BaeUe9MnQ8iinV,6I27XKkLsWJIWqlWz7LLjr,Slug,Early Volume,1990,year,album,18.0,https://i.scdn.co/image/ab67616d0000b273630819bf8fe5644b8f2b9da0,,,,matched,https://i.scdn.co/image/ab67616d0000b2737b8811969b193c2f5df50b7b,https://open.spotify.com/artist/6I27XKkLsWJIWqlWz7LLjr
"December 02, 2016",Remain Calm,Mica Levi and Oliver Coates,,Oliver Coates,"Glasgow, UK",Adam Badí Donoval,"Mica Levi and Oliver Coates, Remain Calm",no_match,,,,,,,,,,,,,,,,
"December 01, 2016",On Dark Silent Off,Radian,,Independent Artist,"Vienna, Austria",Nnamdi Bawsism,"Radian, On Dark Silent Off",matched,6tmA7nJMaLFiKCZhJEK3bx,https://open.spotify.com/album/6tmA7nJMaLFiKCZhJEK3bx,78xIjZqPpqeQkMRhe2xlFN,Radian,On Dark Silent Off,2016-11-11,day,album,7.0,https://i.scdn.co/image/ab67616d0000b273b311b4b0ea35e11fa24c560c,,,,matched,https://i.scdn.co/image/ab6761610000e5eb6d328379a1d280d0d12b6f04,https://open.spotify.com/artist/78xIjZqPpqeQkMRhe2xlFN
"November 30, 2016",What’s Your Sign?,Oneida & Rhys Chatham,,Oneida &amp; Rhys Chatham,"Brooklyn, New York",Andrew Parks,"Oneida & Rhys Chatham, What’s Your Sign?",no_match,,,,,,,,,,,,,,,,
"November 28, 2016",Late Nights & Heartbreak,Hannah Williams,,Independent Artist,UK,Max Savage Levenson,"Hannah Williams, Late Nights & Heartbreak",matched,7ExaObKPtRbDJQOLzMcfAE,https://open.spotify.com/album/7ExaObKPtRbDJQOLzMcfAE,0unydCSm9ARiINdrNqugDg,"Hannah Williams, The Affirmations",Late Nights & Heartbreak,2016-11-11,day,album,13.0,https://i.scdn.co/image/ab67616d0000b273bbe1c4140680e706ce5ce68f,,,,matched,https://i.scdn.co/image/ab6761610000e5ebf10681073711c2130a35e334,https://open.spotify.com/artist/0unydCSm9ARiINdrNqugDg
"November 23, 2016",You Know What It’s Like,Carla dal Forno,,Independent Artist,"Castlemaine, Australia",Andrew Parks,"Carla dal Forno, You Know What It’s Like",no_match,,,,,,,,,,,,,,,,
"November 22, 2016",Reginald Omas Mamode IV,Reginald Omas Mamode IV,,Independent Artist,"London, UK",Andrew Martin,"Reginald Omas Mamode IV, Reginald Omas Mamode IV",matched,6ktm2U0q5Mgy3G1wI1JwBb,https://open.spotify.com/album/6ktm2U0q5Mgy3G1wI1JwBb,7fwMK3Ri8BjvsBajiUt8dS,Reginald Omas Mamode IV,Reginald Omas Mamode IV,2016-10-14,day,album,15.0,https://i.scdn.co/image/ab67616d0000b2738e38fbb74a7b5988ee9f4deb,,,,matched,https://i.scdn.co/image/ab6761610000e5ebcb1ea9c2cbcebb0fbbdf8b6c,https://open.spotify.com/artist/7fwMK3Ri8BjvsBajiUt8dS
"November 21, 2016",Wingbeats,Hidden Orchestra,,Independent Artist,UK,Katy Henriksen,"Hidden Orchestra, Wingbeats",matched,3nDGt0nkTrs5ApCxb2FucN,https://open.spotify.com/album/3nDGt0nkTrs5ApCxb2FucN,4Rj2COYs5hQsw8rYIxSviz,Hidden Orchestra,Wingbeats,2016-11-11,day,album,8.0,https://i.scdn.co/image/ab67616d0000b2736cea1f2da5ca589e3be4ceeb,,,,matched,https://i.scdn.co/image/ab6761610000e5eb18adc9b45f0c57bfae1d08cb,https://open.spotify.com/artist/4Rj2COYs5hQsw8rYIxSviz
"November 18, 2016",Telling it Like it Is,Marching Church,,Independent Artist,"Copenhagen, Denmark",Sam Lefebvre,"Marching Church, Telling it Like it Is",matched,0kp2GeJxsQRdQEuMNKjLJi,https://open.spotify.com/album/0kp2GeJxsQRdQEuMNKjLJi,2yCRa3hqG1fzQWlKMyWXak,Marching Church,Telling It Like It Is,2016-10-28,day,album,10.0,https://i.scdn.co/image/ab67616d0000b2737c4b921f12f9c14d1e73b3ef,,,,matched,https://i.scdn.co/image/ab6772690000c46c89ef79d620be8f87fdd50af7,https://open.spotify.com/artist/2yCRa3hqG1fzQWlKMyWXak
"November 17, 2016",s/t EP,Soaker,,Wharf Cat Records,New York,Nnamdi Bawsism,"Soaker, s/t EP",no_match,,,,,,,,,,,,,,,,
"November 16, 2016",Soft Hair,Soft Hair,,Independent Artist,,Erin Lyndal Martin,"Soft Hair, Soft Hair",matched,3aTocAsm4ugBEgDeCzKzjt,https://open.spotify.com/album/3aTocAsm4ugBEgDeCzKzjt,5AsILjsyA0MI31ybMkMTtz,Soft Hair,Soft Hair,2016,year,album,8.0,https://i.scdn.co/image/ab67616d0000b2731f59167123984c0b80383235,,,,matched,https://i.scdn.co/image/ab6761610000e5eb863471c1fda9ebfbe9a03b7a,https://open.spotify.com/artist/5AsILjsyA0MI31ybMkMTtz
"November 15, 2016",Funny Papers,Mall Walk,,MALL WALK,"Oakland, California",Mariana Timony,"Mall Walk, Funny Papers",matched,5QuwI913x9nBuNCyLHOj8T,https://open.spotify.com/album/5QuwI913x9nBuNCyLHOj8T,55o47h5nKGsvRJT41heHxB,MALL WALK,Funny Papers,2016-10-28,day,album,10.0,https://i.scdn.co/image/ab67616d0000b273d16831e717302c3e0df2a57f,,,,matched,https://i.scdn.co/image/ab67616d0000b2735567d68853d8e7c94b1f9de5,https://open.spotify.com/artist/55o47h5nKGsvRJT41heHxB
"November 14, 2016",Black Focus,Yussef Kamaal,,Independent Artist,"London, UK",Dean Van Nguyen,"Yussef Kamaal, Black Focus",matched,6pDAh84nyNU7x3xje9G03I,https://open.spotify.com/album/6pDAh84nyNU7x3xje9G03I,710FHFQeXKC6dZGCxt7kQh,Yussef Kamaal,Black Focus,2016-11-04,day,album,10.0,https://i.scdn.co/image/ab67616d0000b273562dc61130f5e388e16d775b,,,,matched,https://i.scdn.co/image/ab6761610000e5ebdc2ab0bb7fdaf3acb103d505,https://open.spotify.com/artist/710FHFQeXKC6dZGCxt7kQh
"November 11, 2016",The Sorrow You’ve Been Toting Around,Scooterbabe,,scooterbabe,"Athens, Georgia",Annie Zaleski,"Scooterbabe, The Sorrow You’ve Been Toting Around",no_match,,,,,,,,,,,,,,,,
"November 09, 2016",Tumblers From the Vault,Syrinx,,RVNG Intl.,"New York, New York",A. Evan Woodward,"Syrinx, Tumblers From the Vault",matched,0FLZUvSQsrqysS3QQIJ3Zb,https://open.spotify.com/album/0FLZUvSQsrqysS3QQIJ3Zb,4NHEvHYVfLQjiwXVQnyhxW,Syrinx,Tumblers from the Vault,2016-10-14,day,album,15.0,https://i.scdn.co/image/ab67616d0000b273a25299bf30c9d4ccaaf1f89f,,,,matched,https://i.scdn.co/image/ab6761610000e5ebe42c68ac986a25398bcc5cce,https://open.spotify.com/artist/4NHEvHYVfLQjiwXVQnyhxW
"November 08, 2016",Flea Waltz,Frederic Robinson,,Independent Artist,"Sydney, Australia",Andy Battaglia,"Frederic Robinson, Flea Waltz",matched,4zIoP1zPsG4DOep6NULJBp,https://open.spotify.com/album/4zIoP1zPsG4DOep6NULJBp,3wCcW4YNnb7qT4wOMBfkfr,Frederic Robinson,Flea Waltz,2016-10-28,day,album,14.0,https://i.scdn.co/image/ab67616d0000b273c77695d9383ab8c71b2ca758,,,,matched,https://i.scdn.co/image/ab6761610000e5eba7307b271794b7f705e6d1c0,https://open.spotify.com/artist/3wCcW4YNnb7qT4wOMBfkfr
"November 07, 2016",Cheetah in the City,Blu and Union Analogtronics,,Union,"Paris, France",Andrew Martin,"Blu and Union Analogtronics, Cheetah in the City",no_match,,,,,,,,,,,,,,,,
"November 03, 2016",Eat or Die,Future Orients,,Maybe Mars,"Beijing, China",Maria Sherman,"Future Orients, Eat or Die",matched,5YDaOfjD0lVi6pb7uvgRju,https://open.spotify.com/album/5YDaOfjD0lVi6pb7uvgRju,3CKRb1bubMtzdbPvuhQ4tW,Future Orients,Eat or Die,2016-09-16,day,album,9.0,https://i.scdn.co/image/ab67616d0000b273d9c314eb20aa04eede65fa4c,,,,matched,https://i.scdn.co/image/ab6761610000e5eb7bc4ebde05042acd5c6a62de,https://open.spotify.com/artist/3CKRb1bubMtzdbPvuhQ4tW
"November 02, 2016",The Olympians,The Olympians,,Independent Artist,"Brooklyn, New York",Max Savage Levenson,"The Olympians, The Olympians",matched,7ojJo7v7xOsKYWjLfpw4tJ,https://open.spotify.com/album/7ojJo7v7xOsKYWjLfpw4tJ,0ZPqGxW2iwZz7vGJWzuTUi,The Olympians,The Olympians,2016-10-28,day,album,11.0,https://i.scdn.co/image/ab67616d0000b273f3cf159ff008b66eebaa4702,,,,matched,https://i.scdn.co/image/ab6761610000e5eb56ccba91b9cc09f50b9967aa,https://open.spotify.com/artist/0ZPqGxW2iwZz7vGJWzuTUi
"November 01, 2016",Timber Remixed,Various Artists,,Michael Gordon,"New York, New York",Andy Battaglia,"Various Artists, Timber Remixed",no_match,,,,,,,,,,,,,,,,
"October 31, 2016",Lost at the Party,Terry Malts,,terry malts,"Louisville, Kentucky",Mariana Timony,"Terry Malts, Lost at the Party",matched,6mfLBRNJQL79Jx3uiSefpD,https://open.spotify.com/album/6mfLBRNJQL79Jx3uiSefpD,3uWA2onpxliLZKWdtlBy7k,Terry Malts,Lost at the Party,2016-10-14,day,album,11.0,https://i.scdn.co/image/ab67616d0000b2730814f40672081378583ae5d6,,,,matched,https://i.scdn.co/image/5db32f15cd52319269c0a6bcf375300ffd8f4f7a,https://open.spotify.com/artist/3uWA2onpxliLZKWdtlBy7k
"October 28, 2016",Jealous Fires,The Gospel Truth,,Independent Artist,"Austin, Texas",Jennifer Kelly,"The Gospel Truth, Jealous Fires",no_match,,,,,,,,,,,,,,,,
"October 27, 2016",Lubbock (On Everything),Terry Allen,,Independent Artist,"Santa Fe, New Mexico",Andy Beta,"Terry Allen, Lubbock (On Everything)",matched,31gOu9Ke5o3wgx1GyIDNYU,https://open.spotify.com/album/31gOu9Ke5o3wgx1GyIDNYU,4QonkOS6ybWrJVYFWEHMZY,Terry Allen,Lubbock (on everything),1979-04-13,day,album,21.0,https://i.scdn.co/image/ab67616d0000b27367a97e60fa4e6179ddcef7db,,,,matched,https://i.scdn.co/image/ab6761610000e5eb3ee4e2537febe00d858e5a6f,https://open.spotify.com/artist/4QonkOS6ybWrJVYFWEHMZY
"October 26, 2016",Soundscapes for the Emotional​-​Type Listener,Slow Attack Ensemble,,Independent Artist,,Philip Sherburne,"Slow Attack Ensemble, Soundscapes for the Emotional​-​Type Listener",matched,2zye4wf4QiYd2UMYUD7Z6j,https://open.spotify.com/album/2zye4wf4QiYd2UMYUD7Z6j,1YsM3PBHRzAPjdDhj5d6As,Slow Attack Ensemble,Soundscapes for the Emotional-Type Listener,2016-10-14,day,album,7.0,https://i.scdn.co/image/ab67616d0000b2731c323c9ba4755ca63297dc34,,,,matched,https://i.scdn.co/image/ab6761610000e5eb60f501712c84cf7a3506f3e2,https://open.spotify.com/artist/1YsM3PBHRzAPjdDhj5d6As
"October 25, 2016",Mare,Christian Löffler,,Independent Artist,"Graal Müritz, Germany",Louis Pattison,"Christian Löffler, Mare",matched,392RA8UhAIoBzpbn3bPy3Q,https://open.spotify.com/album/392RA8UhAIoBzpbn3bPy3Q,3tSvlEzeDnVbQJBTkIA6nO,Christian Löffler,Mare,2016-10-07,day,album,17.0,https://i.scdn.co/image/ab67616d0000b2735341f1257f1681cd1f7248ae,,,,matched,https://i.scdn.co/image/ab6761610000e5eb05b3eeebaab1653b3417121a,https://open.spotify.com/artist/3tSvlEzeDnVbQJBTkIA6nO
"October 21, 2016",Let’s Take A Trip,Tall Black Guy,,Tall Black Guy Productions,"Detroit, Michigan",Jesse Fairfax,"Tall Black Guy, Let’s Take A Trip",no_match,,,,,,,,,,,,,,,,
"October 20, 2016",Anderson .Paak and Knxwledge Are Co-MVPs on Yes Lawd!,NxWorries,Hip-Hop/Rap,Independent Artist,"Los Angeles, California",Marcus J. Moore,"NxWorries, Anderson .Paak and Knxwledge Are Co-MVPs on Yes Lawd!",no_match,,,,,,,,,,,,,,,,
"October 19, 2016",Fragmenta,Rioux,,Independent Artist,"New York, New York",Winston Cook-Wilson,"Rioux, Fragmenta",matched,14PKHMmyfU7iFLL1LZUrNo,https://open.spotify.com/album/14PKHMmyfU7iFLL1LZUrNo,6RpnaQbsQkSTAxD8aZNMhV,Rioux,Fragmenta,2016-10-14,day,album,10.0,https://i.scdn.co/image/ab67616d0000b273e4afb5cf2bd891e5dda0a8d5,,,,matched,https://i.scdn.co/image/ab6761610000e5ebfda3368ae534aade152af689,https://open.spotify.com/artist/6RpnaQbsQkSTAxD8aZNMhV
"October 18, 2016",COW / Chill Out World!,The Orb,,Independent Artist,"London, UK",Michaelangelo Matos,"The Orb, COW / Chill Out World!",matched,0l5czlo6eYAxcpw95BtPVZ,https://open.spotify.com/album/0l5czlo6eYAxcpw95BtPVZ,5HAtRoEPUvGSA7ziTGB1cF,The Orb,"COW / Chill Out, World!",2016-10-14,day,album,10.0,https://i.scdn.co/image/ab67616d0000b2731c7518ed25e9e5fa314e6bae,,,,matched,https://i.scdn.co/image/ab6761610000e5eb1b894ae67ea4cda31310029c,https://open.spotify.com/artist/5HAtRoEPUvGSA7ziTGB1cF
"October 17, 2016",Bhavachakra,Bhavachakra,,Independent Artist,"Orlando, Florida",Zachary Goldsmith,"Bhavachakra, Bhavachakra",matched,2wIjPpRykWNZBCDrVvHBMw,https://open.spotify.com/album/2wIjPpRykWNZBCDrVvHBMw,22xZFfiCHwoLI8XncVC7c2,Bhavachakra,Bhavachakra,2016-09-23,day,album,11.0,https://i.scdn.co/image/ab67616d0000b273b1e8a054b752b900a56e6c1d,,,,matched,https://i.scdn.co/image/ab67616d0000b273b1e8a054b752b900a56e6c1d,https://open.spotify.com/artist/22xZFfiCHwoLI8XncVC7c2
"October 14, 2016",The 11th Sky,Electric Wire Hustle,,Bastard Jazz Recordings,"Brooklyn, New York",Andrew Martin,"Electric Wire Hustle, The 11th Sky",matched,4Fe9QkLxMxeqj4uCaXI2ml,https://open.spotify.com/album/4Fe9QkLxMxeqj4uCaXI2ml,4vPkk0pLFIBHNb40DgbYut,Electric Wire Hustle,The 11th Sky,2016-09-30,day,album,9.0,https://i.scdn.co/image/ab67616d0000b273e14e9043ae4974c94b0c8c20,,,,matched,https://i.scdn.co/image/6dacebdb6eaef9a5efb65f234412f1d64cb26ac6,https://open.spotify.com/artist/4vPkk0pLFIBHNb40DgbYut
"October 13, 2016",Requiem,Goat,,Independent Artist,"Norrbotten County, Sweden",Nnamdi Bawsism,"Goat, Requiem",matched,1ERacYAGtvoSDTyyV5YDAB,https://open.spotify.com/album/1ERacYAGtvoSDTyyV5YDAB,6jP9Z7o6WlbYvKUOeO5SbP,Goat,Requiem,2016-10-07,day,album,13.0,https://i.scdn.co/image/ab67616d0000b273c0f831c86ed45fd04b233ca2,,,,matched,https://i.scdn.co/image/ab6761610000e5eb89d9a98c31c1efa260d6eb13,https://open.spotify.com/artist/6jP9Z7o6WlbYvKUOeO5SbP
"October 12, 2016",I Dreamed of a Palace in the Sky,Equip,,Independent Artist,"Chicago, Illinois",Simon Chandler,"Equip, I Dreamed of a Palace in the Sky",matched,3QUS6iDzfGrPO5MuuHRo5s,https://open.spotify.com/album/3QUS6iDzfGrPO5MuuHRo5s,3IOhNbmcUbaMuJkmyfkfE0,Equip,I Dreamed of a Palace in the Sky,2016-10-10,day,album,25.0,https://i.scdn.co/image/ab67616d0000b27364f05d61241fa11c814d2407,,,,matched,https://i.scdn.co/image/ab6761610000e5eb4ab69ab42773d56394780b47,https://open.spotify.com/artist/3IOhNbmcUbaMuJkmyfkfE0
"October 11, 2016",Along a Vanishing Plane,Christopher Tignor,,Independent Artist,New York,Robert Ham,"Christopher Tignor, Along a Vanishing Plane",matched,7gMHbm8mNQOPyA33TIvMIb,https://open.spotify.com/album/7gMHbm8mNQOPyA33TIvMIb,4fHCEeChre5Ajrkk2ktKdG,Christopher Tignor,Along a Vanishing Plane,2016-09-16,day,album,10.0,https://i.scdn.co/image/ab67616d0000b2730f4e1c0f13fc849e4af2c9b8,,,,matched,https://i.scdn.co/image/ab6772690000c46c05713ad18d353cd25c5c61e8,https://open.spotify.com/artist/4fHCEeChre5Ajrkk2ktKdG
"October 10, 2016",In Case You Missed It: 15 Years Of Dualtone,Various Artists,,"Dualtone Music Group, Inc.","Nashville, Tennessee",Amanda Wicks,"Various Artists, In Case You Missed It: 15 Years Of Dualtone",matched,79EQwPm3CtYIgutgGscx6m,https://open.spotify.com/album/79EQwPm3CtYIgutgGscx6m,0LyfQWJT6nXafLPZqxe9Of,Various Artists,In Case You Missed It: 15 Years of Dualtone,2016-10-07,day,compilation,19.0,https://i.scdn.co/image/ab67616d0000b2732fffb976b3d047e867eec096,,,,matched,https://i.scdn.co/image/ab6761610000e5eb6b134287e3095d2c84b7932a,https://open.spotify.com/artist/0LyfQWJT6nXafLPZqxe9Of
"October 06, 2016",Mr. Robot – Volume 1 (Original Television Series Soundtrack),Mac Quayle,,Independent Artist,,J. Edward Keyes,"Mac Quayle, Mr. Robot – Volume 1 (Original Television Series Soundtrack)",no_match,,,,,,,,,,,,,,,,
"October 05, 2016",A Loud Bash of Teenage Feelings,Beach Slang,,Independent Artist,"Philadelphia, Pennsylvania",Drew Fortune,"Beach Slang, A Loud Bash of Teenage Feelings",matched,0y5nNSC1PPhEAjQLCsgIST,https://open.spotify.com/album/0y5nNSC1PPhEAjQLCsgIST,3d5usliWmjkMKGsv2X341Q,Beach Slang,A Loud Bash of Teenage Feelings,2016-09-23,day,album,10.0,https://i.scdn.co/image/ab67616d0000b273af0403b5cff96529408679fe,,,,matched,https://i.scdn.co/image/ab6761610000e5eb729d8177895576b77d212a77,https://open.spotify.com/artist/3d5usliWmjkMKGsv2X341Q
"October 04, 2016",Kodama,Alcest,,Independent Artist,"Paris, France",Brad Sanders,"Alcest, Kodama",matched,7cf5MM7qQ6V0Petqr4aeZ2,https://open.spotify.com/album/7cf5MM7qQ6V0Petqr4aeZ2,0d5ZwMtCer8dQdOPAgWhe7,Alcest,Kodama,2016-09-30,day,album,6.0,https://i.scdn.co/image/ab67616d0000b2738cdb7bb93e82aacf4d2ba26a,,,,matched,https://i.scdn.co/image/ab6761610000e5ebf93fcb88bd2805b3cbb4490f,https://open.spotify.com/artist/0d5ZwMtCer8dQdOPAgWhe7
"September 30, 2016",Drakkar Nowhere,Drakkar Nowhere,,Independent Artist,"New York, New York",Max Savage Levenson,"Drakkar Nowhere, Drakkar Nowhere",no_match,,,,,,,,,,,,,,,,
"September 30, 2016",Dusk,Ultimate Painting,,Independent Artist,"London, UK",Joe Darling,"Ultimate Painting, Dusk",matched,7mofJovx9iutHQQYhjLFq3,https://open.spotify.com/album/7mofJovx9iutHQQYhjLFq3,1PPpmEpuN1KrWNOBqrHeMj,Ultimate Painting,Dusk,2016-09-30,day,album,10.0,https://i.scdn.co/image/ab67616d0000b27351343c4b41a3c363f1e2c5e4,,,,matched,https://i.scdn.co/image/ab6761610000e5eb893b0f45ee2362b0805a4cdc,https://open.spotify.com/artist/1PPpmEpuN1KrWNOBqrHeMj
"September 29, 2016",A Million,Bon Iver Makes A Ghostly Return on “22,Alternative,Bon Iver,"Eau Claire, Wisconsin",Brandon Stosuy,"Bon Iver Makes A Ghostly Return on “22, A Million",no_match,,,,,,,,,,,,,,,,
"September 28, 2016",Lisa Marie Airplane Tour,So Cow,,Jigsaw Records,"Portland, Oregon",Annie Zaleski,"So Cow, Lisa Marie Airplane Tour",matched,4E6NSzxAXEUxKpkAOaT1si,https://open.spotify.com/album/4E6NSzxAXEUxKpkAOaT1si,50Zmy60M5kw936rrKkxnon,So Cow,Lisa Marie Airplane Tour,2016,year,album,12.0,https://i.scdn.co/image/ab67616d0000b273a88f959f0d284df786ae7c3b,,,,matched,https://i.scdn.co/image/ab6761610000e5ebd098240ee5eb5b80edf8d1a5,https://open.spotify.com/artist/50Zmy60M5kw936rrKkxnon
"September 26, 2016",MOUTHTRIP,KAGAMI smile.,,BLCR Laboratories,Netherlands,Simon Chandler,"KAGAMI smile., MOUTHTRIP",matched,2ifdZcGNW5YeKYyvjzqMyj,https://open.spotify.com/album/2ifdZcGNW5YeKYyvjzqMyj,50UZGMLw8KvbU4E5lw6Bw0,KAGAMI Smile,M.O.U.T.H.T.R.I.P,2016-08-30,day,album,19.0,https://i.scdn.co/image/ab67616d0000b27363bb2c7e0359cf5840fce253,,,,matched,https://i.scdn.co/image/ab6761610000e5eb2801b7912fe6d8c6b700a2ea,https://open.spotify.com/artist/50UZGMLw8KvbU4E5lw6Bw0
"September 23, 2016",Obnóxius,Jose Mauro,,José Mauro,Brazil,Andy Beta,"Jose Mauro, Obnóxius",matched,6UiDmGrD038HKeN0PToRz5,https://open.spotify.com/album/6UiDmGrD038HKeN0PToRz5,7yQIkmHyeJUJSrH5qkmwgN,Jose Mauro,Obnoxius,1970,year,album,11.0,https://i.scdn.co/image/ab67616d0000b273a06b964d7e8c91689b85060f,,,,matched,https://i.scdn.co/image/ab6761610000e5ebdfa5b7662caff7776359ee01,https://open.spotify.com/artist/7yQIkmHyeJUJSrH5qkmwgN
"September 22, 2016",Statea,Murcof x Vanessa Wagner,,InFiné,"Paris, France",Andy Battaglia,"Murcof x Vanessa Wagner, Statea",no_match,,,,,,,,,,,,,,,,
"September 21, 2016",Sunergy,Kaitlyn Aurelia Smith & Suzanne Ciani,,Kaitlyn Aurelia Smith,"Los Angeles, California",Andrew Parks,"Kaitlyn Aurelia Smith & Suzanne Ciani, Sunergy",no_match,,,,,,,,,,,,,,,,
"September 20, 2016",Body Wash,MNDSGN,,Mndsgn.,"Los Angeles, California",Marcus K. Dowling,"MNDSGN, Body Wash",matched,32QQIRXKQ9ydFEz2GVOgiH,https://open.spotify.com/album/32QQIRXKQ9ydFEz2GVOgiH,4GcpBLY8g8NrmimWbssM26,Mndsgn,Body Wash,2016-09-16,day,album,16.0,https://i.scdn.co/image/ab67616d0000b2730f8a9a6365f982bcb26d7ee4,,,,matched,https://i.scdn.co/image/ab6761610000e5eb6be533248c7e096ab0119387,https://open.spotify.com/artist/4GcpBLY8g8NrmimWbssM26
"September 19, 2016",Songs for Lovers,蜃気楼MIRAGE & waterfront dining,,waterfront dining,,Simon Chandler,"蜃気楼MIRAGE & waterfront dining, Songs for Lovers",no_match,,,,,,,,,,,,,,,,
"September 16, 2016",Splendor and Misery,clipping.,,Independent Artist,"Los Angeles, California",Nnamdi Bawsism,"clipping., Splendor and Misery",matched,1pxYPYg5ozVYMxiFMfD1tn,https://open.spotify.com/album/1pxYPYg5ozVYMxiFMfD1tn,5HJ2kX5UTwN4Ns8fB5Rn1I,clipping.,Splendor & Misery,2016-09-09,day,album,15.0,https://i.scdn.co/image/ab67616d0000b2731e31c9271d8a33d1d5ec7a48,,,,matched,https://i.scdn.co/image/ab6761610000e5ebcc61b54c332a2c8baaaf375b,https://open.spotify.com/artist/5HJ2kX5UTwN4Ns8fB5Rn1I
"September 15, 2016",The End of Comedy,Drugdealer,,Independent Artist,,Max Savage Levenson,"Drugdealer, The End of Comedy",matched,7sE5BL81qaw47AiiH9rV2H,https://open.spotify.com/album/7sE5BL81qaw47AiiH9rV2H,0tMnuEXTeJeHbslcV8OybJ,Drugdealer,The End Of Comedy,2016-09-09,day,album,11.0,https://i.scdn.co/image/ab67616d0000b273de72aa25bc01542c51c11ad6,,,,matched,https://i.scdn.co/image/ab6761610000e5ebb5a52108516413de7ab2b0fc,https://open.spotify.com/artist/0tMnuEXTeJeHbslcV8OybJ
"September 14, 2016",Sumerlands,Sumerlands,,Independent Artist,"Philadelphia, Pennsylvania",Zachary Goldsmith,"Sumerlands, Sumerlands",matched,3ILk1oFpYr8mTnZIliNjDZ,https://open.spotify.com/album/3ILk1oFpYr8mTnZIliNjDZ,5rASExwQQilVMuKmaOV2eW,Sumerlands,Sumerlands,2016-09-16,day,album,8.0,https://i.scdn.co/image/ab67616d0000b2734c6a17d237dc7885067846cd,,,,matched,https://i.scdn.co/image/ab6761610000e5eb213f4b18a3bd47dba520b806,https://open.spotify.com/artist/5rASExwQQilVMuKmaOV2eW
"September 13, 2016",Radiant Remains,Radar Eyes,,Independent Artist,"Chicago, Illinois",J. Edward Keyes,"Radar Eyes, Radiant Remains",matched,68kRMOKYRunFNieIygd1Aw,https://open.spotify.com/album/68kRMOKYRunFNieIygd1Aw,11qkJPHnsOSLdLFJPFR15P,Radar Eyes,Radiant Remains,2016-09-02,day,album,10.0,https://i.scdn.co/image/ab67616d0000b2738eab340974e17bf07a62150f,,,,matched,https://i.scdn.co/image/6ff3bb0fe4e7bc4814258547d99a50f53a89c5c4,https://open.spotify.com/artist/11qkJPHnsOSLdLFJPFR15P
"September 12, 2016",Infinite Floor,Dylan Cameron,,Holodeck Records,"Austin, Texas",Andrew Parks,"Dylan Cameron, Infinite Floor",matched,2sTx8emLFAuJyNamApT7ez,https://open.spotify.com/album/2sTx8emLFAuJyNamApT7ez,1EsluGvCxXh9gbZBHtOFaQ,Dylan Cameron,Infinite Floor,2016-05-13,day,album,8.0,https://i.scdn.co/image/ab67616d0000b2732279f42dd2b805545f2b37bc,,,,matched,https://i.scdn.co/image/ab67616d0000b2732279f42dd2b805545f2b37bc,https://open.spotify.com/artist/1EsluGvCxXh9gbZBHtOFaQ
"September 09, 2016",Sélébéyone,Steve Lehman,,Independent Artist,"New York, New York",Peter Margasak,"Steve Lehman, Sélébéyone",matched,21rWcVbmvaRyLl7faw0sVm,https://open.spotify.com/album/21rWcVbmvaRyLl7faw0sVm,5Al3ktlrPkN2fhMRQzSYXP,"Steve Lehman, Sélébéyone",Sélébéyone,2016-05-10,day,album,9.0,https://i.scdn.co/image/ab67616d0000b2730faec41533babf2fe3f62241,,,,matched,https://i.scdn.co/image/ab6772690000c46c9e31ad9860710d69b99ac6ef,https://open.spotify.com/artist/5Al3ktlrPkN2fhMRQzSYXP
"September 08, 2016",Nothing More To Say,Album Of The Day:  The Frightnrs,,the FRIGHTNRS,"Queens, New York",Eric Luecking,"Album Of The Day:  The Frightnrs, Nothing More To Say",no_match,,,,,,,,,,,,,,,,
"September 07, 2016",EP,Hoops,,Independent Artist,"Bloomington, Indiana",Jonathan Bernstein,"Hoops, EP",matched,3xLirBnwLKMfRqbhue2peR,https://open.spotify.com/album/3xLirBnwLKMfRqbhue2peR,12qS7lypMdpvASeNnFXtmN,Hoops,Hoops EP,2016-08-26,day,single,5.0,https://i.scdn.co/image/ab67616d0000b2736e6c98e376c6ae848d15895f,,,,matched,https://i.scdn.co/image/ab6761610000e5ebecc3c153ff67927f5737b36d,https://open.spotify.com/artist/12qS7lypMdpvASeNnFXtmN
"September 06, 2016",Posh Lost,Posh Lost,,Mirror Universe Tapes,"Brooklyn, New York",J. Edward Keyes,"Posh Lost, Posh Lost",no_match,,,,,,,,,,,,,,,,
"September 05, 2016",Magic,Hairy Hands,,James Alexander Bright,UK,Michaelangelo Matos,"Hairy Hands, Magic",matched,0yvzsgp8P3CGbIP5Y7FOsR,https://open.spotify.com/album/0yvzsgp8P3CGbIP5Y7FOsR,5b1OoTD9Np87L9dOmgrdLy,Hairy Hands,Magic,2016-09-02,day,album,12.0,https://i.scdn.co/image/ab67616d0000b273972762c52b89858d31e3eb08,,,,matched,https://i.scdn.co/image/ab6761610000e5eb54503e50de4767dba7c4dd65,https://open.spotify.com/artist/5b1OoTD9Np87L9dOmgrdLy
"September 02, 2016",Phase Zero,Morgan Delt,,Independent Artist,"Los Angeles, California",Judy Berman,"Morgan Delt, Phase Zero",matched,2B3pV6PcT7nwqrWrheOqWP,https://open.spotify.com/album/2B3pV6PcT7nwqrWrheOqWP,29ITaP4nYGDlz54m7pLJL1,Morgan Delt,Phase Zero,2016-08-26,day,album,10.0,https://i.scdn.co/image/ab67616d0000b27379711d20bab297cfa7d62fa8,,,,matched,https://i.scdn.co/image/ab6761610000e5eb1397606aa74bce02d8904d03,https://open.spotify.com/artist/29ITaP4nYGDlz54m7pLJL1
"September 01, 2016",For This We Fought the Battle of Ages,SubRosa,,Profound Lore Records,"Kitchener, Ontario",Brad Sanders,"SubRosa, For This We Fought the Battle of Ages",matched,3dsDScersy505OGCi0fIAl,https://open.spotify.com/album/3dsDScersy505OGCi0fIAl,4hAqIOkN2Q4apnbcOUUb7h,SubRosa,For This We Fought the Battle of Ages,2016-08-26,day,album,6.0,https://i.scdn.co/image/ab67616d0000b273c23e16de4fcdadf9dcf7216d,,,,matched,https://i.scdn.co/image/ab67616d0000b2739d1b4000e74aecd9259835d8,https://open.spotify.com/artist/4hAqIOkN2Q4apnbcOUUb7h
"August 31, 2016",Between Waves,The Album Leaf,,Independent Artist,"Los Angeles, California",Marvin Lin,"The Album Leaf, Between Waves",matched,6cFV4YoInzQuimip3brPEp,https://open.spotify.com/album/6cFV4YoInzQuimip3brPEp,02uPe16VFxPaiueQsPEDkE,The Album Leaf,Between Waves (Deluxe Edition),2024-01-10,day,album,17.0,https://i.scdn.co/image/ab67616d0000b273718840b99a3e374934ecb475,,,,matched,https://i.scdn.co/image/ab6761610000e5eb8d9f470933e6ec4e8517f025,https://open.spotify.com/artist/02uPe16VFxPaiueQsPEDkE
"August 30, 2016",Heatweaver,Jaw Gems,,JAW GEMS,"Portland, Maine",Marcus J. Moore,"Jaw Gems, Heatweaver",matched,2IgqLQjVhohz1zMYbrgYw8,https://open.spotify.com/album/2IgqLQjVhohz1zMYbrgYw8,7qAV4uwFeV0zoBqEDcW57K,Jaw Gems,Heatweaver,2017-10-13,day,album,14.0,https://i.scdn.co/image/ab67616d0000b273300b8ad31ef4e43f708bf3dc,,,,matched,https://i.scdn.co/image/ab6761610000e5eb0846305e60365f592514fe0b,https://open.spotify.com/artist/7qAV4uwFeV0zoBqEDcW57K
"August 29, 2016",Westside Industrial,M.O.T.H.,,M.O.T.H,"Brooklyn, New York",Andrew Parks,"M.O.T.H., Westside Industrial",matched,3nflpAo0p3eCNG83JJcK8J,https://open.spotify.com/album/3nflpAo0p3eCNG83JJcK8J,0dHGZEhBfe88jysrZKuGkJ,M.O.T.H.,Westside Industrial,2016-06-28,day,album,3.0,https://i.scdn.co/image/ab67616d0000b2732b400c2bcbce3777d25557e6,,,,matched,https://i.scdn.co/image/ab67616d0000b2732b400c2bcbce3777d25557e6,https://open.spotify.com/artist/0dHGZEhBfe88jysrZKuGkJ
"August 26, 2016",Mambos Levis D’Outro Mundo,Various Artists,,Príncipe,"Lisbon, Portugal",Andy Beta,"Various Artists, Mambos Levis D’Outro Mundo",no_match,,,,,,,,,,,,,,,,
"August 25, 2016",Dead Ringers,Horseback,,Independent Artist,"Chapel Hill, North Carolina",Andrew Parks,"Horseback, Dead Ringers",matched,3CkkBXePHxa1oLgQ7KYmgT,https://open.spotify.com/album/3CkkBXePHxa1oLgQ7KYmgT,5fKz5l7qmSc9QXRAq71Bch,Horseback,Dead Ringers,2016-08-12,day,album,8.0,https://i.scdn.co/image/ab67616d0000b27357a81c8fcaf797adebe99485,,,,matched,https://i.scdn.co/image/ed6d4938cf478ee5a0edcb1fb5f2fa9f2ee5c1ef,https://open.spotify.com/artist/5fKz5l7qmSc9QXRAq71Bch
"August 24, 2016",The Land (Music from the Motion Picture),Various Artists,,Mass Appeal,"New York, New York",Nate Patrin,"Various Artists, The Land (Music from the Motion Picture)",matched,3fhMGD3vpaywrCcDcuXdRJ,https://open.spotify.com/album/3fhMGD3vpaywrCcDcuXdRJ,0LyfQWJT6nXafLPZqxe9Of,Various Artists,The Land (Music from the Motion Picture),2016-07-29,day,compilation,14.0,https://i.scdn.co/image/ab67616d0000b27358fd96f7c4b2c0850512f731,,,,matched,https://i.scdn.co/image/ab6761610000e5eb6b134287e3095d2c84b7932a,https://open.spotify.com/artist/0LyfQWJT6nXafLPZqxe9Of
"August 23, 2016",Roosevelt,Roosevelt,,Independent Artist,"Cologne, Germany",Nnamdi Bawsism,"Roosevelt, Roosevelt",matched,3A6a0htt3N4gHsxJ72jdUC,https://open.spotify.com/album/3A6a0htt3N4gHsxJ72jdUC,4AQrqVz6BYwy29iMxcGtx7,Roosevelt,Roosevelt,2016-08-19,day,album,12.0,https://i.scdn.co/image/ab67616d0000b273bb6ef7f3dd215d49aa39186d,,,,matched,https://i.scdn.co/image/ab6761610000e5eb05858f274692344c6f5ee13a,https://open.spotify.com/artist/4AQrqVz6BYwy29iMxcGtx7
"August 22, 2016",Convenience,Pill,,Independent Artist,"New York, New York",Andrew Parks,"Pill, Convenience",matched,6wmmlOwrueJJeGnKLiiCcn,https://open.spotify.com/album/6wmmlOwrueJJeGnKLiiCcn,6E16nSEJi8onSUTrpY8asH,Pill,Convenience,2016-08-19,day,album,12.0,https://i.scdn.co/image/ab67616d0000b2733340cc6ea2634f60099312a6,,,,matched,https://i.scdn.co/image/ab6761610000e5eb259c7d59f696fb24a3f42c9c,https://open.spotify.com/artist/6E16nSEJi8onSUTrpY8asH
"August 19, 2016",Eve,Thalia Zedek,,Thalia Zedek Band,"Boston, Massachusetts",Marvin Lin,"Thalia Zedek, Eve",matched,16EeSToKcTjAjaUvsUgtdc,https://open.spotify.com/album/16EeSToKcTjAjaUvsUgtdc,4Leyi7Yg3GnA8dvKC1zZFu,Thalia Zedek Band,Eve,2016-08-19,day,album,10.0,https://i.scdn.co/image/ab67616d0000b273288b09250eb3bf82b2b972cd,,,,matched,https://i.scdn.co/image/ab6772690000c46cedd17f9ac569fb6862cbef90,https://open.spotify.com/artist/4Leyi7Yg3GnA8dvKC1zZFu
"August 18, 2016",Holy Gloom,Cloud Caverns,,Independent Artist,"Red Bank, Tennessee",Kira Grunenberg,"Cloud Caverns, Holy Gloom",matched,4YL2vc77V1FmaKTgV6Aici,https://open.spotify.com/album/4YL2vc77V1FmaKTgV6Aici,2R9h1bBqHE3F7GzT4xS0gj,Cloud Caverns,Holy Gloom,2016-06-17,day,album,14.0,https://i.scdn.co/image/ab67616d0000b273a5f779332ab5dcc61558d86f,,,,matched,https://i.scdn.co/image/ab6761610000e5eb373827e333bc0a6f8d5e371a,https://open.spotify.com/artist/2R9h1bBqHE3F7GzT4xS0gj
"August 17, 2016",Real,Lydia Loveless,,Independent Artist,"Columbus, Ohio",Jonathan Bernstein,"Lydia Loveless, Real",matched,5xr5Wa9ZYakq2mUZAUWjKA,https://open.spotify.com/album/5xr5Wa9ZYakq2mUZAUWjKA,4aZmKktp90vPbhbdgf2fpn,Lydia Loveless,Real,2016-08-19,day,album,10.0,https://i.scdn.co/image/ab67616d0000b2733239455472e08dcc6869cef9,,,,matched,https://i.scdn.co/image/ab6761610000e5ebf7f778b30727d634f8ccb89c,https://open.spotify.com/artist/4aZmKktp90vPbhbdgf2fpn
"August 16, 2016",Radiating Light: Orchid Tapes & Friends,Various Artists,,ORCHID TAPES,"New York, New York",Alex Wexelman,"Various Artists, Radiating Light: Orchid Tapes & Friends",no_match,,,,,,,,,,,,,,,,
"August 15, 2016",Habit,Snail Mail,,Independent Artist,"Baltimore, Maryland",Tess Duncan,"Snail Mail, Habit",matched,3u9aqsJAlEpt7QJ1wFZ6SU,https://open.spotify.com/album/3u9aqsJAlEpt7QJ1wFZ6SU,4QkSD9TRUnMtI8Fq1jXJJe,Snail Mail,Habit,2016-07-12,day,single,7.0,https://i.scdn.co/image/ab67616d0000b273301d84beefa55d70fdba1501,,,,matched,https://i.scdn.co/image/ab6761610000e5eb99f217ba6dfd0c306c9e3b2a,https://open.spotify.com/artist/4QkSD9TRUnMtI8Fq1jXJJe
"August 12, 2016",Innocence Reaches,of Montreal,,Independent Artist,"Athens, Georgia",Sophie Weiner,"of Montreal, Innocence Reaches",matched,4RjnrESAwwxWFkgelcgMCI,https://open.spotify.com/album/4RjnrESAwwxWFkgelcgMCI,5xeBMeW0YzWIXSVzAxhM8O,of Montreal,Innocence Reaches,2016-08-12,day,album,12.0,https://i.scdn.co/image/ab67616d0000b273268e02c67799b1ff5ab79143,,,,matched,https://i.scdn.co/image/ab6761610000e5eb7fa764f34e8dc00212ff25fd,https://open.spotify.com/artist/5xeBMeW0YzWIXSVzAxhM8O
"August 11, 2016",Green Glass Room,VATS,,Independent Artist,"Seattle, Washington",J. Edward Keyes,"VATS, Green Glass Room",no_match,,,,,,,,,,,,,,,,
"August 10, 2016",Cloak,Jordan Rakei,,Independent Artist,"Brisbane, Australia",Mosi Reeves,"Jordan Rakei, Cloak",matched,6iuOPJ2AAEdG71e5Y1mDMy,https://open.spotify.com/album/6iuOPJ2AAEdG71e5Y1mDMy,24icoQNJSEWNu3XvqKBR68,Jordan Rakei,Cloak,2016-06-03,day,album,13.0,https://i.scdn.co/image/ab67616d0000b2733e9aa9400507f3ed9aa040c3,,,,matched,https://i.scdn.co/image/ab6761610000e5eb36df3b7306689e78f012c7fe,https://open.spotify.com/artist/24icoQNJSEWNu3XvqKBR68
"August 08, 2016",Expert Knob Twiddlers,Mike & Rich,,Mike &amp; Rich,UK,Philip Sherburne,"Mike & Rich, Expert Knob Twiddlers",matched,0HlGVb8TqEG6hlE9OVhCxW,https://open.spotify.com/album/0HlGVb8TqEG6hlE9OVhCxW,6J3zaNqIk0fXXFhpbLDg0H,Mike & Rich,Expert Knob Twiddlers,1996,year,album,17.0,https://i.scdn.co/image/ab67616d0000b27329201507e03fe6b2bef3b3a1,,,,matched,https://i.scdn.co/image/ab67616d0000b27329201507e03fe6b2bef3b3a1,https://open.spotify.com/artist/6J3zaNqIk0fXXFhpbLDg0H
"August 05, 2016",Fallen,Steven Julien,,Independent Artist,"London, UK",Michaelangelo Matos,"Steven Julien, Fallen",matched,5KN2kPU4ERYoNaA4qaDNTD,https://open.spotify.com/album/5KN2kPU4ERYoNaA4qaDNTD,37pVxtkN0BLmY6QOliGkJK,Steven Julien,Fallen,2016-07-15,day,album,12.0,https://i.scdn.co/image/ab67616d0000b273e162224bc194cd0b2104fd2d,,,,matched,https://i.scdn.co/image/ab6761610000e5eba09834d5d98189a4f1a76a07,https://open.spotify.com/artist/37pVxtkN0BLmY6QOliGkJK
"August 03, 2016",A Bloom Beyond,Terribly Yours,,Independent Artist,"Brooklyn, New York",Maura Johnston,"Terribly Yours, A Bloom Beyond",matched,7dQT7GqZnd0HKL3xYLkvlk,https://open.spotify.com/album/7dQT7GqZnd0HKL3xYLkvlk,2KUGSeG0dDltA0fnaghpxm,Terribly Yours,A Bloom Beyond,2016-07-29,day,album,10.0,https://i.scdn.co/image/ab67616d0000b273ab7004a58824f94028397672,,,,matched,https://i.scdn.co/image/ab67616d0000b273ab7004a58824f94028397672,https://open.spotify.com/artist/2KUGSeG0dDltA0fnaghpxm
"August 02, 2016",The Disco’s of Imhotep,Hieroglyphic Being,,Independent Artist,"Chicago, Illinois",Joe Darling,"Hieroglyphic Being, The Disco’s of Imhotep",no_match,,,,,,,,,,,,,,,,
"August 01, 2016",Black Sun Unbound,Denouncement Pyre,,DENOUNCEMENT PYRE,"Melbourne, Australia",Brad Sanders,"Denouncement Pyre, Black Sun Unbound",matched,3T8HZoAAVvnWGohhBKnu5Y,https://open.spotify.com/album/3T8HZoAAVvnWGohhBKnu5Y,5p0ieCKXrEO44a9FPRMvIL,Denouncement Pyre,Black Sun Unbound,2016-07-22,day,album,10.0,https://i.scdn.co/image/ab67616d0000b273029ea16f2e13b495b1f1a3ea,,,,matched,https://i.scdn.co/image/ab67616d0000b273029ea16f2e13b495b1f1a3ea,https://open.spotify.com/artist/5p0ieCKXrEO44a9FPRMvIL
"July 29, 2016",+One,Pkew Pkew Pkew,,PKEW PKEW PKEW,"Toronto, Ontario",Ian Cohen,"Pkew Pkew Pkew, +One",matched,1NiSzcyUSAxLuzNpHu4SAg,https://open.spotify.com/album/1NiSzcyUSAxLuzNpHu4SAg,2wLjuls619sr3fihBDQigt,Pkew Pkew Pkew,+ One,2017-07-11,day,album,12.0,https://i.scdn.co/image/ab67616d0000b273a857fdb6d5bee7a2834645b0,,,,matched,https://i.scdn.co/image/ab6761610000e5eb4accdef49c13e3bd8d38c8a4,https://open.spotify.com/artist/2wLjuls619sr3fihBDQigt
"July 28, 2016",Turn Into,Jay Som,,Independent Artist,"Los Angeles, California",Valerie Veteto,"Jay Som, Turn Into",matched,1tW2xzjwARfKVOQp6e43Fj,https://open.spotify.com/album/1tW2xzjwARfKVOQp6e43Fj,1wmiQ6ytATiGnJs6uFluKO,Jay Som,Turn Into,2016-11-18,day,album,9.0,https://i.scdn.co/image/ab67616d0000b273213c640182cad8d558d71d0d,,,,matched,https://i.scdn.co/image/ab6761610000e5eb867cb7824e08908c21fbaa15,https://open.spotify.com/artist/1wmiQ6ytATiGnJs6uFluKO
"July 27, 2016",The Calais Sessions,Various Artists,,The Calais Sessions,UK,Richard Gehr,"Various Artists, The Calais Sessions",matched,54PkYxkStg8gnc1oZcGLeV,https://open.spotify.com/album/54PkYxkStg8gnc1oZcGLeV,0LyfQWJT6nXafLPZqxe9Of,Various Artists,The Calais Sessions,2016-07-29,day,compilation,13.0,https://i.scdn.co/image/ab67616d0000b2738e4c280ee4983934897fd6b6,,,,matched,https://i.scdn.co/image/ab6761610000e5eb6b134287e3095d2c84b7932a,https://open.spotify.com/artist/0LyfQWJT6nXafLPZqxe9Of
"July 26, 2016",Rain Temple,2814,,Dream Catalogue,"London, UK",Simon Chandler,"2814, Rain Temple",matched,18EtfdFj2SRKkK7Uy3u2yC,https://open.spotify.com/album/18EtfdFj2SRKkK7Uy3u2yC,2wBpW4bAGYVe0yJcBeCTyd,２８１４,Rain Temple,2016-07-26,day,album,8.0,https://i.scdn.co/image/ab67616d0000b273429f9ba4e67ea3d5dfd5ad73,,,,matched,https://i.scdn.co/image/ab6761610000e5eb5a96d8961611ce5321a62d8c,https://open.spotify.com/artist/2wBpW4bAGYVe0yJcBeCTyd
"July 25, 2016",Indifferent Rivers Romance End,Wreck and Reference,,Independent Artist,"Los Angeles, California",David Sackllah,"Wreck and Reference, Indifferent Rivers Romance End",matched,3pL5jXrtCtUrCKOC6u2H7c,https://open.spotify.com/album/3pL5jXrtCtUrCKOC6u2H7c,694llXQWlAvZlnG3qA1nkJ,Wreck and Reference,Indifferent Rivers Romance End,2016-07-22,day,album,10.0,https://i.scdn.co/image/ab67616d0000b2737a74856a8cb094f2ada7cd12,,,,matched,https://i.scdn.co/image/ab6761610000e5eb5fb54f5b2bb7802901aa3737,https://open.spotify.com/artist/694llXQWlAvZlnG3qA1nkJ
"July 21, 2016",OIM: Vol. II Compilation,Various Artists,,OIM Records,"Oakland, California",Max Savage Levenson,"Various Artists, OIM: Vol. II Compilation",no_match,,,,,,,,,,,,,,,,
"July 20, 2016",Only in AmeriKKKa,LoopWhole Beats & EastKoast,,Loopwhole Beats,"Manhattan, New York",D.L. Chandler,"LoopWhole Beats & EastKoast, Only in AmeriKKKa",no_match,,,,,,,,,,,,,,,,
"July 19, 2016",Distress Signals I and II,Controlled Bleeding,,Independent Artist,,Michael Berdan,"Controlled Bleeding, Distress Signals I and II",no_match,,,,,,,,,,,,,,,,
"July 15, 2016",Pure Disgust,Pure Disgust,,Independent Artist,"Washington, D.C., D.C.",Nnamdi Bawsism,"Pure Disgust, Pure Disgust",no_match,,,,,,,,,,,,,,,,
"July 14, 2016",Post Plague,Odonis Odonis,,Independent Artist,"Toronto, Ontario",Erika Szabo,"Odonis Odonis, Post Plague",matched,6Jp55dBgVnhVetaDomErDu,https://open.spotify.com/album/6Jp55dBgVnhVetaDomErDu,33qVw2pK7R3Io2tMPNOIf0,Odonis Odonis,Post Plague,2016-06-17,day,album,10.0,https://i.scdn.co/image/ab67616d0000b273bf371a8bc2d2ec18731ffbe8,,,,matched,https://i.scdn.co/image/ab6761610000e5eb0008cf4719e7ae6e3009a20b,https://open.spotify.com/artist/33qVw2pK7R3Io2tMPNOIf0
"July 13, 2016",No Light and No Land Anywhere,Jeffrey Brodsky,,Independent Artist,"Los Angeles, California",Andy Battaglia,"Jeffrey Brodsky, No Light and No Land Anywhere",no_match,,,,,,,,,,,,,,,,
"July 12, 2016",666,Sugar Candy Mountain,,Independent Artist,California,Max Savage Levenson,"Sugar Candy Mountain, 666",matched,0Y9pFvtCR52aFUxJfKjTMB,https://open.spotify.com/album/0Y9pFvtCR52aFUxJfKjTMB,3y6SKYXXP4lrliD6CzVXH3,Sugar Candy Mountain,666,2016-07-08,day,album,10.0,https://i.scdn.co/image/ab67616d0000b273929c599271c20541811d4031,,,,matched,https://i.scdn.co/image/ab6772690000c46cb1d842f8d488d6ba1abcfb81,https://open.spotify.com/artist/3y6SKYXXP4lrliD6CzVXH3
"July 11, 2016",Tide Ripples,ASUNA,,Home Normal,"Brighton And Hove, UK",Danny Riley,"ASUNA, Tide Ripples",no_match,,,,,,,,,,,,,,,,
"July 08, 2016",Red-Headed Stranger,Carla Bozulich,,Folktale Records,"Los Angeles, California",Whitney Phaneuf,"Carla Bozulich, Red-Headed Stranger",matched,1L6fIIrUJKIHp22M3j7z7C,https://open.spotify.com/album/1L6fIIrUJKIHp22M3j7z7C,1J1ZZtNJAhoc2PJ3y5Un4Q,Carla Bozulich,Red Headed Stranger,2003,year,album,13.0,https://i.scdn.co/image/ab67616d0000b27357f457c700bdb73c1029d046,,,,matched,https://i.scdn.co/image/958095b6d7aa46f56be9e79104c4b0c02e36f389,https://open.spotify.com/artist/1J1ZZtNJAhoc2PJ3y5Un4Q
"July 07, 2016",Despite,Lady Pills,,Babe City Records,"Washington, D.C.",Maria Sherman,"Lady Pills, Despite",matched,0LDZ1JIFzBmTIQAVqG9tc9,https://open.spotify.com/album/0LDZ1JIFzBmTIQAVqG9tc9,0saDlqBbxO1XrZbQFogMCV,Lady Pills,Despite,2018-04-09,day,album,11.0,https://i.scdn.co/image/ab67616d0000b273b4252a341527ce28469c5d28,,,,matched,https://i.scdn.co/image/ab6761610000e5ebb6207b8e77aebaaaeb302a0d,https://open.spotify.com/artist/0saDlqBbxO1XrZbQFogMCV
"July 06, 2016",Terry HQ,Terry,,Independent Artist,"Melbourne, Australia",Sam Lefebvre,"Terry, Terry HQ",matched,2cmYAgHqCyLK3zN2SFGRj1,https://open.spotify.com/album/2cmYAgHqCyLK3zN2SFGRj1,7rVi5rhJnyxph7p39eKjJE,Terry,Terry HQ,2016-07-01,day,album,10.0,https://i.scdn.co/image/ab67616d0000b273293f0738c4c4d6566c0204d0,,,,matched,https://i.scdn.co/image/ab67616d0000b273293f0738c4c4d6566c0204d0,https://open.spotify.com/artist/7rVi5rhJnyxph7p39eKjJE
"July 05, 2016",Windings,Lindstrøm,,Independent Artist,Norway,Nate Patrin,"Lindstrøm, Windings",matched,6d7mMNoRpVK0z2v7OT7fe6,https://open.spotify.com/album/6d7mMNoRpVK0z2v7OT7fe6,2vTtjIqZ7hW0W15t1ApKTB,Lindstrøm,Windings,2016-07-08,day,single,3.0,https://i.scdn.co/image/ab67616d0000b2730fc981f964b735453fb7864d,,,,matched,https://i.scdn.co/image/ab6761610000e5ebd1568d939c430c5ce7f1880a,https://open.spotify.com/artist/2vTtjIqZ7hW0W15t1ApKTB
"June 30, 2016",Stadium Cake,Oh Pep!,,Independent Artist,"Melbourne, Australia",Amanda Wicks,"Oh Pep!, Stadium Cake",matched,6ysbXpZ5KgahW83AITCdKJ,https://open.spotify.com/album/6ysbXpZ5KgahW83AITCdKJ,3L9rqEIsNSaOcx2QIstn7v,Oh Pep!,Stadium Cake,2016-06-24,day,album,12.0,https://i.scdn.co/image/ab67616d0000b273bd31d3a7c91e7533d36cc5ea,,,,matched,https://i.scdn.co/image/ab6761610000e5eb5bb2b7786654007a093c18c0,https://open.spotify.com/artist/3L9rqEIsNSaOcx2QIstn7v
"June 29, 2016",The Magic,Deerhoof,,Independent Artist,,Max Savage Levenson,"Deerhoof, The Magic",no_match,,,,,,,,,,,,,,,,
"June 28, 2016",Codex Obscura Nomina,Blut Aus Nord/Aevangelist,,Blut Aus Nord,France,Andy O’Connor,"Blut Aus Nord/Aevangelist, Codex Obscura Nomina",no_match,,,,,,,,,,,,,,,,
"June 27, 2016",Delayer,RLYR,,Independent Artist,"Chicago, Illinois",Andy O’Connor,"RLYR, Delayer",matched,7aNiN3P2HvZDrf0nsm5RZl,https://open.spotify.com/album/7aNiN3P2HvZDrf0nsm5RZl,7JagsmZemNJPKJD88YqI41,RLYR,Delayer,2016-06-17,day,album,4.0,https://i.scdn.co/image/ab67616d0000b2735bfb5ec760e6065d918235fd,,,,matched,https://i.scdn.co/image/ab6761610000e5eb718ef92febfb62f7e1d795a9,https://open.spotify.com/artist/7JagsmZemNJPKJD88YqI41
"June 24, 2016",The New Breed,Jeff Parker,,International Anthem,"Chicago, Illinois",Leor Galil,"Jeff Parker, The New Breed",matched,2JEQnH2XSiqcOHuEdfptb4,https://open.spotify.com/album/2JEQnH2XSiqcOHuEdfptb4,3AaY5O1qS0tcNPHwwMwplt,Jeff Parker,The New Breed,2016-06-24,day,album,8.0,https://i.scdn.co/image/ab67616d0000b273b6d0f0a4839fdedb47765f6c,,,,matched,https://i.scdn.co/image/ab6761610000e5ebce3da339ce5013cd93217ba8,https://open.spotify.com/artist/3AaY5O1qS0tcNPHwwMwplt
"June 23, 2016",The Mountain Will Fall,DJ Shadow,,Independent Artist,California,Nate Patrin,"DJ Shadow, The Mountain Will Fall",matched,3OSeqyUWmkngEhQTTkdTSA,https://open.spotify.com/album/3OSeqyUWmkngEhQTTkdTSA,5CE2IfdYZEQGIDsfiRm8SI,DJ Shadow,The Mountain Will Fall,2016-06-24,day,album,13.0,https://i.scdn.co/image/ab67616d0000b2730b345678ef9735630f459341,,,,matched,https://i.scdn.co/image/ab6761610000e5eb745460b0ffdbf5144c34498d,https://open.spotify.com/artist/5CE2IfdYZEQGIDsfiRm8SI
"June 22, 2016",Under the Influence,Steady Holiday,,Independent Artist,"Los Angeles, California",Maura Johnston,"Steady Holiday, Under the Influence",matched,2ZlJ1jU1A3wEPkmq5mNcY0,https://open.spotify.com/album/2ZlJ1jU1A3wEPkmq5mNcY0,3jLDJWlhuDcbq1DTlWp0NM,Steady Holiday,Under the Influence,2016-06-24,day,album,9.0,https://i.scdn.co/image/ab67616d0000b273d52195651e47f1b443e90429,,,,matched,https://i.scdn.co/image/ab6761610000e5eb0b3677e051d13388d549f7c7,https://open.spotify.com/artist/3jLDJWlhuDcbq1DTlWp0NM
"June 20, 2016",Spells,Ben Lukas Boysen,,Independent Artist,"Berlin, Germany",Andy Battaglia,"Ben Lukas Boysen, Spells",matched,2VT721v3oyoK0Axq2IZXj0,https://open.spotify.com/album/2VT721v3oyoK0Axq2IZXj0,0lYoJnsYMVaAitj1pZVqER,Ben Lukas Boysen,Spells,2016-06-10,day,album,8.0,https://i.scdn.co/image/ab67616d0000b273707b95c215c776dd8be47269,,,,matched,https://i.scdn.co/image/ab6761610000e5ebe7b5e36c5b75adc0b1070ddb,https://open.spotify.com/artist/0lYoJnsYMVaAitj1pZVqER
"June 17, 2016",City Beautiful: A Compilation for Pulse,Various Artists,,Pulse Compilation,"Orlando, Florida",J. Edward Keyes,"Various Artists, City Beautiful: A Compilation for Pulse",no_match,,,,,,,,,,,,,,,,
"June 16, 2016",Voices,Kali Phoenix,,Independent Artist,"Glasgow, UK",Nick Williams,"Kali Phoenix, Voices",matched,2Un3doBxZSnKDcgY5bWR0R,https://open.spotify.com/album/2Un3doBxZSnKDcgY5bWR0R,4eBW6931NFNsOC9Vk9W5CA,Kali Phoenix,Voices,2016-06-17,day,album,11.0,https://i.scdn.co/image/ab67616d0000b2737890365337b63e926e7ec0eb,,,,matched,https://i.scdn.co/image/ab67616d0000b2737890365337b63e926e7ec0eb,https://open.spotify.com/artist/4eBW6931NFNsOC9Vk9W5CA
"June 15, 2016",Mirrors,Mala,,Independent Artist,"London, UK",Louis Pattison,"Mala, Mirrors",matched,6BV9LTitw8eS2xfLUIdSOS,https://open.spotify.com/album/6BV9LTitw8eS2xfLUIdSOS,0QTEYauMG3DrAVPXCYMseu,Mala,Mirrors,2016-06-24,day,album,14.0,https://i.scdn.co/image/ab67616d0000b273af4dc10d7d615d7a8b1e056e,,,,matched,https://i.scdn.co/image/ab6761610000e5ebc52fb6e5a37e643277d2ee75,https://open.spotify.com/artist/0QTEYauMG3DrAVPXCYMseu
"June 14, 2016",From the Outside,Bert Jansch,,Independent Artist,"London, UK",Amanda Wicks,"Bert Jansch, From the Outside",matched,1W9yWenDlpfbAMgNdyIBUu,https://open.spotify.com/album/1W9yWenDlpfbAMgNdyIBUu,1FqG6mhiJbhbMg43ohCT6D,Bert Jansch,From the Outside,1985-01-01,day,album,15.0,https://i.scdn.co/image/ab67616d0000b2736d4dfdc251a8ffb3954b17af,,,,matched,https://i.scdn.co/image/ab6761610000e5eb2a5531afbe1714c51458f650,https://open.spotify.com/artist/1FqG6mhiJbhbMg43ohCT6D
"June 13, 2016",Puberty 2,Mitski,Alternative,Independent Artist,"New York, New York",Summer Kim Lee,"Mitski, Puberty 2",matched,4Coa8Eb9SzjrkwWEom963Q,https://open.spotify.com/album/4Coa8Eb9SzjrkwWEom963Q,2uYWxilOVlUdk4oV9DvwqK,Mitski,Puberty 2,2016-06-17,day,album,11.0,https://i.scdn.co/image/ab67616d0000b27342cb382726e956058bf73ed3,,,,matched,https://i.scdn.co/image/ab6761610000e5ebaf731fe1a006c29152075c89,https://open.spotify.com/artist/2uYWxilOVlUdk4oV9DvwqK
"December 26, 2011",S.P.T.A. Said Person of That Ability,J-LIVE,Hip-Hop/Rap,Independent Artist,"New York, New York",Andrew Dubber,"J-LIVE, S.P.T.A. Said Person of That Ability",matched,4LM2iIdZGJyIaSYtBVs3j6,https://open.spotify.com/album/4LM2iIdZGJyIaSYtBVs3j6,5bb5uytW59wDF0gpv8iQbE,J-Live,S.P.T.A. Said Person of That Ability,2011-09-27,day,album,13.0,https://i.scdn.co/image/ab67616d0000b273eb1d066538ae5c45d25227c6,,,,matched,https://i.scdn.co/image/ab6761610000e5eb120d8ffb5dfcd3f8c73fc125,https://open.spotify.com/artist/5bb5uytW59wDF0gpv8iQbE
"December 19, 2011",Where are the Arms,Gabriel Kahane,Classical,Independent Artist,"Portland, Oregon",Andrew Dubber,"Gabriel Kahane, Where are the Arms",matched,5l1CB0zV0hfly0cyNT9MOQ,https://open.spotify.com/album/5l1CB0zV0hfly0cyNT9MOQ,1ph6inW1HWQbwPSzoD1y0e,Gabriel Kahane,Where Are the Arms,2011-09-13,day,album,11.0,https://i.scdn.co/image/ab67616d0000b2737395efcd1b47bad436f51f97,,,,matched,https://i.scdn.co/image/ab6761610000e5eb7606c00160fa8af91d48d81b,https://open.spotify.com/artist/1ph6inW1HWQbwPSzoD1y0e
"December 12, 2011",Zubatto Syndicate,Zubatto Syndicate,World,Independent Artist,"Seattle, Washington",Andrew Dubber,"Zubatto Syndicate, Zubatto Syndicate",matched,799CgLD7a804p8NlN99tVT,https://open.spotify.com/album/799CgLD7a804p8NlN99tVT,6QUtNe1Mpg67PHi7h3KiO1,Zubatto Syndicate,Zubatto Syndicate,2011-01-25,day,album,11.0,https://i.scdn.co/image/ab67616d0000b2733229839de28c262cb2394311,,,,matched,https://i.scdn.co/image/ab67616d0000b2733229839de28c262cb2394311,https://open.spotify.com/artist/6QUtNe1Mpg67PHi7h3KiO1
"December 05, 2011",The Surgery EP,Kwam MC,Hip-Hop/Rap,Independent Artist,"London, UK",Andrew Dubber,"Kwam MC, The Surgery EP",no_match,,,,,,,,,,,,,,,,
"November 27, 2011",Les Sessions Cubaines,Philémon Cimon,World,Independent Artist,"Montreal, Québec",Andrew Dubber,"Philémon Cimon, Les Sessions Cubaines",matched,0Wa9DfVK1RKIjD13G6cUyC,https://open.spotify.com/album/0Wa9DfVK1RKIjD13G6cUyC,7g1WpSVdiG70dbp3nuGU4h,Philémon Cimon,Les Sessions Cubaines,2010-05-24,day,album,11.0,https://i.scdn.co/image/ab67616d0000b2739be5a9fe3ba6608f63153785,,,,matched,https://i.scdn.co/image/ab6761610000e5ebd59657cca5b9a2b1f853d116,https://open.spotify.com/artist/7g1WpSVdiG70dbp3nuGU4h
"November 21, 2011",The Other Half of Everything,Gargleblast Records Bandcamp,Folk,Independent Artist,"Hamilton, UK",Andrew Dubber,"Gargleblast Records Bandcamp, The Other Half of Everything",no_match,,,,,,,,,,,,,,,,
"November 14, 2011",Mir,Ott,World,Independent Artist,,Andrew Dubber,"Ott, Mir",matched,5PPNTqusBEXmpa7Pl60k7n,https://open.spotify.com/album/5PPNTqusBEXmpa7Pl60k7n,77FIfTpCa6CKR5Rp3M0dnA,"Ottum, REVO DJ",Miracles (Radio Edit),2026-08-06,day,single,1.0,https://i.scdn.co/image/ab67616d0000b27371a985be61086faccb4fb549,,,,matched,https://i.scdn.co/image/ab6761610000e5eb2badbd187be02d03d16307bb,https://open.spotify.com/artist/77FIfTpCa6CKR5Rp3M0dnA
"November 06, 2011",Fire on the Vine,Bryan John Appleby,Pop,Independent Artist,"Seattle, Washington",Andrew Dubber,"Bryan John Appleby, Fire on the Vine",matched,6j965fYYfHI9nBaFqt9sNh,https://open.spotify.com/album/6j965fYYfHI9nBaFqt9sNh,3qPpwz6S0CbgMz9cGtn02l,Bryan John Appleby,Fire on the Vine,2011-07-30,day,album,11.0,https://i.scdn.co/image/ab67616d0000b273106f3f0e39e97790b756c1c9,,,,matched,https://i.scdn.co/image/b21c26b4f4c381b762492acdd2d96ab0883c9ade,https://open.spotify.com/artist/3qPpwz6S0CbgMz9cGtn02l
"October 28, 2011",Laminate Pet Animal,SNOWMINE,Alternative,Independent Artist,"Brooklyn, New York",Andrew Dubber,"SNOWMINE, Laminate Pet Animal",matched,6FQd0E8BmZUktG4BA1bS39,https://open.spotify.com/album/6FQd0E8BmZUktG4BA1bS39,0UQCSEnTVyI8gtCVEeJMKN,Snowmine,Laminate Pet Animal,2011-05-03,day,album,9.0,https://i.scdn.co/image/ab67616d0000b273257def34aa6a929e506d6808,,,,matched,https://i.scdn.co/image/8a012df7c68f41f801f1f9a9466f4445fdcd2e77,https://open.spotify.com/artist/0UQCSEnTVyI8gtCVEeJMKN
