Date,Album,Artist,Tags,Record_Label,Record_Label_Loc,Author
"May 26, 2026",the color of rain,aja monet,Blues,Independent Artist,"Los Angeles, California",Jim Allen
"May 22, 2026",Mind Abandon,Ital Tek,Electronic,Independent Artist,"England, UK",Louis Pattison
"May 21, 2026",Abu,Takkak Takkak,,Nyege Nyege Tapes,"Kampala, Uganda",Oli Warwick
"May 20, 2026",Counting Sunsets,SUSS,Country,Independent Artist,"New York, New York",Ben Salmon
"May 19, 2026",The Anthology of UnAmerican Folk Music,Marisa Anderson,Folk,Independent Artist,"Portland, Oregon",Jim Allen
"May 18, 2026",Remembering Well,Death Kneel,Metal,Life Of Sensation,"Toronto, Ontario",Luke Jackson
"May 15, 2026",Paradise Metal,π. Διονύσιος Ταμπάκης,Devotional,HEAT CRIMES,NA,J. Bennett
"May 14, 2026",Soltera y Su Sonido Sexual,Soltera & Sonido Sex,Electronic,SOLTERA,"Los Angeles, California",Richard Villegas
"May 13, 2026",Detached From The Rest Of You,Loraine James,Electronic,Independent Artist,"London, UK",Marshall Gu
"May 12, 2026",CEREMONIAL,Black Milk,Hip-Hop/Rap,Independent Artist,"Detroit, Michigan",Dylan Green
"May 11, 2026",Towards An Expanse,Dumama,Experimental,Independent Artist,South Africa,April Clare Welsh
"May 08, 2026",Train On The Island,Aldous Harding,Alternative,Independent Artist,New Zealand,Elle Carroll
"May 07, 2026",Cold Comfort,Stik Figa & Heather Grey,Hip-Hop/Rap,Stik Figa,"Fort Worth, Texas",Dash Lewis
"May 06, 2026",Poem 1,Ana Roxanne,Pop,Independent Artist,NA,Matthew Blackwell
"May 05, 2026",Resonance of Time (የጊዜ ቃና),Wesenyeleh Mebreku,World,Independent Artist,"Addis Ababa, Ethiopia",Dean Van Nguyen
"May 04, 2026",FENIAN,Kneecap,Hip-Hop/Rap,KNEECAP,"Belfast, UK",Sarah O&#39;Neal
"May 01, 2026",The Horizon Spirals / The Horizon Viral,OOIOO / Lightning Bolt,Alternative,OOIOO,Japan,Erick Bradshaw
"April 30, 2026",Bleak Days Ahead,Pure Wrath,Metal,Independent Artist,"West Java, Indonesia",Luke Jackson
"April 29, 2026",May a soft sun bless your sky while you wait for the inevitable,Charbel Harber,Classical,Charbel Haber,"Beirut, Lebanon",George Grella
"April 28, 2026",Brooklyn Stories 1-5,Ayman Fanous,Experimental,Infrequent Seams,New York,George Grella
"April 27, 2026",Orange,White Fence,Alternative,Independent Artist,"Los Angeles, California",Martin Douglas
"April 24, 2026",Confession,Carla dal Forno,Alternative,Independent Artist,"Castlemaine, Australia",April Clare Welsh
"April 23, 2026",Ephemeral & Fleeting: Modular Music of Japan,Various Artists,Ambient,ato.archives,"Tokyo, Japan",Patrick St. Michel
"April 22, 2026",Santa Rosa,Fat Ray & Raphy,Hip-Hop/Rap,Fat Ray,"Detroit, Michigan",Martin Douglas
"April 21, 2026",Falling In Love Is Wonderful (2026 Remaster),Jimmy Scott,Jazz,Independent Artist,"Las Vegas, Nevada",Britt Robson
"April 20, 2026",Oknha Stamina,Neo Geodesia,World,CHINABOT,"London, UK",Matthew Blackwell
"April 17, 2026",Diamond Cutter,Eve Maret,Electronic,Independent Artist,"Nashville, Tennessee",Will Ainsley
"April 16, 2026","A Certain Smile, A Certain Sadness (30th Anniversary Edition)",Rocketship,Alternative,Independent Artist,"Portland, Oregon",Hayden Merrick
"April 15, 2026",Hannah Lew,Hannah Lew,Alternative,Independent Artist,"Richmond, California",Jennifer Kelly
"April 14, 2026",Incorregible,Rosa Pistola,Electronic,ROSA PISTOLA,Mexico,Maria Barrios
"April 13, 2026",Softest Attack,Prism Shores,Alternative,Independent Artist,"Montreal, Québec",Ben Salmon
"April 10, 2026",Evergreen In Your Mind,Juni Habel,Acoustic,Independent Artist,"Viken, Norway",Brad Sanders
"April 09, 2026",Lero Lero,Lero Lero,World,Black Sweat Records,Italy,Megan Iacobini de Fazio
"April 08, 2026",Glass and Bones,Makthaverskan,Punk,Independent Artist,"Gothenburg, Sweden",Elle Carroll
"April 07, 2026",It Wasn’t Nothing,Scissor Fits,Punk,Independent Artist,"Hounslow, UK",Erick Bradshaw
"April 06, 2026",Solid Static,Musica Transonic + Mainliner,Rock,Independent Artist,"Tokyo, Japan",Jim Allen
"April 03, 2026","MIKE & SURF GANG, POMPEII // UTILITY",Earl Sweatshirt,Hip-Hop/Rap,MIKE,"New York, New York",Martin Douglas
"April 02, 2026","Connecters Volume 1: Original Recordings, 1992–1999",Larrison,Experimental,Freedom To Spend,"New York, New York",Matthew Blackwell
"April 01, 2026",Two Wheels Move the Soul,Robber Robber,Rock,Independent Artist,"Burlington, Vermont",Stuart Berman
"March 31, 2026","Fight The Fire: Digital Reggae, Conscious Roots and Dub in Nigeria 1986–91",Various Artists,Reggae,Soundway Records,UK,Dean Van Nguyen
"March 30, 2026",High Cube,Foote/Dickow,Electronic,Independent Artist,"Los Angeles, California",April Clare Welsh
"March 27, 2026",Path of Totality,The Montvales,Country,Independent Artist,"Knoxville, Tennessee",Ben Salmon
"March 26, 2026",Emeralds,Parlor Greens,Funk,Independent Artist,"Loveland, Ohio",Blake Gillespie
"March 25, 2026",Optimizer,Stuck,Alternative,Independent Artist,"Chicago, Illinois",Zara Hedderman
"March 24, 2026",Brilliance of a Falling Moon,dälek,Hip-Hop/Rap,Dälek,"Union City, New Jersey",Jon Buckland
"March 20, 2026",in filth your mystery is kingdom / far smile peasant in yellow music,Dagmar Zuniga,Experimental,dagmar zuniga,"New York, New York",Matthew Blackwell
"March 19, 2026",Breaking the Catatonic State,Crouch,Metal,Independent Artist,Belgium,Luke Jackson
"March 18, 2026",Blumenfantasie,Xylitol,Electronic,Independent Artist,UK,Joe Muggs
"March 17, 2026",Comfortably Suffering,Duncecap & Samurai Banana,Hip-Hop/Rap,Duncecap,"Queens, New York",Martin Douglas
"March 16, 2026",Transmitter,Cut Worms,Alternative,Independent Artist,"Brooklyn, New York",Harry Levin
"March 13, 2026",Hard Hearted Woman,Ora Cogan,Alternative,Independent Artist,NA,Jim Allen
"March 12, 2026",Weimar,Mary Ocher,Alternative,Independent Artist,"Berlin, Germany",April Clare Welsh
"March 11, 2026",Music in Continuous Motion,Bill Orcutt,Experimental,Independent Artist,"San Francisco, California",Jennifer Kelly
"March 10, 2026",News from Planet Zombie,The Notwist,Experimental,Independent Artist,Germany,Jim Allen
"March 09, 2026",Albini Sessions,Fugazi,Punk,Independent Artist,"Washington, D.C.",Erick Bradshaw
"March 06, 2026",HELP(2),Various Artists,Alternative,War Child Records,UK,Jude Noel
"March 05, 2026",Of The Earth,Shabaka,Jazz,Independent Artist,UK,Will Ainsley
"March 04, 2026",Sirenoscape,NIMF,Experimental,Independent Artist,"Dublin, Ireland",Harry Levin
"March 03, 2026",Overspace & Supertime,Cryptic Shift,Metal,Independent Artist,"Leeds, UK",Brad Sanders
"March 02, 2026",My Days of 58,Bill Callahan,Folk,Independent Artist,"Austin, Texas",Jim Allen
"February 27, 2026",Prove The Mountains Move,EXEK,Alternative,Independent Artist,"Melbourne, Australia",Erick Bradshaw
"February 26, 2026",Sí aquí llegó ya,El Gran Grupo,Latin,Independent Artist,"Caracas, Venezuela",Maria Barrios
"February 25, 2026",My World is the Sun,Dominique Fils-Aimé,R&amp;B/Soul,Independent Artist,"Montreal, Québec",Ben Salmon
"February 24, 2026",OTONOMA,Midori Hirano,Electronic,Independent Artist,"Berlin, Germany",George Grella
"February 23, 2026",Too Late to Start Following the Rules Now,Chris Crack,Hip-Hop/Rap,Independent Artist,"Grand Junction, Colorado",Dylan Green
"February 20, 2026",DISCOMBOBULATED,Hen Ogledd,Electronic,Independent Artist,"Newcastle Upon Tyne, UK",Jennifer Kelly
"February 19, 2026",Paper Masks,Phew and Danielle de Picciotto,,Phew,"Tokyo, Japan",Erick Bradshaw
"February 18, 2026",Instant Comfort,Lucid Express,Rock,Independent Artist,Hong Kong,Josh Feola
"February 17, 2026",Kin,KMRU,Ambient,Independent Artist,"Nairobi, Kenya",April Clare Welsh
"February 13, 2026",Necropalace,Worm,Metal,Independent Artist,Florida,Luke Jackson
"February 12, 2026",Mastery Quantum Sound,Various Artists,Ambient,Houndstooth,"London, UK",Sam Davies
"February 11, 2026",respite ∞ levity for the nameless ghost in crisis (Expanded),Colin Self,Experimental,Independent Artist,New York,April Clare Welsh
"February 10, 2026",Laughter In Summer,Beverly Glenn-Copeland,Electronic,Independent Artist,"Hamilton, Ontario",Ted Davis
"February 09, 2026",DOUBLE-WIDE,Charles “Poppy Bob” Walker,Ambient,Charles &#39;Poppy Bob&#39; Walker,"Yuma, Arizona",Jennifer Kelly
"February 06, 2026",Butterfly,Daphni,Electronic,Caribou,"London, UK",Joe Muggs
"February 05, 2026",Noor,Yamila,Electronic,Umor Rex,"Mexico City, Mexico",Peter Margasak
"February 04, 2026",Tilaye’s Saxophone With The Dahlak Band (የጥላዬ ሳክስ ከዳህላክ ባንድ ጋር),Tilaye Gebre,World,Independent Artist,"Addis Ababa, Ethiopia",Dean Van Nguyen
"February 03, 2026",EXPO,Ulrika Spacek,Alternative,Independent Artist,"London, UK",Elle Carroll
"February 02, 2026",Wahj,Toni Geitani,Ambient,Independent Artist,"Beirut, Lebanon",Matthew Blackwell
"January 31, 2026",Maybe You Should Talk To Someone,Haruhi Kobayashi,Classical,Independent Artist,"Chicago, Illinois",George Grella
"January 29, 2026",Not Here Not Gone,Blackwater Holylight,Metal,Independent Artist,"Portland, Oregon",Grayson Haver Currin
"January 28, 2026","low clouds hang, this land is on fire",Tashi Dorji,Alternative,Independent Artist,"Asheville, North Carolina",Mike McGrath-Bryan
"January 27, 2026",Yatta!,YĪN YĪN,Alternative,Independent Artist,"Maastricht, Netherlands",Dean Van Nguyen
"January 26, 2026",Euphoria Bound,Shackleton,Electronic,Independent Artist,"Berlin, Germany",Lewis Gordon
"January 23, 2026",Mutudi Ua Ufolo / Viuva Da Liberdade 1975,David Zé,World,David Ze,"Luanda, Angola",Dean Van Nguyen
"January 22, 2026",Desert So Green,Winged Wheel,Rock,Winged Wheel,"Detroit, Michigan",Stuart Berman
"January 21, 2026",Come Out Come Out (30th Anniversary Edition),Cub,Alternative,cub,"Vancouver, British Columbia",Jude Noel
"January 20, 2026",A-Rhythm Absolute,Sunday Mourners,Alternative,Independent Artist,"Los Angeles, California",Elle Carroll
"January 16, 2026",Appalachia,Emily Scott Robinson,Country,Independent Artist,"Nashville, Tennessee",Ben Salmon
"January 15, 2026",Xiu Mutha F—in’ Xiu: Vol. 1,Xiu Xiu,Alternative,Independent Artist,"Los Angeles, California",Jon Buckland
"January 14, 2026",WABI SABI,Sotomayor,Electronic,Independent Artist,"Mexico City, Mexico",Matthew Ismael Ruiz
"December 05, 2025",Ethereal Horizons,Blut Aus Nord,Metal,Independent Artist,France,Brad Sanders
"December 04, 2025",SAD,Ikonika,Electronic,Independent Artist,"London, UK",April Clare Welsh
"December 03, 2025",Late Shift Silk,Various Artists,Electronic,100% Silk,California,Harry Levin
"December 02, 2025",Putcha Weight On It,Von Pea & The Other Guys,Hip-Hop/Rap,Von Pea,New York,Dash Lewis
"December 01, 2025",Ghana Special: Highlife,Various Artists,World,Soundway Records,UK,Dean Van Nguyen
"November 26, 2025",BANG,Iona Zajac,Alternative,Independent Artist,"Glasgow, UK",Brad Sanders
"November 25, 2025",Songs From My Castle Tower,MJ Noble,Electronic,Independent Artist,"Los Angeles, California",Ted Davis
"November 24, 2025",سماع [Sama’a] (Audition),أحمد [Ahmed],Jazz,Independent Artist,NA,Jinhyung Kim
"November 21, 2025",Implosion,The Bug vs Ghost Dubs,Electronic,Independent Artist,"Brussels, Belgium",Erick Bradshaw
"November 20, 2025",Southside Mixtape,DJ Lag,Electronic,Independent Artist,"Johannesburg, South Africa",Joseph Francis
"November 19, 2025",Blue Abstraction: Prepared Piano Project 1985–1987,Jessica Williams,Jazz,Pre-Echo Press,"New York, New York",George Grella
"November 18, 2025",PAUL KIDNEY JAPANESE EXPERIENCE,Paul Kidney Experience,Experimental,Independent Artist,"Melbourne, Australia",Jon Dale
"November 17, 2025",Panorama,Hélène Barbier,Pop,Independent Artist,"Montreal, Québec",Matt Watton
"November 14, 2025",Basic Country Mustard,Red River Dialect,Folk,Independent Artist,"London, UK",Jennifer Kelly
"November 13, 2025",Fire of God’s Love,Sister Irene O’Connor,Devotional,Freedom To Spend,"New York, New York",Matthew Blackwell
"November 12, 2025",Faith In The Unknown,Shungu,Hip-Hop/Rap,Independent Artist,"Brussels, Belgium",Dash Lewis
"November 11, 2025",How You Been,SML,Jazz,International Anthem,"Chicago, Illinois",Will Ainsley
"November 10, 2025",Chigiyo Music Kings 1987–1998,Zig-Zag Band,World,Analog Africa,Germany,Dean Van Nguyen
"November 07, 2025",AFTER,yaz lancaster,Electronic,Independent Artist,"New York, New York",George Grella
"November 06, 2025",Batakari,Ata Kak,World,Independent Artist,Ghana,Marshall Gu
"November 05, 2025",31 Days of Burning Limos,The Burning Limos,Punk,Independent Artist,"Indianapolis, Indiana",Sims Hardin
"November 04, 2025",Paradís,Júlia Colom,Pop,Independent Artist,"IB, Spain",Maria Barrios
"November 03, 2025",InitiatriX,Ship Sket,Electronic,Independent Artist,UK,April Clare Welsh
"October 31, 2025",Eroica II: Christian Nihilism,Chino Amobi,Hip-Hop/Rap,Drowned By Locals,"Amman, Jordan",Dylan Green
"October 30, 2025",The Night Has Eyes,The Spells,Alternative,Independent Artist,"New York, New York",Stuart Berman
"October 29, 2025","Techno Logic, The People’s Mixtape, Hidden Out, and PopUp Shop",Makaya McCraven,Jazz,International Anthem,"Chicago, Illinois",Peter Margasak
"October 28, 2025",Ajomasé,Gasper Lawal,World,Strut,"London, UK",Dean Van Nguyen
"October 27, 2025",Just Wanna Live Some,Perera Elsewhere,Alternative,Independent Artist,"Berlin, Germany",Christian Askin
"October 24, 2025",Tehrangeles Vice (Iranian Diaspora Pop 1983-1993),Various Artists,Pop,Discotchari,"Los Angeles, California",Megan Iacobini de Fazio
"October 23, 2025",8 Automated Works,Componium Ensemble,Electronic,EM Records,"Osaka Prefecture, Japan",Lewis Gordon
"October 22, 2025",Hard Ware,Patrick Cowley,Electronic,Independent Artist,"San Francisco, California",Will Ainsley
"October 21, 2025",THE BPM,Sudan Archives,Pop,Independent Artist,"Los Angeles, California",Carrie McClure
"October 20, 2025",Amasia: Anamibia Sessions 2,Melvin Gibbs,Jazz,Independent Artist,"Brooklyn, New York",George Grella
"October 17, 2025",Latincore Legend,CRRDR,Latin,Independent Artist,"Bogota, Colombia",Christian Askin
"October 16, 2025",On the Run,Shutaro Noguchi & the Roadhouse Band,Pop,Sophomore Lounge,"Jeffersonville, Indiana",Patrick St. Michel
"October 15, 2025",Brigitte Fontaine Est Folle: Special Edition,Brigitte Fontaine,World,WEWANTSOUNDS,"Paris, France",Jim Allen
"October 14, 2025",Scarecrow II,The Telephone Numbers,Alternative,Independent Artist,"San Francisco, California",Ben Salmon
"October 13, 2025",SCALD,Macy Rodman,Pop,Independent Artist,"New York, New York",Jude Noel
"October 10, 2025",The Beep Test,God Alone.,Punk,Independent Artist,"Cork, Ireland",Spencer Hughes
"October 09, 2025",Uncrossing the Keys,Wode,Metal,Independent Artist,"Manchester, UK",Grayson Haver Currin
"October 08, 2025",Elusive,Potential Badboy,Reggae,Official Potential Badboy,"London, UK",Dean Van Nguyen
"October 07, 2025",Out The Way,Marta & Tricky,Alternative,Tricky  // False Idols,"Berlin, Germany",Joe Muggs
"October 06, 2025",Sidenote,Joker Starr,Hip-Hop/Rap,Boot Records,UK,Dash Lewis
"October 03, 2025",Root Echoes,DJ Babatr,Electronic,HAKUNA KULALA,"Kampala, Uganda",Joseph Francis
"October 02, 2025",Worldwide,Snooper,Punk,Independent Artist,"Nashville, Tennessee",Spencer Hughes
"October 01, 2025","The Golden Voice of Phnom Penh, 1962–1974",So Savoeun,World,Akuphone,France,Elle Carroll
"September 30, 2025",Turning Yr Back on the Dolphin,Palm Springs,Alternative,Independent Artist,"Melbourne, Australia",Jennifer Kelly
"September 29, 2025",Neon Grey Midnight Green,Neko Case,Alternative,Independent Artist,"Seattle, Washington",Jennifer Kelly
"September 26, 2025",A Piece of Infinity,Meklit,World,Independent Artist,"San Francisco, California",Dean Van Nguyen
"September 25, 2025",Surfing On Sine Waves (Expanded Edition),Aphex Twin,Electronic,Independent Artist,UK,April Clare Welsh
"September 24, 2025",History of Silence,múm,Electronic,Independent Artist,Iceland,JR Moores
"September 23, 2025",The Bestiary,Castle Rat,Metal,Independent Artist,"Brooklyn, New York",Brad Sanders
"September 22, 2025",Warsaw 480km,pôt-pot,Alternative,Independent Artist,NA,Collin Smith
"September 19, 2025",Level-Headed Even Smile,Dylan Earl,Country,Independent Artist,"Fayetteville, Arkansas",Brad Sanders
"September 18, 2025",I Remember I Forget بنسى وبتذكر,Yasmine Hamdan,Electronic,Independent Artist,"Beirut, Lebanon",Sarah O&#39;Neal
"September 17, 2025",Sasquatch Landslide,The Dwarfs Of East Agouza,Experimental,Constellation Records,"Montreal, Québec",Jon Dale
"September 16, 2025",Exinfinite,Venera,Experimental,Independent Artist,"Los Angeles, California",Ted Davis
"September 15, 2025",SWEET TOOTH,Halima,Pop,Independent Artist,"New York, New York",April Clare Welsh
"September 12, 2025",Broken Homes and Gardens,Michael Hurley,Folk,Independent Artist,"Astoria, Oregon",Jim Allen
"September 11, 2025",Body Lapse,Rian Treanor & Cara Tolmie,Electronic,Rian Treanor,"Rotherham, UK",April Clare Welsh
"September 10, 2025",A Danger to Ourselves,Lucrecia Dalt,Electronic,Independent Artist,NA,James Gui
"September 09, 2025",Throwing Shapes,Throwing Shapes,Ambient,Gareth Quinn Redmond,"Dublin, Ireland",Mike McGrath-Bryan
"September 08, 2025",Philip Glass: The Complete Piano Etudes,Vanessa Wagner,Classical,Independent Artist,"Montreuil, France",Jennifer Kelly
"September 05, 2025",The Radiant Radish,Jetski,Electronic,Independent Artist,"Peoria, Illinois",Erick Bradshaw
"September 04, 2025",Love Chant,The Lemonheads,Alternative,Independent Artist,"Boston, Massachusetts",Jude Noel
"September 03, 2025",I Made My House,Eliot Krimsky,Experimental,Independent Artist,"Brooklyn, New York",Matthew Blackwell
"September 02, 2025",Leo Negro,JayWood,Hip-Hop/Rap,Independent Artist,"Montreal, Québec",Filipe Costa
"August 29, 2025",Vanguardia Subterránea: Live at The Village Vanguard,Miguel Zenón Quartet,Jazz,Miguel Zenón,"New York, New York",Britt Robson
"August 28, 2025",The Heat Warps,Modern Nature,Folk,Independent Artist,"Cambridge, UK",Jennifer Kelly
"August 27, 2025",GUSH,Kaitlyn Aurelia Smith,Ambient,Independent Artist,"Los Angeles, California",Ted Davis
"August 26, 2025",The Collapse Of Everything,Adrian Sherwood,Electronic,Independent Artist,UK,April Clare Welsh
"August 25, 2025",Music for Writers,Steve Gunn,Folk,Independent Artist,"Brooklyn, New York",Grayson Haver Currin
"August 22, 2025",It’s A Beautiful Place,Water From Your Eyes,Alternative,Independent Artist,"Brooklyn, New York",Stuart Berman
"August 21, 2025",Cool Down the Heat,Junior Murvin,Reggae,Independent Artist,Jamaica,Jared Proudfoot
"August 20, 2025",CBGB 12.13.88,Galaxie 500,Alternative,Independent Artist,"Boston, Massachusetts",George Grella
"August 19, 2025",Sortilège,Gabe ‘Nandez & Preservation,Hip-Hop/Rap,Gabe &#39;Nandez,"New York, New York",Nadine Smith
"August 18, 2025",Luke’s Garage,Delicate Steve,Alternative,Independent Artist,New Jersey,Elle Carroll
"August 15, 2025",Laurentian Blue and Songs of Hiraeth,Panopticon,Folk,"truepanopticon.bandcamp.com"" data-clickthrough=""Panopticon","Ely, Minnesota",Ben Salmon
"August 14, 2025",Acqua Marina,Prefaces,Jazz,Hisstology,Lebanon,Jim Allen
"August 13, 2025",Utero Dei,Mondo Lava,Experimental,Independent Artist,"Pamplona, Spain",Ted Davis
"August 12, 2025",Anyway,Anamanaguchi,Alternative,Independent Artist,"New York, New York",Eli Schoop
"August 11, 2025",ABOMINATION REVEALED AT LAST,OSEES,Punk,Osees,"Los Angeles, California",Harry Levin
"August 08, 2025",Somewhere Only We Go,Tommy WÁ,Alternative,Independent Artist,"Accra, Ghana",Ted Davis
"August 07, 2025",Bliss,alice does computer music,Experimental,Independent Artist,"New York, New York",Elle Carroll
"August 06, 2025",Grasping For the Moon,Untethered,Jazz,Paul Giess,"Philadelphia, Pennsylvania",Peter Margasak
"August 05, 2025",THE FUTURE IS HERE AND EVERYTHING NEEDS TO BE DESTROYED,The Armed,Punk,Independent Artist,"Detroit, Michigan",Spencer Hughes
"August 04, 2025",The Starrr Of The Queen Of Life,DEBBY FRIDAY,Pop,Independent Artist,"Toronto, Ontario",Rae-Aila Crumble
"August 01, 2025",Ashes That Made The Shape Of My Dreams,𝘮𝘦𝘵𝘳𝘢.𝘷𝘦𝘴𝘵𝘭𝘶𝘥,Electronic,Independent Artist,NA,Ted Davis
"July 31, 2025",Sure Beats Living,Wevie Stonder,Alternative,Independent Artist,UK,Joe Muggs
"July 30, 2025",Louhi,Pharaoh Overlord,Experimental,Independent Artist,"Pori, Finland",JR Moores
"July 29, 2025",Then The Darkness,Grayceon,Metal,Independent Artist,"San Francisco, California",JR Moores
"July 28, 2025","Bitter Sweet, Sweet Bitter",Fortunato Durutti Marinetti,Rock,Independent Artist,"Toronto, Ontario",Stuart Berman
"July 25, 2025",Music for Nitrous Oxide (30 Year Anniversary Remastered),Stars of the Lid,Ambient,Independent Artist,"Brussels, Belgium",Erick Bradshaw
"July 24, 2025",Jittoku ’76,Les Rallizes Dénudés,Experimental,Independent Artist,"Kyoto, Japan",Erick Bradshaw
"July 23, 2025",Tectonic Sound,Various Artists,Electronic,Tectonic Recordings,"Bristol, UK",Joe Muggs
"July 22, 2025",Contacting,Sunmundi & Sasco,Hip-Hop/Rap,Sasco,"Brooklyn, New York",Dylan Green
"July 21, 2025",The Molokai Compendium,Nmesh,Electronic,Independent Artist,"Louisville, Kentucky",Ted Davis
"July 18, 2025",Beside Myself,Dj Haram,Electronic,dj haram,"Brooklyn, New York",Joe Muggs
"July 17, 2025",Flesh Mourning,Re-Buried,Metal,Independent Artist,"Seattle, Washington",Brad Sanders
"July 16, 2025",My Home is Not In This World,Natalie Bergman,R&amp;B/Soul,Independent Artist,"Chicago, Illinois",Jennifer Kelly
"July 15, 2025",Neighborhood Gods Unlimited,Open Mike Eagle,Hip-Hop/Rap,Independent Artist,Los Angeles,Dash Lewis
"July 14, 2025",All Smiles Tonight,Poor Creature,Folk,Independent Artist,NA,Mike McGrath-Bryan
"July 11, 2025",The Fateful Symmetry,Mark Stewart,Alternative,Independent Artist,"Bristol, UK",Jim Allen
"July 10, 2025",Attrition,Slikback,Electronic,Independent Artist,"Nairobi, Kenya",Joseph Francis
"July 09, 2025",State Change,Molly Joyce,Electronic,Independent Artist,"Charlottesville, Virginia",Matthew Blackwell
"July 08, 2025",A Selection Of Music From Libyan Tapes,Various Artists,World,Habibi Funk Records,"Berlin, Germany",Collin Smith
"July 07, 2025",Nadir,Sababa 5,Jazz,Independent Artist,"Paris, France",Tina Edwards
"July 03, 2025",Pantilde,The Worm,Folk,Independent Artist,"Penryn, UK",JR Moores
"July 02, 2025",Late Great,Laura Stevenson,Folk,Independent Artist,New York,Hayden Merrick
"July 01, 2025",Various Artists: Music For A Revolution Vol 1: Guinea’s Syliphone Recording Label (1967-1973),Radio Martiko,World,Independent Artist,Belgium,Matthew Blackwell
"June 30, 2025",Winged Victory,Willi Carlisle,Country,Independent Artist,Missouri,Ben Salmon
"June 27, 2025",Switcheroo,Gelli Haha,Pop,Independent Artist,"Los Angeles, California",Elle Carroll
"June 26, 2025",Sunwise,Brìghde Chaimbeul,Folk,Independent Artist,"Scotland, UK",Michal Wieczorek
"June 25, 2025",R4,Black Sites,Electronic,Tresor Records,"Berlin, Germany",Joe Muggs
"June 24, 2025",The Way of Time,Biosphere,Ambient,Independent Artist,"Tromsø, Norway",Louis Pattison
"June 23, 2025",INFINITY CLUB II,BAMBII,Electronic,Independent Artist,"Toronto, Ontario",April Clare Welsh
"June 20, 2025",do it afraid,Yaya Bey,R&amp;B/Soul,yaya bey,"Brooklyn, New York",Rae-Aila Crumble
"June 18, 2025",My Government Is My Soul,Bourbonese Qualk,Punk,Mannequin Records,Germany,Jim Allen
"June 17, 2025",I Saw The World End (Hangman’s Hymn MMXXV),Sigh,Metal,Peaceville,"London, UK",Brad Sanders
"June 16, 2025",A Room With A Door That Closes,Maiya Blaney,Alternative,Independent Artist,"New York, New York",Fred Pessaro
"June 13, 2025",Phantom Island,King Gizzard & the Lizard Wizard,Rock,King Gizzard &amp; The Lizard Wizard,"Melbourne, Australia",Jude Noel
"June 12, 2025",Island Slang,Lagoss & Abagwagwa,Electronic,Lagoss,"CN, Spain",Ted Davis
"June 11, 2025",Tether,Annahstasia,R&amp;B/Soul,Independent Artist,"Los Angeles, California",Jim Allen
"June 10, 2025","Magic, Alive!",McKinley Dixon,Hip-Hop/Rap,Independent Artist,"Richmond, Virginia",Dylan Green
"June 09, 2025",Los Bosquesinos,Wampís of Guayabal & Aboutface,World,Aboutface,UK,Matthew Blackwell
"June 06, 2025",Ripped and Torn,Lifeguard,Rock,Independent Artist,"Chicago, Illinois",Erick Bradshaw
"June 05, 2025",Faith,Purelink,,Independent Artist,"Brooklyn, New York",Matthew Blackwell
"June 04, 2025","It’s Closeness, It’s Easy",Planning For Burial,Metal,Independent Artist,"Wilkes Barre, Pennsylvania",J. Bennett
"June 03, 2025",Não Estragou Nada,Various Artists,Electronic,Príncipe,"Lisbon, Portugal",Joseph Francis
"June 02, 2025",Chrome Dipped,Civic,Rock,Independent Artist,"Melbourne, Australia",Jennifer Kelly
"May 30, 2025",Possession,Ty Segall,Alternative,Independent Artist,"Los Angeles, California",Collin Smith
"May 29, 2025",Black Hole Superette,Aesop Rock,Hip-Hop/Rap,Independent Artist,NA,Sam Davies
"May 28, 2025",Dubs From the Foundation,Iration Steppas,Reggae,VP Records,"Queens, New York",Andy Thomas
"May 27, 2025",Idolar,Moskito,World,Independent Artist,"Johannesburg, South Africa",Joseph Francis
"May 23, 2025",Instant Holograms On Metal Film,Stereolab,Alternative,Independent Artist,"London, UK",Erick Bradshaw
"May 22, 2025",The Loss,Mares of Thrace,Metal,Mares Of Thrace,"Calgary, Alberta",Grayson Haver Currin
"May 21, 2025",Somnia,Swimming Bell,Alternative,Independent Artist,New York,Jennifer Kelly
"May 20, 2025",Delicious,Alex Paxton,Classical,Independent Artist,"London, UK",Peter Margasak
"May 19, 2025","Mike Vest, & Dave Sneddon, To Be True, Then The Loop Will Run Forever",Kawaguchi Masami 川口雅巳,Rock,WV Sorcerer Productions 巫唱片,France,Jim Allen
"May 16, 2025",Musical Chairs,Artificial Go,Punk,Independent Artist,"Cincinnati, Ohio",Erick Bradshaw
"May 15, 2025",Reflection Of Another Self,Milena Casado,Jazz,Independent Artist,Spain,Matthew Blackwell
"May 14, 2025",pachamami,Dinamarca & Meth Math,Electronic,dinamarca,"Stockholm, Sweden",Joseph Francis
"May 13, 2025",Land’s End Eternal,Cole Pulice,Ambient,Independent Artist,"Oakland, California",Matthew Blackwell
"May 12, 2025",Road Fever: New Generation Carnival Riddims from St. Lucia and Dominica,Various Artists,World,Soundway Records,UK,Maria Barrios
"May 09, 2025",spelewithiipi,Nechochwen,Folk,Independent Artist,West Virginia,Brad Sanders
"May 08, 2025",Sonor,Enji,Jazz,Independent Artist,"Munich, Germany",Shy Clara Thompson
"May 07, 2025",Deserted Palace,Jean-Michel Jarre,Electronic,Transversales Disques,"Paris, France",Jim Allen
"May 06, 2025",YEARN IV,Teether & Kuya Neil,Hip-Hop/Rap,Teether &amp; Kuya Neil,"Melbourne, Australia",Christina Lee
"May 05, 2025",Clandestine,Anysia Kym & Loraine James,R&amp;B/Soul,Anysia Kym,"New York, New York",April Clare Welsh
"May 02, 2025",Lake Fire,loscil,Electronic,Independent Artist,Vancouver,Jon Dale
"May 01, 2025",IN WAYS,Slung,Rock,Independent Artist,"Brighton And Hove, UK",Spencer Hughes
"April 30, 2025",Dream of Snakes,Lila Tirando a Violeta,Electronic,Independent Artist,Uruguay,Joe Muggs
"April 29, 2025",(The) Forever Dream,Fly Anakin,Hip-Hop/Rap,Independent Artist,"Richmond, Virginia",Nadine Smith
"April 28, 2025",Let Me Out,Fatboi Sharif & Driveby,Hip-Hop/Rap,Deathbomb Arc,Hawaii,Dash Lewis
"April 25, 2025","TV, Anime & Manga New Age Soundtracks 1984–1993",Various Artists,Electronic,Time Capsule,"London, UK",Lewis Gordon
"April 24, 2025",Totality,Natural Information Society and Bitchin Bajas,Experimental,Bitchin Bajas,"Chicago, Illinois",Jennifer Kelly
"April 23, 2025",What Did the Blackbird Say to the Crow,Rhiannon Giddens & Justin Robinson,Country,Rhiannon Giddens,"Nashville, Tennessee",Devon Leger
"April 22, 2025",Jesus-Christ Ne Deçoit Pas,Jess Sah Bi,World,Independent Artist,"San Francisco, California",Megan Iacobini de Fazio
"April 21, 2025",Evil Plan የክፋት እቅድ,Ukandanz,Rock,Independent Artist,Ethiopia,Brad Sanders
"April 18, 2025",Chime Oblivion,Chime Oblivion,Punk,John Dwyer,"Los Angeles, California",Elle Carroll
"April 17, 2025",Turbo Meltdown,HHY & The Kampala Unit,Electronic,Nyege Nyege Tapes,"Kampala, Uganda",April Clare Welsh
"April 16, 2025",Neu Om,Amanda Mur,Experimental,Independent Artist,"Madrid, Spain",Louis Pattison
"April 15, 2025",Le Sacre Du Soleil Invaincu,Neptunian Maximalism,Experimental,"I, Voidhanger Records",Italy,George Grella
"April 14, 2025",Disk Musik: A DD. Records Compilation,Various Artists,Experimental,Phantom Limb,"Brighton, UK",Matthew Blackwell
"April 11, 2025",The Spin,Messa,Metal,Independent Artist,Italy,JR Moores
"April 10, 2025","Owls, Omens, and Oracles",Valerie June,Alternative,Independent Artist,"Memphis, Tennessee",Jim Allen
"April 09, 2025",Stochastic Drift,Barker,Electronic,Independent Artist,"Berlin, Germany",April Clare Welsh
"April 08, 2025",A Requiem,Penelope Trappes,Alternative,Independent Artist,"Brighton, UK",Louis Pattison
"April 07, 2025",The Wigmaker in Eighteenth-Century Williamsburg,To Live and Shave in LA,Experimental,To Live and Shave in L.A.,"Miami, Florida",Erick Bradshaw
"April 04, 2025",Volcanic Reality,Apparitions,Experimental,Independent Artist,"Houston, Texas",Brad Sanders
"April 03, 2025",Ginkgo,Panchiko,Rock,Independent Artist,"Nottingham, UK",Eli Schoop
"April 02, 2025",The Trials And Tribulations Of…,Clikatat Ikatowi,Punk,Independent Artist,"San Diego, California",Erick Bradshaw
"April 01, 2025",Antigone,Eiko Ishibashi,Experimental,Independent Artist,"Tokyo, Japan",Patrick St. Michel
"March 31, 2025",That’s the Price of Loving Me,Dean Wareham,Alternative,Independent Artist,"Los Angeles, California",Hayden Merrick
"March 28, 2025",Letters From The Atlantic,Butcher Brown,Jazz,Independent Artist,"Richmond, Virginia",Dash Lewis
"March 27, 2025",Rammana,Salin,World,Independent Artist,"Montreal, Québec",James Gui
"March 26, 2025",Only Dust Remains,Backxwash,Hip-Hop/Rap,Independent Artist,"Montreal, Québec",Marshall Gu
"March 25, 2025",Kick It Over,Motorbike,Punk,Independent Artist,"Cincinnati, Ohio",Brad Sanders
"March 24, 2025",Goldstar,Imperial Triumphant,Metal,Independent Artist,"New York, New York",Grayson Haver Currin
"March 21, 2025",Flora,Hiroshi Yoshimura,Ambient,Independent Artist,"Tokyo, Japan",Shy Clara Thompson
"March 20, 2025",Warlord of the Weejuns,Goya Gumbani,Hip-Hop/Rap,Independent Artist,"London, UK",Nadine Smith
"March 19, 2025",Birthmarks,Bambara,Rock,Independent Artist,"Brooklyn, New York",Will Ainsley
"March 18, 2025",Moonlight Concessions,Throwing Muses,Rock,Independent Artist,Rhode Island,Jim Allen
"March 17, 2025","Josh Johnson & Sam Wilkes, Uhlmann Johnson Wilkes",Gregory Uhlmann,Jazz,International Anthem,"Chicago, Illinois",Michael J. West
"March 14, 2025",Yarın Yoksa,Derya Yıldırım & Grup Şimşek,World,Derya Yıldırım &amp; Grup Şimşek,"Berlin, Germany",Elle Carroll
"March 13, 2025",Greyhound Days,Patrick Shiroishi & Piotr Kurek,Jazz,Patrick Shiroishi &amp; Piotr Kurek,"Warsaw, Poland",Michal Wieczorek
"March 12, 2025",Harmr,Thurnin,Folk,Independent Artist,Netherlands,Jennifer Kelly
"March 11, 2025",It’s Nasty Outside,Andreaus Haley & Custom Made,Hip-Hop/Rap,Andreaus Haley,"Chicago, Illinois",Dash Lewis
"March 10, 2025",Strata-East: The Legacy Begins,Various Artists,Jazz,Strata-East,"New York, New York",Shaun Brady
"March 07, 2025",Myrtus Myth,Kedr Livanskiy,Electronic,Independent Artist,"Moscow, Russia",April Clare Welsh
"March 06, 2025",Una Oportunidad más de triunfar en la vida,Los Pirañas,Rock,Independent Artist,"Bogotá, Colombia",Collin Smith
"March 05, 2025",Sex and Repression in Higher Society,Saint Vengeur,Metal,"I, Voidhanger Records",Italy,Brad Sanders
"March 04, 2025",City of Clowns,Marie Davidson,Electronic,Independent Artist,"Montreal, Québec",Joe Muggs
"March 03, 2025",Spring Board: The Early Unrecorded Songs,The Chills,Alternative,Independent Artist,"Dunedin, New Zealand",Jim Allen
"February 28, 2025",Flam,Gunn-Truscinski Duo,Experimental,Gunn - Truscinski Duo,"Brooklyn, New York",JR Moores
"February 27, 2025",Not Around But Through,Amulets,Experimental,AMULETS,"Portland, Oregon",Casey Jarman
"February 26, 2025",Luminescent Creatures,Ichiko Aoba,Experimental,Independent Artist,"Tokyo, Japan",James Gui
"February 25, 2025",Travesías,Oksana Linde,Electronic,Buh Records,"Lima, Peru",Matthew Blackwell
"February 24, 2025",PLEASE COME TO ME,Masma Dream World,Ambient,Independent Artist,New York,Louis Pattison
"February 21, 2025",Goodbye Horses: The Many Lives of Q Lazzarus (Music From The Motion Picture),Q Lazzarus,Pop,Independent Artist,"New York, New York",Liz Ohanesian
"February 20, 2025",Bicicleta,COLLIGNON,World,Independent Artist,"Palmela, Portugal",Eli Schoop
"February 19, 2025",LOVE.JONES,THEY.,R&amp;B/Soul,Independent Artist,"Los Angeles, California",ea. osei
"February 18, 2025","Tokyo Bliss: Japanese Funk, Boogie & City Pop from King Records 1974–88",Various Artists,Pop,WEWANTSOUNDS,"Paris, France",Patrick St. Michel
"February 14, 2025",New Dawn,Marshall Allen,Jazz,Independent Artist,"Philadelphia, Pennsylvania",Michael J. West
"February 13, 2025",Anything At All,Denison Witmer,Alternative,Independent Artist,"Philadelphia, Pennsylvania",Ben Salmon
"February 12, 2025",Better Wonder,Kestrels,Rock,Independent Artist,"Halifax, Nova Scotia",Jude Noel
"February 11, 2025",Dans Ta Nuit,Corps Diplomatique,Alternative,Independent Artist,France,Elle Carroll
"February 10, 2025",Share Your Care,Helen Ganya,Alternative,Independent Artist,"Brighton, UK",April Clare Welsh
"February 07, 2025",choke enough,Oklou,Pop,Independent Artist,"Paris, France",April Clare Welsh
"February 06, 2025",Soul Rebels,Bob Marley and The Wailers,Reggae,Charly Records,"London, UK",Dean Van Nguyen
"February 05, 2025",Praise Poems 10,Various Artists,Jazz,Tramp Rec.,Germany,Jim Allen
"February 04, 2025",Even The Horizon Knows Its Bounds,Lawrence English,Ambient,Independent Artist,"Brisbane, Australia",Ted Davis
"February 03, 2025",Showbiz!,MIKE,Hip-Hop/Rap,Independent Artist,"New York, New York",Nadine Smith
"January 31, 2025","Adrian Younge, and Ali Shaheed Muhammad, Jazz Is Dead 22: Ebo Taylor",Ebo Taylor,World,Independent Artist,Ghana,Peter Margasak
"January 30, 2025",The Bad Fire,Mogwai,Alternative,Independent Artist,"Scotland, UK",Mike McGrath-Bryan
"January 29, 2025",West Coast,Studio,Electronic,STUDIO,Sweden,Louis Pattison
"January 28, 2025",Mapambazuko,Ale Hop & Titi Bakorta,World,Nyege Nyege Tapes,"Kampala, Uganda",Joseph Francis
"January 27, 2025",Sign Of The Storm,Century,Metal,Electric Assault Records,"Brooklyn, New York",Grayson Haver Currin
"January 24, 2025",Goyard Ibn Said,Ghais Guevara,Hip-Hop/Rap,Independent Artist,"Philadelphia, Pennsylvania",Dash Lewis
"January 23, 2025",7 Songs For Spiders,Dax Riggs,Alternative,Independent Artist,"Lafayette, Louisiana",Brad Sanders
"January 22, 2025",honey from a winter stone,Ambrose Akinmusire,Jazz,Independent Artist,"Berkeley, California",Stewart Smith
"January 21, 2025",Humanhood,The Weather Station,Alternative,Independent Artist,"Toronto, Ontario",Taylor Ruckle
"January 17, 2025",Cosmic​-​Astral,Memory Pearl,Ambient,Independent Artist,"Toronto, Ontario",Ted Davis
"January 16, 2025",D​Í​A,Ela Minus,Electronic,Independent Artist,"Brooklyn, New York",Erin Lyndal Martin
"January 15, 2025",Kosmischer Pitch,Jan Jelenik,Electronic,Jan Jelinek,"Berlin, Germany",April Clare Welsh
"January 14, 2025",Dweller,Haunted Horses,Metal,HAUNTED HORSES,"Seattle, Washington",J. Bennett
"January 13, 2025",Was It Medicine To You?,Zeta,Punk,zeta,"Puerto La Cruz, Venezuela",Eli Schoop
"January 10, 2025",The Human Fear,Franz Ferdinand,Alternative,Independent Artist,"Glasgow, UK",Elle Carroll
"January 09, 2025",Velours D​é​vorant,Toru,Metal,Independent Artist,France,Brad Cohan
"January 08, 2025",Cold Blows the Rain,Bridget Hayden and The Apparitions,Folk,Bridget Hayden,UK,Devon Leger
"December 06, 2024",Cosmic Waves Volume 1,Angel Olsen,Alternative,Independent Artist,"Asheville, North Carolina",Jennifer Kelly
"December 05, 2024",Dreaming the Strife for Love,Bedsore,Metal,20 Buck Spin,"Pittsburgh, Pennsylvania",Brad Sanders
"December 04, 2024",Mosaic,Fennesz,Ambient,Independent Artist,"Vienna, Austria",April Clare Welsh
"December 03, 2024",Rela,Negro Leo,Experimental,Independent Artist,"Rio De Janeiro, Brazil",Filipe Costa
"December 02, 2024",Only the Void Stands Between Us,Julie Beth Napolin,Folk,Independent Artist,"Beacon, New York",Jim Allen
"November 27, 2024",Africanism,The Last Poets and Tony Allen Ft. Egypt 80,Spoken Word,Africa Seven,"London, UK",Marshall Gu
"November 26, 2024",Trellis,Lifted,Electronic,Independent Artist,"Washington, D.C.",Ted Davis
"November 25, 2024",Meaning’s Edge,Djrum,Electronic,Independent Artist,"England, UK",Jon Dale
"November 22, 2024",Neptunes EP,Kaitlyn Aurelia Smith & Joe Goddard,Electronic,Kaitlyn Aurelia Smith,"Los Angeles, California",Ted Davis
"November 21, 2024",Chak Chak Chak Chak,Julián Mayorga,Latin,Independent Artist,Spain,Maria Barrios
"November 20, 2024",Safa,Nizar Rohana,World,Independent Artist,Palestine,James Gui
"November 19, 2024",君​が​ど​ん​ど​ん​離​れ​て​行​く You Are Leaving My Mind: The ‘Mariko’ and ‘Dokitto Station​!​!​’ Era,Maple Fyshh,Alternative,EM Records,"Osaka Prefecture, Japan",Elle Carroll
"November 18, 2024",Naya,Dawuna,Experimental,Independent Artist,"Baltimore, Maryland",Ted Davis
"November 15, 2024",MM​.​.​FOOD (20 Year Anniversary Edition),MF DOOM,Hip-Hop/Rap,Independent Artist,NA,Dash Lewis
"November 14, 2024",Sufferer Sounds,Dennis Bovell,Reggae,Dennis Bovell MBE,"London, UK",Jared Proudfoot
"November 13, 2024",From the Heights of Our Pastureland,Yoo Doo Right,Alternative,yoo doo right,"Montreal, Québec",Mike McGrath-Bryan
"November 12, 2024",Chromesthesia: The Colour of Sound Vol. 1,Various Artists,Electronic,Chromesthesia,"London, UK",April Clare Welsh
"November 11, 2024",Tension,Mulatu Astatke & the Hoodna Orchestra,World,Mulatu Astatke,"Jimma, Ethiopia",Peter Margasak
"November 08, 2024",Mr. Loverman (Original Score),Speakers Corner Quartet,Jazz,Independent Artist,UK,Michael J. West
"November 07, 2024",PP​’S: Compiled by El Palmas & El Dr​á​gon Criollo,PP’S,Alternative,PP´S,Spain,Elle Carroll
"November 06, 2024",İstanbul Sokakları,Baba Zula,Rock,Independent Artist,"Istanbul, Turkey",Elle Carroll
"November 05, 2024",Do You Still Love Me?,Planes Mistaken For Stars,Alternative,Independent Artist,"Denver, Colorado",Spencer Hughes
"November 04, 2024",Seed of a Seed,Haley Heynderickx,Folk,Independent Artist,"Portland, Oregon",Meredith Lawrence
"November 01, 2024","The Invisible Road: Original Recordings, 1985​–​1990",Sussan Deyhim & Richard Horowitz,Electronic,RVNG Intl.,"New York, New York",Jim Allen
"October 31, 2024",PALM WINE,YATTA,Experimental,Independent Artist,NA,Daniel Dylan Wray
"October 30, 2024",Cherry Blossom Baby,Shigeto,Electronic,SHIGETO,"Detroit, Michigan",Eli Schoop
"October 29, 2024",Diamond Jubilee,Cindy Lee,Alternative,Independent Artist,"Toronto, Ontario",Eli Schoop
"October 25, 2024",1981​-​1986,Primitive Art Group,Jazz,Independent Artist,"Wellington, New Zealand",Jon Dale
"October 24, 2024",From the Void,Hammock,Ambient,Independent Artist,"Nashville, Tennessee",Erick Bradshaw
"October 23, 2024","Ayo Ke Disco: Boogie, Pop & Funk from the South China Sea (1974​-​88)",Various Artists,World,Soundway Records,UK,Megan Iacobini de Fazio
"October 22, 2024",Dreamstate,Kelly Lee Owens,Electronic,Independent Artist,"London, UK",Joe Muggs
"October 21, 2024",Venus Smiles Not in the House of Tears,Samora Pinderhughes,Alternative,Independent Artist,"New York, New York",Michael J. West
"October 18, 2024",3,Saagara,Jazz,Waclaw Zimpel,"Warsaw, Poland",Michal Wieczorek
"October 17, 2024",Municipal Dreams,Low End Activist,Electronic,Independent Artist,"Bristol, UK",Joe Muggs
"October 16, 2024",Muuntautuja,Oranssi Pazuzu,Metal,Independent Artist,Finland,J. Bennett
"October 15, 2024",The Psychedelic Sounds Of The 13th Floor Elevators,The 13th Floor Elevators,Rock,Independent Artist,"Austin, Texas",Meredith Lawrence
"October 14, 2024",Psychotic Spew,Black Ends,Punk,Independent Artist,"Seattle, Washington",Eli Schoop
"October 11, 2024",REVELATOR,ELUCID,Hip-Hop/Rap,E L U C I D,New York,Dash Lewis
"October 10, 2024",I SHOULD CALL THEM,Dua Saleh,R&amp;B/Soul,Independent Artist,"Los Angeles, California",Joseph Francis
"October 09, 2024",Quiet in a World Full of Noise,Dawn Richard & Spencer Zahn,Alternative,DAWN,"Los Angeles, California",Ted Davis
"October 08, 2024",Dredging Heaven,White Suns,Metal,Decoherence Records,New York,Erick Bradshaw
"October 07, 2024",The Hard Quartet,The Hard Quartet,Alternative,Independent Artist,"New York, New York",Peter Margasak
"October 04, 2024",Alley of the Sun,Various Artists,Electronic,Not Not Fun Records,California,Erick Bradshaw
"October 02, 2024","Dance, No One’s Watching",Ezra Collective,Jazz,Independent Artist,"London, UK",Michael J. West
"October 01, 2024",Honey,Caribou,Electronic,Independent Artist,"London, UK",Barry Walters
"September 30, 2024",How Ghosts Affect Relationships,His Name Is Alive,Alternative,Independent Artist,"Detroit, Michigan",Jim Allen
"September 27, 2024",Everything Around You,Feeling Figures,Rock,Independent Artist,"Montreal, Québec",Jennifer Kelly
"September 26, 2024",Odyssey,Nubya Garcia,Classical,Independent Artist,"London, UK",Michael J. West
"September 25, 2024",opaque,Mo Dotti,Alternative,Independent Artist,"Los Angeles, California",Jude Noel
"September 24, 2024","For Peace And Liberty, In Paris dec 1972",Black Artist Group,Jazz,WEWANTSOUNDS,"Paris, France",Shaun Brady
"September 23, 2024",Nijerusalem,Mamman Sani & Tropikal Camel,Electronic,Mamman Sani,"Niamey, Niger",Joe Muggs
"September 20, 2024",Chain of Light,Nusrat Fateh Ali Khan & Party,World,Nusrat Fateh Ali Khan,Pakistan,Peter Margasak
"September 19, 2024",Viva Tu,Manu Chao,Alternative,Independent Artist,France,Dean Van Nguyen
"September 18, 2024",Indoor Safari,Nick Lowe & Los Straitjackets,Rock,Nick Lowe,"London, UK",Jim Allen
"September 17, 2024",Waiting For A Sign,Hataałii,Alternative,Independent Artist,"Window Rock, Arizona",Maria Barrios
"September 16, 2024",Choice Cuts 1978​–1983,Izumi “Mimi” Kobayashi,Funk,Time Capsule,"London, UK",Eli Schoop
"September 13, 2024",Songs in Crimson,Satan,Metal,Independent Artist,"Newcastle Upon Tyne, UK",J. Bennett
"September 12, 2024",Mute,El Khat,World,El Khat - القات,"Berlin, Germany",James Gui
"September 11, 2024",at Eulogy,Setting,Experimental,Independent Artist,North Carolina,Grayson Haver Currin
"September 10, 2024",A Sound Heart,Jaubi,Jazz,JAUBI,"London, UK",Michal Wieczorek
"September 09, 2024",WOOF.,Fat Dog,Rock,Independent Artist,"London, UK",Casey Jarman
"September 06, 2024",Free Energy,Dummy,Alternative,Independent Artist,"Los Angeles, California",Eli Schoop
"September 05, 2024",Endlessness,Nala Sinephro,Ambient,Independent Artist,"London, UK",Peter Margasak
"September 04, 2024",Everything Squared,Seefeel,Electronic,Independent Artist,"London, UK",Louis Pattison
"September 03, 2024",Troubadour,Dorothy Carter,Folk,Independent Artist,Connecticut,Jim Allen
"August 30, 2024","Synthesizing the Silk Roads: Uzbek Disco, Tajik Folktronica, Uyghur Rock & Tatar Jazz from 1980s Soviet Central Asia",Various Artists,Electronic,Ostinato Records,"New York, New York",Dean Van Nguyen
"August 29, 2024",Frozen In Time,Los Yesterdays,R&amp;B/Soul,Independent Artist,"Los Angeles, California",Fred Pessaro
"August 28, 2024",Matter,The None,Punk,THE NONE,"London, UK",Jon Buckland
"August 27, 2024",Wilurarrakutu,Keanu Nelson,World,Independent Artist,"Papunya, Australia",Dean Van Nguyen
"August 26, 2024",GREIF,Zeal & Ardor,Metal,Zeal and Ardor,"New York, New York",Grayson Haver Currin
"August 23, 2024",Mucho Mistrust,Fake Fruit,Rock,Independent Artist,"Oakland, California",Spencer Hughes
"August 22, 2024",Imaginal Disk,Magdalena Bay,Pop,Independent Artist,"Los Angeles, California",April Clare Welsh
"August 21, 2024",Bamako​*​Chicago Sound System,Nicole Mitchell and Ballaké Sissoko,Jazz,Nicole M Mitchell,North Carolina,Michael J. West
"August 20, 2024",Fossil Cocoon: The Music of K. Yoshimatsu,K. Yoshimatsu,Experimental,Phantom Limb,"Brighton, UK",Ted Davis
"August 19, 2024",UltraCopacetic (Copacetic Remixed and Expanded),Velocity Girl,Rock,Independent Artist,"Washington, D.C.",Hayden Merrick
"August 16, 2024",Sun Glories,Chuck Johnson,Ambient,Independent Artist,"Oakland, California",Ben Arthur
"August 15, 2024",Black Black Minds,The Travellers,Reggae,VP Records,"Queens, New York",Dean Van Nguyen
"August 14, 2024",Falling,Henrik Meierkord,Ambient,Projekt Records,"Portland, Oregon",Ted Davis
"August 13, 2024",Let Tha Dopeness Begin,Yogi & Woof,Hip-Hop/Rap,Yogisoul,"Østfold, Norway",Fred Pessaro
"August 12, 2024",Perak,Thee Marloes,Pop,Independent Artist,"Surabaya, Indonesia",Will Ainsley
"August 09, 2024",Megafauna,And So I Watch You From Afar,Rock,Independent Artist,"Belfast, UK",Will Ainsley
"August 08, 2024",Freedom At Last,Freedom,Rock,BYG Records,"London, UK",Jim Allen
"August 07, 2024",Gb​ɛ​fal​ɔ​i (Travelers),Accra Quartet,Experimental,FPE Records,"Oak Park, Illinois",Ted Davis
"August 06, 2024",Flores para Verene / Cantos para Caramina,Tomin,Jazz,International Anthem,"Chicago, Illinois",Michael J. West
"August 05, 2024",The Kingdom Is Ours,Erang,Ambient,Independent Artist,France,Robert Newsome
"August 02, 2024",Grim Iconic​.​.​.​(​Sadistic Mantra),J.R.C.G.,Punk,Independent Artist,"Tacoma, Washington",Jennifer Kelly
"August 01, 2024",Shadow Knell,Shadow Knell,Electronic,Independent Artist,"Philadelphia, Pennsylvania",Robert Newsome
"July 31, 2024",Wishing Well,Aaberg,Rock,Independent Artist,UK,Ted Davis
"July 30, 2024",Antologia Vol. 2,África Negra,World,Independent Artist,"Sao Tome, São Tomé and Príncipe",Michael J. West
"July 29, 2024",Wild Guess,Robber Robber,Alternative,Independent Artist,"Burlington, Vermont",Elle Carroll
"July 26, 2024",marked,Klein,Experimental,Independent Artist,"London, UK",Eli Schoop
"July 25, 2024",From Memory,Clothing,Pop,Independent Artist,"New York, New York",Elle Carroll
"July 24, 2024",Isthmus,Throwing Snow,Electronic,Independent Artist,"DL, Ireland",Joe Muggs
"July 23, 2024",Silver Shadow,Slowly Rolling Camera,Jazz,Independent Artist,"Cardiff, UK",Andy Thomas
"July 22, 2024",Ancient​/​/​Future,Mourning [A] BLKstar,Experimental,Independent Artist,"Cleveland, Ohio",Jesse Bernard
"July 19, 2024",STARFACE,Lava La Rue,Alternative,Independent Artist,"London, UK",Eli Schoop
"July 18, 2024",Drifts and Surfaces,Elori Saxl,Electronic,Independent Artist,"New York, New York",Grayson Haver Currin
"July 17, 2024",Fantasy World,Lilacs & Champagne,Electronic,Lilacs &amp; Champagne,"Malmö, Sweden",Casey Jarman
"July 16, 2024",King Of The Mischievous South Vol. 2,Denzel Curry,Hip-Hop/Rap,Independent Artist,"Miami, Florida",Dash Lewis
"July 15, 2024",Macro,Brijean,Alternative,Independent Artist,"Los Angeles, California",Blake Gillespie
"July 12, 2024",PASSE,Oruã,Rock,Independent Artist,"Rio De Janeiro, Brazil",Brad Cohan
"July 11, 2024",Seashell Angel Lucky Charm,Armlock,Electronic,Independent Artist,"Melbourne, Australia",Spencer Hughes
"July 10, 2024",Tailem Bend,ORB,Rock,O.R.B,"Melbourne, Australia",John Morrison
"July 09, 2024",Lambda,ZULI,Electronic,Independent Artist,Egypt,Joseph Francis
"July 08, 2024",Queen of Eyes,West of Roan,Folk,Independent Artist,Washington,Mike McGrath-Bryan
"July 03, 2024",Violence,Truck Violence,Punk,Independent Artist,"Montreal, Québec",Eli Schoop
"July 02, 2024",Small Medium Large,SML,Jazz,International Anthem,"Chicago, Illinois",Michael J. West
"July 01, 2024",Elude the Torch,The Drin,Punk,Independent Artist,"Cincinnati, Ohio",Erick Bradshaw
"June 28, 2024",Waking Up & Choosing Violence,YUNGMORPHEUS & Alexander Spit,Hip-Hop/Rap,YUNGMORPHEUS,"Los Angeles, California",Thomas Hobbs
"June 27, 2024",Xeno,CVN,Electronic,Orange Milk Records,NA,James Gui
"June 26, 2024",Because It’s True,Laughing,Alternative,Independent Artist,"Montreal, Québec",Jim Allen
"June 25, 2024",Musique Originale De Films: Volume 2,Ahmed Malek,World,Habibi Funk Records,"Berlin, Germany",Michael J. West
"June 24, 2024",All good?,Nonkeen,Electronic,nonkeen,"Berlin, Germany",George Grella
"June 21, 2024",Reflections Vol. 2: Black Decelerant,Black Decelerant,Ambient,Independent Artist,"Charleston, South Carolina",Ted Davis
"June 20, 2024",Why Lawd?,NxWorries,Hip-Hop/Rap,Independent Artist,"Los Angeles, California",Dash Lewis
"June 18, 2024",Searching,Staples Jr. Singers,R&amp;B/Soul,Independent Artist,"Aberdeen, Mississippi",Jim Allen
"June 17, 2024",Disconnect,KRM & KMRU,Electronic,Phantom Limb,"Brighton, UK",Ted Davis
"June 14, 2024",The Stygian Rose,Crypt Sermon,Metal,Dark Descent Records,Colorado,Sam Sodomsky
"June 13, 2024",Statik,Actress,Electronic,Independent Artist,"London, UK",Phil E. Bloomfield
"June 12, 2024",Fine Art,Kneecap,Hip-Hop/Rap,KNEECAP,"Belfast, UK",Mike McGrath-Bryan
"June 11, 2024",You Said You’d Hold My Hand Through The Fire,Iceboy Violet & Nueen,Hip-Hop/Rap,Iceboy Violet,"Manchester, UK",Thomas Hobbs
"June 10, 2024",I Hear You,Peggy Gou,Electronic,Independent Artist,"Berlin, Germany",Will Ainsley
"June 07, 2024",Message To Our Folks,Art Ensemble of Chicago,Jazz,BYG Records,"London, UK",Michael J. West
"June 06, 2024",New Virginity,Nat Harvie,Pop,Independent Artist,"Minneapolis, Minnesota",Jim Allen
"June 05, 2024",Blackgrass: From West Virginia to 125th St,Swamp Dogg,Country,Independent Artist,NA,John Morrison
"June 04, 2024",ONEZ,Suzi Analogue,Hip-Hop/Rap,Independent Artist,"Miami, Florida",Dash Lewis
"June 03, 2024",Joy Machine,Dizraeli,Hip-Hop/Rap,Diz Undone (fka Dizraeli),"Bristol, UK",Blake Gillespie
"May 31, 2024","Where I’ve Been, Isn’t Where I’m Going",Shaboozey,Country,Independent Artist,Virginia,Ben Salmon
"May 30, 2024",S/T,Bed Maker,Punk,Independent Artist,"Washington, D.C.",Jennifer Kelly
"May 29, 2024",3FOR82,Machinedrum,Hip-Hop/Rap,Independent Artist,North Carolina,Joe Muggs
"May 28, 2024",Placenta,Carlos Niño & Friends,Jazz,International Anthem,"Chicago, Illinois",Andy Thomas
"May 24, 2024",Camembert Electrique,Gong,Rock,BYG Records,"London, UK",Jim Allen
"May 23, 2024",Dark Superstition,Gatecreeper,Metal,Independent Artist,Arizona,Sam Sodomsky
"May 22, 2024",Fully Beat,Aluminum,Rock,Independent Artist,"San Francisco, California",Julie Landers
"May 21, 2024",That’s What I Been Sayin’,Rami Gabriel,Alternative,Independent Artist,"Chicago, Illinois",Eli Schoop
"May 20, 2024",Combustible Gems,Lightheaded,Pop,lightheaded,New Jersey,Hayden Merrick
"May 17, 2024",Los manantiales,Daga Voladora,Rock,Independent Artist,"Madrid, Spain",Richard Villegas
"May 16, 2024",M​ố​i L​ư​ơ​ng Duy​ê​n,Saigon Soul Revival,Rock,Independent Artist,"Ho Chi Minh City, Vietnam",Megan Iacobini de Fazio
"May 15, 2024",Ukouk: Round Singing Voices of the Ainu 2012–2024,MAREWREW,World,Independent Artist,"Hokkaido, Japan",Matthew Blackwell
"May 14, 2024",Repertoire,Shane Parish,Acoustic,Independent Artist,"Athens, Georgia",Stewart Smith
"May 13, 2024",Eat Your Heart Out,Potatohead People,Hip-Hop/Rap,Independent Artist,"Vancouver, British Columbia",John Morrison
"May 10, 2024",I’m totally fine with it 👍 don’t give a fuck anymore 👍,Arab Strap,Alternative,Independent Artist,"Scotland, UK",Mike McGrath-Bryan
"May 09, 2024",Find Your Flame,Nubiyan Twist,Jazz,Independent Artist,"London, UK",John Morrison
"May 08, 2024",Ship to Shore,Richard Thompson,Folk,Independent Artist,"London, UK",Jon Dale
"May 07, 2024",I AM JORDAN,I. JORDAN,Electronic,Independent Artist,"London, UK",Becca Inglis
"May 06, 2024",Romanticism,hana vu,Pop,Independent Artist,"Los Angeles, California",Spencer Hughes
"May 03, 2024",Big Hotel,Winged Wheel,Acoustic,Winged Wheel,"Detroit, Michigan",Jennifer Kelly
"May 02, 2024",Pull the Rope,Ibibio Sound Machine,Electronic,Independent Artist,UK,Jesse Locke
"May 01, 2024",Spine,Kee Avil,Experimental,Independent Artist,"Montreal, Québec",Ted Davis
"April 30, 2024",The Cool Cloud of Okayness,Tara Jane O’Neil,Alternative,Tara Jane O&#39;Neil,California,Peter Margasak
"April 29, 2024",So Sorry So Slow,Adult Jazz,Rock,Independent Artist,UK,Ted Davis
"April 26, 2024",New Heaven,Inter Arma,Metal,Independent Artist,"Richmond, Virginia",J. Bennett
"April 25, 2024",Out of Body,Geo,Punk,Independent Artist,Netherlands,Will Ainsley
"April 24, 2024",Threnody for the KhoiSan,Garth Erasmus,World,garth erasmus,South Africa,Matthew Blackwell
"April 23, 2024",sleep paralysis,bbymutha,Hip-Hop/Rap,BIGMUTHA,"Chattanooga, Tennessee",Dash Lewis
"April 22, 2024",sentiment,claire rousay,Experimental,Independent Artist,"Los Angeles, California",Lewis Gordon
"April 19, 2024",Perseids,somesurprises,Rock,Independent Artist,"Seattle, Washington",Ben Salmon
"April 18, 2024",Standing on Giant Shoulders,Seafood Sam,Hip-Hop/Rap,Independent Artist,"Long Beach, California",Dash Lewis
"April 17, 2024",Talitakum,Avalanche Kaito,Punk,Independent Artist,"Brussels, Belgium",Megan Iacobini de Fazio
"April 16, 2024",Airdrop,Low End Activist,Electronic,Independent Artist,"Bristol, UK",Joe Muggs
"April 15, 2024",Thema Maboneng,Abacothozi,Rock,Independent Artist,"London, UK",Peter Margasak
"April 12, 2024",Up On Gravity Hill,Metz,Rock,METZ,"Toronto, Ontario",Will Ainsley
"April 11, 2024",Congo Funk!: Sound Madness From The Shores Of The Mighty Congo River (Kinshasa​/​Brazzaville 1969​–1982),Various Artists,Funk,Analog Africa,Germany,Megan Iacobini de Fazio
"April 09, 2024","If I don​’​t make it, I love u",Still House Plants,Rock,Independent Artist,"London, UK",Jesse Locke
"April 08, 2024",Violent Violins Exposed,Babak Ahteshamipour,Electronic,Independent Artist,"Athens, Greece",Joe Muggs
"April 05, 2024",The Garden Dream,gglum,Pop,Independent Artist,"London, UK",Elle Carroll
"April 04, 2024",One Million Love Songs,Bnny,Rock,Independent Artist,"Chicago, Illinois",Spencer Hughes
"April 03, 2024",Quintela,Carme López,World,Independent Artist,"GA, Spain",Matthew Blackwell
"April 02, 2024",Heart Fresh,Kopy,Electronic,Independent Artist,"Osaka, Japan",Jon Dale
"April 01, 2024",Temple Needs Water. Village Needs Peace.,Real Bad Man & Lukah,Hip-Hop/Rap,Real Bad Man,"Los Angeles, California",Blake Gillespie
"March 29, 2024",Moves In the Field,Kelly Moran,Experimental,kelly moran,"New York, New York",Ted Davis
"March 28, 2024",Forest Scenes,MIZU,Experimental,Independent Artist,"New York, New York",James Gui
"March 27, 2024",Black Sheep,Cakes Da Killa,Hip-Hop/Rap,Independent Artist,"Brooklyn, New York",Dash Lewis
"March 26, 2024",affinity,Fears,Pop,Independent Artist,"Dublin, Ireland",Vrinda Jagota
"March 25, 2024",The Liminality Of Her,Amanda Whiting,Jazz,Independent Artist,UK,Michael J. West
"March 22, 2024",Akoma,Jlin,Electronic,Independent Artist,"Gary, Indiana",James Gui
"March 21, 2024",Unleash,Heavee,Electronic,Independent Artist,"Chicago, Illinois",Nadine Smith
"March 20, 2024",Funk Tide: Tokyo Jazz​-​Funk From Electric Bird 1978​–87,Various Artists,Jazz,WEWANTSOUNDS,"Paris, France",Shy Clara Thompson
"March 19, 2024",En La Conquista Del Mundo Latino,Salsa Suprema,World,Independent Artist,"Caracas, Venezuela",Richard Villegas
"March 18, 2024",Read the Air,Marbled Eye,Punk,MARBLED EYE,"Oakland, California",Jennifer Kelly
"March 14, 2024",New Monuments,Amirtha Kidambi’s Elder Ones,Jazz,Amirtha Kidambi,"New York, New York",Michael J. West
"March 13, 2024",A Forsaken Lover’s Plea,Chuck Strangers,Hip-Hop/Rap,Independent Artist,New York,Dylan Green
"March 12, 2024",Dabrye Super Cassette,Dabrye,Electronic,Independent Artist,"Ann Arbor, Michigan",Andrew Parks
"March 11, 2024",Bodies,Various Artists,Electronic,foundation.fm records,"London, UK",Joe Muggs
"March 08, 2024",Torrey,Torrey,Rock,Independent Artist,"Oakland, California",Shy Clara Thompson
"March 07, 2024",Chytridiomycosis Relinquished,Slimelord,Metal,20 Buck Spin,"Pittsburgh, Pennsylvania",Brad Sanders
"March 06, 2024","Open Me, A Higher Consciousness of Sound and Spirit",Kahil El’Zabar’s Ethnic Heritage Ensemble,Jazz,Ethnic Heritage Ensemble,"Chicago, Illinois",Michael J. West
"March 05, 2024",A Single Sunbeam,Daniel Herskedal,Classical,Independent Artist,"Oslo, Norway",Peter Margasak
"March 04, 2024",Infants Under The Bulb,Uranium Club,Punk,Static Shock Records,"London, UK",Jennifer Kelly
"March 01, 2024",Alkemi,Daymé Arocena,Pop,Independent Artist,"London, UK",Rebecca Bodenheimer
"February 29, 2024",Nothing Else Matters & I So Liked Spring,Linda Smith,Pop,Independent Artist,"Baltimore, Maryland",Jude Noel
"February 28, 2024",Dying,The Narcotix,R&amp;B/Soul,Independent Artist,"Brooklyn, New York",Nadine Smith
"February 27, 2024",Scope Neglect,Ben Frost,Electronic,Independent Artist,NA,Grayson Haver Currin
"February 26, 2024",Too Hot To Sleep,Daniel Romano,Rock,Independent Artist,"Welland, Ontario",Casey Jarman
"February 23, 2024",Orchards of a Futile Heaven,The Body & Dis Fig,Metal,the body,"Portland, Oregon",Shane Burley
"February 22, 2024",Sheer Humanity,Tosser,Punk,Independent Artist,"Washington, D.C.",Pat Pilch
"February 21, 2024",Oblivion Theater,Sadistik,Hip-Hop/Rap,Independent Artist,"Los Angeles, California",Phillip Mlynar
"February 20, 2024",Untame the Tiger,Mary Timony,Alternative,Independent Artist,"Washington, D.C.",Elle Carroll
"February 16, 2024",Psychedelic Anxiety,Frances Chang,Experimental,frances chang,New York,Jude Noel
"February 15, 2024",Imitation of War,Itasca,Folk,Independent Artist,"Los Angeles, California",Jim Allen
"February 14, 2024",Big Anonymous,El Perro del Mar,Alternative,Independent Artist,Sweden,Elle Carroll
"February 13, 2024",Merengue Típico: Nueva Generación!,Various Artists,Latin,Les Disques Bongo Joe,"Geneva, Switzerland",Richard Villegas
"February 12, 2024",Request Stop,Various Artists,Experimental,Brachliegen Tapes ☽,"Deal, UK",James Gui
"February 09, 2024",David Nance & Mowed Sound,David Nance,Rock,Independent Artist,"Omaha, Nebraska",Jennifer Kelly
"February 08, 2024","Hello, I’m Britti.",Britti,R&amp;B/Soul,Independent Artist,"New Orleans, Louisiana",Amaya Garcia
"February 07, 2024",Rainbow,Champagne Dub,Alternative,Betamax Super hi-Max Vision Catalogue (Champagne Dub),"London, UK",Andy Thomas
"February 06, 2024",Acid Tab Vocab (The Definitive Edition),Tame One & Parallel Thought,Hip-Hop/Rap,Parallel Thought,"Freehold Township, New Jersey",Dash Lewis
"February 05, 2024",Walls Have Ears,Sonic Youth,Alternative,Independent Artist,"New York, New York",Jesse Locke
"February 02, 2024",Basilisk,J. Robbins,Punk,Independent Artist,"Baltimore, Maryland",Jesse Locke
"February 01, 2024",Eye Flys,Eye Flys,Punk,Independent Artist,"Philadelphia, Pennsylvania",Saby Reyes-Kulkarni
"January 31, 2024",Agustin Pereyra Lucena,Agustín Pereyra Lucena,World,Independent Artist,"Buenos Aires, Argentina",Richard Villegas
"January 30, 2024",Era,Ratigan Era,,HAKUNA KULALA,"Kampala, Uganda",Megan Iacobini de Fazio
"January 29, 2024",The First Fist to Make Contact When We Dap,R.A.P. Ferreira & Fumitake Tamura,,R.A.P. Ferreira,"Nashville, Tennessee",Blake Gillespie
"January 26, 2024",Obsidian Wreath,Infant Island,Punk,Independent Artist,"Fredericksburg, Virginia",Brad Cohan
"January 25, 2024",Nippon Acid Folk 1970​-​1980,Various Artists,Folk,Time Capsule,"London, UK",Will Ainsley
"January 24, 2024",Fairweather Friend,The Umbrellas,Punk,Independent Artist,"San Francisco, California",Hayden Merrick
"January 23, 2024",Junk,Brion Gysin,Experimental,WEWANTSOUNDS,"Paris, France",John Morrison
"January 22, 2024",The Audacity of Free Thought,Delasi,Hip-Hop/Rap,Independent Artist,Ghana,Megan Iacobini de Fazio
"January 19, 2024",Les Grandes Vacances,Cosmic Analog Ensemble,R&amp;B/Soul,Hisstology,Lebanon,Blake Gillespie
"January 18, 2024",Cloudward,Mary Halvorson,,Independent Artist,"New York, New York",Peter Margasak
"January 17, 2024",Selected Jambient Works Vol. 1,Cowboy Sadness,Ambient,Independent Artist,"Kingston, New York",Will Ainsley
"January 16, 2024",ILION,SLIFT,Metal,Independent Artist,"Toulouse, France",Grayson Haver Currin
"January 12, 2024",F_X_M_X_L_Y v2,Various Artists,Electronic,Black Techno Matters,"Washington, D.C.",John Morrison
"January 11, 2024",RAT WARS,HEALTH,,Independent Artist,"Los Angeles, California",Saby Reyes-Kulkarni
"January 10, 2024","Bill Frisell, & Herlin Riley, Owl Song",Ambrose Akinmusire,Jazz,Independent Artist,"Berkeley, California",Peter Margasak
"January 09, 2024",Palermo,Conway the Machine & Wun Two,Hip-Hop/Rap,wun two,Germany,Dash Lewis
"January 08, 2024",Letter to Self,SPRINTS,Punk,Independent Artist,"Dublin, Ireland",Spencer Hughes
"December 01, 2023",Of Shadow and Substance,Lea Bertucci,Experimental,Independent Artist,"New York, New York",Arielle Gordon
"November 30, 2023",i​/​o,Peter Gabriel,Rock,Independent Artist,"England, UK",Brad Sanders
"November 29, 2023",Albion,Harp,Folk,Independent Artist,North Carolina,Patrick King
"November 28, 2023",Beyond the Midnight Sun,Don Leisure & Amanda Whiting,Jazz,Don Leisure,"Cardiff, UK",Blake Gillespie
"November 27, 2023",Illuminated 1989,The Veldt,Alternative,Independent Artist,"Raleigh, North Carolina",John Morrison
"November 22, 2023",When The Roses Come Again,Daniel Bachman,Experimental,Independent Artist,"Madison, Virginia",Katie Kurtz
"November 21, 2023",Hypnotized,DJ Manny,Electronic,Dj Manny,"Chicago, Illinois",Lewis Gordon
"November 20, 2023",Dimanche à Bamako,Bounaly,World,Independent Artist,"Bamako, Mali",Will Ainsley
"November 17, 2023",Quaranta,Danny Brown,Hip-Hop/Rap,Independent Artist,"Detroit, Michigan",Dash Lewis
"November 16, 2023",Cash Corridos 3,Cash Bently,Latin,Independent Artist,"Los Angeles, California",Maria Barrios
"November 15, 2023",Imagine My Surprise,Roy Werner,Electronic,Independent Artist,"Los Angeles, California",Ted Davis
"November 14, 2023",Nacre,Quade,Experimental,Independent Artist,"Bristol, UK",Ted Davis
"November 13, 2023",Magg Tekki,Assiko Golden Band de Grand Yoff,World,Mississippi Records,"New York, New York",Megan Iacobini de Fazio
"November 10, 2023",Integrated Tech Solutions,Aesop Rock,Hip-Hop/Rap,Independent Artist,NA,Phillip Mlynar
"November 09, 2023",I was too young to hear silence,Patrick Shiroishi,Experimental,Independent Artist,"Los Angeles, California",James Gui
"November 08, 2023",Whiplash,Asha Sheshadri,Experimental,Recital,"Glendale, California",Will Ainsley
"November 07, 2023",Diagnosis,Sen Morimoto,Alternative,Independent Artist,"Chicago, Illinois",Spencer Hughes
"November 06, 2023",The Comeback Kid,Marnie Stern,Rock,Independent Artist,"New York, New York",Andrew Parks
"November 03, 2023",Access To The Lonely,Rid of Me,Rock,Rid Of Me,"Philadelphia, Pennsylvania",Brad Cohan
"November 02, 2023",Strata,El Búho,Electronic,Independent Artist,"Toulouse, France",Richard Villegas
"November 01, 2023",LXXXVIII,Actress,Electronic,Independent Artist,"London, UK",Joe Muggs
"October 31, 2023",Hard Light,Drop Nineteens,Alternative,Independent Artist,"Boston, Massachusetts",Jesse Locke
"October 30, 2023",KUANTALAENG,Pisitakun,Electronic,CHINABOT,"London, UK",James Gui
"October 27, 2023",Mehmet Aslan Presents ‘Senza Decoro: Liebe + Anarchia/Switzerland 1980​-​1990’,Various Artists,Alternative,Strut,"London, UK",Shy Clara Thompson
"October 26, 2023",Half Eaten By Dogs,The Serfs,Rock,Independent Artist,"Cincinnati, Ohio",Will Ainsley
"October 25, 2023",Robed In Rareness,Shabazz Palaces,Hip-Hop/Rap,Independent Artist,"Seattle, Washington",Phillip Mlynar
"October 24, 2023",Welcome To Hell,Joseph Shabason,Jazz,Independent Artist,"Toronto, Ontario",Jared Proudfoot
"October 23, 2023",Fourth Album,Markus Floats,Electronic,Independent Artist,NA,Jesse Locke
"October 20, 2023",Death is Home,Aïsha Devi,Electronic,Aisha Devi,Switzerland,Joe Muggs
"October 19, 2023",Spike Field,Maria BC,Experimental,Independent Artist,NA,Maria Barrios
"October 18, 2023",I Killed Your Dog,L’Rain,Experimental,L&#39;Rain,"Brooklyn, New York",Ann-Derrick Gaillot
"October 17, 2023",Sound of Blue,White Poppy,Alternative,Independent Artist,NA,April Clare Welsh
"October 16, 2023",A Stranger That You Met Before,A Day Without Love,Alternative,Independent Artist,"Boston, Massachusetts",John Morrison
"October 13, 2023",Water Made Us,Jamila Woods,R&amp;B/Soul,Independent Artist,"Chicago, Illinois",John Morrison
"October 12, 2023",The Father of Libyan Reggae,Ibrahim Hesnawi,Reggae,Habibi Funk Records,"Berlin, Germany",Maria Barrios
"October 11, 2023",Errors,Capra,,CAPRA,"Lafayette, Louisiana",Saby Reyes-Kulkarni
"October 10, 2023",Buy This Now!,Uni Boys,Rock,Independent Artist,"Los Angeles, California",Jude Noel
"October 09, 2023",Afternoon X,Vanishing Twin,Alternative,Independent Artist,"London, UK",Will Ainsley
"October 05, 2023",Golden Apples of the Sun,Suzanne Ciani & Jonathan Fitoussi,Electronic,Transversales Disques,"Paris, France",Ted Davis
"October 04, 2023",Perfect Picture,Hannah Diamond,Pop,Independent Artist,"London, UK",April Clare Welsh
"October 03, 2023",Javelin,Sufjan Stevens,Alternative,Independent Artist,"New York, New York",Elle Carroll
"September 29, 2023",Dissolution Grip,KMRU,Ambient,Independent Artist,"Nairobi, Kenya",Eli Schoop
"September 29, 2023",Tender,zzzahara,,Independent Artist,"Los Angeles, California",Elle Carroll
"September 28, 2023",Find Out,Filth Is Eternal,Punk,Filth is Eternal,"Seattle, Washington",Brad Sanders
"September 27, 2023",We Buy Diabetic Test Strips,Armand Hammer,Hip-Hop/Rap,Independent Artist,New York,Dash Lewis
"September 26, 2023",Sit Down For Dinner,Blonde Redhead,Alternative,Independent Artist,"New York, New York",Elle Carroll
"September 25, 2023",The Enduring Spirit,Tomb Mold,Metal,20 Buck Spin,"Pittsburgh, Pennsylvania",Ben Salmon
"September 22, 2023",Gentle Confrontation,Loraine James,,Independent Artist,"London, UK",John Morrison
"September 21, 2023",Sorry I Haven’t Called,Vagabon,,Independent Artist,"New York, New York",Ann-Derrick Gaillot
"September 20, 2023",No Ordinary Crown,Will Johnson,Folk,Independent Artist,"Austin, Texas",Josh Feola
"September 19, 2023",Circus Underwater,Circus Underwater,Electronic,Soundway Records,UK,Will Ainsley
"September 18, 2023",Powders,Eartheater,Alternative,Independent Artist,"Queens, New York",Andrew Parks
"September 15, 2023",All Around You,Subsonic Eye,Alternative,Independent Artist,Singapore,Will Ainsley
"September 14, 2023","¡Con Piano, Sublime!: Early Recordings from the Caribbean 1907​-​1921",Various Artists,World,Magnificent Sounds Records,"Buffalo, New York",Shy Clara Thompson
"September 13, 2023",Buddy’s Magic Toy Box,Mega Ran,Hip-Hop/Rap,Independent Artist,"Phoenix, Arizona",Casey Jarman
"September 12, 2023",DEATH AWAITS,Blind Equation,Metal,Independent Artist,"Chicago, Illinois",Colin Williams
"September 11, 2023",Techxodus,Speaker Music,Electronic,Independent Artist,NA,John Morrison
"September 08, 2023",66689 BLVD Prequel,Kipp Stone,,Independent Artist,"Cleveland, Ohio",John Morrison
"September 07, 2023",Careful!,Deeper,Punk,Independent Artist,"Chicago, Illinois",Will Ainsley
"September 06, 2023","Private Recordings, August 1970",Sylvester,Devotional,Independent Artist,"San Francisco, California",Niko Stratis
"September 05, 2023",Come Around And Love Me,Jalen Ngonda,,Independent Artist,"London, UK",John Morrison
"September 01, 2023",HELLMODE,Jeff Rosenstock,Rock,Independent Artist,New York,Arielle Gordon
"August 31, 2023",SUM,위댄스 (Wedance),Pop,Independent Artist,"Seoul, South Korea",James Gui
"August 30, 2023",Poppa Zesque,Josh Caffe,,Independent Artist,"London, UK",John Morrison
"August 29, 2023",Perceptions,Jamma-Dee,Funk,Independent Artist,"Los Angeles, California",John Morrison
"August 28, 2023",I Will Make A Baby In This Damn Economy,Fat Tony and Taydex,Hip-Hop/Rap,Fat Tony,"Houston, Texas",Dash Lewis
"August 25, 2023",Songs for Children,Mr. Greg & Cass McCombs,Kids,Mr. Greg &amp; Cass McCombs,"San Francisco, California",Maria Barrios
"August 24, 2023",Blackity Black Black is Beautiful,Fay Victor,Jazz,Independent Artist,"Brooklyn, New York",John Morrison
"August 23, 2023",Away Back In,Raw Poetic Feat. Damu the Fudgemunk,Hip-Hop/Rap,Damu The Fudgemunk,"Washington, D.C.",John Morrison
"August 22, 2023",Yonder,Dabda / 다브다,Rock,Independent Artist,"Seoul, South Korea",Jesse Locke
"August 21, 2023",SPELLLING & the Mystery School,SPELLLING,Experimental,Independent Artist,"Oakland, California",Richard Villegas
"August 18, 2023",Festering Grotesqueries,Dripping Decay,Metal,Independent Artist,"Portland, Oregon",Saby Reyes-Kulkarni
"August 17, 2023",Homo Anxietatem,Shamir,,Independent Artist,"Philadelphia, Pennsylvania",Ann-Derrick Gaillot
"August 16, 2023",Crazy Trip,Tomu DJ,,Independent Artist,NA,Andra Nikolayi
"August 15, 2023",Resolve,Arnold Dreyblatt and the Orchestra of Excited Strings,Classical,adlabels,"Berlin, Germany",Marc Masters
"August 14, 2023",The Katechon and the Unending Fire,Pyrkagion,Metal,PYRKAGION,NA,Colin Williams
"August 11, 2023",We’ll Hide Away: Complete Recordings 1993​-​1995,Grain,Punk,Independent Artist,"Cleveland, Ohio",Brad Cohan
"August 10, 2023",DJs Di Guetto,DJs Di Guetto,Electronic,Príncipe,"Lisbon, Portugal",Eli Schoop
"August 09, 2023",Non-Stop Healing Frequency,Ruth Mascelli,Experimental,Independent Artist,New York,Marc Masters
"August 08, 2023",And Southern Star,Mikaela Davis,Country,Independent Artist,"Catskill, New York",Ben Salmon
"August 07, 2023",Chthonic,Lawrence English & Lea Bertucci,Experimental,Lawrence English &amp; Lea Bertucci,"Sydney, Australia",Ted Davis
"August 04, 2023",Prestige,Girl Ray,Pop,Independent Artist,"London, UK",Elle Carroll
"August 03, 2023",They Live in My Head,Bush Tetras,Punk,Independent Artist,"New York, New York",Sims Hardin
"August 02, 2023",Love Hallucination,Jessy Lanza,,Independent Artist,"Hamilton, Ontario",April Clare Welsh
"August 01, 2023",Vol. II,Silicone Prairie,Punk,Independent Artist,"Kansas City, Missouri",Kerry Cardoza
"July 31, 2023",An​á​sana,Maroulita de Kol,Folk,Independent Artist,"Berlin, Germany",James Gui
"July 27, 2023","Bark Out Thunder, Roar Out Lightning",Chief Adjuah,,Independent Artist,"New Orleans, Louisiana",John Morrison
"July 27, 2023",Nos Habet Caramel | نص ح​ب​ة ك​ر​ا​م​ي​ل,El Kontessa,Electronic,Bilna&#39;es بالناقص,Palestine,James Gui
"July 26, 2023",Decay,Fatboi Sharif,Hip-Hop/Rap,Independent Artist,New Jersey,J. Edward Keyes
"July 25, 2023",Sot Wa Sada,Almaazz,,Independent Artist,"Vancouver, British Columbia",Andra Nikolayi
"July 24, 2023",Journey to the Moon and Beyond,Mort Garson,Experimental,Independent Artist,"Los Angeles, California",Ted Davis
"July 21, 2023",Black Weirdo,Kilamanzego,Electronic,Independent Artist,"Philadelphia, Pennsylvania",John Morrison
"July 20, 2023",Infinite Psychic Depths,Outer Heaven,Metal,Independent Artist,"Douglassville, Pennsylvania",Brad Sanders
"July 19, 2023",New Future City Radio,Damon Locks and Rob Mazurek,Electronic,International Anthem,"Chicago, Illinois",John Morrison
"July 18, 2023",Agriculture,Agriculture,Metal,Independent Artist,"Los Angeles, California",Ben Salmon
"July 17, 2023",Marzipan,Charif Megarbane,World,Habibi Funk Records,"Berlin, Germany",Dean Van Nguyen
"July 14, 2023",Coh B​â​le,Marc Richter,Experimental,BLACK TO COMM,"Hamburg, Germany",Marc Masters
"July 13, 2023",The Ones Ahead,Beverly Glenn-Copeland,Experimental,Independent Artist,"Hamilton, Ontario",Vanessa Ague
"July 12, 2023",Natural Wonder Beauty Concept,Natural Wonder Beauty Concept,,Independent Artist,"Queens, New York",Ann-Derrick Gaillot
"July 11, 2023",Absurd Matter,Shapednoise,Electronic,Independent Artist,"Berlin, Germany",Eli Schoop
"July 10, 2023",Natural Internet,Will Sprott,Rock,Independent Artist,"Grass Valley, California",Will Ainsley
"July 07, 2023",Calling,Cherise,,CHERISE,"London, UK",Jaelani Turner-Williams
"July 06, 2023",Adultish,Substantial,Hip-Hop/Rap,Independent Artist,"Alexandria, Virginia",Phillip Mlynar
"July 05, 2023",Canyon,Saloli,Electronic,Independent Artist,"Portland, Oregon",Casey Jarman
"July 04, 2023",Far From the Rhythm,Fit of Body,Electronic,Independent Artist,"Atlanta, Georgia",James Gui
"July 03, 2023",Fake Is Real,SDH,Electronic,Independent Artist,"Barcelona, Spain",Andi Harriman
"June 30, 2023",Yebo! Rare Mzansi Party Beats from Apartheid’s Dying Years,Various Artists,Pop,BBE,"London, UK",Andy Thomas
"June 29, 2023",Systemic,Divide and Dissolve,Metal,Independent Artist,"Melbourne, Australia",Ned Raggett
"June 28, 2023",Figura de Cristal,Estrella del Sol,,Independent Artist,"Mexico City, Mexico",Maria Barrios
"June 27, 2023",Drum Money,Ekiti Sound,Electronic,Independent Artist,"Lagos, Nigeria",Joe Muggs
"June 26, 2023",Tao Fire 道火,Mong Tong 夢東,Experimental,Mong Tong,Taiwan,Josh Feola
"June 23, 2023",Death’s Toll,DeathCollector,Metal,DeathCollectorUK,"Birmingham, UK",Colin Williams
"June 22, 2023",Control Center,BusCrates,,Independent Artist,Pittsburgh,Blake Gillespie
"June 21, 2023",RBGxDD,Abderraouf B Grissa & Dan Drohan,Jazz,Uno Loop,NA,John Morrison
"June 20, 2023",MICHAEL,Killer Mike,Hip-Hop/Rap,Independent Artist,NA,Dash Lewis
"June 16, 2023","Julius Eastman Vol. 3: If You’re So Smart, Why Aren’t You Rich?",Wild Up,,Independent Artist,"Los Angeles, California",Shy Clara Thompson
"June 15, 2023",Synthesized Sudan: Astro​-​Nubian Electronic Jaglara Dance Sounds from the Fashaga Underground,Jantra,Electronic,Ostinato Records,"New York, New York",Megan Iacobini de Fazio
"June 14, 2023",Currency // Castration,GELD,,Independent Artist,"Melbourne, Australia",Alex Deller
"June 13, 2023","Late, Late Show",pel mel,Alternative,Efficient Space,"Melbourne, Australia",Andi Harriman
"June 12, 2023",O Yinne!,Alogte Oho and his Sounds of Joy,World,Independent Artist,"Bolgatanga, Ghana",Andy Thomas
"June 09, 2023",Guy,Jayda G,,Independent Artist,"London, UK",April Clare Welsh
"June 08, 2023",Tabaco: Compiled by El Drag​​​ó​​​n Criollo & El Palmas,Tabaco,Latin,Independent Artist,"Caracas, Venezuela",Phillipe Roberts
"June 07, 2023",Ang Pagdaloy,Pantayo,,Independent Artist,"Toronto, Ontario",James Gui
"June 06, 2023",Brain Worms,RVG,Alternative,Independent Artist,"Preston, Australia",Shannon Nico Shreibak
"June 05, 2023",Zango,WITCH,Rock,Independent Artist,Zambia,Ana Leorne
"June 02, 2023",Lucky For You,Bully,Alternative,Independent Artist,"Nashville, Tennessee",Elle Carroll
"June 01, 2023",Starling,Katherine Kyu Hyeon Lim,Classical,Independent Artist,"New York, New York",Vanessa Ague
"May 31, 2023",brutalovechamp,Brandon Seabrook’s Epic Proportions,Experimental,Brandon Seabrook,"Brooklyn, New York",Brad Cohan
"May 30, 2023",Romantic Piano,Gia Margaret,,Independent Artist,"Chicago, Illinois",Arielle Gordon
"May 26, 2023",My Soft Machine,Arlo Parks,,Independent Artist,"London, UK",Jaelani Turner-Williams
"May 25, 2023",REAL B*TCHES DON’T DIE!,Kari Faux,Hip-Hop/Rap,Independent Artist,"Little Rock, Arkansas",Dash Lewis
"May 24, 2023",Akousmatikous,Salami Rose Joe Louis,Alternative,salami rose joe louis,California,John Morrison
"May 23, 2023",Calm Ya Farm,The Murlocs,Rock,Independent Artist,"Melbourne, Australia",Saby Reyes-Kulkarni
"May 22, 2023","Indiana, i’ve seen a way",Mandy,,"Mandy, Indiana","Manchester, UK",Ted Davis
"May 19, 2023",Dog Dreams (​개​꿈​),Lucy Liyou,Experimental,Independent Artist,"San Francisco, California",James Gui
"May 18, 2023",Great Big Open Sky,Daisies,Electronic,Independent Artist,"Olympia, Washington",Sims Hardin
"May 17, 2023",BIZCAS10: Ten Years of Business Casual,Various Artists,Electronic,business casual,NA,Sam Goldner
"May 16, 2023",Position,PANGAR,Electronic,Independent Artist,Réunion,Joe Muggs
"May 15, 2023",Orbweaving,Midwife & Vyva Melinkolya,Alternative,Vyva Melinkolya,"Louisville, Kentucky",Arielle Gordon
"May 11, 2023",Flowers At Your Feet,Rahill,,Independent Artist,"New York, New York",Elle Carroll
"May 10, 2023",Ilgrain,Sequoyah Murray,Electronic,Real Blue Love Rips,"Brooklyn, New York",Amaya Garcia
"May 09, 2023",Maps,billy woods & Kenny Segal,,billy woods,"New York, New York",Nadine Smith
"May 08, 2023",Turbulence and Pulse,Asher Gamedze,Jazz,International Anthem,"Chicago, Illinois",John Morrison
"May 05, 2023",Gateway Experience,Witch Prophet,,Independent Artist,"Toronto, Ontario",Nadine Smith
"May 04, 2023",Silver Haze,SQÜRL,Experimental,Independent Artist,"New York, New York",Colin Joyce
"May 03, 2023",CBD Reiki Moonbeam,Neggy Gemmy,Electronic,Independent Artist,"Los Angeles, California",Natalie Marlin
"May 02, 2023",Karma 業,P.H.0,Electronic,Independent Artist,"New York, New York",James Gui
"May 01, 2023",DREAMER,Nabihah Iqbal,Electronic,Independent Artist,"London, UK",Elle Carroll
"April 28, 2023",From Whence It Came,YUNGMORPHEUS,,Independent Artist,"Los Angeles, California",Michael Penn
"April 27, 2023","Slowly Forgetting, Barely Remembering",Martyna Basta,Experimental,Independent Artist,"Kraków, Poland",Shy Clara Thompson
"April 26, 2023",I Want To Leave This Earth Behind,Stefana Fratila,Ambient,Independent Artist,"Toronto, Ontario",Maria Barrios
"April 25, 2023",Paved With Good Intentions,SolarFive and Custom Made,Hip-Hop/Rap,SoLaRfIvE,"Chicago, Illinois",Dash Lewis
"April 24, 2023",Death Folk Country,Dorthia Cottrell,Folk,Independent Artist,"Richmond, Virginia",Ben Salmon
"April 21, 2023",I Came From Love,Dave Okumu & The 7 Generations,,Dave Okumu,"London, UK",John Morrison
"April 20, 2023",MotherFather,Petite Noir,Experimental,Independent Artist,"Cape Town, South Africa",Amaya Garcia
"April 19, 2023",Vandalized Statue To Be Replaced With Shrine,Monde UFO,Ambient,monde ufo,"Los Angeles, California",Sam Goldner
"April 18, 2023",Yallah Beibe,MC Yallah,Hip-Hop/Rap,HAKUNA KULALA,"Kampala, Uganda",James Gui
"April 17, 2023",Why Does the Earth Give Us People to Love?,Kara Jackson,,Independent Artist,"Oak Park, Illinois",Ann-Derrick Gaillot
"April 14, 2023",Since Time is Gravity,Natural Information Society,Jazz,eremite records,Hawaii,Philip Freeman
"April 13, 2023",Heavenly Spheres,Penelope Trappes,Electronic,Independent Artist,"Brighton, UK",Ted Davis
"April 12, 2023",Call Me Terry,Terry,Punk,Upset The Rhythm,"London, UK",Jude Noel
"April 11, 2023",Music Inferno: The Indestructible Beat Tour 1988​-​89,Mahlathini and the Mahotella Queens,World,Umsakazo Records,UK,Dean Van Nguyen
"April 10, 2023",Still Life in Decay,FACS,Alternative,Independent Artist,"Chicago, Illinois",Shannon Nico Shreibak
"April 07, 2023",On The Romance Of Being,Desire Marea,,Independent Artist,"KZN, South Africa",Megan Iacobini de Fazio
"April 06, 2023",Distant Intervals,Issei Herr,Classical,MIZU,"New York, New York",Vanessa Ague
"April 05, 2023",We’re Still Here,HIRS,Punk,Independent Artist,"Philadelphia, Pennsylvania",Leah B. Levinson
"April 04, 2023",Humid Sun,Masahiro Takahashi,Electronic,Independent Artist,"Toronto, Ontario",Piotr Orlov
"April 03, 2023",Leather Blvd.,B. Cool-Aid,,Independent Artist,"Los Angeles, California",John Morrison
"March 31, 2023",A​ş​k,Altın Gün,Rock,Altin Gün,"Amsterdam, Netherlands",Joshua Minsoo Kim
"March 30, 2023",绿帽 Green Hat,Tzusing,Electronic,Independent Artist,"Shanghai, China",James Gui
"March 29, 2023",Fawn/Brute,Katie Gately,Alternative,Independent Artist,"Pasadena, California",Joe Muggs
"March 28, 2023",Fractured Whole,Cruel Diagonals,Experimental,Independent Artist,"Los Angeles, California",Vanessa Ague
"March 27, 2023",Saturnian Bloodstorm,Lamp of Murmuur,Metal,Lamp Of Murmuur,"Los Angeles, California",Colin Williams
"March 24, 2023",The Art of Forgetting,Caroline Rose,Pop,Independent Artist,"Los Angeles, California",Mariana Timony
"March 23, 2023",Raw Lessons,Spectacular Diagnostics,Hip-Hop/Rap,Independent Artist,"Chicago, Illinois",Phillip Mlynar
"March 22, 2023",Post-American,MSPAINT,Punk,Independent Artist,"Hattiesburg, Mississippi",Spencer Hughes
"March 21, 2023",Birds (in my mind anyway),Doc Sleep,Electronic,DOC SLEEP,Washington,Andra Nikolayi
"March 20, 2023","Praise A Lord Who Chews But Which Does Not Consume; (Or Simply, Hot Between Worlds)",Yves Tumor,,Independent Artist,NA,Andy Beta
"March 17, 2023",Impumelelo,DJ Black Low,Electronic,Independent Artist,"Pretoria, South Africa",Dean Van Nguyen
"March 16, 2023",Tokyo,Bodikhuu,Hip-Hop/Rap,Mississippi Records,"New York, New York",Eli Schoop
"March 15, 2023",Crash Recoil,Surgeon,Electronic,Independent Artist,"Birmingham, UK",Henry Ivry
"March 14, 2023",Love As Projection,Frankie Rose,Alternative,Independent Artist,New York,Andrew Parks
"March 13, 2023",Manzanita,Shana Cleveland,Folk,Independent Artist,California,Mariana Timony
"March 10, 2023",Walk the Wheel,Truth Cult,Punk,Independent Artist,"Baltimore, Maryland",Spencer Hughes
"March 09, 2023",Lotus Glow,Adi Oasis,,Independent Artist,New York,John Morrison
"March 08, 2023",White Space,Youniss,Experimental,Independent Artist,"Antwerp, Belgium",James Gui
"March 07, 2023",Galaxia de Emociones,Jackie Mendoza,Pop,Independent Artist,"San Diego, California",Maria Barrios
"March 06, 2023",Al Hadr,Sabrina Bellaouel,R&amp;B/Soul,Independent Artist,"Paris, France",Richard Villegas
"March 03, 2023",Feeling Body,Nyokabi Kariũki,,Independent Artist,"Nairobi, Kenya",Vanessa Ague
"March 02, 2023",Flower of Life,Taleen Kali,Alternative,Independent Artist,"Los Angeles, California",Elle Carroll
"March 01, 2023",Dogsbody,Model/Actriz,Alternative,Independent Artist,"Brooklyn, New York",J. Edward Keyes
"February 28, 2023",A New Tomorrow,Zulu,Punk,Flatspot Records,"Baltimore, Maryland",John Morrison
"February 27, 2023",Evicted In The Morning,Saint Abdullah & Jason Nazary,Experimental,Saint Abdullah,"New York, New York",James Gui
"February 23, 2023",Girl In the Half Pearl,Liv.e,,(Liv).e,"Dallas, Texas",Mercy Kassa
"February 22, 2023",I Don’t Wanna Be Too Cool (Expanded Edition),Kate Fagan,Punk,Independent Artist,"Chicago, Illinois",Andi Harriman
"February 21, 2023",Abri Cyclonique,Polobi & the Gwo Ka Masters,World,Polobi &amp; the Gwo Ka Masters,Guadeloupe,Andy Beta
"February 17, 2023",Mute the Charm,Unwed Sailor,Alternative,Independent Artist,"Tulsa, Oklahoma",Andrew Parks
"February 16, 2023",Nivraym (Revisited),Koenjihyakkei,Experimental,SKiN GRAFT Records,"St. Louis, Missouri",Jim Allen
"February 15, 2023",Mourning Due,Nappy Nina,,Independent Artist,"Brooklyn, New York",Mercy Kassa
"February 14, 2023",All in Good Time,Blues Lawyer,Rock,Independent Artist,"Oakland, California",Ethan Beck
"February 13, 2023",Raven,Kelela,Electronic,Independent Artist,NA,Richard Villegas
"February 10, 2023","The Land, The Water, The Sky",Black Belt Eagle Scout,Alternative,Independent Artist,"Portland, Oregon",Jude Noel
"February 09, 2023",Szabads​​​á​​​g,Adela Mede,Experimental,Night School,"Glasgow, UK",Matthew Blackwell
"February 08, 2023",Somewhere Over the Mystic Moon,India Sky,R&amp;B/Soul,Ratskin Records,"Oakland, California",Amaya Garcia
"February 07, 2023",Spandrel?,Evita Manji,Electronic,Independent Artist,Greece,James Gui
"February 06, 2023",Eye Of I,James Brandon Lewis,,Independent Artist,"New York, New York",John Morrison
"February 03, 2023",Anarchist Gospel,Sunny War,Folk,Independent Artist,"Los Angeles, California",John Morrison
"February 02, 2023",We Cater To Cowards,Oozing Wound,Punk,Independent Artist,"Chicago, Illinois",Saby Reyes-Kulkarni
"February 01, 2023",Today My Friend You Drunk The Venom,The Drin,Punk,Independent Artist,"Cincinnati, Ohio",Kerry Cardoza
"January 31, 2023",Compositions,Deathprod,Electronic,Independent Artist,"Oslo, Norway",Louis Pattison
"January 30, 2023",Lockstep Bloodwar,Sightless Pit,Electronic,Independent Artist,Rhode Island,Brad Sanders
"January 27, 2023",Honey,Samia,,Independent Artist,"New York, New York",Ruth Jiang
"January 26, 2023",Dilijans,Ayizan,Jazz,Independent Artist,"New York, New York",John Morrison
"January 24, 2023",Noise à Noise 23: Noise vs. Silence (Vol. I​-​IV),Various Artists,Experimental,Noise à Noise,"Tehran, Iran",Andra Nikolayi
"January 23, 2023",Keeper Is The Heart,Nighttime,Folk,Independent Artist,"Los Angeles, California",Hayden Merrick
"January 20, 2023",To What End,Oddisee,,Independent Artist,"Washington, D.C.",John Morrison
"January 19, 2023",Courts or Wars,Second Layer,Punk,Independent Artist,"London, UK",Alex Deller
"January 18, 2023",Big World,Grim Beazley,Electronic,Constellation Tatsu,"Oakland, California",Andrew Parks
"January 17, 2023",Blue Period,Beauty Pill,Rock,Independent Artist,"Washington, D.C.",Patrick King
"January 13, 2023",The Weight Of Remembrance,Tribunal,Metal,20 Buck Spin,"Pittsburgh, Pennsylvania",Jon Wiederhorn
"January 12, 2023","Nina Persson & The Second Hand Orchestra, The Great White Sea Eagle",James Yorkston,Folk,Independent Artist,"Scotland, UK",Ben Salmon
"January 11, 2023",mole,poolblood,,Independent Artist,"Toronto, Ontario",Amaya Garcia
"January 10, 2023",I’M NOT SURE AT ALL,Marlody,Alternative,Independent Artist,"England, UK",Elle Carroll
"January 09, 2023",You Will Love Again,Kate Ferencz,Alternative,Independent Artist,"Philadelphia, Pennsylvania",Andi Harriman
"December 09, 2022",Common Ground Vol. 2,Various Artists,Ambient,Safe Ground Rec.,"Brussels, Belgium",Ted Davis
"December 08, 2022",Unsettling Scores,Lamin Fofana,,Independent Artist,"New York, New York",John Morrison
"December 07, 2022",Homecore! Miami All-Stars,Various Artists,Electronic,Omnidisc,"Miami, Florida",James Gui
"December 06, 2022",Que Bellas Son,Moncho y Su Banda,World,Independent Artist,"Charallave, Venezuela",Elle Carroll
"December 05, 2022",Overtaker,Hammers of Misfortune,Metal,Hammers Of Misfortune,montana,Brad Sanders
"December 02, 2022",Memoirs of a Dream,The Sea Ensemble,Jazz,Independent Artist,"New York, New York",John Morrison
"December 01, 2022",Everything Returns,Black Ox Orkestar,Folk,Independent Artist,"Montreal, Québec",Yoni Kroll
"November 30, 2022",I Turned Myself Into Myself,Shirt,Hip-Hop/Rap,Mello Music Group,"Tucson, Arizona",Blake Gillespie
"November 29, 2022",Fireside Stories (Hebden Bridge circa 1971-1974),Trevor Beales,Folk,Independent Artist,"Hebden Bridge, UK",Elle Carroll
"November 28, 2022",Flaming Swords,Fievel Is Glauque,Alternative,Independent Artist,"Brooklyn, New York",Miles Bowe
"November 23, 2022",Genes,Lee Clarke,Electronic,Independent Artist,"Philadelphia, Pennsylvania",Ben Salmon
"November 22, 2022",Alessandroni Proibito (Music from Red Light Films 1977​-​1980),Alessandro Alessandroni,Soundtrack,Four Flies Records,Italy,Elle Carroll
"November 21, 2022",isomonstrosity,isomonstrosity,,Independent Artist,"New York, New York",John Morrison
"November 18, 2022",Mirrored,Vanessa Wagner,Classical,Independent Artist,"Montreuil, France",Vanessa Ague
"November 17, 2022",Atalaya,Dezron Douglas,,International Anthem,"Chicago, Illinois",John Morrison
"November 16, 2022",Memoirs of Hi-Tech Jazz,Waajeed,Electronic,Independent Artist,"Detroit, Michigan",Piotr Orlov
"November 15, 2022",Almanac Behind,Daniel Bachman,Experimental,Independent Artist,"Madison, Virginia",Katie Kurtz
"November 14, 2022",Mariage,Wau Wau Collectif,World,Independent Artist,"Toubab Dialao, Senegal",Andy Beta
"November 10, 2022",Pray 4 Tomorrow,Dumb,Rock,dumb,"Vancouver, British Columbia",Chloe Liebenthal
"November 09, 2022",Endure,Special Interest,Punk,SPECIAL INTEREST,NA,Kerry Cardoza
"November 08, 2022",The Living World’s Demands,Ami Dang,Experimental,Independent Artist,"Baltimore, Maryland",Vanessa Ague
"November 07, 2022",Please Don’t Take Me Back,Martha,Punk,Independent Artist,"Durham, UK",Alex Deller
"November 04, 2022",Comradely Objects,Horse Lords,Experimental,Independent Artist,"Baltimore, Maryland",Vanessa Ague
"November 03, 2022",Marvin Tate’s D-Settlement,Marvin Tate’s D-Settlement,Rock,Marvin Tate&#39;s D-Settlement,"Chicago, Illinois",John Morrison
"November 02, 2022",Meeting with a Judas Tree,Duval Timothy,,Independent Artist,"England, UK",John Morrison
"November 01, 2022",Autumn Fair,Autumn Fair,Experimental,Recital,"Glendale, California",Shy Clara Thompson
"October 31, 2022",Autonomy,Secret Shame,Rock,Independent Artist,"Asheville, North Carolina",Brad Cohan
"October 28, 2022",yield,cktrl,,Independent Artist,"London, UK",Megan Iacobini de Fazio
"October 27, 2022",Hit With The Most,Ribbon Stage,Punk,Independent Artist,"New York, New York",Ben Salmon
"October 26, 2022",Síntesis Moderna: An Alternative Vision Of Argentinian Music 1980-1990,Various Artists,Electronic,Soundway Records,UK,Richard Villegas
"October 25, 2022",N’Djila Wa Mudujimu,Lady Aicha & Pisko Crane’s Original Fulu Miziki of Kinshasa,,Nyege Nyege Tapes,"Kampala, Uganda",James Gui
"October 24, 2022",Spells of Silence,Mt Fog,Alternative,Independent Artist,"Seattle, Washington",Patrick King
"October 21, 2022",Pigments,Dawn Richard & Spencer Zahn,Ambient,DAWN,"Los Angeles, California",Ted Davis
"October 20, 2022",劇變 (Jubian),Ripped to Shreds,Metal,Independent Artist,"San Jose, California",Colin Williams
"October 19, 2022",Cyclorama,Ariel Zetina,Electronic,Independent Artist,"Chicago, Illinois",James Gui
"October 18, 2022",YTI​⅃​A​Ǝ​Я,Bill Callahan,Alternative,Independent Artist,"Austin, Texas",Charlie Zaillian
"October 17, 2022",COMETA,Nick Hakim,,Independent Artist,New York,John Morrison
"October 14, 2022",Njyhi,Nok Cultural Ensemble,Jazz,Nok Cultural Ensemble,"London, UK",John Morrison
"October 13, 2022",Building Something Beautiful For Me,Loraine James,,Independent Artist,"London, UK",John Morrison
"October 12, 2022",Se Ve Desde Aquí,Mabe Fratti,Experimental,TAR / MM / UOH,NA,Vanessa Ague
"October 11, 2022",a tape called component system with the auto reverse,Open Mike Eagle,Hip-Hop/Rap,Independent Artist,Los Angeles,Phillip Mlynar
"October 10, 2022",A Square is a Shape of Power,Courtney and Brad,Rock,Independent Artist,"Providence, Rhode Island",Shy Clara Thompson
"October 07, 2022",Capricorn Sun,TSHA,,Independent Artist,"London, UK",Amaya Garcia
"October 06, 2022",Please Have a Seat,NNAMDÏ,,Independent Artist,"Chicago, Illinois",Anna White
"October 05, 2022",An Orange Colored Day,Arima Ederra,,Independent Artist,"Los Angeles, California",Mercy Kassa
"October 04, 2022",Blood In My Eye (A Soul Insurgent Guide),Konjur Collective,Experimental,Independent Artist,"Baltimore, Maryland",John Morrison
"October 03, 2022",BodyLepsis,Gutterring,Electronic,gutterring,"London, UK",Joe Muggs
"September 30, 2022",Living Sky,Sun Ra Arkestra,Jazz,Independent Artist,Alabama,Michael J. West
"September 29, 2022",Patience of a Traitor,Saint Abdullah and Eomac,Experimental,Other People,"New York, New York",James Gui
"September 28, 2022",The Muslim Highlife of Alhaji Waziri Oshomah,Alhaji Waziri Oshomah,World,Independent Artist,"Auchi, Nigeria",Andy Beta
"September 27, 2022",Bourbonese Qualk,Bourbonese Qualk,Alternative,Mannequin Records,Germany,Michael Lawson
"September 26, 2022",Searching in Grenoble: The 1978 Solo Piano Concert,Mal Waldron,Jazz,Tompkins Square,"San Francisco, California",Michael J. West
"September 23, 2022",Weather Alive,Beth Orton,Alternative,Independent Artist,"London, UK",Will Pritchard
"September 22, 2022",In These Times,Makaya McCraven,Jazz,International Anthem,"Chicago, Illinois",Stewart Smith
"September 21, 2022",Conduit,Coby Sey,,Independent Artist,"London, UK",Mercy Kassa
"September 20, 2022",In Paris,Star Feminine Band,World,STAR FEMININE BAND,"Natitingou, Benin",Megan Iacobini de Fazio
"September 19, 2022",Last Spa on Earth,Divino Niño,Electronic,Independent Artist,"Chicago, Illinois",Richard Villegas
"September 16, 2022",Energy Bar,Heaven For Real,Punk,Independent Artist,"Halifax, Nova Scotia",Hayden Merrick
"September 15, 2022",Dreamkiller,Sumerlands,Metal,Independent Artist,"Philadelphia, Pennsylvania",Brad Sanders
"September 14, 2022",Expert in a Dying Field,The Beths,Alternative,Independent Artist,"Auckland, New Zealand",Elle Carroll
"September 13, 2022",Raw Space,Authentically Plastic,Electronic,HAKUNA KULALA,"Kampala, Uganda",James Gui
"September 12, 2022",Infinite Zonez,Suzi Analogue,,Independent Artist,"Miami, Florida",Amaya Garcia
"September 09, 2022",Natural Brown Prom Queen,Sudan Archives,R&amp;B/Soul,Independent Artist,"Los Angeles, California",Tasha Viets-VanLear
"September 08, 2022",I Like it When You Smile,S. Raekwon,,Independent Artist,"New York, New York",Antoinette Isama
"September 07, 2022",Whipped Stream and Other Earthly Delights,Moth Cock,Experimental,Independent Artist,"Kent, Ohio",Leah B. Levinson
"September 06, 2022",Like Neptune,Son Little,,Independent Artist,"Philadelphia, Pennsylvania",John Morrison
"September 02, 2022",Dreaming Kind,The Orchids,Punk,Independent Artist,"Glasgow, UK",Jude Noel
"September 01, 2022",Heaven Come Crashing,Rachika Nayar,,Independent Artist,"Los Angeles, California",Amaya Garcia
"August 31, 2022",Lion Piss + Arm Vulnerability,Genital Shame,Metal,Independent Artist,"Los Angeles, California",Leah B. Levinson
"August 30, 2022",Xia Ye,Night Swimmer,Electronic,Independent Artist,"Wuhan, China",Andy Beta
"August 29, 2022",S3RP3NT,Mona Demone,,Ratskin Records,"Oakland, California",Andi Harriman
"August 26, 2022",Rest,Thanya Iyer,,Independent Artist,"Montreal, Québec",Ruth Jiang
"August 25, 2022",First of the Brooklyn Cowgirls,Mimi Roman,Country,Independent Artist,"Brooklyn, New York",Ben Salmon
"August 24, 2022",Vortex,Terence Etc.,Experimental,Independent Artist,"Brooklyn, New York",Nicolas-Tyrell Scott
"August 23, 2022",Let’s Turn It Into Sound,Kaitlyn Aurelia Smith,Electronic,Independent Artist,"Los Angeles, California",Ted Davis
"August 22, 2022",Green of Winter,Battle Trance,Classical,Independent Artist,New York,Alex Heigl
"August 19, 2022",Recordar É Viver: Antologia Vol​.​1,Pedro Lima,World,Independent Artist,"Sao Tome, São Tomé and Príncipe",Andy Beta
"August 18, 2022",In The Fade,Tony Molina,Rock,Independent Artist,"San Francisco, California",Charlie Zaillian
"August 17, 2022",Hypnotic Guitar of John Ondolo,John Ondolo,Acoustic,Mississippi Records,"New York, New York",Andy Beta
"August 16, 2022",Ever Crashing,SRSQ,Alternative,Independent Artist,"Los Angeles, California",Jude Noel
"August 15, 2022",Mutualism,SAUL,Electronic,Rhythm Section International,"London, UK",John Morrison
"August 12, 2022",Up Against The Wall; A Degree Of Lunacy,YUNGMORPHEUS & THERAVADA,Hip-Hop/Rap,YUNGMORPHEUS,"Los Angeles, California",Phillip Mlynar
"August 11, 2022",a lot’s gonna change,Claude,Pop,Independent Artist,"Chicago, Illinois",Elle Carroll
"August 10, 2022","I Survived, It’s Over",Rich Ruth,Ambient,Independent Artist,"Nashville, Tennessee",Piotr Orlov
"August 09, 2022",Morir y Renacer,Conjunto Primitivo,Electronic,Chicago Research,"Chicago, Illinois",Richard Villegas
"August 08, 2022",American Rituals,Cheri Knight,Experimental,Independent Artist,"Olympia, Washington",Erin Margaret Day
"August 05, 2022",Marci,Marci,Pop,Independent Artist,"Montreal, Québec",Tasha Viets-VanLear
"August 04, 2022",Crowd Can Talk,Lifeguard,Rock,Independent Artist,"Chicago, Illinois",Erin Margaret Day
"August 03, 2022",Soothsayer,Kyle Kidd,R&amp;B/Soul,Independent Artist,"Cleveland, Ohio",Erin Margaret Day
"August 02, 2022",Chopper,Kiwi Jr.,Rock,Kiwi jr,"Toronto, Ontario",Hayden Merrick
"August 01, 2022",Mental Picture,Sarah Bethe Nelson,Rock,Independent Artist,"San Francisco, California",Elle Carroll
"July 29, 2022",P​.​O​.​C (Proof of Concept),Zenizen,R&amp;B/Soul,Independent Artist,"Brooklyn, New York",Tasha Viets-VanLear
"July 28, 2022",Summons,Heart of the Ghost,Jazz,Independent Artist,"Washington, D.C.",John Morrison
"July 27, 2022",Sons Of,Sam Prekop and John McEntire,Experimental,Sam Prekop,"Chicago, Illinois",Piotr Orlov
"July 26, 2022",Sedale Threat,Wrecking Crew,Hip-Hop/Rap,Independent Artist,"Philadelphia, Pennsylvania",Blake Gillespie
"July 25, 2022",Hiss,Wormrot,Metal,Independent Artist,Singapore,Colin Williams
"July 22, 2022",The Antidote Suite,JoVia Armstrong & Eunoia Society,Jazz,JoVia Armstrong &amp; Eunoia Society,"Detroit, Michigan",Piotr Orlov
"July 21, 2022",Emahoy Tsege Mariam Gebru,Emahoy Tsege Mariam Gebru,Classical,Independent Artist,"Addis Ababa, Ethiopia",Mercy Kassa
"July 20, 2022",Belief,Belief,Electronic,Independent Artist,"Los Angeles, California",James Gui
"July 19, 2022","Hello, Hi",Ty Segall,Rock,Independent Artist,"Los Angeles, California",Elle Carroll
"July 18, 2022",Ima ایما,Tegh & Adel Poursamadi,Ambient,Tegh,"Tehran, Iran",Will Pritchard
"July 15, 2022",Spectral,Madeline Cocolas,Ambient,Madeleine Cocolas,"Tokyo, Japan",Ted Davis
"July 14, 2022",Connection,The Maghreban,Electronic,Independent Artist,"London, UK",Andy Beta
"July 13, 2022",Renaissance,DoomCannon,Jazz,Independent Artist,"London, UK",John Morrison
"July 12, 2022",Bigger Sprout,Lawn,Rock,Independent Artist,"New Orleans, Louisiana",Charlie Zaillian
"July 11, 2022",LOGGERHEAD,Wu-Lu,Alternative,Independent Artist,"London, UK",Joe Muggs
"July 08, 2022",Spirit Exit,Caterina Barbieri,Ambient,caterina barbieri,"Berlin, Germany",Vanessa Ague
"July 07, 2022",The Real Work,Party Dozen,Rock,Independent Artist,"Sydney, Australia",Brad Cohan
"July 06, 2022",Beanna,Mejiwahn,Experimental,mejiwahn,"Oakland, California",Tasha Viets-VanLear
"July 05, 2022",Human Capital,Bad Breeding,Punk,Independent Artist,"Stevenage, UK",Kerry Cardoza
"July 01, 2022",Killed By Mock Execution,Mock Execution,Punk,LA VIDA ES UN MUS DISCOS,"London, UK",Kerry Cardoza
"June 30, 2022",Páthos,Conjurer,Metal,Independent Artist,"Rugby, UK",Colin Williams
"June 28, 2022",The Spur,Joan Shelley,Folk,Independent Artist,"Louisville, Kentucky",Peter Margasak
"June 27, 2022",The Evil One,Nervus,Rock,Independent Artist,"Watford, UK",Charlie Zaillian
"June 24, 2022",Heaven Is Here,Candy,Metal,Independent Artist,NA,Spencer Hughes
"June 23, 2022",Aura,Hatis Noit,Experimental,Independent Artist,"London, UK",James Gui
"June 22, 2022",King Cobra,Infinity Knives & Brian Ennals,Hip-Hop/Rap,INFINITY KNIVES,"Baltimore, Maryland",Phillip Mlynar
"June 21, 2022",Seabed​-​Sunbath,Loris S. Sarid,Ambient,Loris S Sarid,"Glasgow, UK",Eli Schoop
"June 20, 2022",Color Me Country: 2022 Remaster,Linda Martell,Country,Independent Artist,"Batesburg Leesville, South Carolina",Jim Allen
"June 17, 2022",Pink Dolphins,Anteloper,Jazz,International Anthem,"Chicago, Illinois",Michael J. West
"June 16, 2022",Love Is Yours,Flasher,Rock,Independent Artist,"Washington, D.C.",Charlie Zaillian
"June 15, 2022",I Told Bessie,ELUCID,Hip-Hop/Rap,E L U C I D,New York,Nadine Smith
"June 14, 2022",Ndikho Xaba and the Natives,Ndikho Xaba and the Natives,Jazz,Mississippi Records,"New York, New York",John Morrison
"June 13, 2022",Kind Blade,MJ Noble,Experimental,Independent Artist,"Los Angeles, California",Elle Carroll
"June 10, 2022",Persecution of the Living,Grave Infestation,Metal,Invictus Productions,"Dublin, Ireland",Sarah Kitteringham
"June 09, 2022",BRC Vol. 2,Black Rave Culture,Electronic,Independent Artist,"Washington, D.C.",James Gui
"June 08, 2022",Justice – The Vocal Works of Oliver Lake,Sonic Liberation Front,Jazz,High Two,"Philadelphia, Pennsylvania",John Morrison
"June 07, 2022",Beja Power! Electric Soul & Brass from Sudan’s Red Sea Coast,Noori & His Dorpa Band,World,Ostinato Records,"New York, New York",Joshua Minsoo Kim
"June 06, 2022",SUKISTAN,EMÆNUEL,Experimental,Independent Artist,"London, UK",Andy Beta
"June 03, 2022",Síntomas de Techno: Ondas Electrónicas Subterráneas desde Perú (1985​-​1991),Various Artists,Experimental,Buh Records,"Lima, Peru",Jinhyung Kim
"June 02, 2022",Flying Doesn’t Help,Anthony Moore,Experimental,Independent Artist,"Saint Leonards, UK",Sunik Kim
"June 01, 2022",The Afrorack,Afrorack,Electronic,HAKUNA KULALA,"Kampala, Uganda",John Morrison
"May 31, 2022",Hyaline,Maria BC,Ambient,Independent Artist,NA,Ted Davis
"May 27, 2022",Gone Girl,Magi Merlin,R&amp;B/Soul,Independent Artist,"Montreal, Québec",Brittny Pierre
"May 25, 2022",Pripyat,Marina Herlop,Experimental,Independent Artist,"Barcelona, Spain",Sam McLemore
"May 24, 2022",Inside Out,Tourist,Electronic,Independent Artist,"London, UK",Will Pritchard
"May 23, 2022",Personal Computer,Master Boot Record,Metal,MASTER BOOT RECORD,"Rome, Italy",Andrew Parks
"May 20, 2022",Face the Wall,Jordana,Alternative,Independent Artist,"Los Angeles, California",Ruth Jiang
"May 19, 2022",DEATHFAME,Quelle Chris,Hip-Hop/Rap,Independent Artist,"Detroit, Michigan",Phillip Mlynar
"May 18, 2022",EG2: Dowsing Voice,Emma Ruth Rundle,Experimental,Independent Artist,"Portland, Oregon",Amaya Garcia
"May 17, 2022",A Light for Attracting Attention,The Smile,Alternative,Independent Artist,"Oxford, UK",Andy Beta
"May 16, 2022",Bi Cinnete Bakar,Lalalar,Funk,Independent Artist,"İstanbul, Turkey",Joshua Minsoo Kim
"May 13, 2022",The Last Thing Left,Say Sue Me,Rock,Say Sue Me 세이수미,"Busan, South Korea",Jude Noel
"May 12, 2022",Phototroph,Moon Tooth,Rock,Independent Artist,NA,Brad Sanders
"May 11, 2022",The Rise & Fall Of Jaymie Silk & Rave Culture,Jaymie Silk,Electronic,Independent Artist,"Paris, France",Joe Muggs
"May 10, 2022",Regrowth,Kalia Vandever,Classical,Independent Artist,"Brooklyn, New York",Vanessa Ague
"May 09, 2022",Hydroplane,Hydroplane,Alternative,Independent Artist,"Melbourne, Australia",Shy Clara Thompson
"May 06, 2022",A Bit of Previous,Belle & Sebastian,Alternative,Belle and Sebastian,"Glasgow, UK",Charlie Zaillian
"May 05, 2022",A Chant About the Beauty of the Moon at Night: Hawaiian Steel Guitar Masters 1913-1921,Various Artists,,Magnificent Sounds Records,"Buffalo, New York",Shy Clara Thompson
"May 04, 2022",Air Born,Varnrable,Alternative,Independent Artist,"Copenhagen, Denmark",Elle Carroll
"May 03, 2022",Where’s The One?,Congotronics International,Rock,Independent Artist,NA,Andy Beta
"May 02, 2022",No Island,Winged Wheel,Experimental,Winged Wheel,"Detroit, Michigan",Erin Margaret Day
"April 29, 2022",… y que Calvos!,Los Calvos,Latin,Independent Artist,"Caracas, Venezuela",Richard Villegas
"April 28, 2022",Void,SCALPING,Electronic,SCALER,"Bristol, UK",Colin Joyce
"April 27, 2022",WEMA,WEMA,World,Independent Artist,"London, UK",Piotr Orlov
"April 26, 2022",everything perfect is already here,claire rousay,Experimental,Independent Artist,"Los Angeles, California",Miles Bowe
"April 25, 2022",Crime of Passing,Crime of Passing,Punk,Independent Artist,"Cincinnati, Ohio",Kerry Cardoza
"April 22, 2022",HOP HOP,Tigris,Funk,Independent Artist,"Tel Aviv, Israel",Dave Jenkins
"April 21, 2022",imagine naked!,OHYUNG,Ambient,Independent Artist,"New York, New York",Ruth Jiang
"April 20, 2022",Incubator,Primer,Alternative,Independent Artist,"Los Angeles, California",Tasha Viets-VanLear
"April 19, 2022",SOS,Straw Man Army,Punk,LA VIDA ES UN MUS DISCOS,"London, UK",JJ Skolnik
"April 18, 2022",Dreams Drenched in Static,Cremation Lily,Metal,Independent Artist,"England, UK",Louis Pattison
"April 15, 2022",Aethiopes,billy woods,Hip-Hop/Rap,Independent Artist,"New York, New York",Phillip Mlynar
"April 14, 2022",Papillon de Nuit: The Night Butterfly,Tanika Charles,R&amp;B/Soul,Independent Artist,Toronto,Piotr Orlov
"April 13, 2022","Live in New York City, February 8, 1975",Alan Braufman,Jazz,Independent Artist,"New York, New York",Britt Robson
"April 12, 2022",Other Ways of Living,Local Tourist,Rock,Independent Artist,Virginia,Annie Zaleski
"April 11, 2022",Viento Sur,Various Artists,Experimental,Vampisoul,"Madrid, Spain",Andy Beta
"April 08, 2022",Tuqoos | طُقُوس,Julmud,Electronic,Bilna&#39;es بالناقص,Palestine,James Gui
"April 07, 2022",Nothing’s Ever Fine,Oceanator,Alternative,Independent Artist,New York,Elle Carroll
"April 06, 2022",I Just Want To Be A Good Man,Pastor Champion,Devotional,Independent Artist,"Oakland, California",John Morrison
"April 05, 2022",THE UNRAVELING OF PUPTHEBAND,PUP,Punk,Independent Artist,"Toronto, Ontario",Charlie Zaillian
"April 04, 2022",Midnight Rocker,Horace Andy,Reggae,Independent Artist,"Kingston, Jamaica",John Morrison
"April 01, 2022",The Leather Lemon,P.E.,Alternative,Independent Artist,"Brooklyn, New York",Andrew Parks
"March 31, 2022",Key to a Vanishing Future,Falls of Rauros,Metal,Gilead Media,"Oshkosh, Wisconsin",Ben Salmon
"March 30, 2022",Whatever The Weather,Whatever The Weather,Ambient,Independent Artist,"London, UK",Ted Davis
"March 29, 2022",Mabanzo,Juanita Euka,Latin,Independent Artist,"London, UK",Amaya Garcia
"March 28, 2022",Electricity,Ibibio Sound Machine,World,Independent Artist,UK,Saby Reyes-Kulkarni
"March 25, 2022",Warm Chris,Aldous Harding,Folk,Independent Artist,New Zealand,Mariana Timony
"March 24, 2022",Medhead,Cosmo Vitelli,Electronic,Independent Artist,"Berlin, Germany",Miles Bowe
"March 23, 2022",Laminated Skies,Raw Poetic and Damu The Fudgemunk,Hip-Hop/Rap,Raw Poetic,"Washington, D.C.",John Morrison
"March 22, 2022",Between Two Worlds / Entre Dos Mundos,Amaru Tribe,Latin,Independent Artist,"Melbourne, Australia",Rebecca Bodenheimer
"March 21, 2022",The Art of Flight: For Alvin Fielder,Survival Unit III,Jazz,Independent Artist,"Poughkeepsie, New York",Peter Margasak
"March 18, 2022",Holy Body Roll,A. Billi Free & The Lasso,Funk,The Lasso,Michigan,Amaya Garcia
"March 17, 2022",Yayoyanoh,Yayoyanoh,Electronic,Precious Metals,"London, UK",John Morrison
"March 16, 2022",V4 Visions: Of Love & Androids,Various Artists,R&amp;B/Soul,V4 Visions,"London, UK",Blake Gillespie
"March 15, 2022",Crease,Kee Avil,Experimental,Independent Artist,"Montreal, Québec",Miles Bowe
"March 14, 2022",ONDAMICUNDERDACOZMICLYTZ,NAPPYNAPPA,Hip-Hop/Rap,Independent Artist,"Washington, D.C.",Jonathan Williger
"March 11, 2022",Meadow Flower,Star Party,Punk,Independent Artist,"Seattle, Washington",Ben Salmon
"March 10, 2022",Too Small to Be a Plain,Lia Kohl,Experimental,SHINKOYO / ARTIST POOL,NA,Shy Clara Thompson
"March 09, 2022",IV,Letting Up Despite Great Faults,Alternative,Independent Artist,"Los Angeles, California",Jude Noel
"March 08, 2022","The Tunnel, The Well, Holy Bedlam",JIRM,Rock,Ripple Music,"San Ramon, California",Jeff Terich
"March 07, 2022",Maloo,Maylee Todd,,Independent Artist,"Los Angeles, California",Tasha Viets-VanLear
"March 04, 2022",It Was a Home,KAINA,R&amp;B/Soul,Independent Artist,"Chicago, Illinois",Amaya Garcia
"March 03, 2022","Fiscal, Remote, Distilled",Blanche Blanche Blanche,Experimental,Fievel Is Glauque,"Brooklyn, New York",Miles Bowe
"March 02, 2022",Jupiter’s Purse,MATTIE,R&amp;B/Soul,Independent Artist,"Dallas, Texas",Tasha Viets-VanLear
"March 01, 2022",Strawberry,Caroline Loveglow,Pop,Independent Artist,"Los Angeles, California",Ed Blair
"February 28, 2022",Camino Al Mar,Acid Coco,Latin,Independent Artist,Switzerland,Richard Villegas
"February 25, 2022",Mechanical Sweetness,Alyssa Gengos,Pop,Independent Artist,"Los Angeles, California",Ben Salmon
"February 24, 2022",Plonk,Huerco S.,Electronic,Independent Artist,"Philadelphia, Pennsylvania",Andy Beta
"February 23, 2022",Here Comes The Sunset,Cheer-Accident,Rock,Independent Artist,"Chicago, Illinois",Peter Margasak
"February 22, 2022",Texas Moon,Khruangbin and Leon Bridges,Rock,Khruangbin,"Houston, Texas",Ann-Derrick Gaillot
"February 18, 2022",Soundtrack [313] + 6,The Detroit Escalator Company,Electronic,Mental Groove Records / Musique Pour La Danse,Switzerland,Arielle Gordon
"February 17, 2022",Agadez,Etran de L’Aïr,World,Etran de L&#39;Aïr,"Agadez, Niger",Shy Clara Thompson
"February 16, 2022",Nine Lives,Kendra Morris,R&amp;B/Soul,Independent Artist,"New York, New York",Blake Gillespie
"February 15, 2022",BAMANAN,Rokia Koné & Jacknife Lee,World,Rokia Koné,"Bamako, Mali",Andy Beta
"February 14, 2022",Visitor,Empath,Alternative,empath,"Philadelphia, Pennsylvania",Kerry Cardoza
"February 11, 2022",Armed To The Teeth L​.​M​.​O​.​M​.​M.,Kill Alters,Experimental,Hausu Mountain Records,"Chicago, Illinois",Miles Bowe
"February 10, 2022",lotus deluxe,LANNDS,Alternative,Independent Artist,"Los Angeles, California",Tasha Viets-VanLear
"February 09, 2022",Gold Arc,Tomato Flower,Pop,Independent Artist,"Baltimore, Maryland",Jude Noel
"February 08, 2022",A Time For Healing,Kahil El’Zabar Quartet,Jazz,Kahil El&#39;Zabar,"Chicago, Illinois",Britt Robson
"February 07, 2022",Lore Of The Land,The Order Of The 12,Folk,Richard Norris,"London, UK",Joe Muggs
"February 04, 2022",Where You Are,Teno Afrika,World,Independent Artist,"Pretoria, South Africa",Megan Iacobini de Fazio
"February 03, 2022",Where Myth Becomes Memory,Rolo Tomassi,Metal,Independent Artist,UK,Colin Williams
"February 02, 2022",Pompeii,Cate Le Bon,Alternative,Independent Artist,UK,Elle Carroll
"February 01, 2022","Mainstream Funk: Funk, Soul, & Spiritual Jazz 1971-75",Various Artists,R&amp;B/Soul,WEWANTSOUNDS,"Paris, France",Andy Beta
"January 31, 2022",Soul Connection,John Patton,Jazz,Independent Artist,"London, UK",John Morrison
"January 28, 2022","Pinks & Purples, Summer At Land’s End",The Reds,Pop,"The Reds, Pinks &amp; Purples","San Francisco, California",Ben Salmon
"January 27, 2022",Dissolution Wave,Cloakroom,Rock,Independent Artist,"Northwest, Indiana",Saby Reyes-Kulkarni
"January 26, 2022",IRE,Combo Chimbita,Latin,Independent Artist,"New York, New York",Amaya Garcia
"January 25, 2022",Tissues,Pan Daijing,Experimental,Independent Artist,"Berlin, Germany",James Gui
"January 24, 2022",Rough and Beautiful Place,Mydreamfever,Electronic,Independent Artist,"Seoul, South Korea",CJ Simonson
"January 21, 2022","Henry Kaiser and Alex Varty, Pacifica Koral Reef",Wadada Leo Smith,Jazz,577 Records,"Brooklyn, New York",John Morrison
"January 20, 2022",Fingers Crossed,Artsick,Punk,Independent Artist,"Oakland, California",Jude Noel
"January 19, 2022",Wit’s End,Mizmor,Metal,Independent Artist,"Portland, Oregon",Ben Salmon
"January 18, 2022",Optimism,Jana Horn,Folk,Independent Artist,"Austin, Texas",Jim Allen
"January 14, 2022",The D​-​Vine Spirituals Story: Volume 1,Various Artists,R&amp;B/Soul,D-Vine Spirituals,"Memphis, Tennessee",John Morrison
"January 12, 2022",Asakusa Light,Soichi Terada,Electronic,Independent Artist,"Tokyo, Japan",Samuel Tornow
"January 11, 2022",Muerte de un Salvaje,Observe Since ‘98,Hip-Hop/Rap,Observe since ‘98,"Madison, Wisconsin",J. Edward Keyes
"January 10, 2022",Antidawn,Burial,Electronic,Independent Artist,"London, UK",Andy Beta
"January 06, 2022",Gratitude,Abiodun Oyewole,Hip-Hop/Rap,Independent Artist,"New York, New York",Piotr Orlov
"January 05, 2022",Archive Material,Silverbacks,Punk,Independent Artist,"Dublin, Ireland",Charlie Zaillian
"December 17, 2021",The Time Of The Foxgloves,Michael Hurley,Folk,Independent Artist,"Astoria, Oregon",Marc Masters
"December 16, 2021",Joltjacket,Ehiorobo,Alternative,Independent Artist,"Jersey City, New Jersey",Ann-Derrick Gaillot
"December 15, 2021",Azure,SKY H1,Ambient,Independent Artist,"Brussels, Belgium",Joe Muggs
"December 14, 2021",Think of the Lie,Home Front,Punk,LA VIDA ES UN MUS DISCOS,"London, UK",JJ Skolnik
"December 13, 2021",Samba in Seattle: Live at the Penthouse 1966​-​1968,Bola Sete,World,Tompkins Square,"San Francisco, California",Andy Beta
"December 10, 2021",SHIFTING,Beatrice Deer,Pop,Independent Artist,"Montreal, Québec",Jude Noel
"December 09, 2021",Unsubtle Magic,Ziemba,Pop,Independent Artist,"Los Angeles, California",Matt Mitchell
"December 08, 2021",Genocide Pact,Genocide Pact,Metal,Independent Artist,"Washington, D.C., D.C.",Ben Salmon
"December 07, 2021",Forfolks,Jeff Parker,Jazz,International Anthem,"Chicago, Illinois",Michael J. West
"December 06, 2021",Open Arms to Open Us,Ben LaMar Gay,Jazz,International Anthem,"Chicago, Illinois",Michael J. West
"December 03, 2021",Before The Baby,Samia,Alternative,Independent Artist,"New York, New York",Ruth Jiang
"December 02, 2021",Aunt Sally,Aunt Sally,Punk,Independent Artist,"Kobe, Japan",Shy Clara Thompson
"December 01, 2021",ELDOVAR: A Story of Darkness & Light,Elder & Kadavar,Metal,Elder,"Berlin, Germany",Ben Salmon
"November 30, 2021",Quitter,Weakened Friends,Alternative,Independent Artist,"Portland, Maine",Brad Sanders
"November 29, 2021","Ritmo Fantasia: Balearic Spanish Synth​-​Pop, Boogie and House (1982​-​1992)",Various Artists,Electronic,Soundway Records,UK,Andy Beta
"November 24, 2021",Le Cirque de Consolation,Léonie Pernet,Alternative,Independent Artist,"Paris, France",Ann-Derrick Gaillot
"November 23, 2021",Henki,Richard Dawson & Circle,Rock,Richard Dawson,"Newcastle Upon Tyne, UK",Jim Allen
"November 22, 2021",This New Heaven,Fine Place,Alternative,Independent Artist,"New York, New York",Andrew Parks
"November 19, 2021",Innocent Passage in the Territorial Sea,Olivia Block,Experimental,Independent Artist,"Chicago, Illinois",Marc Masters
"November 18, 2021",Almost Blue,Tama Gucci,Alternative,tama gucci,"Miami, Florida",Ann-Derrick Gaillot
"November 17, 2021",XVI,Seafoam Walls,Alternative,Daydream Library Series,Florida,Brad Cohan
"November 16, 2021",The Age of Saucers,Hollywood Burns,Electronic,Independent Artist,"Paris, France",Andrew Parks
"November 15, 2021",Glass Lit Dream,Dawuna,Electronic,Independent Artist,"Baltimore, Maryland",Amaya Garcia
"November 12, 2021",both feet en th infinite,model home,Hip-Hop/Rap,Independent Artist,"Washington, D.C.",John Morrison
"November 11, 2021",Strange Paradise,Sarah La Puerta,Pop,Perpetual Doom,"New Hope, Pennsylvania",Elle Carroll
"November 10, 2021",Quivering In Time,Eris Drew,Electronic,Independent Artist,NA,Andra Nikolayi
"November 09, 2021",Doran,Doran,Folk,Independent Artist,"Bellingham, Washington",Matt Mitchell
"November 08, 2021",Lee ‘Scratch’ Perry’s Guide to the Universe,New Age Doom & Lee “Scratch” Perry,Experimental,New Age Doom,"Vancouver, British Columbia",Brad Cohan
"November 05, 2021",Tell Me What You Miss the Most,Tasha,Folk,Independent Artist,"New York, New York",Ann-Derrick Gaillot
"November 04, 2021",The Clearing,JJJJJerome Ellis,Experimental,Independent Artist,"Norfolk, Virginia",Marcus J. Moore
"November 03, 2021",Princess Wiko,FPA,Alternative,Independent Artist,"Minneapolis, Minnesota",Matt Mitchell
"November 02, 2021",Frank y Sus Inquietos,Frank y Sus Inquietos,Latin,Independent Artist,"Caracas, Venezuela",Richard Villegas
"November 01, 2021",Water,Lotic,Electronic,Independent Artist,"Berlin, Germany",Miles Bowe
"October 29, 2021",The Path of the Clouds,Marissa Nadler,Alternative,Independent Artist,"Nashville, Tennessee",Jim Allen
"October 28, 2021",But Only After You Have Suffered,Jamire Williams,Jazz,International Anthem,"Chicago, Illinois",John Morrison
"October 27, 2021",Pluperfect Mind,Dear Laika,Experimental,Independent Artist,"Cold Ash, UK",Sasha Geffen
"October 26, 2021",Far In,Helado Negro,Alternative,Independent Artist,"Brooklyn, New York",Caitlin Donohue
"October 25, 2021",The Last Wave,Ibukun Sunday,Experimental,Ibukun sunday,"Lagos, Nigeria",Arielle Gordon
"October 22, 2021",-io,Circuit des Yeux,Alternative,Independent Artist,"Chicago, Illinois",Miles Bowe
"October 21, 2021",Petunia,Tonstartssbandht,Rock,Independent Artist,Florida,Jude Noel
"October 20, 2021",Balancers,Lena Platonos,Experimental,Independent Artist,"Athens, Greece",Maria Barrios
"October 19, 2021",Talk Memory,BADBADNOTGOOD,Jazz,Independent Artist,"Toronto, Ontario",Blake Gillespie
"October 18, 2021",Echo Eléctrico,Angélica Garcia,Pop,Independent Artist,"Los Angeles, California",Ashley Bardhan
"October 15, 2021",Ookii Gekkou,Vanishing Twin,Rock,Independent Artist,"London, UK",Matthew Schnipper
"October 14, 2021",City of Mirrors,Dos Santos,Jazz,International Anthem,"Chicago, Illinois",Richard Villegas
"October 13, 2021",Little Body In Orbit,Alice TM,Pop,Independent Artist,"Brooklyn, New York",Andra Nikolayi
"October 12, 2021",I Want the Door to Open,Lala Lala,Alternative,Independent Artist,"Los Angeles, California",Shy Clara Thompson
"October 11, 2021",Vanities,W.H. Lung,Alternative,W. H. Lung,"Manchester, UK",Zach Lipez
"October 08, 2021",Welcome to Paradise Lost,Taraka,Rock,Independent Artist,"New York, New York",Elle Carroll
"October 07, 2021",Qalaq,Jerusalem In My Heart,Experimental,Independent Artist,"Montreal, Québec",Miles Bowe
"October 06, 2021",Liminal Soul,Kedr Livanskiy,Electronic,Independent Artist,"Moscow, Russia",Tayyab Amin
"October 05, 2021",Drum Message,Okyerema Asante feat. Plunky,World,Black Fire,"Washington, D.C.",John Morrison
"October 04, 2021",Mod Prog Sic,Black Dice,Experimental,Independent Artist,"New York, New York",Miles Bowe
"October 01, 2021",Back Up: Mexican Tecno Pop 1980–1989,Various Artists,Alternative,Dark Entries Records,"San Francisco, California",Richard Villegas
"September 30, 2021",Delta,Lyra Pramuk,Electronic,Independent Artist,"Berlin, Germany",Andra Nikolayi
"September 29, 2021",Letting Go,Hayden Pedigo,Folk,Independent Artist,"Amarillo, Texas",Josh Feola
"September 28, 2021",XXI,Succumb,Metal,Independent Artist,"San Francisco, California",Ben Salmon
"September 27, 2021",1:2,Cindy,Alternative,Independent Artist,"San Francisco, California",Shy Clara Thompson
"September 24, 2021",one hand on the steering wheel the other sewing a garden,Ada Lea,Alternative,Independent Artist,"Montreal, Québec",Alex Westfall
"September 23, 2021","Le Maestro, WHIP MUSIC",K,Hip-Hop/Rap,"K, Le Maestro","London, UK",Max Bell
"September 22, 2021",Leaving None But Small Birds,The Body and BIG|BRAVE,Experimental,BIG BRAVE,"Montreal, Québec",Alex Deller
"September 21, 2021",Black Encyclopedia of the Air,Moor Mother,Experimental,Independent Artist,"Philadelphia, Pennsylvania",Nadine Smith
"September 20, 2021",Wyspa,Pejzaż,Electronic,The Very Polish Cut Outs,Poland,Sam McLemore
"September 17, 2021",We Famous,The Kondi Band,Electronic,Independent Artist,"Freetown, Sierra Leone",Andy Thomas
"September 16, 2021",By the Time I Get to Phoenix,Injury Reserve,Hip-Hop/Rap,Independent Artist,"Phoenix, Arizona",Vance Brinkley
"September 15, 2021",War Garden,Cold Beat,Punk,Independent Artist,California,Elle Carroll
"September 14, 2021",A Beautiful Revolution (Pt 2),Common,Hip-Hop/Rap,Independent Artist,"Chicago, Illinois",Dean Van Nguyen
"September 13, 2021",Parallel Timeline,Slothrust,Rock,SLOTHRUST,"Los Angeles, California",Elle Carroll
"September 10, 2021",Before I Die,박혜진 Park Hye Jin,Electronic,Independent Artist,"Los Angeles, California",Ruth Jiang
"September 09, 2021",Madremonte,Jaguar,Electronic,Independent Artist,Switzerland,Rebecca Bodenheimer
"September 08, 2021",White Buffalo Roam,Toner,Rock,TONER,"Oakland, California",Alex Heigl
"September 07, 2021",Heartbeats​/​Heartbreaks,caro♡,Pop,ultra caro,"London, UK",Ed Blair
"September 03, 2021",Doing Our Thing With Pride,Al-Dos Band,R&amp;B/Soul,Kalita Records,"London, UK",John Morrison
"September 02, 2021",Flowerland,Pearl & The Oysters,Pop,Pearl &amp; The Oysters,"Los Angeles, California",Maria Barrios
"September 01, 2021",Quinto Relatório Anual,Pandit Pam Pam,Electronic,Independent Artist,"São Paulo, Brazil",Miles Bowe
"August 31, 2021",Alternate Endings,Snowy Band,Rock,Snowy,"Melbourne, Australia",Ben Salmon
"August 30, 2021",The Ballad of Dood & Juanita,Sturgill Simpson,Country,Independent Artist,"Nashville, Tennessee",Brad Sanders
"August 27, 2021",The 16 Deaths of My Master,Thief,Electronic,Independent Artist,"Los Angeles, California",Andrew Parks
"August 26, 2021",Web Max,Web Web x Max Herre,Jazz,Web Web,"Munich, Germany",Britt Robson
"August 25, 2021",Do You Like Salt?,BRNDA,Punk,Independent Artist,"Washington, D.C.",Erin Margaret Day
"August 24, 2021",Dust of Forever,Woman is the Earth,Metal,Init Records,"Minneapolis, Minnesota",Ben Salmon
"August 23, 2021",O.T.S.,Lionmilk,Electronic,Independent Artist,"Los Angeles, California",John Morrison
"August 20, 2021",Brushfire,G. Brenner,R&amp;B/Soul,Independent Artist,"Los Angeles, California",Chaka V. Grier
"August 19, 2021",Everything,Bnny,Rock,Independent Artist,"Chicago, Illinois",Elle Carroll
"August 18, 2021",Speedstar,Justus Profitt,Rock,Justus Proffit,"Los Angeles, California",Charlie Zaillian
"August 17, 2021",Soleil,Amami,Electronic,Independent Artist,"Geneva, Switzerland",John Morrison
"August 16, 2021",Don and Von,Tanya Morgan,Hip-Hop/Rap,Independent Artist,"Brooklyn, New York",Phillip Mlynar
"August 13, 2021",The Return of​.​.​.,Pachyman,Reggae,PACHYMAN,"Los Angeles, California",Joseph Gentile
"August 12, 2021",Content That Makes You Feel Good,Stuck,Punk,Independent Artist,"Chicago, Illinois",Alex Heigl
"August 11, 2021",Orca,NTsKi,Electronic,Independent Artist,"Kyoto, Japan",Andra Nikolayi
"August 10, 2021",The Apple Drop,Liars,Alternative,Independent Artist,Australia,Miles Bowe
"August 09, 2021",Thank You Rap Gods,Freshman Woes,Hip-Hop/Rap,Independent Artist,"Charleston, South Carolina",Phillip Mlynar
"August 06, 2021",A Sky Record,Damon & Naomi,Alternative,Damon &amp; Naomi,"Boston, Massachusetts",Shy Clara Thompson
"August 05, 2021",Wide Through The Eyes Of No One,The Steoples,R&amp;B/Soul,The Steoples,"Los Angeles, California",John Morrison
"August 04, 2021",之 / OF,Li Yilei,Ambient,LI YILEI,"London, UK",James Gui
"August 03, 2021",New Day With New Possibilities,Sonny & The Sunsets,Rock,Sonny &amp; The Sunsets,"San Francisco, California",Elle Carroll
"August 02, 2021",This Far,Teamonade,Alternative,Counter Intuitive Records,Massachusetts,Nina Corcoran
"July 30, 2021","K(no)w Them, K(no)w Us",Xhosa Cole,Jazz,Independent Artist,"Birmingham, UK",John Morrison
"July 29, 2021",Celestial Blues,King Woman,Metal,Independent Artist,"New York, New York",Jeff Terich
"July 28, 2021",Giseke,Bluestaeb,Hip-Hop/Rap,Independent Artist,"Paris, France",John Morrison
"July 27, 2021",Signals In My Head,DJ Manny,Electronic,Dj Manny,"Chicago, Illinois",Miles Bowe
"July 26, 2021",Expansions,Bacao Rhythm and Steel Band,Funk,Independent Artist,"Hamburg, Germany",Eli Schoop
"July 23, 2021",Change,Anika,Pop,Independent Artist,"Berlin, Germany",Raphael Helfand
"July 22, 2021",Vines,Damiana,Ambient,Hausu Mountain Records,"Chicago, Illinois",Arielle Gordon
"July 21, 2021",Santau,Jalang,Punk,Independent Artist,"Melbourne, Australia",Kerry Cardoza
"July 20, 2021",Tributaries,Jack Cooper & Jeff Tobias,Ambient,Jack Cooper,"London, UK",Jesse Locke
"July 19, 2021","Jordan Hamilton & The Saxsquatch, Tri Magi",The Lasso,Jazz,Independent Artist,Michigan,Phillip Mlynar
"July 16, 2021",Luminol,Midwife,Alternative,Independent Artist,Colorado,Jeff Terich
"July 15, 2021",Sweet,Jason Jamal,R&amp;B/Soul,Independent Artist,"Richmond, Virginia",Chaka V. Grier
"July 14, 2021",Na Zala Zala,Rey Sapienz and the Congo Techno Ensemble,Electronic,Nyege Nyege Tapes,"Kampala, Uganda",Andra Nikolayi
"July 13, 2021",Yasuragi Land,Foodman,Experimental,foodman,"Nagoya, Japan",Patrick St. Michel
"July 12, 2021",Alpha,Charlotte Day Wilson,R&amp;B/Soul,Independent Artist,"Toronto, Ontario",Anna White
"July 09, 2021",Healing Frequencies,Deep Aztec,Electronic,Independent Artist,South Africa,Eli Schoop
"July 08, 2021",Body of Water,Dolphin Midwives,Alternative,dolphin midwives,"Portland, Oregon",Robert Ham
"July 07, 2021",At Pioneer Works,Les Filles de Illighadad,World,Independent Artist,"Abalak, Niger",Marshall Gu
"July 06, 2021",Sankofa,Amaro Freitas,Jazz,Independent Artist,"Recife, Brazil",John Morrison
"July 02, 2021",Wallahi Le Zein!,Various Artists,World,Mississippi Records,"New York, New York",Shy Clara Thompson
"July 01, 2021",Spring Collection,Jason Nazary,Experimental,We Jazz Records,"Helsinki, Finland",Brad Cohan
"June 30, 2021",Disco!,MIKE,Hip-Hop/Rap,Independent Artist,"New York, New York",John Morrison
"June 29, 2021",I LIE HERE BURIED WITH MY RINGS AND MY DRESSES,Backxwash,Hip-Hop/Rap,Independent Artist,"Montreal, Québec",Sunik Kim
"June 28, 2021",Ultra Cycle Pt. 2: Estival Growth,Prolaps,Electronic,Hausu Mountain Records,"Chicago, Illinois",Miles Bowe
"June 25, 2021",The Turning Wheel,SPELLLING,Experimental,Independent Artist,"Oakland, California",Natelegé Whaley
"June 24, 2021",What We Lost,Janette King,R&amp;B/Soul,Independent Artist,"Montreal, Québec",Chaka V. Grier
"June 23, 2021",Flowertown,Flowertown,Rock,FLOWERTOWN,"San Francisco, California",Ben Salmon
"June 22, 2021",Ekizikiza Mubwengula,Don Zilla,Electronic,HAKUNA KULALA,"Kampala, Uganda",Andra Nikolayi
"June 21, 2021",Temporary Requiem,MJ Guider,Alternative,Independent Artist,"New Orleans, Louisiana",Miles Bowe
"June 18, 2021",Conclave,Conclave,World,Independent Artist,"Brooklyn, New York",Matthew Ismael Ruiz
"June 17, 2021",Planet X,Red Ribbon,Alternative,Independent Artist,"Los Angeles, California",Michael Rancic
"June 16, 2021",MAYAHUEL,Sávila,Latin,SÁVILA,"Portland, Oregon",Maria Barrios
"June 15, 2021",Dharmaland,Ìxtahuele,Jazz,Independent Artist,"Gothenburg, Sweden",Andy Beta
"June 14, 2021",Mommy Issues,The Narcotix,Alternative,Independent Artist,"Brooklyn, New York",Natelegé Whaley
"June 11, 2021",The Veiled Sea,Six Organs of Admittance,Alternative,Three Lobed Recordings,"Jamestown, North Carolina",Phil E. Bloomfield
"June 10, 2021",Resist To Exist قاوم لِوجودك,Avon Terror Corps x Exist Festival,Electronic,Avon Terror Corps,"Bristol, UK",April Clare Welsh
"June 09, 2021",Lemona and Swan Song,Giant Drag,Rock,Annie Hardy,"Los Angeles, California",Ashley Bardhan
"June 08, 2021",Xardinal Coffee,Exum,Hip-Hop/Rap,EXUM,"Richmond, Virginia",Chaka V. Grier
"June 07, 2021",NON-FICTION,N0V3L,Punk,Independent Artist,"Vancouver, British Columbia",Elle Carroll
"June 04, 2021",Keep Me in Mind,Miriam Makeba,World,Independent Artist,"Johannesburg, South Africa",Megan Iacobini de Fazio
"June 03, 2021",Balance,Children of Zeus,R&amp;B/Soul,Children Of Zeus,"Manchester, UK",J. Edward Keyes
"June 02, 2021",Headbanging In The Club,W00DY,Electronic,Independent Artist,"Pittsburgh, Pennsylvania",Miles Bowe
"June 01, 2021",Always Something,UV-TV,Punk,Independent Artist,"Brooklyn, New York",Charlie Zaillian
"May 28, 2021",Modern Love,Various Artists,Jazz,BBE,"London, UK",Dave Sumner
"May 27, 2021",Natural Mechanics,Spectacular Diagnostics,Hip-Hop/Rap,Independent Artist,"Chicago, Illinois",Phillip Mlynar
"May 26, 2021",Outside Child,Allison Russell,Alternative,Independent Artist,"Nashville, Tennessee",Chaka V. Grier
"May 25, 2021",Cosmonaut,Pickle Darling,Alternative,Independent Artist,"Christchurch, New Zealand",Samuel Tornow
"May 24, 2021",Present Tense,FACS,Punk,Independent Artist,"Chicago, Illinois",Shannon Nico Shreibak
"May 21, 2021",Mesh,Mesh,Punk,MESH,"Philadelphia, Pennsylvania",Ethan Beck
"May 20, 2021",If I Fail Are We Still Cool?,Patrick Paige II,Hip-Hop/Rap,Independent Artist,"Los Angeles, California",Christina Lee
"May 19, 2021",Decir,Francisco del Pino,Classical,Independent Artist,"Princeton, New Jersey",Peter Margasak
"May 18, 2021",Color de Trópico Vol. 2,Various Artists,Latin,El Palmas Music,"Barcelona, Spain",Richard Villegas
"May 17, 2021",Cosmic Transitions,Isaiah Collier & The Chosen Few,Jazz,DIVISION 81 RECORDS,"Chicago, Illinois",Marcus J. Moore
"May 14, 2021",Came Down Different,Pardoner,Rock,Independent Artist,"San Francisco, California",Mariana Timony
"May 13, 2021","Black Ants Always Fly Together, One Bangle Makes No Sound",Kasai Allstars,Alternative,Independent Artist,Democratic Republic of the Congo,Megan Iacobini de Fazio
"May 12, 2021",Kataan,Kataan,Metal,Independent Artist,New Hampshire,Brad Cohan
"May 11, 2021",Comme Au Moulin,Nyssa Musique,Jazz,Independent Artist,"Paris, France",Andy Beta
"May 10, 2021","More Energy Fields, Current",Carlos Niño & Friends,Ambient,International Anthem,"Chicago, Illinois",Andy Thomas
"May 07, 2021",For My Mama And Anyone Who Look Like Her,McKinley Dixon,Hip-Hop/Rap,Independent Artist,"Richmond, Virginia",John Morrison
"May 06, 2021",Tewari,Scotch Rolex,Electronic,HAKUNA KULALA,"Kampala, Uganda",Andra Nikolayi
"May 05, 2021",Arc Mountain,Hausu Mountain & Deathbomb Arc Artists in Collaboration,Experimental,Hausu Mountain Records,"Chicago, Illinois",Miles Bowe
"May 04, 2021",Antifate,Ziúr,Electronic,Independent Artist,"Berlin, Germany",Lewis Gordon
"May 03, 2021",Beachy Head,Beachy Head,Rock,Graveface Records &amp; Curiosities,"Savannah, Georgia",Annie Zaleski
"April 30, 2021",Second Line,DAWN,Electronic,Independent Artist,"Los Angeles, California",Amaya Garcia
"April 29, 2021",Earth Bow,Sarah Louise,Ambient,Independent Artist,"Asheville, North Carolina",Miles Bowe
"April 28, 2021",台灣謎景 Music from Taiwan Mystery,Mong Tong,Experimental,WV Sorcerer Productions 巫唱片,France,Josh Feola
"April 27, 2021",Mora!,Francisco Mora Catlett,Jazz,Independent Artist,"Detroit, Michigan",Andy Beta
"April 26, 2021",Bury Me Beneath This Rotting Earth,Body Void,Metal,Independent Artist,Vermont,Ben Salmon
"April 23, 2021",Bring Backs,Alfa Mist,Hip-Hop/Rap,Independent Artist,UK,John Morrison
"April 22, 2021",Feel Free,Proper Nouns,Alternative,Independent Artist,"New York, New York",Charlie Zaillian
"April 21, 2021",Turn My Dial: M Squared Recordings and More,Tangled Shoelaces,Pop,Independent Artist,"Brisbane, Australia",Ashley Bardhan
"April 20, 2021",Vulture Prince,Arooj Aftab,Classical,Independent Artist,"Brooklyn, New York",Peter Margasak
"April 19, 2021","Douglas R. Ewart, and Mike Reed, Sun Beans of Shimmering Light",Wadada Leo Smith,Jazz,Wadada Leo Smith / Douglas R. Ewart / Mike Reed,"Chicago, Illinois",John Morrison
"April 16, 2021",Infinity,Khan Jamal,Jazz,Independent Artist,"Philadelphia, Pennsylvania",John Morrison
"April 15, 2021",The Things I Can’t Take With Me,Yaya Bey,R&amp;B/Soul,yaya bey,"Brooklyn, New York",Chaka V. Grier
"April 14, 2021",Tripomatic Fantasies,dragongirl,Electronic,Independent Artist,"Copenhagen, Denmark",J. Edward Keyes
"April 13, 2021",Cracks,Eomac,Electronic,Independent Artist,"Wicklow, Ireland",Andra Nikolayi
"April 12, 2021",Grateful End,Dope Purple,Rock,WV Sorcerer Productions 巫唱片,France,Josh Feola
"April 09, 2021",NOW,Damon Locks & Black Monument Ensemble,Jazz,International Anthem,"Chicago, Illinois",Andy Beta
"April 08, 2021",Tale of My Lost Love,Female Species,Pop,Independent Artist,"Whittier, California",Mariana Timony
"April 07, 2021",Fine Anyway,Rogér Fakhr,World,Habibi Funk Records,"Berlin, Germany",Shy Clara Thompson
"April 06, 2021",Missing You,Robert Cotter,R&amp;B/Soul,WEWANTSOUNDS,"Paris, France",Ashawnta Jackson
"April 05, 2021",Course In Fable,Ryley Walker,Rock,Independent Artist,"New York, New York",Brad Cohan
"April 02, 2021",Touch The Earth,Placid Angles,Electronic,FIGURE,"Berlin, Germany",Sunik Kim
"April 01, 2021",Loving You George,George Otsuka Quintet,Jazz,WEWANTSOUNDS,"Paris, France",Marcus J. Moore
"March 31, 2021",Clair de Lunarette,Lunarette,Alternative,Independent Artist,"New York, New York",Anna White
"March 30, 2021",Haram,Armand Hammer & The Alchemist,Hip-Hop/Rap,Armand Hammer,New York,J. Edward Keyes
"March 29, 2021",Soul-Making Theodicy,Speaker Music,Electronic,Independent Artist,NA,JJ Skolnik
"March 26, 2021","Pharoah Sanders, & The London Symphony Orchestra, Promises",Floating Points,Jazz,Independent Artist,UK,Britt Robson
"March 25, 2021",Irene,Izy,R&amp;B/Soul,Independent Artist,"Melbourne, Australia",John Morrison
"March 24, 2021",Yeti Season,El Michels Affair,Alternative,Independent Artist,New York,Alan Ranta
"March 23, 2021",Solar Paroxysm,Mare Cognitum,Metal,Independent Artist,"Portland, Oregon",Grayson Haver Currin
"March 22, 2021",Vexillology,Guedra Guedra كدرة كدرة,Electronic,Independent Artist,"Casablanca, Morocco",Dean Van Nguyen
"March 19, 2021",Visions of the Third Eye,New Life,Jazz,EARLY FUTURE RECORDS,"Atlanta, Georgia",Marcus J. Moore
"March 18, 2021",Neon Genesis: Soul Into Matter²,Meemo Comma,Electronic,Independent Artist,UK,Andra Nikolayi
"March 17, 2021",Number One,Jane Inc,,Jane Inc.,"Toronto, Ontario",Elle Carroll
"March 16, 2021",Nature of Things,Subsonic Eye,Rock,Independent Artist,Singapore,Marc Masters
"March 15, 2021",Uwami,DJ Black Low,World,Independent Artist,"Pretoria, South Africa",John Morrison
"March 12, 2021",Edo Funk Explosion Volume 1,Various Artists,Funk,Analog Africa,Germany,Eli Schoop
"March 11, 2021","Ali Shaheed Muhammad, Adrian Younge, Jazz Is Dead 6",Gary Bartz,Jazz,Independent Artist,"Oakland, California",Andy Beta
"March 10, 2021",Limited Edition 40 Years Anniversary Box Set,Grauzone,Punk,WRWTFWW Records,"Geneva, Switzerland",Andi Harriman
"March 09, 2021",Thumbing Thru Foliage,YUNGMORPHEUS & ewonee,Hip-Hop/Rap,YUNGMORPHEUS,"Los Angeles, California",Phillip Mlynar
"March 08, 2021",Fake Fruit,Fake Fruit,Punk,Independent Artist,"Oakland, California",Ashley Bardhan
"March 05, 2021",La Ola Interior: Spanish Ambient & Acid Exoticism 1983​-​1990,Various Artists,Ambient,Les Disques Bongo Joe,"Geneva, Switzerland",Miles Bowe
"March 04, 2021",Our Hands Against The Dusk,Rachika Nayar,Ambient,Independent Artist,"Los Angeles, California",Amaya Garcia
"March 03, 2021",1집,Slant,Punk,IRON LUNG Records,"Seattle, Washington",Kerry Cardoza
"March 02, 2021",Yaral Sa Doom,Wau Wau Collectif,World,Independent Artist,"Toubab Dialao, Senegal",Dean Van Nguyen
"March 01, 2021",Tempo,Dom La Nena,Latin,Independent Artist,Brazil,Amaya Garcia
"February 26, 2021",Feelings,Brijean,Pop,Independent Artist,"Los Angeles, California",Max Savage Levenson
"February 25, 2021",J Jazz Volume 3: Deep Modern Jazz from Japan,Various Artists,Jazz,BBE,"London, UK",John Morrison
"February 24, 2021",Cheetah Bend,Jimmy Edgar,Hip-Hop/Rap,JIMMY EDGAR,"Detroit, Michigan",Larry Fitzmaurice
"February 23, 2021",Zöe,Nightshift,Punk,Independent Artist,"Glasgow, UK",Sim Jackson
"February 22, 2021",To Love Somebody,Bunny Scott,Reggae,Freestyle Records,"London, UK",Dean Van Nguyen
"February 19, 2021",Alkisah,Senyawa,Experimental,Phantom Limb,"Brighton, UK",Ben Salmon
"February 18, 2021",Polarity,Ivo Perelman and Nate Wooley,Jazz,Ivo Perelman/Nate Wooley,"New York, New York",John Morrison
"February 17, 2021",Genesis,XIXA,Rock,Independent Artist,"Tucson, Arizona",Joshua Minsoo Kim
"February 16, 2021",Tidibàbide / Turn,Kizis,Experimental,TAR / MM / UOH,NA,Sasha Geffen
"February 12, 2021",After the House,Sun Kin,Electronic,Independent Artist,"Los Angeles, California",Amaya Garcia
"February 11, 2021",Tasjan! Tasjan! Tasjan!,Aaron Lee Tasjan,Pop,Independent Artist,"Nashville, Tennessee",Elle Carroll
"February 10, 2021",TYRON,Slowthai,Hip-Hop/Rap,slowthai,"Northampton, UK",Jesse Bernard
"February 09, 2021",Ignorance,The Weather Station,Rock,Independent Artist,"Toronto, Ontario",J. Edward Keyes
"February 08, 2021",Devil’s Rain,Maria BC,Ambient,Independent Artist,NA,Arielle Gordon
"February 05, 2021",Merlynn Belle,Tele Novella,Rock,Independent Artist,"Austin, Texas",Mariana Timony
"February 04, 2021",Boafo Ne Nyame,Star Lovers,World,Hot Casa Records,"Paris, France",Ama Adi-Dako
"February 03, 2021",Фантомные Чувства,Ploho,Alternative,Independent Artist,Russia,Liz Ohanesian
"February 02, 2021",I Due Evasi Di Sing Sing,Ennio Morricone,Soundtrack,Sonor Music Editions,"Rome, Italy",Dean Van Nguyen
"February 01, 2021",Sound Ancestors,Madlib,Hip-Hop/Rap,Independent Artist,"Los Angeles, California",Marcus J. Moore
"January 28, 2021",Palberta5000,Palberta,Alternative,Independent Artist,"New York, New York",Jesse Locke
"January 27, 2021",Marcos Resende & Index,Marcos Resende & Index,Funk,Marcos Resende &amp; Index,Brazil,Dean Van Nguyen
"January 26, 2021",Mountains (20th Anniversary Expanded Edition),Mary Timony,Alternative,Independent Artist,"Washington, D.C.",Erin Margaret Day
"January 25, 2021",Yellow River Blue,Yu Su,Experimental,Independent Artist,"London, UK",Josh Feola
"January 22, 2021",Saturday Night: South African Disco Pop Hits 1981-1987,Cultures of Soul,World,Independent Artist,"Boston, Massachusetts",John Morrison
"January 21, 2021",Perpetual Chaos,Nervosa,Metal,Independent Artist,"São Paulo, Brazil",Joseph Schafer
"January 20, 2021",Going to Hell,Lande Hekt,Alternative,Independent Artist,"Scarborough, UK",Kerry Cardoza
"January 19, 2021",Kanawa,Nahawa Doumbia,World,Independent Artist,Mali,Megan Iacobini de Fazio
"January 15, 2021",Maquishti,Patricia Brennan,Experimental,Independent Artist,"Brooklyn, New York",Vanessa Ague
"January 14, 2021",Magic Mirror,Pearl Charles,Rock,Independent Artist,"Los Angeles, California",Rachel Davies
"January 13, 2021",The Message,Gerry Weil,Jazz,Independent Artist,"Caracas, Venezuela",John Morrison
"January 12, 2021",Love Is Where the Spirit Lies,Lon Moshe & Southern Freedom Arkestra,Jazz,Black Fire,"Washington, D.C.",John Morrison
"January 11, 2021",Imagination Never Fails,Erang,Electronic,Independent Artist,France,Andrew Parks
"January 08, 2021",God’s Trashmen Sent to Right the Mess,Fievel Is Glauque,Jazz,Independent Artist,"Brooklyn, New York",Miles Bowe
"January 07, 2021",No Moon,Black Wing,Alternative,Independent Artist,Connecticut,Jeff Terich
"January 06, 2021",Makgona Tsohle Reggi,Makgona Tsohle Band,World,Umsakazo Records,UK,Megan Iacobini de Fazio
"January 05, 2021",The Further Side,Black Nile,Jazz,World Galaxy Records,"Los Angeles, California",Marcus J. Moore
"January 04, 2021",No Cover: A Carpark Covers Comp,Various Artists,Alternative,Carpark Records,"Washington, D.C.",Jessica Lipsky
"December 04, 2020",Color De Trópico: Compiled By El Dragón Criollo & El Palmas,Various Artists,World,El Palmas Music,"Barcelona, Spain",Richard Villegas
"December 03, 2020",Corporate Cross,E-Saggila,Electronic,Hospital Productions,"New York, New York",Andrew Parks
"December 02, 2020",2R0I2P0,Boris & Merzbow,Metal,Boris with Merzbow,Japan,Grayson Haver Currin
"December 01, 2020",Bass + Funk & Soul,DJ Earl,Electronic,DJ EARL,"Chicago, Illinois",John Morrison
"November 30, 2020",Force Majeure,Dezron Douglas and Brandee Younger,Jazz,International Anthem,"Chicago, Illinois",John Morrison
"November 25, 2020",Pardon My French,Jahari Masamba Unit,Jazz,Jahari Massamba Unit,"Los Angeles, California",Marcus J. Moore
"November 24, 2020",LateNightTales: Khruangbin,Khruangbin,Alternative,Independent Artist,"Houston, Texas",Richard Gehr
"November 23, 2020",Plasma,Luke Titus,Experimental,luke titus,"Chicago, Illinois",Amaya Garcia
"November 20, 2020",I’ll Probably Be Asleep,Hachiku,Alternative,Independent Artist,"Melbourne, Australia",Annie Zaleski
"November 19, 2020",Shadow of Fear,Cabaret Voltaire,Electronic,Independent Artist,UK,Andrew Parks
"November 18, 2020",Konke,Seba Kaapstad,R&amp;B/Soul,Independent Artist,South Africa,John Morrison
"November 17, 2020",Everlasting,Sons of the James,R&amp;B/Soul,Fresh Selects,NA,John Morrison
"November 16, 2020",Honey Badger,Dorcha,Alternative,Independent Artist,"Birmingham, UK",Patrick Lyons
"November 13, 2020","Hill, Flower, Fog",Emily A. Sprague,Ambient,Independent Artist,New York,Lewis Gordon
"November 12, 2020",Because of a Flower,Ana Roxanne,Ambient,Independent Artist,NA,Alex Westfall
"November 11, 2020",FlySiifu’s,Pink Siifu & Fly Anakin,Hip-Hop/Rap,SIIFU,"Birmingham, Alabama",Phillip Mlynar
"November 10, 2020",Lo Bueno Está Aquí,Contento,World,Independent Artist,Switzerland,Richard Villegas
"November 09, 2020",Swirling,Sun Ra Arkestra,Jazz,Independent Artist,Alabama,Andy Beta
"November 06, 2020",Petrichor,Heather Trost,,Independent Artist,"Albuquerque, New Mexico",Mariana Timony
"November 05, 2020",Cheater,Pom Poko,Alternative,Independent Artist,"Oslo, Norway",Margaret Farrell
"November 04, 2020",Ways,Xyla,Electronic,Independent Artist,"San Francisco, California",Amaya Garcia
"November 03, 2020",Quakers II: The Next Wave,Quakers,Hip-Hop/Rap,Independent Artist,"Bristol, UK",John Morrison
"November 02, 2020",Immersion Chamber,Lunch Money Life,Experimental,Independent Artist,"London, UK",Chal Ravens
"October 30, 2020",Don’t Play It Straight,Small Bills (ELUCID & The Lasso),Hip-Hop/Rap,The Lasso,Michigan,Phillip Mlynar
"October 29, 2020",Amapiano Selections,Teno Afrika,World,Independent Artist,"Pretoria, South Africa",Megan Iacobini de Fazio
"October 28, 2020",Perfumes and Fripperies,The Wake,Alternative,Independent Artist,"Columbus, Ohio",Ned Raggett
"October 27, 2020",Don’t Shy Away,Loma,Alternative,LOMA,"Dripping Springs, Texas",Jesse Locke
"October 26, 2020",Enlightened In Eternity,Spirit Adrift,,20 Buck Spin,"Pittsburgh, Pennsylvania",Grayson Haver Currin
"October 23, 2020",Nereïd,Rïcïnn,Alternative,Independent Artist,France,Andi Harriman
"October 22, 2020",Bichos,Raúl Monsalve y los Forajidos,World,Raul Monsalve y Los Forajidos,"Caracas, Venezuela",Megan Iacobini de Fazio
"October 21, 2020",Heritage of the Invisible II,Aquiles Navarro & Tcheser Holmes,Jazz,International Anthem,"Chicago, Illinois",Marcus J. Moore
"October 20, 2020",Sen Morimoto,Sen Morimoto,Experimental,Independent Artist,"Chicago, Illinois",Tara C. Mahadevan
"October 19, 2020",skins n slime,Oliver Coates,Experimental,Independent Artist,"Glasgow, UK",Louis Pattison
"October 16, 2020",Silver Ladders,Mary Lattimore,Ambient,Independent Artist,"Los Angeles, California",Claire Lobenfeld
"October 15, 2020",Auto,Wendy Eisenberg,Alternative,Ba Da Bing Records,"Providence, Rhode Island",Grayson Haver Currin
"October 14, 2020",Vari​-​Colored Songs: A Tribute to Langston Hughes,Leyla McCalla,Folk,Independent Artist,"New Orleans, Louisiana",Chaka V. Grier
"October 13, 2020",Phoenix: Flames Are Dew Upon My Skin,Eartheater,Experimental,Independent Artist,"Queens, New York",Miles Bowe
"October 12, 2020",Yogo Yogo,Penny Penny,,Independent Artist,South Africa,Marcus J. Moore
"October 09, 2020",Nobody Lives Here Anymore,Cut Worms,Alternative,Independent Artist,"Brooklyn, New York",Mariana Timony
"October 08, 2020",Project:00,Cryostasium feat. MEIKO (メイコ),Experimental,Fish Prints,"Boston, Massachusetts",Max Cohen
"October 07, 2020",Nothing,Loraine James,Electronic,Independent Artist,"London, UK",John Morrison
"October 06, 2020",HA Chu,Pan Amsterdam,Hip-Hop/Rap,Independent Artist,"New York, New York",Blake Gillespie
"October 05, 2020",True Romantic,Ziemba,Pop,Independent Artist,"Los Angeles, California",Arielle Gordon
"October 02, 2020",Agüita,Gabriel Garzón-Montano,R&amp;B/Soul,Independent Artist,"Brooklyn, New York",Amaya Garcia
"October 01, 2020",UNTITLED (Rise),SAULT,R&amp;B/Soul,Independent Artist,UK,Amaya Garcia
"September 30, 2020","When I Die, Will I Get Better?",Svalbard,Punk,Independent Artist,"Bristol, UK",Joseph Schafer
"September 29, 2020",Hype Nostalgia,Rituals of Mine,R&amp;B/Soul,Independent Artist,"Sacramento, California",Amaya Garcia
"September 28, 2020",Renegade Breakdown,Marie Davidson & L’Œil Nu,Alternative,Marie Davidson,"Montreal, Québec",Max Mertens
"September 25, 2020",Transmissions,Beverly Glenn-Copeland,Electronic,Independent Artist,"Hamilton, Ontario",Jesse Locke
"September 24, 2020",No era sólida,Lucrecia Dalt,Electronic,Independent Artist,NA,Claire Lobenfeld
"September 23, 2020","Shimmer, Then Disappear",Wylie Cable,Electronic,Independent Artist,"Los Angeles, California",Christina Lee
"September 22, 2020",Under,Dyani,Electronic,Independent Artist,"Miami, Florida",Ann-Derrick Gaillot
"September 21, 2020",Pathways & Passages,Cosmic Vibrations ft. Dwight Trible,Jazz,Cosmic Vibrations,"Los Angeles, California",Philip Freeman
"September 18, 2020",Find the Sun,Deradoorian,Alternative,Independent Artist,"Los Angeles, California",Arielle Gordon
"September 17, 2020",Neurofire,Kingdom,Electronic,Independent Artist,"Los Angeles, California",Amaya Garcia
"September 16, 2020",#KingButch,Butcher Brown,Funk,Independent Artist,"Richmond, Virginia",Britt Robson
"September 15, 2020",A Sonic Womb: Live Buchla Performance at Lapsus,Suzanne Ciani,Electronic,Lapsus Records,Barcelona,Arielle Gordon
"September 14, 2020",Polysomn,Kairon; IRSE!,Alternative,Independent Artist,"Seinäjoki, Finland",Jeff Terich
"September 11, 2020",Windows of the Mind,Billy Brooks,Jazz,WEWANTSOUNDS,"Paris, France",Megan Iacobini de Fazio
"September 10, 2020",Lov3 & L1ght,Rui Ho,Electronic,RUI HO,"Shanghai, China",Andra Nikolayi
"September 09, 2020",Gold Record,Bill Callahan,Alternative,Independent Artist,"Austin, Texas",Mark Richardson
"September 08, 2020",SONAR,Vritra,Hip-Hop/Rap,WDYSWYEC,NA,Phillip Mlynar
"September 04, 2020",Sun Racket,Throwing Muses,Alternative,Independent Artist,Rhode Island,Mariana Timony
"September 03, 2020",Axiom,Christian Scott aTunde Adjuah,Jazz,Chief Adjuah,"New Orleans, Louisiana",Michael J. West
"September 02, 2020",Vertigo KO,Phew,Experimental,Independent Artist,"Tokyo, Japan",Andy Beta
"August 31, 2020","Mama, You Can Bet!",Georgia Anne Muldrow (as Jyoti),R&amp;B/Soul,SomeOthaShip Connect,"Las Vegas, Nevada",Dean Van Nguyen
"August 28, 2020",The Fire Still Burns,Alan Braufman,Jazz,Independent Artist,"New York, New York",Richard Gehr
"August 27, 2020",Sufi Dub Brothers,Ashraf Sharif Khan & Viktor Marek,Electronic,Fun in the church,"Berlin, Germany",Ravi Ghosh
"August 26, 2020",Hazel,Dukes of Chutney,Pop,Independent Artist,"Los Angeles, California",Claire Lobenfeld
"August 25, 2020",LiteAce Frequency,Vex Ruffin,Alternative,Independent Artist,"Chino, California",Phillip Mlynar
"August 24, 2020",Weirdo,Carla J. Easton,Pop,Independent Artist,"Glasgow, UK",J. Edward Keyes
"August 21, 2020",Motherhood,No Joy,Alternative,Independent Artist,"Montreal, Québec",Jesse Locke
"August 20, 2020",SUGAREGG,Bully,Rock,Independent Artist,"Nashville, Tennessee",Mariana Timony
"August 19, 2020",Total Freedom,Kathleen Edwards,Pop,Independent Artist,"Ottawa, Ontario",J. Edward Keyes
"August 18, 2020",Happy Birthday,Sneaks,Pop,Independent Artist,"Washington, D.C.",Claire Lobenfeld
"August 17, 2020",Customer’s Copy,Exotic Sin,Jazz,Blank Forms Editions,"Brooklyn, New York",Andy Beta
"August 14, 2020",Laughing In My Sleep,The Cradle,Alternative,Independent Artist,"Brooklyn, New York",Max Savage Levenson
"August 13, 2020",Unity,Gordon Koang,World,Independent Artist,"Melbourne, Australia",Jess Fu
"August 12, 2020",7G,A.G. Cook,Alternative,A. G. Cook,"Los Angeles, California",Ed Blair
"August 11, 2020",New Truth,Jenny O.,Alternative,Independent Artist,"Los Angeles, California",Alex Westfall
"August 10, 2020",Help,Duval Timothy,Experimental,Independent Artist,"England, UK",John Morrison
"August 07, 2020",Present,Dog Day,Rock,fundog,"Halifax, Nova Scotia",Jesse Locke
"August 06, 2020",Innuendo,Abyss X,Experimental,Independent Artist,"Knosos, Greece",Sasha Geffen
"August 05, 2020",Eight Gates,Jason Molina,Alternative,Independent Artist,"Chicago, Illinois",Michael Rancic
"August 04, 2020",Internal Incarceration,Year of the Knife,Metal,Year Of The Knife,Delaware,Robert Newsome
"August 03, 2020",Sunny Days Blue,Swarvy,Experimental,SWARVY,NA,Marcus J. Moore
"July 31, 2020",Beauty Beyond Grief,Aladean Kheroufi,R&amp;B/Soul,Independent Artist,"Edmonton, Alberta",Jesse Locke
"July 30, 2020",Benny the Butcher & DJ Drama Present: Black Soprano Family,Black Soprano Family,Hip-Hop/Rap,BLACK SOPRANO FAMILY,"Buffalo, New York",J. Edward Keyes
"July 29, 2020",Reprise Tonight,FSQ,Funk,Independent Artist,"New York, New York",John Morrison
"July 28, 2020",Heart’s Ease,Shirley Collins,Folk,Independent Artist,"Hastings, UK",Grayson Haver Currin
"July 27, 2020",Universal Beings E&F Sides,Makaya McCraven,Jazz,International Anthem,"Chicago, Illinois",Marcus J. Moore
"July 23, 2020",TCHIC TCHIC—French Bossa Nova—1963/1974,Various Artists,World,Born Bad Records,"Romainville, France",Marcus J. Moore
"July 22, 2020",Free,Natalie Duncan,R&amp;B/Soul,Independent Artist,"London, UK",Tara C. Mahadevan
"July 21, 2020",ODD CURE,Oddisee,Hip-Hop/Rap,Independent Artist,"Washington, D.C.",Phillip Mlynar
"July 20, 2020",Flower of Devotion,DEHD,Rock,Independent Artist,"Chicago, Illinois",Nina Corcoran
"July 17, 2020",Species,Bing & Ruth,Ambient,David Moore / Bing &amp; Ruth,"New York, New York",April Clare Welsh
"July 16, 2020","To Be Surrounded By Beautiful, Curious, Breathing, Laughing Flesh Is Enough",Deerhoof & Wadada Leo Smith,Alternative,Deerhoof,NA,Grayson Haver Currin
"July 15, 2020",Magickal Mystical Indifference,Rebel Wizard,Metal,REBEL WIZARD,"Ferny Creek, Australia",Ben Salmon
"July 14, 2020",That’s How Rumors Get Started,Margo Price,Rock,Independent Artist,"Nashville, Tennessee",Jim Allen
"July 13, 2020",Songs Of An Unknown Tongue,Zara McFarlane,Jazz,Zara Mcfarlane,"London, UK",John Morrison
"July 10, 2020",CULT,God Colony,Electronic,Independent Artist,"London, UK",Will Pritchard
"July 09, 2020",Songs for Peacock,TJO,Alternative,Tara Jane O&#39;Neil,California,Grayson Haver Currin
"July 08, 2020",Mente,Thiago Nassif,World,Independent Artist,"Rio De Janeiro, Brazil",Amanda Cavalcanti
"July 07, 2020",Skeleton,Skeleton,Metal,20 Buck Spin,"Pittsburgh, Pennsylvania",Andy O’Connor
"July 06, 2020",Dialectic Soul,Asher Gamedze,Jazz,Independent Artist,"Cape Town, South Africa",Jesse Locke
"July 02, 2020",To Know Without Knowing,Mulatu Astatke & Black Jesus Experience,Jazz,Mulatu Astatke &amp; Black Jesus Experience,"Addis Ababa, Ethiopia",Andy Beta
"July 01, 2020",UNTITLED (Black Is),SAULT,Alternative,Independent Artist,UK,John Morrison
"June 30, 2020",Brother Theotis Taylor,Brother Theotis Taylor,Devotional,Mississippi Records,"New York, New York",John Morrison
"June 29, 2020",Inlet,Hum,Rock,Independent Artist,"Champaign, Illinois",Grayson Haver Currin
"June 26, 2020",Somewhere,Gum Country,Alternative,Independent Artist,"Los Angeles, California",Mariana Timony
"June 25, 2020",weight of the world,MIKE,Hip-Hop/Rap,Independent Artist,"New York, New York",J. Edward Keyes
"June 24, 2020",EarthSeed,Nicole Mitchell & Lisa E. Harris,Jazz,Nicole M Mitchell,North Carolina,John Morrison
"June 23, 2020",Adrian Younge presents Angela Munoz Introspection,Angela Munoz,R&amp;B/Soul,Independent Artist,"Los Angeles, California",Tara C. Mahadevan
"June 22, 2020",Éons,Neptunian Maximalism,Metal,"I, Voidhanger Records",Italy,Ben Salmon
"June 19, 2020",Lagos Pepper Soup,Michael Olatuja,Jazz,Independent Artist,"New York, New York",John Morrison
"June 18, 2020",Coriky,Coriky,Punk,Independent Artist,"Washington, D.C.",JJ Skolnik
"June 17, 2020",Saving For a Custom Van,Various Artists,Alternative,Father/Daughter Records,"San Francisco, California",Eli Enis
"June 16, 2020",Providence,Ulthar,Metal,20 Buck Spin,"Pittsburgh, Pennsylvania",Andy O’Connor
"June 15, 2020",Shrines,Armand Hammer,Hip-Hop/Rap,Independent Artist,New York,Christina Lee
"June 12, 2020",Annual,Modern Nature,Alternative,Independent Artist,"Cambridge, UK",Jesse Locke
"June 11, 2020",The Dancing Devils of Djibouti,Groupe RTD,World,Ostinato Records,"New York, New York",Richard Gehr
"June 10, 2020",Get In Union,Bessie Jones and the Georgia Sea Island Singers,Folk,Lomax Archive,NA,John Morrison
"June 09, 2020",Arrow,Noveller,Ambient,Independent Artist,"Los Angeles, California",Ned Raggett
"June 08, 2020",White Whale,C. Diab,Experimental,Independent Artist,"Vancouver, British Columbia",Grayson Haver Currin
"May 29, 2020",Spider Tales,Jake Blount,Folk,Independent Artist,"Providence, Rhode Island",John Morrison
"May 28, 2020",Silver Dollar,Threadbare,Jazz,NoBusiness Records,Lithuania,Marcus J. Moore
"May 27, 2020",Float Back to You,Holy Hive,R&amp;B/Soul,Independent Artist,New York,Allison Hussey
"May 26, 2020",Broken Access,Theo Alexander,Classical,Independent Artist,"London, UK",Jesse Locke
"May 22, 2020",Vodou Alé,Chouk Bwa & The Ångstromers,World,Chouk Bwa &amp; The Ångstromers,"Artibonite Department, Haiti",Ann-Derrick Gaillot
"May 21, 2020",Origins,Foul Play,Electronic,Independent Artist,"Northampton, UK",Will Pritchard
"May 20, 2020",Both,Bill Nace,Experimental,Independent Artist,"Philadelphia, Pennsylvania",Jonathan Williger
"May 19, 2020",W,Populous,World,Independent Artist,"Lecce, Italy",Amaya Garcia
"May 18, 2020",Pantayo,Pantayo,Electronic,Independent Artist,"Toronto, Ontario",James Factora
"May 15, 2020",The Mosaic Of Transformation,Kaitlyn Aurelia Smith,Experimental,Independent Artist,"Los Angeles, California",Marcus J. Moore
"May 14, 2020",Acquiesce,TALSounds,Electronic,TALsounds,"Washington, D.C.",Sam Goldner
"May 13, 2020",They Call Me Disco,Ric Wilson and Terrace Martin,Hip-Hop/Rap,Ric Wilson,"Chicago, Illinois",Tara C. Mahadevan
"May 12, 2020",Carisma,Salt Cathedral,Pop,Independent Artist,"New York, New York",Richard Villegas
"May 08, 2020",A Heart So White,Jonny Nash & Suzanne Kraft,Ambient,Melody As Truth,"Amsterdam, Netherlands",Miles Bowe
"May 07, 2020",Opal Wand,Black Taffy,Electronic,Independent Artist,"Dallas, Texas",Will Schube
"May 06, 2020",Nehruvia: My Disregarded Thoughts,Bishop Nehru,Hip-Hop/Rap,Independent Artist,"New York, New York",Phillip Mlynar
"May 05, 2020",Yeo​-​Neun,Okkyung Lee,,okkyung lee,"Berlin, Germany",Marc Masters
"May 04, 2020",Dias Raros,Melenas,Alternative,Independent Artist,"Pamplona, Spain",Mariana Timony
"May 01, 2020",recovery girl,recovery girl,Electronic,galen tipton,"Portland, Oregon",Ed Blair
"April 30, 2020",Built To Spill Plays The Songs Of Daniel Johnston,Built to Spill,Rock,Built To Spill,"Boise, Idaho",Annie Zaleski
"April 29, 2020",Bobby Joe Hope,Jon McKiel,Alternative,Jon Mckiel,"Baie Verte, New Brunswick",Jesse Locke
"April 28, 2020",A Pennies Worth,KinKai,Hip-Hop/Rap,Independent Artist,"Manchester, UK",John Morrison
"April 27, 2020",Feral,RVG,Alternative,Independent Artist,"Preston, Australia",Sophie Weiner
"April 24, 2020",Innocent Country 2,Quelle Chris & Chris Keys,Hip-Hop/Rap,Quelle Chris,"Detroit, Michigan",Nate Patrin
"April 23, 2020",Isolation Therapy,Various Artists,Electronic,Stamp The Wax,"London, UK",Sean Keating
"April 22, 2020",Megawave,Dana Jean Phoenix & Powernerd,Electronic,Dana Jean Phoenix,"Toronto, Ontario",Samuel Tornow
"April 17, 2020",La Yarará,Malena Zavala,Pop,Independent Artist,"London, UK",Sarah Gooding
"April 16, 2020",Mestarin Kynsi,Oranssi Pazuzu,Metal,Independent Artist,Finland,Grayson Haver Currin
"April 15, 2020",Siti of Unguja,Siti Muharam,World,Independent Artist,"Zanzibar, Tanzania",Sylvia Ilahuka
"April 14, 2020",Resonance,Yumiko Morioka,Ambient,Métron Records,"New Forest District, UK",Marc Masters
"April 13, 2020",The Don Of Diamond Dreams,Shabazz Palaces,Hip-Hop/Rap,Independent Artist,"Seattle, Washington",Nate Patrin
"April 10, 2020",Forever,Midwife,Alternative,Independent Artist,Colorado,Andy O’Connor
"April 09, 2020","Doom Mix, Vol. IV",Various Artists,Experimental,Doom Trip,"Los Angeles, California",J. Edward Keyes
"April 08, 2020",The Experience of Repetition as Death,Clarice Jensen,Experimental,Independent Artist,NA,Marc Masters
"April 07, 2020",Jacqueline,Jackie Lynn,Rock,Independent Artist,"Franklin, Tennessee",Mariana Timony
"April 06, 2020",The Quarantine,Statik Selektah & Termanology,Hip-Hop/Rap,Termanology,"Lawrence, Massachusetts",Jordan Commandeur
"April 03, 2020",It Is What It Is,Thundercat,Electronic,Independent Artist,"Los Angeles, California",Max Bell
"April 02, 2020",Less of Everything,Es,Punk,Independent Artist,"London, UK",JJ Skolnik
"April 01, 2020",You Become The Mountain,Jeffrey Silverstein,,Independent Artist,"Portland, Oregon",Grayson Haver Currin
"March 31, 2020",Devouring Ruin,Wake,Metal,WAKE,"Calgary, Alberta",Grayson Haver Currin
"March 30, 2020",DJ​-​Kicks: Mr. Scruff,Mr. Scruff,Electronic,Independent Artist,"Manchester, UK",Michaelangelo Matos
"March 27, 2020",Floppy Disk Overdrive,Master Boot Record,Electronic,MASTER BOOT RECORD,"Rome, Italy",Andrew Parks
"March 26, 2020",DNA ACTIVATION,Witch Prophet,R&amp;B/Soul,Independent Artist,"Toronto, Ontario",John Morrison
"March 25, 2020",A Taste of Chicago,Jamie 3:26,Electronic,Independent Artist,"Rotterdam, Netherlands",John Morrison
"March 24, 2020",Yene Mircha,Hailu Mergia,World,Independent Artist,"Washington, D.C.",Michael J. West
"March 23, 2020",AARUPA,Quinton Barnes,R&amp;B/Soul,Grimalkin Records,"Richmond, Virginia",Lorena Cupcake
"March 20, 2020",Jazz Is Dead 001,Adrian Younge and Ali Shaheed Muhammad,Jazz,Jazz Is Dead,"Los Angeles, California",Phillip Mlynar
"March 19, 2020",Take A Look In The Book,The Legendary Ingramettes,Devotional,Independent Artist,"Richmond, Virginia",John Morrison
"March 18, 2020",Pure Mud Volume 7,Prolaps,Electronic,Hausu Mountain Records,"Chicago, Illinois",Eli Schoop
"March 17, 2020",Every Bad,Porridge Radio,Alternative,Independent Artist,"London, UK",Max Freedman
"March 16, 2020",Scramblers,Container,Electronic,CONTAINER,"Saint Leonards, UK",Miles Bowe
"March 13, 2020",Live In Paris (1975),Pharoah Sanders,Jazz,Transversales Disques,"Paris, France",Marcus J. Moore
"March 12, 2020",Burst,Snarls,Rock,snarls,"Columbus, Ohio",Charlie Zaillian
"March 11, 2020",INTENTA: Experimental & Electronic Music From Switzerland 1981-1993,Various Artists,Experimental,Les Disques Bongo Joe,"Geneva, Switzerland",JJ Skolnik
"March 10, 2020",Operazione Piovra: The Lead Chronicles,Mortar Devotions,Alternative,Eighth Tower Records,Italy,Jordan Reyes
"March 09, 2020",Berlin Sessions,Brownout,Funk,Fat Beats Records,"Los Angeles, California",Max Bell
"March 06, 2020",Vigilance,Axebreaker,Experimental,Independent Artist,"Baltimore, Maryland",Kim Kelly
"March 05, 2020",Cha Cha Palace,Angelica Garcia,Pop,Angélica Garcia,"Los Angeles, California",Nilina Mason-Campbell
"March 04, 2020",Teenage Snuff Film,Rowland S. Howard,Alternative,Independent Artist,"Melbourne, Australia",Zachary Lipez
"March 03, 2020",purple moonlight pages,R.A.P. Ferreira,Hip-Hop/Rap,Independent Artist,"Nashville, Tennessee",Marcus J. Moore
"March 02, 2020",Mother,Cold Beat,Alternative,Independent Artist,California,J. Edward Keyes
"February 28, 2020",Batuco,Son Rompe Pera,World,AYA Records,"Los Angeles, California",Matthew Ismael Ruiz
"February 27, 2020",You Want It Real,lié,Punk,Independent Artist,"Vancouver, British Columbia",JJ Skolnik
"February 26, 2020",The Weather Up There,Jeremy Cunningham,Jazz,Independent Artist,"Chicago, Illinois",John Morrison
"February 25, 2020",Calypso,Gigi Masin,Ambient,Independent Artist,"Venezia, Italy",Andy Beta
"February 24, 2020",Heavy Tongue,Parlor Walls,Alternative,Independent Artist,"Brooklyn, New York",Andi Harriman
"February 21, 2020",Znayesh Yak? Rozkazhy,Svitlana Nianio & Oleksandr Yurchenko,Experimental,Night School,"Glasgow, UK",Mariana Timony
"February 20, 2020",Close to the Flame,Forever,Pop,Independent Artist,"Montreal, Québec",Alex Westfall
"February 18, 2020",Are You Gone,Sarah Harmer,Rock,Independent Artist,"Kingston, Ontario",Margaret Farrell
"February 14, 2020",Travel Time,Jacoti Sommes,Electronic,Orange Milk Records,NA,Max Bell
"February 13, 2020",Orígenes,Sotomayor,Latin,Independent Artist,"Mexico City, Mexico",Nilina Mason-Campbell
"February 12, 2020",3D Routine,Mush,Punk,Independent Artist,"Leeds, UK",Kerry Cardoza
"February 11, 2020",Season 2,Wildflower,Jazz,WILDFLOWER,"London, UK",Michael J. West
"February 10, 2020",Stupidmutaforma,Fera,Electronic,Maple Death Records,"Bologna, Italy",J. Edward Keyes
"February 07, 2020",The Big Exercise,The Homesick,Alternative,Independent Artist,"Dokkum, Netherlands",Annie Zaleski
"February 06, 2020",Dream Interpretation,Kazuya Nagaya,Ambient,Independent Artist,Japan,Ari Delaney
"February 05, 2020",Wake Up,Fat Tony and Taydex,Hip-Hop/Rap,Fat Tony,"Houston, Texas",Mike Madden
"February 04, 2020",Houses,Steve Spacek,R&amp;B/Soul,Independent Artist,Australia,John Morrison
"February 03, 2020",Tuareg Music of the Southern Sahara,Various Artists,World,Smithsonian Folkways Recordings,"Washington, D.C.",Tristan Bath
"January 31, 2020",Don’t Forget It,Prophet,Funk,Independent Artist,"Los Angeles, California",Max Bell
"January 30, 2020",The Anthology,Omar,R&amp;B/Soul,Independent Artist,"London, UK",Sean Keating
"January 29, 2020",Veraniegas,Kate Can Wait,Alternative,kate can wait,"Eugene, Oregon",Anna White
"January 28, 2020",Dwell,Recondite,Electronic,Independent Artist,"Berlin, Germany",Miles Bowe
"January 27, 2020",Frank & Sisters,Frank & His Sisters,World,Mississippi Records,"New York, New York",John Morrison
"January 24, 2020",Infinite Regress,Defiled,Metal,Independent Artist,"東京都, Japan",Andy O’Connor
"January 23, 2020",Nothing’s Going Wrong,Martha High,R&amp;B/Soul,Martha High and The Italian Royal Family,"Atlanta, Georgia",John Morrison
"January 22, 2020",Juillet,En Attendant Ana,Alternative,Independent Artist,"Paris, France",Max Freedman
"January 21, 2020",Create a Place,Mr. Wrong,Punk,Independent Artist,"Portland, Oregon",Kerry Cardoza
"January 17, 2020",Scis and Eksploio,Oval,Electronic,Independent Artist,"Berlin, Germany",Mark Richardson
"January 16, 2020",In Search Of The Lost City Of The Monkey God,The Sorcerers,Jazz,Independent Artist,"Leeds, UK",Andy Beta
"January 15, 2020",There Is No Year,Algiers,Alternative,Independent Artist,"Atlanta, Georgia",Ned Raggett
"January 14, 2020",nijimusi,OOIOO,Experimental,Independent Artist,Japan,Jesse Locke
"January 13, 2020",Erratics and Unconformities,Craven Faults,Electronic,Independent Artist,UK,Jonathan Williger
"January 10, 2020",Musica Infinita,Tino Contreras,Jazz,Arc Records,"London, UK",Marcus J. Moore
"January 09, 2020",終了していません (Not Finished),Knxwledge,Hip-Hop/Rap,Knxwledge.,"Tokyo, Japan",Max Bell
"January 08, 2020",Bad Ambassadors,Bad Ambassadors,R&amp;B/Soul,Independent Artist,"Chicago, Illinois",Phillip Mlynar
"January 07, 2020",Land of No Junction,Aoife Nessa Frances,,Ba Da Bing Records,"Providence, Rhode Island",Max Savage Levenson
"January 06, 2020",LE RAP2FILLES SOUTERRAINE,Various Artists,Hip-Hop/Rap,La Souterraine,"Saint Ouen Sur Seine, France",Phillip Mlynar
"December 06, 2019",Som das Luzis,Pedro Kastelijns,World,Independent Artist,"GO, Brazil",Amaya Garcia
"December 05, 2019",Equal Amounts Afraid,LA Timpa,R&amp;B/Soul,Independent Artist,NA,Phillip Mlynar
"December 04, 2019",Swungert,Colossal Squid,Experimental,Independent Artist,"London, UK",Andrew Parks
"December 03, 2019",Live Volume V,Fred Anderson Quartet,Jazz,FPE Records,"Oak Park, Illinois",Marcus J. Moore
"December 02, 2019",Own Pace,Medhane,Hip-Hop/Rap,Independent Artist,"Brooklyn, New York",Marcus J. Moore
"November 27, 2019",Andres IV,Andres,Hip-Hop/Rap,Andrés,"Detroit, Michigan",Phillip Mlynar
"November 26, 2019",R&S presents: More Time Records Vol 1,Various Artists,Electronic,More Time,"London, UK",Sarah Gooding
"November 25, 2019",A Private Picture,Fran,Alternative,Independent Artist,"Chicago, Illinois",Diamond Sharp
"November 22, 2019",Shlon,Omar Souleyman,Electronic,Independent Artist,Syrian Arab Republic,Andy Beta
"November 21, 2019",Information,Galcher Lustwerk,,Independent Artist,"New York, New York",Andrew Parks
"November 19, 2019",Sleepmoss,Meemo Comma,,Independent Artist,UK,April Clare Welsh
"November 18, 2019",Volume 1,KVL,,Independent Artist,"Chicago, Illinois",Marcus J. Moore
"November 15, 2019",Iowa Dream,Arthur Russell,,Independent Artist,"New York, New York",Annie Zaleski
"November 14, 2019",Songs From the Shore,Afuma,Experimental,Blank Forms Editions,"Brooklyn, New York",Phillip Mlynar
"November 13, 2019",Carbon,Ecker & Meulyzer,,Ecker &amp; Meulyzer,"Berlin, Germany",Jordan Reyes
"November 12, 2019",No Other Love: Midwest Gospel (1965​-​1978),Various Artists,,Tompkins Square,"San Francisco, California",Jim Allen
"November 11, 2019",Cake on Jupiter,Panic Girl,,Independent Artist,Germany,April Clare Welsh
"November 08, 2019",Anicca,Teebs,,Independent Artist,"Los Angeles, California",Tara C. Mahadevan
"November 07, 2019",Birds,Da Lata,,Independent Artist,UK,J. Edward Keyes
"November 06, 2019",Spring,Itasca,,Independent Artist,"Los Angeles, California",Rachel Davies
"November 05, 2019",Do No Harm,The Deer,,THE DƎER,"Austin, Texas",Grayson Haver Currin
"November 04, 2019",Darkest Light,Shana Falana,,Independent Artist,"Kingston, New York",Robert Rubsam
"November 01, 2019",Occulting Disk,Deathprod,,Independent Artist,"Oslo, Norway",Jordan Reyes
"October 31, 2019",Athena,Sudan Archives,,Independent Artist,"Los Angeles, California",Ann-Derrick Gaillot
"October 30, 2019",Networker,Omni,,Independent Artist,"Atlanta, Georgia",Max Savage Levenson
"October 29, 2019",Dark Thoughts,The Shivas,,Independent Artist,"Portland, Oregon",Mariana Timony
"October 28, 2019","Live In Kalisz, 1986",Sun Ra Arkestra,Jazz,Lanquidity Records,"London, UK",John Morrison
"October 25, 2019",The Ground Our Sky,Saariselka,,Independent Artist,"Oakland, California",Andrew Parks
"October 24, 2019",Subservient,Larry Gus,,Independent Artist,"Athens, Greece",Miles Bowe
"October 23, 2019",Crush,Floating Points,,Independent Artist,UK,Andy Beta
"October 22, 2019",Introducing,Bokoya,Jazz,Independent Artist,"Cologne, Germany",Phillip Mlynar
"October 21, 2019",Odds Against Tomorrow,Bill Orcutt,,Independent Artist,"San Francisco, California",Mark Richardson
"October 18, 2019",Diaspora,The Bedroom Witch,,Psychic Eye,"Oakland, California",Andra Nikolayi
"October 17, 2019",Suburban Exotica,Compro Oro,,Independent Artist,Belgium,Richard Gehr
"October 16, 2019",Starts Again,Tawiah,,Independent Artist,"London, UK",Phillip Mlynar
"October 15, 2019",Polyhymnia,Yazz Ahmed,,Independent Artist,UK,Britt Robson
"October 14, 2019",Um Dada,Stephen Mallinder,,Independent Artist,"Brighton, UK",Jordan Reyes
"October 11, 2019",Love Tape,Marquis Hill,,Independent Artist,"New York, New York",Philip Freeman
"October 10, 2019",Complicate Your Life With Violence,L’Orange & Jeremiah Jae,,L&#39;Orange,North Carolina,Mike Madden
"October 09, 2019",YOUR PSYCHE’S RAINBOW PANORAMA,Tony Njoku,,Independent Artist,UK,Phillip Mlynar
"October 08, 2019",Ripples,Husmo HAV,,Independent Artist,"Oslo, Norway",Philip Freeman
"October 07, 2019",All Mirrors,Angel Olsen,,Independent Artist,"Asheville, North Carolina",Allison Hussey
"October 04, 2019",Derin Derin,Baba Zula,,Independent Artist,"Istanbul, Turkey",Joshua Minsoo Kim
"October 03, 2019",Every And All We Voyage On,R. Elizabeth,,Night School,"Glasgow, UK",Jordan Reyes
"October 02, 2019",La Grande Cantatrice Malienne Vol. 1,Nahawa Doumbia,,Independent Artist,Mali,Marcus J. Moore
"October 01, 2019",Turn to Clear View,Joe Armon-Jones,,Independent Artist,"London, UK",Andy Thomas
"September 30, 2019",Pata Pata,Miriam Makeba,,Independent Artist,"Johannesburg, South Africa",Megan Iacobini de Fazio
"September 27, 2019",Ancient Mahogany Gold,SassyBlack,,Independent Artist,NA,Nate Patrin
"September 26, 2019",Chastity Belt,Chastity Belt,,Independent Artist,"Seattle, Washington",Mariana Timony
"September 25, 2019",PYJÆN,PYJÆN,Jazz,Independent Artist,"London, UK",Nilina Mason-Campbell
"September 24, 2019",Dynasty,Hua Li,,Independent Artist,"Montréal, Québec",Luke Ottenhof
"September 23, 2019",Lookout Low,Twin Peaks,,Independent Artist,"Chicago, Illinois",Eli Enis
"September 20, 2019",Peace Process,Run Child Run,Pop,Independent Artist,NA,Max Savage Levenson
"September 19, 2019",The Utopia Strong,The Utopia  Strong,Experimental,The Utopia Strong,UK,Dean Van Nguyen
"September 18, 2019",Aban,The Garifuna Collective,World,Independent Artist,belize,Diamond Sharp
"September 17, 2019",The Practice of Love,Jenny Hval,Experimental,Independent Artist,"Oslo, Norway",Erin Lyndal Martin
"September 16, 2019",Of the Sun,Trupa Trupa,Alternative,TRUPA TRUPA,"Gdańsk, Poland",Ned Raggett
"September 13, 2019",Alefa Madagascar,Various Artists,World,Indian Ocean,Madagascar,Tracy Jones
"September 12, 2019",Field Whispers (Into The Crystal Palace),Fire-Toolz,Electronic,Orange Milk Records,NA,Ed Blair
"September 11, 2019",Crooked,Kristin Hersh,Alternative,Independent Artist,"Providence, Rhode Island",Annie Zaleski
"September 10, 2019",Cairn,Mizmor,Metal,Independent Artist,"Portland, Oregon",Joseph Schafer
"September 09, 2019",Mèdaho,Kaleta & Super Yamba Band,World,Kaleta &amp; Super Yamba Band,New York,Richard Gehr
"September 06, 2019",Devour,Pharmakon,Experimental,Independent Artist,"New York, New York",Andrew Parks
"September 05, 2019",Venus in Leo,HTRK,Rock,Independent Artist,"Melbourne, Australia",Miguel Gallego
"September 04, 2019",Yemas,Indira Valey,Ambient,Antiquated Future Records,"Portland, Oregon",Diamond Sharp
"September 03, 2019",Ex Voto,Versus,Alternative,Independent Artist,"New York, New York",Patrick Rapa
"August 30, 2019",De Ayer Para Siempre,Mariachi Los Camperos,World,Independent Artist,"Los Angeles, California",Richard Gehr
"August 29, 2019",Everybody Split,Possible Humans,Rock,Independent Artist,"Melbourne, Australia",Stuart Berman
"August 28, 2019",A Distant Call,Sheer Mag,Rock,SHEER MAG,"Philadelphia, Pennsylvania",Max Savage Levenson
"August 27, 2019",Invitation To A Dream,Alcorn / McPhee / Vandermark,Jazz,Independent Artist,"Austin, Texas",John Morrison
"August 26, 2019",A Song For Paul,Ghost Funk Orchestra,Funk,Independent Artist,New York,J. Edward Keyes
"August 23, 2019",A Living Tradition: Selections from Folk​-​Legacy Records,Various Artists,,Smithsonian Folkways Recordings,"Washington, D.C.",Allison Hussey
"August 22, 2019",Re-Birth,Obuxum,Electronic,OBUXUM,"Toronto, Ontario",Diamond Sharp
"August 21, 2019",Anak Ko,Jay Som,Alternative,Independent Artist,"Los Angeles, California",Max Savage Levenson
"August 20, 2019","If you’re not afraid, I’m not afraid",Queen of Jeans,Alternative,Independent Artist,"Philadelphia, Pennsylvania",Max Savage Levenson
"August 19, 2019",Curse These Metal Hands,Conjurer and Pijn,Metal,Conjurer,"Rugby, UK",Zoe Camp
"August 15, 2019",Odious Descent Into Decay,Cerebral Rot,Metal,20 Buck Spin,"Pittsburgh, Pennsylvania",Patrick Lyons
"August 14, 2019",Death Drive,Debby Friday,Alternative,Deathbomb Arc,Hawaii,Kerry Cardoza
"August 12, 2019",I Luma,A. Billi Free & Tensei,R&amp;B/Soul,A. Billi Free,New Mexico,Chaka V. Grier
"August 09, 2019",Love & Nappyness,Matt Muse,R&amp;B/Soul,Independent Artist,NA,John Morrison
"August 08, 2019",Perfumed Earth,Purple Pilgrims,Alternative,Independent Artist,New Zealand,Loren DiBlasi
"August 06, 2019",Data Horde,Leech,Electronic,Independent Artist,"Los Angeles, California",Andra Nikolayi
"August 05, 2019","Ann Arbor Blues Festival 1969, Vol. 1 & 2",Various Artists,Blues,Third Man Records,"Nashville, Tennessee",John Morrison
"August 02, 2019",Keys 2 Kazi,C Keys & Kazi,Hip-Hop/Rap,Below System Records,"Almelo, The Netherlands",Phillip Mlynar
"August 01, 2019",Parted Plains,Ami Dang,Ambient,Independent Artist,"Baltimore, Maryland",Amaya Garcia
"July 31, 2019",Blood Year,Russian Circles,Metal,Independent Artist,"Chicago, Illinois",David Anthony
"July 30, 2019",Be Urself,Pascale Project,Electronic,Orange Milk Records,NA,Jake Hulyer
"July 29, 2019",Out of the Box,The Young Sinclairs,Rock,Requiem Pour Un Twister,"Paris, France",Stuart Berman
"July 26, 2019",8-track,Hot Since 82,Electronic,Independent Artist,"Leeds, UK",Andra Nikolayi
"July 25, 2019",Pity Boy,Mal Blum,Alternative,Independent Artist,"Los Angeles, California",Max Cohen
"July 24, 2019",Astro,Mateo Kingman,Hip-Hop/Rap,Independent Artist,Ecuador,Caitlin Donohue
"July 23, 2019",WAHALA,YATTA,Experimental,PTP,"New York, New York",Diamond Sharp
"July 22, 2019",You Remind Me (The Classic Elektra Recordings 1978-1984),Patrice Rushen,R&amp;B/Soul,Independent Artist,"Los Angeles, California",Chaka V. Grier
"July 19, 2019",Until The Tide Creeps In,Penelope Isles,Rock,Independent Artist,"Brighton, UK",Margaret Farrell
"July 18, 2019",Weather,Tycho,Electronic,Independent Artist,"San Francisco, California",Michaelangelo Matos
"July 17, 2019",Metamorphosis,Blank Banshee,Electronic,Independent Artist,NA,Miles Bowe
"July 16, 2019",Sunny Side Up,Sunny Side Up,Jazz,Independent Artist,"London, UK",John Morrison
"July 15, 2019",EGOLI,Abum of the Day: Africa Express,World,Africa Express,Mali,Megan Iacobini de Fazio
"July 11, 2019",Brand New Adult,BEA1991,Pop,Independent Artist,"Amsterdam, Netherlands",Anna White
"July 10, 2019",Atlantic Oscillations,Quantic,Electronic,Independent Artist,"London, UK",Joe Muggs
"July 09, 2019",The Gay Man’s Guide To Safer Sex (OST),Coil,Electronic,Mental Groove Records / Musique Pour La Danse,Switzerland,Andi Harriman
"July 08, 2019",Resavoir,Resavoir,Jazz,International Anthem,"Chicago, Illinois",Eli Zeger
"July 03, 2019",Islands,Erin Durant,Folk,Independent Artist,NA,Allison Hussey
"July 02, 2019",Manifest,Corin,Electronic,NEOSELF,"Tokyo, Japan",Miles Bowe
"July 01, 2019",Mother Earth’s Plantasia,Mort Garson,Electronic,Independent Artist,"Los Angeles, California",Andrew Parks
"June 28, 2019",On Tour,The Young Ones of Guyana,Reggae,The Young Ones Of Guyana,Guyana,Dean Van Nguyen
"June 27, 2019",Portent,False,Metal,Gilead Media,"Oshkosh, Wisconsin",Ed Blair
"June 26, 2019",SPAZA,SPAZA,Jazz,Independent Artist,"Johannesburg, South Africa",Marcus J. Moore
"June 25, 2019",Patience,Mannequin Pussy,Punk,MANNEQUIN PUSSY,"Philadelphia, Pennsylvania",Annie Zaleski
"June 24, 2019",High Fantasy,Gygax,Rock,GYGAX,"Ventura, California",Jeff Treppel
"June 21, 2019",In a Desperate Red,The Rats,Punk,Mississippi Records,"New York, New York",Kerry Cardoza
"June 20, 2019",Death’s Head Speaks,Simulation,Electronic,Hausu Mountain Records,"Chicago, Illinois",Marc Masters
"June 19, 2019",VWETO II,Georgia Anne Muldrow,Electronic,Independent Artist,"Los Angeles, California",Diamond Sharp
"June 18, 2019",Alice Clark,Alice Clark,R&amp;B/Soul,Independent Artist,"New York, New York",Philip Freeman
NA,NA,,,,NA,
"June 13, 2019",Heart Hunger,Meernaa,Rock,Independent Artist,"Oakland, California",Anna White
"June 12, 2019",California Black Vows,Clay Rendering,Rock,Independent Artist,"Los Angeles, California",Andy O’Connor
"June 11, 2019",April Is the Cruellest Month,Masayuki Takayanagi New Direction Unit,Experimental,Blank Forms Editions,"Brooklyn, New York",David Menestres
"June 10, 2019",Walkie Talkie,Brijean,Pop,Independent Artist,"Los Angeles, California",Diamond Sharp
"June 07, 2019",Grass Stains and Novocaine,Seablite,Alternative,Emotional Response,"Seaside, Oregon",Mariana Timony
"June 06, 2019",ONDA,Jambinai,Metal,Independent Artist,"Seoul, South Korea",Ian Cohen
"June 05, 2019",Spirit Volume,City and i.o.,Electronic,PTP,"New York, New York",Jordan Reyes
"June 04, 2019",Lust For Youth,Lust for Youth,Alternative,Independent Artist,"Copenhagen, Denmark",Annie Zaleski
"June 03, 2019",Swim Team,Christelle Bofale,Alternative,christelle bofale,Texas,Diamond Sharp
"May 31, 2019",Demos (1973​-​75) Volumes 1&2,Azymuth,,Independent Artist,Brazil,Dean Van Nguyen
"May 30, 2019",FLIGHT OF THE WIG,Psalm One,Hip-Hop/Rap,Psalm One aka Hologram Kizzie,Chicago,Phillip Mlynar
"May 29, 2019",Cut Through,Kythira,Pop,Alyssa Gengos,"Los Angeles, California",Mariana Timony
"May 28, 2019",Suddenly Everyone Explodes,Plastic Mermaids,Rock,Independent Artist,UK,Stuart Berman
"May 24, 2019",We Get By,Mavis Staples,R&amp;B/Soul,Independent Artist,"Chicago, Illinois",Jim Allen
"May 23, 2019",Chemical Flowers,Helm,Electronic,Independent Artist,"London, UK",J. Edward Keyes
"May 22, 2019",The Best of Luck Club,Alex Lahey,Rock,Independent Artist,"Melbourne, Australia",Jerry Cowgill
"May 21, 2019",Thina,Seba Kaapstad,R&amp;B/Soul,Independent Artist,South Africa,Shanice Brim
"May 20, 2019",Reckoning,Mourning [A] BLKstar,R&amp;B/Soul,Independent Artist,"Cleveland, Ohio",Ben Grenrock
"May 17, 2019",Are You A Dreamer?,Death & Vanilla,Alternative,Death &amp; Vanilla,"Malmö, Sweden",Emma August Welter
"May 16, 2019",3,Nots,Punk,NOTS,"Memphis, Tennessee",Kerry Cardoza
"May 15, 2019",Radish,Big Bend,Electronic,Independent Artist,"Mansfield, Ohio",Dean Van Nguyen
"May 14, 2019",Halal Cool J,Don Leisure,Hip-Hop/Rap,Independent Artist,"Cardiff, UK",Phillip Mlynar
"May 13, 2019",Age Hasn’t Spoiled You,Greys,Rock,Independent Artist,"Toronto, Ontario",Stuart Berman
"May 10, 2019",Young Enough,Charly Bliss,Pop,Independent Artist,"New York, New York",J. Edward Keyes
"May 09, 2019",Goodness Gracious,Sunbeam Sound Machine,Alternative,Independent Artist,"Melbourne, Australia",Ned Raggett
"May 08, 2019",Flight Paths,Mina,World,Independent Artist,"London, UK",Shanice Brim
"May 07, 2019",Heritage II,Mark de Clive-Lowe,Jazz,Independent Artist,"Tokyo, Japan",David R. Adler
"May 06, 2019",Death Sequence,The Physics House Band,Experimental,Unearthly Vision,"England, UK",Marc Masters
"May 03, 2019",Useless Coordinates,Drahla,Alternative,Independent Artist,"Leeds, UK",Nina Corcoran
"May 01, 2019",Schemes,Schemes,R&amp;B/Soul,mike clay,"Montreal, Québec",John Morrison
"April 30, 2019",No More Running,Eve Maret,Experimental,Independent Artist,"Nashville, Tennessee",Ned Raggett
"April 29, 2019",Your Church On My Bonfire,PAWS,Rock,Independent Artist,"Scotland, UK",Jerry Cowgill
"April 26, 2019",Only You Can See It,Emily Reo,Pop,Independent Artist,"Boston, Massachusetts",Anna White
"April 25, 2019",No Dados,Reese McHenry,Rock,Independent Artist,"Chapel Hill, North Carolina",Zachary Lipez
"April 24, 2019","Yoshio Ojima & Satsuki Shibano, FRKWYS Vol. 15: serenitatem",Visible Cloaks,Ambient,Independent Artist,"Portland, Oregon",Andrew Parks
"April 23, 2019",Orange,Caroline Shaw & Attacca Quartet,Classical,Caroline Shaw,"New York, New York",David R. Adler
"April 22, 2019",Sulphur English,Inter Arma,Metal,Independent Artist,"Richmond, Virginia",Kim Kelly
"April 19, 2019",Jobcentre Rejects: Ultra Rare New Wave of British Heavy Metal 1978-1982,Various Artists,Metal,Jobcentre Rejects,Sweden,Stephen Thomas Erlewine
"April 18, 2019",Peer 2 Peer,WORLD BRAIN,Experimental,Independent Artist,"Berlin, Germany",Simon Chandler
"April 17, 2019",Thalassa,Ioanna Gika,Pop,Independent Artist,"Los Angeles, California",Jenn Pelly
"April 16, 2019",Wolastoqiyik Lintuwakonawa,Jeremy Dutcher,Classical,Independent Artist,"Toronto, Ontario",Catalina Maria Johnson
"April 15, 2019",Essentials,Patio,Punk,Independent Artist,"Queens, New York",Annie Zaleski
"April 12, 2019",Burd,Wilma Vritra,Hip-Hop/Rap,Independent Artist,"Los Angeles, California",Phillip Mlynar
"April 11, 2019",The Budos Band V,The Budos Band,World,Independent Artist,"New York, New York",Brad Sanders
"April 10, 2019",Endless Column,Endless Column,Alternative,Erste Theke Tontraeger,"Mannheim, Germany",Annie Zaleski
"April 09, 2019",she/her/they/them,Evan Greer,Folk,Independent Artist,"Boston, Massachusetts",Sasha Geffen
"April 08, 2019",The Hat Factory 93,Rodan,Punk,Independent Artist,"Louisville, Kentucky",JJ Skolnik
"April 05, 2019",Luminous Volumes,Skryptor,Rock,Sleeping Giant Glossolalia,"New York, New York",Marc Masters
"April 03, 2019",The End,Shlohmo,Electronic,Independent Artist,"Los Angeles, California",Joe Muggs
"April 02, 2019",Guns,Quelle Chris,Hip-Hop/Rap,Independent Artist,"Detroit, Michigan",Phillip Mlynar
"April 01, 2019",Earth Night,Various Artists,Electronic,DJs for Climate Action,"Brooklyn, New York",J. Edward Keyes
"March 29, 2019",Matamoros,USA/Mexico,Punk,Independent Artist,"Austin, Texas",Marc Masters
"March 28, 2019",Peru’s Master Percussionist,Chocolate,World,Buh Records,"Lima, Peru",Dean Van Nguyen
"March 27, 2019",Map of Absences,Turning Jewels Into Water,World,Independent Artist,"Brooklyn, New York",Shanice Brim
"March 26, 2019",Past Lives,Caleb Burhans,Experimental,Independent Artist,"New York, New York",Jamie Ludwig
"March 25, 2019","Post Now: Round One, Chicago vs. New York",Various Artists,Experimental,SKiN GRAFT Records,"St. Louis, Missouri",Philip Freeman
"March 22, 2019",Panorama,La Dispute,Alternative,Independent Artist,Grand Rapids,Zoe Camp
"March 21, 2019",KOKOROKO,KOKOROKO,Jazz,Kokoroko,"London, UK",Jesse Bernard
"March 20, 2019",Dreaming the Dark,Tamaryn,Alternative,TAMARYN,California,Anna White
"March 19, 2019",Bahir,Dexter Story,World,Independent Artist,"Los Angeles, California",Amaya Garcia
"March 15, 2019",Epilogue,Aaron Abernathy,R&amp;B/Soul,Independent Artist,"Washington D.C., D.C.",Vance Brinkley
"March 14, 2019",To Believe,The Cinematic Orchestra,Electronic,Independent Artist,"London, UK",Michaelangelo Matos
"March 13, 2019",Powder in Space,Powder,Electronic,Beats In Space,"New York, New York",Harley Oliver Brown
"March 12, 2019",Rituals of Power,Misery Index,Metal,Independent Artist,"Baltimore, Maryland",Andy O’Connor
"March 11, 2019",Softer Faces,Living Hour,Alternative,Independent Artist,"Winnipeg, Manitoba",Patrick Lyons
"March 08, 2019",Akaline Kidal,Ahmed Ag Kaedy,World,Amanar De Kidal,Mali,Richard Gehr
"March 07, 2019",Out of the Blue,Imani,Jazz,MAD ABOUT RECORDS,Portugal,Philip Freeman
"March 06, 2019",After its own death / Walking in a spiral towards the house,Nivhek,Experimental,Grouper,NA,John Thorp
"March 05, 2019",Stunning Luxury,Snapped Ankles,Alternative,Independent Artist,"London, UK",Ned Raggett
"March 04, 2019",Helium,Homeshake,Alternative,homeshake,"Toronto, Ontario",Max Savage Levenson
"February 28, 2019",fabric presents Bonobo,Bonobo,Electronic,Independent Artist,"Brighton, UK",Michaelangelo Matos
"February 27, 2019",In Condemnation,Pandemix,Punk,Independent Artist,NA,Kerry Cardoza
"February 26, 2019",Mosawi Swiri,Houssam Gania,World,Independent Artist,"Essaouira, Morocco",Dean Van Nguyen
"February 25, 2019",Jungle Run,Nubiyan Twist,Jazz,Independent Artist,"London, UK",Michael J. West
"February 22, 2019",In Search of the Miraculous,Desperate Journalist,Rock,Independent Artist,"London, UK",Annie Zaleski
"February 21, 2019",Triage,Methyl Ethel,Pop,METHYL ETHEL,"Perth, Australia",Angel E. Fraden
"February 20, 2019",The Railway Prince Hotel,Tullycraft,Alternative,Independent Artist,"Seattle, Washington",Annie Zaleski
"February 19, 2019",Black Tenere,Kel Assouf,World,Independent Artist,Niger,Megan Iacobini de Fazio
"February 15, 2019","Japanese Ambient, Environmental & New Age Music 1980​-​1990",Kankyō Ongaku,,Independent Artist,Japan,April Clare Welsh
"February 14, 2019",The Heretics,Rotting Christ,Metal,Independent Artist,Greece,Grayson Haver Currin
"February 13, 2019",Fyah,Theon Cross,Jazz,Independent Artist,"London, UK",Marcus J. Moore
"February 12, 2019",A Mild Circus,Yarrow,Punk,Independent Artist,"Philadelphia, Pennsylvania",Alex Smith
"February 11, 2019",Ripe for Anarchy,Business of Dreams,Alternative,Business Of Dreams,"Louisville, Kentucky",J. Edward Keyes
"February 08, 2019",Anima Mysterium,Yugen Blakrok,Hip-Hop/Rap,Independent Artist,South Africa,Phillip Mlynar
"February 07, 2019",Buoys,Panda Bear,Alternative,Independent Artist,"Lisbon, Portugal",Andrew Parks
"February 06, 2019",Highway Hypnosis,Sneaks,Alternative,Independent Artist,"Washington, D.C.",Jenn Pelly
"February 05, 2019",Nūr,Dua Saleh,Hip-Hop/Rap,Independent Artist,"Los Angeles, California",Gus Navarro
"February 01, 2019",Living Tomb,Ossuarium,Metal,20 Buck Spin,"Pittsburgh, Pennsylvania",Andy O’Connor
"January 31, 2019",Temporal,Julia Kent,Classical,Independent Artist,New York,Erin Lyndal Martin
"January 30, 2019",The Language of Injury,Ithaca,Punk,Independent Artist,"London, UK",Zoe Camp
"January 29, 2019",Sewele,Sir Shina Peters,World,Sir Shina Peters &amp; His International Stars,Nigeria,Megan Iacobini de Fazio
"January 28, 2019",Isa,Croatian Amor,Electronic,Independent Artist,"Copenhagen, Denmark",Jordan Reyes
"January 25, 2019",Eternal Words,Tomas Nordmark,Electronic,Independent Artist,"London, UK",April Clare Welsh
"January 24, 2019",The Onrush Of Eternity,log(m) & Laraaji,Electronic,"Invisible, Inc.","Glasgow, UK",Miles Bowe
"January 23, 2019",Nighttime Birds and Morning Stars,Sarah Louise,Folk,Independent Artist,"Asheville, North Carolina",Robert Rubsam
"January 22, 2019",Siku,Nicola Cruz,Electronic,Independent Artist,"Quito, Ecuador",Amaya Garcia
"January 18, 2019",Tomb,Angelo De Augustine,Alternative,Independent Artist,"Los Angeles, California",Allison Hussey
"January 17, 2019",Italo Funk,Various Artists,Electronic,Soul Clap Records,"Boston, Massachusetts",Andrew Parks
"January 16, 2019",Midnight Parade,The Day,Alternative,Independent Artist,"Antwerp, Belgium",Ned Raggett
"January 15, 2019",The Unseen In Between,Steve Gunn,Folk,Independent Artist,"Brooklyn, New York",Allison Hussey
"January 14, 2019",Remind Me Tomorrow,Sharon Van Etten,Rock,Independent Artist,"New York, New York",Allison Crutchfield
"January 11, 2019",Unseen Worlds,Laurie Spiegel,Electronic,Independent Artist,"New York, New York",Miles Bowe
"January 10, 2019",Stomping Off From Greenwood,Greg Ward,Jazz,Independent Artist,"Chicago, Illinois",Michael J. West
"January 09, 2019",Prehysteria,T-Rextasy,Punk,Independent Artist,"New York, New York",Allison Crutchfield
"January 08, 2019",Ill Considered 5,Ill Considered,Jazz,Independent Artist,"London, UK",Amaya Garcia
"January 07, 2019",Bigness,Pickle Darling,Pop,Independent Artist,"Christchurch, New Zealand",Adam Badí Donoval
"January 04, 2019",Tides,Kaitlyn Aurelia Smith,Ambient,Independent Artist,"Los Angeles, California",Joshua Minsoo Kim
"January 03, 2019",Strangers From the Far East,Khana Bierbood,Alternative,คณะ เบียร์บูด/Khana Bierbood,Thailand,Simon Chandler
"December 21, 2018",War in my Pen,MIKE,Hip-Hop/Rap,Independent Artist,"New York, New York",Phillip Mlynar
"December 20, 2018","Beats For Brothels, Vol. 4",The Doppelgangaz,Hip-Hop/Rap,Independent Artist,"New York, New York",Jay Balfour
"December 19, 2018",2000 – 2004,Frakkur,Ambient,Independent Artist,"Reykjavík, Iceland",Miles Bowe
"December 18, 2018",De Bassari Togo,Orchestre Abass,World,Analog Africa,Germany,Dean Van Nguyen
"December 17, 2018",Universalis,Hammock,Alternative,Independent Artist,"Nashville, Tennessee",Andrew Parks
"December 14, 2018",Energy Control Center,Bubbha Thomas & The Lightmen,Jazz,Bubbha Thomas &amp; The Lightmen,"Houston, Texas",Phillip Mlynar
"December 12, 2018",Fighting for Survival,Yoruba Singers,World,Independent Artist,Guyana,Megan Iacobini de Fazio
"December 11, 2018",Natural Sci-Fi,Steve Spacek,Electronic,Independent Artist,Australia,Jake Hulyer
"December 10, 2018",WARM,Jeff Tweedy,Rock,Independent Artist,"Chicago, Illinois",Max Savage Levenson
"December 07, 2018",Lost Time Behind the Moon,Scott Hirsch,Rock,Independent Artist,"Ojai, California",Allison Hussey
"December 06, 2018",This Band Will Self-Destruct in T-Minus,Th’ Losin Streaks,Rock,Th&#39; Losin Streaks,"Sacramento, California",Doug Wallen
"December 05, 2018",Penelope Two,Penelope Trappes,Alternative,Independent Artist,"Brighton, UK",J. Edward Keyes
"December 04, 2018",Turntables on the Hudson 20 Year Anniversary,Various Artists,World,Nickodemus,"Brooklyn, New York",Amaya Garcia
"December 03, 2018",In the Senses,Filmico,Ambient,Independent Artist,Argentina,Miles Bowe
"November 30, 2018",Let Pain Be Your Guide,Portrayal of Guilt,Metal,portrayal of guilt,"Austin, Texas",Zoe Camp
"November 29, 2018",From Nubia to Cairo,Ali Hassan Kuban,World,Independent Artist,"Straße, Egypt",Richard Gehr
"November 27, 2018",The Terror End of Beauty,Harriet Tubman,Jazz,Independent Artist,"New York, New York",Brad Cohan
"November 26, 2018",Brainfeeder X,Various Artists,Electronic,Brainfeeder,"Los Angeles, California",Max Bell
"November 21, 2018",Unusual Sounds,Various Artists,Funk,Anthology Recordings,"Brooklyn, New York",J. Edward Keyes
"November 20, 2018",Malik Ruff,Quadry,Hip-Hop/Rap,Independent Artist,"Baton Rouge, Louisiana",Nate Patrin
"November 19, 2018",From the Dirt,Waajeed,Electronic,Independent Artist,"Detroit, Michigan",Gus Navarro
"November 16, 2018",Black Velvet,Charles Bradley,R&amp;B/Soul,Independent Artist,"Brooklyn, New York",Max Savage Levenson
"November 15, 2018",Cosmovore,Ulthar,Metal,20 Buck Spin,"Pittsburgh, Pennsylvania",Kim Kelly
"November 14, 2018","Jazz, Jazz, Jazz",The Scorpions & Saif Abu Bakr,Jazz,Habibi Funk Records,"Berlin, Germany",Dean Van Nguyen
"November 13, 2018",Lover Chanting EP,Little Dragon,Experimental,Independent Artist,"Gothenburg, Sweden",Eric R. Danton
"November 09, 2018",Une Vie Cent Détours,Cosmic Analog Ensemble,Experimental,My Bags,"Messac, France",Will Schube
"November 08, 2018",Fill in the Blank,Kev Brown,Hip-Hop/Rap,KEV BROWN,"Greater Landover, Maryland",Marcus J. Moore
"November 07, 2018",Moths,Moths,Metal,MOTHS,"San Juan, Puerto Rico",Gabriel Serrano Denis
"November 06, 2018",Examples Volume Two,Eric Lau,Hip-Hop/Rap,Independent Artist,"London, UK",Jake Hulyer
"November 02, 2018",The Garner Poems,Mourning [A] BLKstar,Funk,Electric Cowbell Records,"Washington, D.C.",Jesse Bernard
"November 01, 2018",First Love 初恋 : Debut Album and Demo Tracks,Space Streakings,Experimental,Independent Artist,"Tokyo, Japan",Zoe Camp
"October 31, 2018",The One,Will Sessions & Amp Fiddler ft. Dames Brown,Funk,Will Sessions,"Detroit, Michigan",Dean Van Nguyen
"October 30, 2018",Childqueen Outtakes,Kadhja Bonet,R&amp;B/Soul,Independent Artist,"Toronto, Ontario",Marcus J. Moore
"October 29, 2018",What Happens When I Try To Relax,Open Mike Eagle,Hip-Hop/Rap,Independent Artist,Los Angeles,Ben Grenrock
"October 26, 2018",Alone At Last,Tasha,Alternative,Independent Artist,"New York, New York",Amaya Garcia
"October 25, 2018",Unreality,SRSQ,Alternative,Independent Artist,"Los Angeles, California",JJ Skolnik
"October 24, 2018",Humble Pi,Homeboy Sandman & Edan,Hip-Hop/Rap,Homeboy Sandman &amp; Edan,"New York, New York",Nate Patrin
"October 23, 2018",Us,Empress Of,Pop,Independent Artist,"Brooklyn, New York",Amaya Garcia
"October 22, 2018",Broken Politics,Neneh Cherry,Pop,Independent Artist,Sweden,Joe Muggs
"October 19, 2018",Warzone,Yoko Ono,Alternative,Independent Artist,"New York, New York",Jordan Reyes
"October 18, 2018",happy little trees,Kenny Segal,Hip-Hop/Rap,Independent Artist,"Los Angeles, California",Blake Gillespie
"October 17, 2018",Revolution,Daniel Crawford,R&amp;B/Soul,Independent Artist,"Los Angeles, California",Chaka V. Grier
"October 16, 2018",Virus.DOS,Master Boot Record,Electronic,MASTER BOOT RECORD,"Rome, Italy",Andrew Parks
"October 15, 2018",Deal Thy Fate,Album Of The Day: Castle,Metal,Ripple Music,"San Ramon, California",Zoe Camp
"October 12, 2018",System,Trevor Jackson,Electronic,Independent Artist,"London, UK",Joe Muggs
"October 11, 2018",La Maison Noir,Petite Noir,Experimental,Independent Artist,"Cape Town, South Africa",Marcus J. Moore
"October 10, 2018",Autobiography,Jlin,Electronic,Independent Artist,"Gary, Indiana",Will Schube
"October 05, 2018",Helltown,Electric Citizen,Metal,Independent Artist,"Cincinnati, Ohio",Zachary Lipez
"October 04, 2018",Soft Hell,Pill,Alternative,Independent Artist,"New York, New York",Annie Zaleski
"October 03, 2018",For My Crimes,Marissa Nadler,Folk,Independent Artist,"Nashville, Tennessee",Dean Van Nguyen
"October 02, 2018",Moontribe,Moontribe,World,Fortuna Records,"Tel Aviv, Israel",Megan Iacobini de Fazio
"October 01, 2018",Future Bubblers 2.0,Various Artists,Electronic,Future Bubblers,"London, UK",Joe Muggs
"September 28, 2018",Low,Jansport J,Hip-Hop/Rap,Independent Artist,"Los Angeles, California",Jesse Fairfax
"September 27, 2018",Thunder Follows the Light,Mutual Benefit,Alternative,mutual benefit,"Brooklyn, New York",Allison Hussey
"September 26, 2018",Burnt Sugar,Gouge Away,Punk,Independent Artist,"Fort Lauderdale, Florida",Michael Siebert
"September 25, 2018",African Rhythms,Oneness of Juju,Funk,Independent Artist,"Richmond, Virginia",Dean Van Nguyen
"September 21, 2018",Shelley’s on Zenn-La,Oliver Coates,Electronic,Independent Artist,"Glasgow, UK",Adam Badí Donoval
"September 20, 2018",Further Still,Bosse-de-Nage,Metal,Independent Artist,NA,Michael Siebert
"September 19, 2018",This Behavior,ADULT.,Electronic,Independent Artist,"Detroit, Michigan",Daniel Dylan Wray
"September 18, 2018",Room 25,Noname,Hip-Hop/Rap,Independent Artist,"Chicago, Illinois",Marcus J. Moore
"September 17, 2018",Rockers From the Land of Reggae,I-Mo-Jah,Reggae,Pressure Sounds,"England, UK",J. Edward Keyes
"September 14, 2018",Find Us When U Get There,Scott Xylo,Funk,Independent Artist,"Leicester, UK",Martin Aston
"September 13, 2018",Dur-Dur of Somalia – Volume 1 & Volume 2,Dur-Dur Band,Funk,Analog Africa,Germany,Megan Iacobini de Fazio
"September 12, 2018",Render Another Ugly Method,Mothers,Rock,Independent Artist,"Philadelphia, Pennsylvania",Eric R. Danton
"September 11, 2018",Kingdoms in Colour,Maribou State,Electronic,Independent Artist,"London, UK",Amaya Garcia
"September 10, 2018",Events Score,Daniel Davies,Electronic,Independent Artist,"Los Angeles, California",Miles Bowe
"September 07, 2018",Magus,Thou,Metal,Independent Artist,"Baton Rouge, Louisiana",Ashley Naftule
"September 06, 2018",New Hymn to Freedom,Szun Waves,Jazz,Independent Artist,"London, UK",Dave Sumner
"September 05, 2018",Melondrama,Cale Sexton,Electronic,Independent Artist,"Melbourne, Australia",Miles Bowe
"September 04, 2018",I’m Reliving the End Over and Over and Over Again and Its Only the Beginning,Risa Rubin,Alternative,Independent Artist,"Chicago, Illinois",Mariana Timony
"August 31, 2018",Joy As An Act of Resistance.,Idles,Punk,IDLES,"Bristol, UK",Fergal Kenney
"August 30, 2018",Only Self,Jesus Piece,Punk,Independent Artist,"Philadelphia, Pennsylvania",Michael Siebert
"August 29, 2018",Energy Dreams,Rejoicer,Electronic,Independent Artist,"Los Angeles, California",Nate Patrin
"August 28, 2018",Tangerine Reef,Animal Collective,Alternative,Independent Artist,"Baltimore, Maryland",Sam Goldner
"August 27, 2018",Nobody’s Watching,Steady Holiday,Alternative,Independent Artist,"Los Angeles, California",Max Savage Levenson
"August 23, 2018",Limpid Fear [清澈恐惧],bod [包家巷],Electronic,Independent Artist,"Berlin, Germany",Sam Goldner
"August 22, 2018",Nostrum Grocers,Nostrum Grocers,Hip-Hop/Rap,Independent Artist,"New York, New York",Paul Thompson
"August 21, 2018",Thank You For Today,Death Cab for Cutie,Alternative,Independent Artist,"Seattle, Washington",Candace McDuffie
"August 20, 2018",Slide,George Clanton,Electronic,Independent Artist,"Los Angeles, California",David Glickman
"August 17, 2018",Be the Cowboy,Mitski,Alternative,Independent Artist,"New York, New York",Ally-Jane Grossan
"August 16, 2018",Clear Tamei/Steel Mogu,Iglooghost,Electronic,Independent Artist,UK,Joe Muggs
"August 15, 2018",Bloom,Somni,Experimental,Independent Artist,"Los Angeles, California",Blake Gillespie
"August 14, 2018",Deep in the Big,Rabbit Island,Alternative,Independent Artist,"Perth, Australia",Doug Wallen
"August 13, 2018",Protean Labyrinth,Kyoko Kitamura,Jazz,Independent Artist,"Brooklyn, New York",Seth Colter Walls
"August 10, 2018",Suffuse,Roy Montgomery,Ambient,Ba Da Bing Records,"Providence, Rhode Island",Daniel Dylan Wray
"August 09, 2018",Future Me Hates Me,The Beths,Alternative,Independent Artist,"Auckland, New Zealand",Max Savage Levenson
"August 08, 2018",Our Garden Needs Its Flowers,Jess Sah Bi & Peter One,Folk,Jess Sah Bi &amp; Peter One,NA,Dean Van Nguyen
"August 07, 2018",Catching a Body,Hprizm,Hip-Hop/Rap,Independent Artist,"New York, New York",Nate Patrin
"August 06, 2018",Maroon Cloud,Nicole Mitchell,Jazz,Nicole M Mitchell,North Carolina,Peter Margasak
"August 03, 2018",Bell House,Shy Boys,Alternative,Independent Artist,"Kansas City, Missouri",Annie Howard
"August 02, 2018",Dissolvi,Steve Hauschildt,Electronic,Independent Artist,"Tbilisi, Georgia",Andrew Parks
"August 01, 2018",Michael Nau & the Mighty Thread,Michael Nau & the Mighty Thread,Alternative,Michael Nau,Maryland,Will Schube
"July 31, 2018",Before the Day Has Gone,Bellini,Alternative,Independent Artist,"Sizilien, Italy",Brad Cohan
"July 30, 2018",Touch Dissolves,Aaron Martin,Jazz,IIKKI,"Brittany, France",Dave Sumner
"July 27, 2018",At Your Leisure,Clearance,Rock,Independent Artist,"Chicago, Illinois",Mariana Timony
"July 26, 2018",Little Ugly Girls,Little Ugly Girls,Alternative,Independent Artist,"Melbourne, Australia",Doug Wallen
"July 25, 2018",Sundays,Tanukichan,Alternative,Independent Artist,"Oakland, California",Max Mohenu
"July 24, 2018",Lithium Zion,Deaf Wish,Alternative,Independent Artist,"Melbourne, Australia",Joe Gross
"July 23, 2018",Ogre Heights,Mondo Lava,Electronic,Independent Artist,"Pamplona, Spain",Amaya Garcia
"July 19, 2018",Nose Picker,Negative Scanner,Alternative,Independent Artist,"Chicago, Illinois",Luke Ottenhof
"July 18, 2018",Ordinary Corrupt Human Love,Deafheaven,Metal,Independent Artist,San Francisco,Jon Wiederhorn
"July 17, 2018",Here From Where We Are,Pariah,Ambient,Independent Artist,UK,Joe Muggs
"July 16, 2018",The Switch,Body/Head,Alternative,Independent Artist,"Northampton, Massachusetts",Daniel Dylan Wray
"July 13, 2018",Endless Scroll,BODEGA,Alternative,Independent Artist,"New York, New York",Max Freedman
"July 12, 2018",Disambiguation,Cruel Diagonals,Ambient,Independent Artist,"Los Angeles, California",Raymond Cummings
"July 11, 2018",Capricho del Diablo,San Cha,Latin,Independent Artist,"Los Angeles, California",Catalina Maria Johnson
"July 10, 2018",1+1=X,Various Artists,Experimental,Erased Tapes,"London, UK",Erin Lyndal Martin
"July 09, 2018",Black Hole Party,Thousand Foot Whale Claw,Electronic,Independent Artist,"Austin, Texas",Andrew Parks
"July 06, 2018",No Trail and Other Unholy Paths,Jaye Jayle,Alternative,Independent Artist,"Louisville, Kentucky",Annie Zaleski
"July 05, 2018",How Many Times Have You Driven By,hana vu,Alternative,Independent Artist,"Los Angeles, California",Max Savage Levenson
"July 03, 2018",Byen,Bjørn Torske,Electronic,Independent Artist,Norway,David Garber
"June 29, 2018",Desolation,Khemmis,Metal,20 Buck Spin,"Pittsburgh, Pennsylvania",Sarah Kitteringham
"June 28, 2018",Ikhlas,FAUXE,Electronic,CHINABOT,"London, UK",Karen Gwee
"June 27, 2018",Divine Weight,Alex Zhang Hungtai,Ambient,Independent Artist,"New York, New York",Tristan Bath
"June 26, 2018",Voids,Martyn,Electronic,Independent Artist,"Washington, D.C.",Marcus J. Moore
"June 25, 2018",Roach Goin’ Down,Palberta,Alternative,Independent Artist,"New York, New York",Sasha Geffen
"June 22, 2018",Alive In the East?,Binker & Moses,Jazz,Binker and Moses,"London, UK",Andy Thomas
"June 21, 2018",Cloud Corner,Marisa Anderson,Folk,Independent Artist,"Portland, Oregon",Robert Ham
"June 20, 2018",Maghreb United,AMMAR 808,Electronic,Independent Artist,NA,Amaya Garcia
"June 19, 2018","¡Súbelo, Cuba!",Havana Cultura,Electronic,Independent Artist,"London, UK",David Garber
"June 18, 2018",Listen All Around: The Golden Age of Central and East African Music,Dust-to-Digital,,Independent Artist,"Atlanta, Georgia",Peter Holslin
"June 15, 2018",Bon Voyage,Melody’s Echo Chamber,Experimental,Melody&#39;s Echo Chamber,"Paris, France",Amaya Garcia
"June 14, 2018",Cinereous Incarnate,Abstracter,Metal,Independent Artist,"Oakland, California",Jordan Reyes
"June 13, 2018",Happysad,Kiefer,Hip-Hop/Rap,Independent Artist,"Los Angeles, California",Will Schube
"June 12, 2018",Colt,Hilary Woods,Ambient,Independent Artist,NA,Amaya Garcia
"June 11, 2018",Fades,Cheer-Accident,Experimental,Independent Artist,"Chicago, Illinois",Brad Cohan
"June 08, 2018",Childqueen,Kadhja Bonet,R&amp;B/Soul,Independent Artist,"Toronto, Ontario",Briana Younger
"June 07, 2018",Free For All,Sami Baha,Electronic,Independent Artist,"Istanbul, Turkey",Sam Goldner
"June 06, 2018",Black Soap,MIKE,Hip-Hop/Rap,Independent Artist,"New York, New York",Christina Lee
"June 05, 2018",Pink Noise,Echo Ladies,Pop,Independent Artist,"Malmö, Sweden",Amaya Garcia
"June 04, 2018",Hell-On,Neko Case,Alternative,Independent Artist,"Seattle, Washington",Max Savage Levenson
"June 01, 2018",Gentle Leader,Peach Kelli Pop,,Independent Artist,"Long Beach, California",Mariana Timony
"May 31, 2018",Astral Projection,ASC,Electronic,Independent Artist,"Del Mar, California",Joe Muggs
"May 30, 2018",Fear of a Brown Planet,Brownout,Funk,Fat Beats Records,"Los Angeles, California",Nate Patrin
"May 29, 2018",The Long Sleep,Jenny Hval,Experimental,Independent Artist,"Oslo, Norway",Joe Bucciero
"May 25, 2018",Sink,Sudan Archives,Experimental,Independent Artist,"Los Angeles, California",Jay Balfour
"May 24, 2018",Argonauta,Aisha Burns,Folk,Independent Artist,Massachusetts,Max Savage Levenson
"May 23, 2018",Tell Me How You Really Feel,Courtney Barnett,Alternative,courtney barnett,"Melbourne, Australia",Aly Comingore
"May 22, 2018",Mating Surfaces,Lithics,Punk,L I T H I C S,"Portland, Oregon",Kerry Cardoza
"May 21, 2018",Sacrifices,Prefuse 73,Electronic,Independent Artist,"New York, New York",Will Schube
"May 18, 2018",Happy Ending,Wax Idols,Alternative,Independent Artist,California,Ned Raggett
"May 17, 2018",Savagery,Skinless,Metal,Independent Artist,"Moreau, New York",Zoe Camp
"May 16, 2018",Location,The Contemporary Jazz Quintet,Jazz,Independent Artist,NA,Michael J. West
"May 15, 2018","I Have Fought Against It, But I Can’t Any Longer",The Body,Metal,the body,"Portland, Oregon",Joe Bucciero
"May 14, 2018",7,Beach House,Alternative,Independent Artist,"Baltimore, Maryland",Max Freedman
"May 11, 2018",DNA Feelings,Aïsha Devi,Electronic,Aisha Devi,Switzerland,Philip Sherburne
"May 10, 2018",Quieter,Carla Bozulich,Experimental,Carla Bozulich / Evangelista,"Los Angeles, California",JJ Skolnik
"May 09, 2018",Singularity,Jon Hopkins,Electronic,Independent Artist,"London, UK",Amaya Garcia
"May 08, 2018",Exit Future Heart,Dustin Wong + Takako Minekawa + Good Willsmith,Electronic,Umor Rex,"Mexico City, Mexico",Joe Muggs
"May 07, 2018",Blue Poles,Jack Ladder & the Dreamlanders,Alternative,Jack Ladder &amp; The Dreamlanders,"Sydney, Australia",Ned Raggett
"May 03, 2018",Sekyra prohnaná kolenem,Nikander,Metal,Independent Artist,"Brno, Czech Republic",Jacopo Sanna
"May 02, 2018",Miro Tape,Duppy Gun Productions,Reggae,DUPPY GUN,"Los Angeles, California",Joe Muggs
"May 01, 2018",Rejuvenate,Paul White,Experimental,Independent Artist,"London, UK",Marcus J. Moore
"April 30, 2018",Vive la Void,Vive la Void,Electronic,Independent Artist,"Portland, Oregon",Sasha Geffen
"April 27, 2018",Grid of Points,Grouper,Ambient,Independent Artist,NA,Brian Coney
"April 26, 2018",self-titled (aka Spray Bottle),Ruby Karinto,Punk,Independent Artist,"Victoria, British Columbia",Jordan Reyes
"April 25, 2018",Endless Light,Space Ghost,Hip-Hop/Rap,Independent Artist,"Oakland, California",Max Bell
"April 23, 2018",Hollow of the Void,Petrification,Metal,Sentient Ruin Laboratories,"Oakland, California",Ed Blair
"April 20, 2018",Direct Memory Access,MASTER BOOT RECORD,Metal,Independent Artist,"Rome, Italy",Casey Jarman
"April 19, 2018",Stars Wept To the Sea,Unreqvited,Metal,Avantgarde Music,Italy,Sarah Kitteringham
"April 18, 2018",Kudu,Anteloper,Jazz,International Anthem,"Chicago, Illinois",Joe Bucciero
"April 17, 2018",Now That’s What I Call Trax! Volume 1,Various Artists,Electronic,TRAX Records,"Chicago, Illinois",Amaya Garcia
"April 16, 2018",Odd Talk,Ganser,Alternative,Independent Artist,"Chicago, Illinois",Will Schube
"April 13, 2018",Feel Great,WRONG,Metal,Wrong,"Miami, Florida",Sarah Kitteringham
"April 12, 2018",The Recognitions,Exitmusic,Electronic,Independent Artist,New York,Laura Studarus
"April 11, 2018",Grum Vol. 1,Rawkid,Hip-Hop/Rap,Independent Artist,"Sheffield, UK",Will Schube
"April 10, 2018",Sun Go Nova,Denmark Vessey,Hip-Hop/Rap,Independent Artist,"Detroit, Michigan",Max Savage Levenson
"April 09, 2018","The Louder I Call, The Faster It Runs",Wye Oak,Alternative,Independent Artist,"Baltimore, Maryland",Max Savage Levenson
"April 06, 2018",Sex & Food,Unknown Mortal Orchestra,Rock,Independent Artist,"Portland, Oregon",Eric R. Danton
"April 05, 2018",Rafiq Bhatia Breaking English,Rafiq Bhatia,Electronic,Independent Artist,New York,Laura Studarus
"April 04, 2018",You Fucken Sucker,Paul de Jong,Experimental,Independent Artist,"North Adams, Massachusetts",Amaya Garcia
"April 03, 2018",Ill Considered 3,Ill Considered,Jazz,Independent Artist,"London, UK",Andy Thomas
"April 02, 2018",Adrian Younge Presents: Voices of Gemma,Adrian Younge,R&amp;B/Soul,Independent Artist,"Los Angeles, California",Will Schube
"March 30, 2018",Dirt,Yamantaka//Sonic Titan,Experimental,Independent Artist,"Toronto, Ontario",Max Mertens
"March 29, 2018",Jean Grae and Quelle Chris Take Society to Task,On “Everything’s Fine,Hip-Hop/Rap,Quelle Chris,"Detroit, Michigan",Marcus J. Moore
"March 28, 2018",Run Deep,Deva Mahal,Pop,Independent Artist,"Wellington, New Zealand",Will Schube
"March 27, 2018",Net,Sandra Bell,Alternative,Drawing Room Records,"New York, New York",Robert Ham
"March 26, 2018",Code Girl,Mary Halvorson,Jazz,Independent Artist,"New York, New York",Peter Margasak
"March 23, 2018",Possessor,GosT,Electronic,Gost,"hell, Michigan",Andrew Parks
"March 22, 2018",Synthetic Core 88,Equip,Electronic,Independent Artist,"Chicago, Illinois",Simon Chandler
"March 21, 2018",Polygondwanaland,King Gizzard & The Lizard Wizard,Rock,Only Lovers Records,France,John Morrison
"March 20, 2018",Now Only,Album of  the Day: Mount Eerie,Alternative,Mount Eerie,"Anacortes, Washington",Jordan Reyes
"March 19, 2018",The Incubus of Karma,Mournful Congregation,Metal,20 Buck Spin,"Pittsburgh, Pennsylvania",J. Bennett
"March 16, 2018",Blueprint,Alice Bag,Alternative,Independent Artist,"Mexico City, Mexico",Annie Zaleski
"March 15, 2018",New Path,Essaie Pas,Electronic,Independent Artist,"Montréal, Québec",Amaya Garcia
"March 14, 2018",129 Dreamless GMG,Erica Eso,Alternative,Independent Artist,"Kingston, New York",Will Schube
"March 13, 2018",Of Abstract Dreams,Sun Ra,Jazz,Sun Ra Arkestra,Alabama,Marcus J. Moore
"March 12, 2018",Jericho Sirens,Hot Snakes,,Independent Artist,"San Diego, California",Jeff Terich
"March 09, 2018",Hunchin’ All Night,Hunee,Electronic,Rush Hour Music,"Amsterdam, Netherlands",David Garber
"March 08, 2018",Spiritual Jazz 8: Japan Pt. 1,Various Artists,Jazz,Spiritual Jazz,"London, UK",Ben Grenrock
"March 07, 2018",Verdancy,David Garland,Experimental,Independent Artist,"New York, New York",Jim Allen
"March 05, 2018",Who Are You,E Ruscha V,Electronic,Secret Circuit,"Los Angeles, California",Joe Darling
"March 02, 2018",How to Socialise & Make Friends,Camp Cope,Rock,CAMP COPE,"Melbourne, Australia",Ally-Jane Grossan
"March 01, 2018",The Hill Temple,Hex,Alternative,HEX,"Wellington, New Zealand",Isabelle Tolhurst
"February 27, 2018",Temet,Imarhan,World,Independent Artist,"Tamanrasset, Algeria",Noah Berlatsky
"February 26, 2018",The Biophonic Boombox Recordings,Nightcrawlers,Electronic,The Nightcrawlers,"Philadelphia, Pennsylvania",Simon Chandler
"February 23, 2018",J​-​Jazz: Deep Modern Jazz from Japan 1969​-​1984,Various Artists,Jazz,BBE,"London, UK",Patrick Jarenwattananon
"February 22, 2018",Pasar De Las Luces,Album of the day: Mint Field,Alternative,Mint Field,"Mexico City, Mexico",Daniel Dylan Wray
"February 21, 2018",Sunder,Nathan Fake,Electronic,Independent Artist,"England, UK",Amaya Garcia
"February 20, 2018",The Strife of Love in A Dream,Miracle,Electronic,Independent Artist,UK,Andrew Parks
"February 16, 2018",Twin Fantasy,Car Seat Headrest,Alternative,Independent Artist,NA,J. Edward Keyes
"February 15, 2018","Quare Groove, Vol. 1",Various Artists,Electronic,Allchival,"Dublin, Ireland",Philip Sherburne
"February 14, 2018",The Optimist,Ryan Porter,Jazz,World Galaxy Records,"Los Angeles, California",Marcus J. Moore
"February 13, 2018",Homowo,Basa Basa,,Independent Artist,"Accra, Ghana",Jonathan Bernstein
"February 12, 2018",Candy Valley,Bigott,,Independent Artist,Spain,Casey Jarman
"February 09, 2018",Slow Sundown,Holy Motors,Alternative,Independent Artist,"Tallinn, Estonia",Annie Zaleski
"February 08, 2018",Esperanto,Victor Assis Brasil,Jazz,Independent Artist,Brazil,Casey Jarman
"February 07, 2018",We Out Here,Various Artists,Jazz,We Out Here,"London, UK",Phillip Mlynar
"February 06, 2018",Ere,Storm{O},Punk,STORMO,Italy,Jacopo Sanna
"February 05, 2018",La Contra Ola,Various Artists,Electronic,Les Disques Bongo Joe,"Geneva, Switzerland",Casey Jarman
"February 02, 2018",Whatever It Takes,James Hunter,R&amp;B/Soul,James Hunter Six,"England, UK",Jim Allen
"February 01, 2018",Hilja,Cucina Povera,Electronic,Independent Artist,"Helsinki, Finland",Amaya Garcia
"January 31, 2018",ION,Portal,Metal,Profound Lore Records,"Kitchener, Ontario",Joe Bucciero
"January 30, 2018",Freedom’s Goblin,Ty Segall,Alternative,Independent Artist,"Los Angeles, California",Jonathan Bernstein
"January 29, 2018",All These Worlds Are Yours,HOLY,Alternative,Independent Artist,"Stockholm, Sweden",Ned Raggett
"January 26, 2018",This is Glue,Salad Boys,Alternative,Independent Artist,"Christchurch, New Zealand",J. Edward Keyes
"January 25, 2018",Snares Like A Haircut,No Age,Alternative,Independent Artist,"Los Angeles, California",Jordan Reyes
"January 24, 2018",Sunspots,Jeff Snyder,Experimental,Independent Artist,"Princeton, New Jersey",Raymond Cummings
"January 23, 2018",Voice Hardcore,Phew,Electronic,Independent Artist,"Tokyo, Japan",Patrick St. Michel
"January 19, 2018",The House,Porches,Pop,Independent Artist,"New York, New York",Joe Darling
"January 18, 2018",Támsins Likam,Hamferð,Metal,Independent Artist,Faroe Islands,Saby Reyes-Kulkarni
"January 17, 2018",The Miracles of the Seven Dances,Hany Mehanna,Experimental,Hany Mehanna - هاني مهنى,"Cairo, Egypt",Casey Jarman
"January 16, 2018",Spencer for Hire,Vic Spencer & Sonny Jim,Hip-Hop/Rap,Daupe,"London, UK",Will Schube
"January 12, 2018",Songs of Praise,Shame,Alternative,shame,"England, UK",Will Schube
"January 11, 2018",Unearth,Album of  the Day: Crater,Alternative,Crater,"Seattle, Washington",J. Edward Keyes
"January 10, 2018",33 33,NPVR,Experimental,Independent Artist,"London, UK",Joe Darling
"January 09, 2018",Offerings,Typhoon,Rock,TYPHOON,"Portland, Oregon",Katrina Nattress
"January 08, 2018",Savage Exile,Azar Swan,Electronic,aufnahme + wiedergabe,"Berlin, Germany",Ned Raggett
"January 05, 2018",Somewhere Else,Profligate,Electronic,Independent Artist,"Cleveland, Ohio",Jordan Reyes
"January 04, 2018","Detroit, MI 1997 – 2001",Heathered Pearls,Electronic,Independent Artist,"Brooklyn, New York",Andrew Parks
"January 03, 2018",Habibi Funk 007: An eclectic selection of music from the Arab world,Various Artists,Funk,Habibi Funk Records,"Berlin, Germany",Andy Thomas
"December 22, 2017",Laughing at the System,Total Control,Alternative,A  L  T  E  R,"London, UK",J. Edward Keyes
"December 21, 2017",Weighing of the Heart,Nabihah Iqbal,Alternative,Independent Artist,"London, UK",J. Edward Keyes
"December 20, 2017",Blush,Blush,Rock,Independent Artist,"Brooklyn, New York",Mariana Timony
"December 19, 2017",When Daffi Attacks,Jeremiah Jae,Hip-Hop/Rap,Black Jungle Squad,"Chicago, Illinois",Marcus J. Moore
"December 18, 2017",Forever Beast,Filthy Huns,Electronic,Independent Artist,"Los Angeles, California",J. Edward Keyes
"December 15, 2017",Loss Memory,Coma Cinema,Alternative,Independent Artist,South Carolina,Eli Enis
"December 14, 2017",The Crowning Quietus,Inconcessus Lux Lucis,Metal,Independent Artist,"Manchester, UK",Brad Sanders
"December 13, 2017",Amp Dog Knights,Amp Fiddler,Electronic,Independent Artist,"Detroit, Michigan",Andrew Parks
"December 12, 2017",Hesaitix,M.E.S.H.,Electronic,Hesaitix / M.E.S.H.,NA,Chris Kelly
"December 11, 2017",Mental Hoop,His Electro Blue Voice,,IRON LUNG Records,"Seattle, Washington",JJ Skolnik
"December 08, 2017",Eghass Malan,Les Filles de Illighadad,World,Independent Artist,"Abalak, Niger",Ana Gavrilovska
"December 07, 2017",Mechanics Of Dominion,Esmerine,Experimental,Independent Artist,"Montreal, Québec",JR Moores
"December 06, 2017",All Belief is Paradise,Fits,Pop,Independent Artist,"Brooklyn, New York",Eli Enis
"December 05, 2017",Exposure & Response,Mo Troper,Alternative,Independent Artist,"Portland, Oregon",Eli Enis
"December 04, 2017",In Case You Don’t Know What To Play,Damiano von Erckert,Electronic,AVA. RECORDS,"Berlin, Germany",David Garber
"December 01, 2017",Every Eye,Ivan Ave,Hip-Hop/Rap,Jakarta Records,"Berlin, Germany",Jesse Fairfax
"November 30, 2017",Wild Pitch: The Story,DJ Pierre,Electronic,Get Physical Music,"Berlin, Germany",Joe Darling
"November 29, 2017",FILM,Qasim Naqvi,Ambient,Independent Artist,New York,Katy Henriksen
"November 28, 2017",Arpo,Call Super,Ambient,Independent Artist,"London, UK",Ammar Kalia
"November 27, 2017",El Pulpo,John Davis & the Cicadas,Alternative,John Davis &amp; The Cicadas,"Durham, North Carolina",Corbie Hill
"November 22, 2017","First Show, Acoustic at The Pacer House, Bellingham WA 11/22/97",Death Cab for Cutie,Alternative,Independent Artist,"Seattle, Washington",J. Edward Keyes
"November 21, 2017",Permo,Spinning Coin,Pop,Independent Artist,"Glasgow, UK",Maria Sherman
"November 20, 2017",Nordkarpatenland,Malokarpatan,Metal,Invictus Productions,"Dublin, Ireland",Zachary Goldsmith
"November 17, 2017",Musik,William Eggleston,Experimental,Independent Artist,"Memphis, Tennessee",Raymond Cummings
"November 16, 2017",Free of Form,Sarah Elizabeth Charles,Jazz,Independent Artist,"New York, New York",Noah Berlatsky
"November 15, 2017",Ascending A Mountain Of Heavy Light,The Body & Full Of Hell,Metal,Full of Hell,"Ocean City, Maryland",JR Moores
"November 14, 2017",Soul of a Woman,Sharon Jones & the Dap-Kings,R&amp;B/Soul,Sharon Jones &amp; The Dap-Kings,"Brooklyn, New York",Max Savage Levenson
"November 13, 2017",Dissolve,Tusks,Pop,Independent Artist,"London, UK",Katrina Nattress
"November 10, 2017",Immersion Trench Reverie,Yellow Eyes,Metal,Independent Artist,"New York, New York",Brad Sanders
"November 09, 2017",Noir et Blanc,Zazou Bikaye CY1,Electronic,Zazou Bikaye,"Paris, France",Noah Berlatsky
"November 08, 2017",Trans-Millenia Music,Pauline Anna Strom,Ambient,Independent Artist,"San Francisco, California",Andy Beta
"November 07, 2017",Won,Lina Tullgren,Alternative,Independent Artist,"Los Angeles, California",Andrew Parks
"November 06, 2017",The Centre Cannot Hold,Ben Frost,Experimental,Independent Artist,NA,Andrew Parks
"November 03, 2017",Sterilize,Unsane,Metal,Independent Artist,"New York, New York",JR Moores
"November 02, 2017",Letters Never Read,Dori Freeman,Country,Independent Artist,"Galax, Virginia",Jonathan Bernstein
"November 01, 2017",Highly Rare,Makaya McCraven,Jazz,International Anthem,"Chicago, Illinois",Tina Edwards
"October 31, 2017","A flame my love, a frequency",Colleen,Experimental,Independent Artist,"Barcelona, Spain",Liz Pelly
"October 27, 2017",Offering,Cults,Alternative,Independent Artist,New York,Max Savage Levenson
"October 25, 2017",Losing,Bully,Alternative,Independent Artist,"Nashville, Tennessee",Aly Comingore
"October 24, 2017",dd elle,dd elle,Electronic,Independent Artist,New Jersey,Jake Hulyer
"October 23, 2017",Luciferian Towers,Godspeed You! Black Emperor,Rock,Independent Artist,"Montreal, Québec",Will Schube
"October 20, 2017",L.A. Witch,L.A. Witch,Punk,L.A. WITCH,"Los Angeles, California",Jonathan Bernstein
"October 19, 2017",Eyes to the Light,The Effects,Alternative,the EFFECTS,"Washington, D.C.",Joe Gross
"October 18, 2017",Thirty Days of Yes,Various Artists,Alternative,Thirty Days of Yes,Australia,J. Edward Keyes
"October 17, 2017",Lune Rouge,TOKiMONSTA,Electronic,Independent Artist,"Los Angeles, California",Ian Hsieh
"October 16, 2017",Nothing Valley,Melkbelly,Alternative,Independent Artist,"Chicago, Illinois",Aly Comingore
"October 13, 2017",Alone,Diron Animal,Electronic,Independent Artist,Portugal,Noah Berlatsky
"October 12, 2017",Survival Pop,Worriers,Punk,Independent Artist,"Brooklyn, New York",Luke Ottenhof
"October 11, 2017",Wide Open,Weaves,Rock,Independent Artist,"Toronto, Ontario",Jonathan Bernstein
"October 09, 2017",Playing House,Common Holly,Alternative,Independent Artist,"Montreal, Québec",Amaya Garcia
"October 06, 2017",Joli Mai,Daphni,Electronic,Caribou,"London, UK",Andy Battaglia
"October 05, 2017",Contravveleno,Havah,Punk,Maple Death Records,"Bologna, Italy",JJ Skolnik
"October 04, 2017",Endgame of the Anthropocene,Talibam!,,Independent Artist,"New York, New York",Raymond Cummings
"October 02, 2017",Plum,Wand,Alternative,Independent Artist,"Los Angeles, California",J. Edward Keyes
"September 29, 2017",Relatives in Descent,Protomartyr,Punk,Independent Artist,"Detroit, Michigan",J. Edward Keyes
"September 28, 2017",Guitar Module 2017,Upper Wilds,Experimental,Independent Artist,"Brooklyn, New York",Raymond Cummings
"September 27, 2017",Goofballs,Eric Copeland,Electronic,Independent Artist,"Brooklyn, New York",Andrew Parks
"September 26, 2017",Colours of the Night,Maalem Mahmoud Gania,World,Independent Artist,"Essaouira, Morocco",Noah Berlatsky
"September 25, 2017",Fabric,The Black Seeds,Reggae,Independent Artist,"Wellington, New Zealand",Richard Gehr
"September 22, 2017",Wallflower,Jordan Rakei,Electronic,Independent Artist,"Brisbane, Australia",Ian Hsieh
"September 21, 2017",Heron,Nassau,Acoustic,Independent Artist,"Brooklyn, New York",Peter Lillis
"September 20, 2017",Propagation of the Foul,Fatuous Rump,Metal,Amputated Vein Records,Japan,Noah Berlatsky
"September 19, 2017",Before the Applause,Re-TROS,Alternative,Rebuilding the Rights of Statues,"Beijing, China",Ned Raggett
"September 18, 2017",Where the Gods Are At Peace,Antibalas,World,Independent Artist,"Brooklyn, New York",Max Savage Levenson
"September 14, 2017",Music for Commercials,Yasuaki Shimizu,Soundtrack,Independent Artist,Japan,Noah Berlatsky
"September 13, 2017",All Good Things,ELWD,Hip-Hop/Rap,Independent Artist,UK,Nate Patrin
"September 12, 2017",In Search of Lost Time,Partner,Alternative,Independent Artist,NA,Luke Ottenhof
"September 11, 2017",Utopioid,Rosetta,Metal,Independent Artist,"Philadelphia, Pennsylvania",JR Moores
"September 08, 2017",Antisocialites,Alvvays,Alternative,Independent Artist,"Toronto, Ontario",Luke Ottenhof
"September 07, 2017",Into the Shroud,Flesh World,Punk,Independent Artist,"San Francisco, California",Joe Gross
"September 05, 2017",Ariadna (ариадна),Kedr Livanskiy,Electronic,Independent Artist,"Moscow, Russia",Robert Ham
"September 01, 2017",Aytche,Joseph Shabason,Jazz,Independent Artist,"Toronto, Ontario",Joe Darling
"August 31, 2017",Rainbow Edition,Hype Williams,Experimental,Independent Artist,"London, UK",Claire Lobenfeld
"August 30, 2017",Every Country’s Sun,Mogwai,Alternative,Independent Artist,"Scotland, UK",Ron Hart
"August 29, 2017",S/T,Rainer Maria,Alternative,Independent Artist,"Brooklyn, New York",Patrick Rapa
"August 28, 2017",Safely Nobody’s,Tall Friend,Alternative,tall friend,"Boston, Massachusetts",Patrick Rapa
"August 25, 2017",Exile in the Outer Ring,EMA,Experimental,Independent Artist,"Portland, Oregon",Zoë Beery
"August 24, 2017",Beast Epic,Iron & Wine,Alternative,Iron &amp; Wine,North Carolina,Joe Gross
"August 23, 2017",Yellow,Naomi Punk,Experimental,Naomi Punk (Captured Tracks),"Seattle, Washington",Sam Lefebvre
"August 22, 2017",Sweet as Broken Dates,Various Artists,World,Ostinato Records,"New York, New York",John Morrison
"August 21, 2017",Bop,Swarvy,Hip-Hop/Rap,Paxico Records,"Paxico, Kansas",Andrew Martin
"August 18, 2017",Eyeball Under,Weeping Icon,Alternative,Independent Artist,New York,J. Edward Keyes
"August 17, 2017",Pumpkin EP,Nemui PJ,Ambient,FLAU,"東京都, Japan",Andrew Martin
"August 16, 2017",Devil Electric,Devil Electric,Metal,Independent Artist,"Melbourne, Australia",Jeff Treppel
"August 15, 2017",Jen Cloher,Jen Cloher,Alternative,Independent Artist,"Melbourne, Australia",Doug Wallen
"August 14, 2017",How We Lived,Heinali and Matt Finney,Ambient,Independent Artist,NA,Noah Berlatsky
"August 11, 2017",A Piece of the Geto,ZGTO,Hip-Hop/Rap,Independent Artist,"Detroit, Michigan",Will Schube
"August 10, 2017",Jean​-​Jacques Perrey et son Ondioline,Jean-Jacques Perrey,Electronic,Independent Artist,Switzerland,Allison Hussey
"August 09, 2017",Perfect Body,Mermaidens,Alternative,Independent Artist,"Wellington, New Zealand",Nick Fulton
"August 08, 2017",Kawaida,Mim Suleiman,Electronic,Independent Artist,"Sheffield, UK",Andy Beta
"August 07, 2017",Girl Minority,Grim Streaker,Alternative,grim streaker,"Brooklyn, New York",Scott Murry
"August 04, 2017",Earl Grey,Girl Ray,Pop,Independent Artist,"London, UK",Matt Voracek
"August 03, 2017",Inside a Quiet Mind,Micronism,Electronic,micronism,"Ipswich, Australia",Su Baykal
"August 02, 2017",Sounds of Crenshaw Vol. 1,Terrace Martin Presents The Pollyseeds,Experimental,Ropeadope Select,"Philadelphia, Pennsylvania",Jesse Fairfax
"August 01, 2017",National Debt,TRPL BLK & DJ Prince,Hip-Hop/Rap,Mobile Kitchen Sound,"New York, New York",Richardine Bartee
"July 31, 2017",Square One,Bjørn Torske & Prins Thomas,Electronic,Bjørn Torske &amp; Prins Thomas,Norway,Andy Battaglia
"July 28, 2017",Across the Multiverse,Dent May,Pop,Independent Artist,"Los Angeles, California",Luke Ottenhof
"July 27, 2017",Inspirations,Dwight Trible,Jazz,Independent Artist,"Los Angeles, California",Patrick Jarenwattananon
"July 26, 2017",Dopp Hopp,The Doppelgangaz,Hip-Hop/Rap,Independent Artist,"New York, New York",Jay Balfour
"July 25, 2017",3G,Dzang,Electronic,Independent Artist,"Los Angeles, California",Will Schube
"July 21, 2017",Sh*tty Hits,Katie Von Schleicher,Alternative,Ba Da Bing Records,"Providence, Rhode Island",Ned Raggett
"July 20, 2017",After…,Fhloston Paradigm,Electronic,Independent Artist,"Philadelphia, Pennsylvania",Michaelangelo Matos
"July 19, 2017",Year of the Funky,Bei Bei & Shawn Lee,Electronic,Bei Bei &amp; Shawn Lee,"London, UK",Richard Gehr
"July 18, 2017",Les Sourdes Oreilles,Cosmic Analog Ensemble,Funk,My Bags,"Messac, France",Marcus J. Moore
"July 17, 2017",Locket,Crumb,Rock,Independent Artist,New York,Jonah Bromwich
"July 14, 2017",Mister Mellow,Washed Out,Pop,Independent Artist,"Perry, Georgia",Andrew Martin
"July 13, 2017",A Walk With Love & Death,Melvins,Rock,Independent Artist,NA,JR Moores
"July 12, 2017",Youth Detention​ ​(​Nail My Feet Down To The Southside Of Town),Lee Bains III & The Glory Fires,Rock,Lee Bains + The Glory Fires,"Birmingham, Alabama",Jonathan Bernstein
"July 11, 2017",Glitter & Blood,Sweeping Exits,Rock,Independent Artist,"Portland, Oregon",Luke Ottenhof
"July 10, 2017",Boo Boo,Toro y Moi,Pop,Independent Artist,"Oakland, California",Max Savage Levenson
"July 07, 2017",GT ULTRA,Guerilla Toss,Punk,Independent Artist,"New York, New York",Mo Wilson
"July 06, 2017",The Boy Who Spoke to the Wind,Lando Chill,Hip-Hop/Rap,Independent Artist,"Los Angeles, California",Saby Reyes-Kulkarni
"July 05, 2017",Known Unknowns,billy woods,Hip-Hop/Rap,Independent Artist,"New York, New York",Blake Gillespie
"July 03, 2017",Chasing an Illusion,Larkin Grimm,Folk,Independent Artist,"New York, New York",Noah Berlatsky
"June 30, 2017",Big Skies,Mere Women,Alternative,Independent Artist,"Sydney, Australia",Doug Wallen
"June 29, 2017",Wintres Woma,James Elkington,Folk,Independent Artist,"Chicago, Illinois",Joe Darling
"June 28, 2017",Puff,Bernice,Pop,bernice,"Toronto, Ontario",Erin Williams
"June 27, 2017",Introducing the Crimsmen,The Peacers,Rock,Independent Artist,"San Francisco, California",Marc Masters
"June 26, 2017",Some Twist,Michael Nau,Alternative,Independent Artist,Maryland,Casey Jarman
"June 23, 2017",Dust,Laurel Halo,Electronic,Independent Artist,"Los Angeles, California",Joe Darling
"June 22, 2017","Larry Grenadier, John Medeski & John Scofield, Hudson",Jack DeJohnette,Jazz,"Hudson (DeJohnette, Grenadier, Medeski &amp; Scofield)","New York, New York",Patrick Jarenwattananon
"June 21, 2017",In Death,Svartsyn,Metal,Agonia Records,Poland,Noah Berlatsky
"June 20, 2017",House and Land,House and Land,Folk,Independent Artist,"Asheville, North Carolina",Allison Hussey
"June 19, 2017",Die Trommel Fatale,Brandon Seabrook,Experimental,Independent Artist,"Brooklyn, New York",Raymond Cummings
"June 15, 2017",Soaked,Hot Flash Heat Wave,Alternative,Independent Artist,"Los Angeles, California",Steven Edelstone
"June 14, 2017",The Fifth State of Consciousness,Peaking Lights,Ambient,Independent Artist,"Baywood Los Osos, California",Katy Henriksen
"June 12, 2017",Attention Kmart Choppers,Juicy the Emissary,Hip-Hop/Rap,Independent Artist,Denton,Max Bell
"June 09, 2017",Agent blå,Agent blå,Alternative,Agent Blå,"Gothenburg, Sweden",J. Edward Keyes
"June 06, 2017",Freedom of Movement,Nina Miranda,World,Independent Artist,"London, UK",Amaya Garcia
"June 05, 2017",A World of Masks,The Heliocentrics,,Independent Artist,"London, UK",Max Savage Levenson
"June 02, 2017",Somersault,Beach Fossils,Alternative,Independent Artist,"Brooklyn, New York",John Morrison
"June 01, 2017",Subordination,Institute,Punk,Independent Artist,"Austin, Texas",Sam Lefebvre
"May 31, 2017",Modern Kosmology,Jane Weaver,Experimental,Independent Artist,"Liverpool, UK",Joe Darling
"May 30, 2017",Fly or Die,Jaimie Branch,Jazz,International Anthem,"Chicago, Illinois",Marcus J. Moore
"May 29, 2017",Move Upstairs,Como Mamas,R&amp;B/Soul,The Como Mamas,"Como, Mississippi",Max Savage Levenson
"May 26, 2017",Best Woman,Vincent Ahehehinnou,World,Analog Africa,Germany,Dean Van Nguyen
"May 25, 2017",Channelview,Curved Light,Electronic,Independent Artist,"Austin, Texas",Andrew Parks
"May 24, 2017",Gently Among the Coals,Threefifty,Alternative,Independent Artist,"Brooklyn, New York",Stephen M. Deusner
"May 23, 2017",Still Hungry,DJ Format & Abdominal,Hip-Hop/Rap,Abdominal,"Toronto, Ontario",Nate Patrin
"May 22, 2017",Ultramega OK,Soundgarden,Alternative,Independent Artist,"Seattle, Washington",Brad Sanders
"May 19, 2017",Death To The Planet,The Comet is Coming,Jazz,The Comet Is Coming,"London, UK",Marcus J. Moore
"May 18, 2017","Saigon Supersound, Vol. 1",Various Artists,World,Saigon Supersound Compilations,"Frankfurt, Germany",Richard Gehr
"May 17, 2017",Black Mountain Songs,Brooklyn Youth Chorus,Classical,Independent Artist,New York,Katy Henriksen
"May 16, 2017",Best Troubador,Bonnie ‘Prince’ Billy,Country,Bonnie &quot;Prince&quot; Billy,"Louisville, Kentucky",Peter Margasak
"May 15, 2017",Powerplant,Girlpool,Alternative,Independent Artist,"Los Angeles, California",Tess Duncan
"May 12, 2017",Big Day,Loose Tooth,Alternative,Father/Daughter Records,"San Francisco, California",Casey Jarman
"May 11, 2017",Vocês Querem Mate?,Piri,World,Independent Artist,Brazil,Joe Gross
"May 10, 2017",II,Crooked Bangs,Punk,Nervous Intent Records,"Berkeley, California",Colin Atrophy Hagendorf
"May 09, 2017",Sidelong,Sarah Shook & the Disarmers,Country,Sarah Shook &amp; the Disarmers,"Chapel Hill, North Carolina",Lee Zimmerman
"May 08, 2017",This Old Dog,Mac DeMarco,Rock,Independent Artist,"Los Angeles, California",Eric R. Danton
"May 05, 2017",Horse Follows Darkness,Delia Gonzalez,Electronic,Independent Artist,"Athens, Greece",J. Edward Keyes
"May 04, 2017",Seen Comin’ From a Mighty Eye,Skyway Man,Rock,Independent Artist,"Oakland, California",Will Schube
"May 03, 2017",Snow,The New Year,Alternative,Independent Artist,Texas,Annie Zaleski
"May 02, 2017",Significant Weather,Real Life Buildings,Alternative,Independent Artist,"New York, New York",Cory Lomberg
"May 01, 2017",Ice Pix,FIN,Pop,Hausu Mountain Records,"Chicago, Illinois",Noah Berlatsky
"April 28, 2017",Silver Haze,Aye Nako,Alternative,Independent Artist,"New York, New York",J. Edward Keyes
"April 26, 2017",Perfect Lavender,Furniteur,Pop,Independent Artist,"Washington, D.C.",Peter Lillis
"April 25, 2017",Why El Paso Sky,VVV,Electronic,Holodeck Records,"Austin, Texas",Joe Darling
"April 24, 2017",WYW,Wear Your Wounds,Alternative,Independent Artist,"Essex, Massachusetts",Andrew Parks
"April 21, 2017",Oz Waves,Various Artists,Electronic,Efficient Space,"Melbourne, Australia",Doug Wallen
"April 20, 2017",Return To The 37th Chamber,El Michels Affair,R&amp;B/Soul,Independent Artist,New York,Nate Patrin
"April 18, 2017",A Hairshirt of Purpose,Pile,Rock,Independent Artist,NA,Matt Voracek
"April 17, 2017",Friends Live #1,Band Practice & Catherine Cohen,Comedy,JMC Aggregate,"Queens, New York",Patrick Rapa
"April 13, 2017",It’s a Myth,Sneaks,Punk,Independent Artist,"Washington, D.C.",JJ Skolnik
"April 12, 2017",What If,Hauschka,Ambient,Independent Artist,"Düsseldorf, Germany",Ron Hart
"April 11, 2017",Soul Run,Tanika Charles,R&amp;B/Soul,Independent Artist,Toronto,Max Savage Levenson
"April 10, 2017",Imaginary Enemies,Hiccup,Punk,Independent Artist,"New York, New York",Jonathan Bernstein
"April 07, 2017",Abysma,Geotic,Ambient,Independent Artist,"Los Angeles, California",Will Schube
"April 06, 2017",Sorcerer,Tonstartssbandht,Rock,Independent Artist,Florida,Casey Jarman
"April 04, 2017",Kelly Lee Owens,Kelly Lee Owens,,Independent Artist,"London, UK",Adam Badí Donoval
"April 03, 2017",Rays,Rays,,RAYS,"Oakland, California",JJ Skolnik
"March 31, 2017",Overseas V,Eivind Opsvik,,Independent Artist,New York,Peter Margasak
"March 30, 2017",Due Rent,lojii & Swarvy,,Fresh Selects,NA,Andrew Martin
"March 29, 2017",Meet You,Century Palm,,deranged records,British Columbia,Cameron Cook
"March 28, 2017",Heartless,Pallbearer,,Independent Artist,"Little Rock, Arkansas",Elisabeth Vincentelli
"March 27, 2017",Find Me Finding You,Laetitia Sadier Source Ensemble,,Laetitia Sadier,"London, UK",Marc Masters
"March 24, 2017",Please Let Me Know,So Stressed,,Independent Artist,"Sacramento, California",J. Edward Keyes
"March 23, 2017",Flashes of Quincy,Snowball ii,,Snowball II,"Los Angeles, California",J. Edward Keyes
"March 21, 2017",Drip Mental,Fire-Toolz,,Hausu Mountain Records,"Chicago, Illinois",Saby Reyes-Kulkarni
"March 20, 2017",Offers,NE-HI,,Independent Artist,"Chicago, Illinois",J. Edward Keyes
"March 17, 2017",Glass,UV-TV,,deranged records,British Columbia,Mariana Timony
"March 16, 2017",Uyai,Ibibio Sound Machine,,Independent Artist,UK,J. Edward Keyes
"March 15, 2017",World Eater,Blanck Mass,,Independent Artist,"Edinburgh, UK",Robert Whitfield
"March 14, 2017",Daily Affirmations,CohenBeats,,Independent Artist,Israel,Jesse Fairfax
"March 13, 2017",Thelma,Thelma,,Independent Artist,"Brooklyn, New York",Mariana Timony
"March 10, 2017",Last Nite in Paradise,Aquarian Blood,,Independent Artist,"Memphis, Tennessee",J. Edward Keyes
"March 09, 2017",Stalking The Ghost,Unearthly Trance,,Independent Artist,"New York, New York",JR Moores
"March 08, 2017",Digging a Tunnel,Sir Was,,sir Was,Sweden,Laura Studarus
"March 07, 2017","All Day, Every Day, All Night",Del Paxton,,Independent Artist,"Buffalo, New York",Jonathan Bernstein
"March 06, 2017",volume 1: flick your tongue against your teeth and describe the present.,bedwetter,,LIL UGLY MANE,"Richmond, Virginia",Ross Devlin
"March 03, 2017",The Electronic Tapes,Ahmed Malek & Flako,,Habibi Funk Records,"Berlin, Germany",Andy Beta
"March 02, 2017",Synthesize the Soul: Astro-Atlantic Hypnotica From the Cape Verde Islands 1973-1988,Various Artists,,Ostinato Records,"New York, New York",John Morrison
"March 01, 2017",Volume Uno,Stromboli,,Maple Death Records,"Bologna, Italy",Michael Berdan
"February 28, 2017",Day Fever,Dear Reader,,Independent Artist,"Berlin, Germany",Aaron Carnes
"February 27, 2017",The Hired Hands: A Tribute to Bruce Langhorne,Various Artists,,Scissor Tail Records,Oklahoma,Ned Raggett
"February 24, 2017",The Iceberg,Oddisee,,Independent Artist,"Brooklyn, New York",Jonah Bromwich
"February 23, 2017",A Night Walking Through Mirrors,Chicago/London Underground,,Cuneiform Records,"Washington, D.C.",Peter Margasak
"February 22, 2017",Undying Color,Mind Over Mirrors,,Independent Artist,NA,Joe Darling
"February 21, 2017",New Spirit,PVT,,Independent Artist,"Sydney, Australia",Adam Badí Donoval
"February 20, 2017",II,The Courtneys,,Independent Artist,"Vancouver, British Columbia",Lauren Rearick
"February 17, 2017",Cruel Optimism,Lawrence English,,Independent Artist,"Brisbane, Australia",Andrew Parks
"February 16, 2017",Headnod Suite,Karriem Riggins,,Independent Artist,"Los Angeles, California",Andrew Martin
"February 15, 2017",Hard Love,Strand of Oaks,,Independent Artist,"Austin, Texas",Jeffrey Silverstein
"February 14, 2017",Bye Bye Berta,Palberta,,Independent Artist,"New York, New York",Maria Sherman
"February 10, 2017",Shallow Drownings,Soggy Creep,,Independent Artist,"Olympia, Washington",JJ Skolnik
"February 09, 2017",Ripping Death b/w Riddle of Steel,Zig Zags,,FAMOUS CLASS RECORDS,"Brooklyn, New York",Jeff Terich
"February 08, 2017",missing home,Dream Wave,,Citrus City Records,"Richmond, Virginia",David Turner
"February 07, 2017",Messes,Stef Chura,,stef chura,"Detroit, Michigan",Maura Johnston
"February 06, 2017","Pure, Beyond Reproach",Egyptrixx,,EGYPTRIXX,"Toronto, Ontario",Joe Darling
"February 03, 2017",Desvio Onirico,Boogarins,,Independent Artist,"Goiânia, Brazil",J. Edward Keyes
"February 02, 2017",Occult Architecture Vol. 1,Moon Duo,,Independent Artist,"Portland, Oregon",Will Schube
"February 01, 2017",Fantasy,Fla.mingo,,business casual,NA,Simon Chandler
"January 31, 2017",DJ Kicks (Matthew Dear),Matthew Dear,,Independent Artist,"Ann Arbor, Michigan",Andrew Parks
"January 30, 2017",This is Steve,Delicate Steve,,Independent Artist,New Jersey,Max Savage Levenson
"January 27, 2017",Near to the Wild Heart of Life,Japandroids,,Independent Artist,"Vancouver, British Columbia",Jonathan Bernstein
"January 26, 2017",Live in Paris,Sleater-Kinney,,Independent Artist,"Portland, Oregon",JJ Skolnik
"January 25, 2017",Sunbelt Emptiness,Pollen RX,,Pollen Rx,"Austin, Texas",Mariana Timony
"January 24, 2017",Lives Through Magic,Various Artists,,Lives Through Magic,"New York, New York",Kristan J. Caryl
"January 23, 2017",Channels: Backpfeifengesicht/Airstrip One,Channels,,Independent Artist,"Washington, D.C.",JJ Skolnik
"January 20, 2017",On the Pedestrian Side,Angela Sawyer,,Weird Ear Records,"Oakland, California",Andrew Parks
"January 19, 2017",The World is a Loud Place,Landlady,,Independent Artist,New York,Allison Hussey
"January 18, 2017",Reflection,아버지,,Independent Artist,"Pittsburgh, Pennsylvania",Simon Chandler
"January 17, 2017",Life Without Sound,Cloud Nothings,,Independent Artist,"Cleveland, Ohio",Drew Fortune
"January 16, 2017",Cut to the Chafe,Thurst,,THURST,"Los Angeles, California",Mariana Timony
"January 13, 2017",As Was,Black Anvil,,Independent Artist,"New York, New York",Michael Hill
"January 12, 2017",Not Even Happiness,Julie Byrne,,Independent Artist,"New York, New York",Max Mohenu
"January 11, 2017",LNLNN,Gidge,,Independent Artist,Sweden,Louis Pattison
"January 10, 2017",Ceremonial,Anchorsong,,Independent Artist,"London, UK",Jonathan Bernstein
"January 09, 2017",Overnight,Heat,,Independent Artist,"Montréal, Québec",J. Edward Keyes
"January 06, 2017",Raw Movements | Rude Movements,SunPalace,,Independent Artist,"London, UK",Nate Patrin
"January 05, 2017",Kalahysteri,Kalahysteri,,Independent Artist,Italy,Casey Jarman
"January 04, 2017",Isle Enchanted,Wave Temples,,Independent Artist,Florida,J. Edward Keyes
"January 02, 2017",Mortal,Quicksails,,Independent Artist,"Chicago, Illinois",J. Edward Keyes
"January 02, 2017",Mary Bell,Mary Bell,,Independent Artist,"Paris, France",Sophie Kemp
"December 23, 2016",Love Songs: Part Two,Romare,,Independent Artist,"England, UK",Joe Darling
"December 22, 2016",Instant Evening,Zoos of Berlin,,Independent Artist,Detroit,Drew Fortune
"December 21, 2016",Jeremy Underground presents Beauty,Various,,Spacetalk,"London, UK",Amaya Garcia
"December 20, 2016",Shrines of Paralysis,Ulcerate,,Independent Artist,"Auckland, New Zealand",Nnamdi Bawsism
"December 19, 2016",Old Souls Carnival,Medline,,My Bags,"Messac, France",Aaron Carnes
"December 16, 2016",Worst Case Scenario,Elaquent,,Independent Artist,"Toronto, Ontario",Andrew Martin
"December 15, 2016",Confront the Truth,Tony Molina,,Independent Artist,"San Francisco, California",J. Edward Keyes
"December 14, 2016",Ohio,Earth Tongues,,Neither/Nor Records,"New York, New York",Peter Margasak
"December 13, 2016",The Source,Ted Hearne,,Independent Artist,"Los Angeles, California",Shawna Kenney
"December 12, 2016",The Eternalist,Agatus,,AGATUS,"Athens, Greece",Zachary Goldsmith
"December 08, 2016",Broken Knowz,Jay Daniel,,Independent Artist,"Detroit, Michigan",Joe Darling
"December 07, 2016",Rhombal,Stephan Crump,,Independent Artist,"Brooklyn, New York",Peter Margasak
"December 06, 2016",Vol. 1,Permit,,Independent Artist,"Bloomington, Indiana",J. Edward Keyes
"December 05, 2016",Early Volume,Slug,,Independent Artist,"Los Angeles, California",J. Edward Keyes
"December 02, 2016",Remain Calm,Mica Levi and Oliver Coates,,Oliver Coates,"Glasgow, UK",Adam Badí Donoval
"December 01, 2016",On Dark Silent Off,Radian,,Independent Artist,"Vienna, Austria",Nnamdi Bawsism
"November 30, 2016",What’s Your Sign?,Oneida & Rhys Chatham,,Oneida &amp; Rhys Chatham,"Brooklyn, New York",Andrew Parks
"November 28, 2016",Late Nights & Heartbreak,Hannah Williams,,Independent Artist,UK,Max Savage Levenson
"November 23, 2016",You Know What It’s Like,Carla dal Forno,,Independent Artist,"Castlemaine, Australia",Andrew Parks
"November 22, 2016",Reginald Omas Mamode IV,Reginald Omas Mamode IV,,Independent Artist,"London, UK",Andrew Martin
"November 21, 2016",Wingbeats,Hidden Orchestra,,Independent Artist,UK,Katy Henriksen
"November 18, 2016",Telling it Like it Is,Marching Church,,Independent Artist,"Copenhagen, Denmark",Sam Lefebvre
"November 17, 2016",s/t EP,Soaker,,Wharf Cat Records,New York,Nnamdi Bawsism
"November 16, 2016",Soft Hair,Soft Hair,,Independent Artist,NA,Erin Lyndal Martin
"November 15, 2016",Funny Papers,Mall Walk,,MALL WALK,"Oakland, California",Mariana Timony
"November 14, 2016",Black Focus,Yussef Kamaal,,Independent Artist,"London, UK",Dean Van Nguyen
"November 11, 2016",The Sorrow You’ve Been Toting Around,Scooterbabe,,scooterbabe,"Athens, Georgia",Annie Zaleski
"November 09, 2016",Tumblers From the Vault,Syrinx,,RVNG Intl.,"New York, New York",A. Evan Woodward
"November 08, 2016",Flea Waltz,Frederic Robinson,,Independent Artist,"Sydney, Australia",Andy Battaglia
"November 07, 2016",Cheetah in the City,Blu and Union Analogtronics,,Union,"Paris, France",Andrew Martin
"November 03, 2016",Eat or Die,Future Orients,,Maybe Mars,"Beijing, China",Maria Sherman
"November 02, 2016",The Olympians,The Olympians,,Independent Artist,"Brooklyn, New York",Max Savage Levenson
"November 01, 2016",Timber Remixed,Various Artists,,Michael Gordon,"New York, New York",Andy Battaglia
"October 31, 2016",Lost at the Party,Terry Malts,,terry malts,"Louisville, Kentucky",Mariana Timony
"October 28, 2016",Jealous Fires,The Gospel Truth,,Independent Artist,"Austin, Texas",Jennifer Kelly
"October 27, 2016",Lubbock (On Everything),Terry Allen,,Independent Artist,"Santa Fe, New Mexico",Andy Beta
"October 26, 2016",Soundscapes for the Emotional​-​Type Listener,Slow Attack Ensemble,,Independent Artist,NA,Philip Sherburne
"October 25, 2016",Mare,Christian Löffler,,Independent Artist,"Graal Müritz, Germany",Louis Pattison
"October 21, 2016",Let’s Take A Trip,Tall Black Guy,,Tall Black Guy Productions,"Detroit, Michigan",Jesse Fairfax
"October 20, 2016",Anderson .Paak and Knxwledge Are Co-MVPs on Yes Lawd!,NxWorries,Hip-Hop/Rap,Independent Artist,"Los Angeles, California",Marcus J. Moore
"October 19, 2016",Fragmenta,Rioux,,Independent Artist,"New York, New York",Winston Cook-Wilson
"October 18, 2016",COW / Chill Out World!,The Orb,,Independent Artist,"London, UK",Michaelangelo Matos
"October 17, 2016",Bhavachakra,Bhavachakra,,Independent Artist,"Orlando, Florida",Zachary Goldsmith
"October 14, 2016",The 11th Sky,Electric Wire Hustle,,Bastard Jazz Recordings,"Brooklyn, New York",Andrew Martin
"October 13, 2016",Requiem,Goat,,Independent Artist,"Norrbotten County, Sweden",Nnamdi Bawsism
"October 12, 2016",I Dreamed of a Palace in the Sky,Equip,,Independent Artist,"Chicago, Illinois",Simon Chandler
"October 11, 2016",Along a Vanishing Plane,Christopher Tignor,,Independent Artist,New York,Robert Ham
"October 10, 2016",In Case You Missed It: 15 Years Of Dualtone,Various Artists,,"Dualtone Music Group, Inc.","Nashville, Tennessee",Amanda Wicks
"October 06, 2016",Mr. Robot – Volume 1 (Original Television Series Soundtrack),Mac Quayle,,Independent Artist,NA,J. Edward Keyes
"October 05, 2016",A Loud Bash of Teenage Feelings,Beach Slang,,Independent Artist,"Philadelphia, Pennsylvania",Drew Fortune
"October 04, 2016",Kodama,Alcest,,Independent Artist,"Paris, France",Brad Sanders
"September 30, 2016",Drakkar Nowhere,Drakkar Nowhere,,Independent Artist,"New York, New York",Max Savage Levenson
"September 30, 2016",Dusk,Ultimate Painting,,Independent Artist,"London, UK",Joe Darling
"September 29, 2016",A Million,Bon Iver Makes A Ghostly Return on “22,Alternative,Bon Iver,"Eau Claire, Wisconsin",Brandon Stosuy
"September 28, 2016",Lisa Marie Airplane Tour,So Cow,,Jigsaw Records,"Portland, Oregon",Annie Zaleski
"September 26, 2016",MOUTHTRIP,KAGAMI smile.,,BLCR Laboratories,Netherlands,Simon Chandler
"September 23, 2016",Obnóxius,Jose Mauro,,José Mauro,Brazil,Andy Beta
"September 22, 2016",Statea,Murcof x Vanessa Wagner,,InFiné,"Paris, France",Andy Battaglia
"September 21, 2016",Sunergy,Kaitlyn Aurelia Smith & Suzanne Ciani,,Kaitlyn Aurelia Smith,"Los Angeles, California",Andrew Parks
"September 20, 2016",Body Wash,MNDSGN,,Mndsgn.,"Los Angeles, California",Marcus K. Dowling
"September 19, 2016",Songs for Lovers,蜃気楼MIRAGE & waterfront dining,,waterfront dining,NA,Simon Chandler
"September 16, 2016",Splendor and Misery,clipping.,,Independent Artist,"Los Angeles, California",Nnamdi Bawsism
"September 15, 2016",The End of Comedy,Drugdealer,,Independent Artist,NA,Max Savage Levenson
"September 14, 2016",Sumerlands,Sumerlands,,Independent Artist,"Philadelphia, Pennsylvania",Zachary Goldsmith
"September 13, 2016",Radiant Remains,Radar Eyes,,Independent Artist,"Chicago, Illinois",J. Edward Keyes
"September 12, 2016",Infinite Floor,Dylan Cameron,,Holodeck Records,"Austin, Texas",Andrew Parks
"September 09, 2016",Sélébéyone,Steve Lehman,,Independent Artist,"New York, New York",Peter Margasak
"September 08, 2016",Nothing More To Say,Album Of The Day:  The Frightnrs,,the FRIGHTNRS,"Queens, New York",Eric Luecking
"September 07, 2016",EP,Hoops,,Independent Artist,"Bloomington, Indiana",Jonathan Bernstein
"September 06, 2016",Posh Lost,Posh Lost,,Mirror Universe Tapes,"Brooklyn, New York",J. Edward Keyes
"September 05, 2016",Magic,Hairy Hands,,James Alexander Bright,UK,Michaelangelo Matos
"September 02, 2016",Phase Zero,Morgan Delt,,Independent Artist,"Los Angeles, California",Judy Berman
"September 01, 2016",For This We Fought the Battle of Ages,SubRosa,,Profound Lore Records,"Kitchener, Ontario",Brad Sanders
"August 31, 2016",Between Waves,The Album Leaf,,Independent Artist,"Los Angeles, California",Marvin Lin
"August 30, 2016",Heatweaver,Jaw Gems,,JAW GEMS,"Portland, Maine",Marcus J. Moore
"August 29, 2016",Westside Industrial,M.O.T.H.,,M.O.T.H,"Brooklyn, New York",Andrew Parks
"August 26, 2016",Mambos Levis D’Outro Mundo,Various Artists,,Príncipe,"Lisbon, Portugal",Andy Beta
"August 25, 2016",Dead Ringers,Horseback,,Independent Artist,"Chapel Hill, North Carolina",Andrew Parks
"August 24, 2016",The Land (Music from the Motion Picture),Various Artists,,Mass Appeal,"New York, New York",Nate Patrin
"August 23, 2016",Roosevelt,Roosevelt,,Independent Artist,"Cologne, Germany",Nnamdi Bawsism
"August 22, 2016",Convenience,Pill,,Independent Artist,"New York, New York",Andrew Parks
"August 19, 2016",Eve,Thalia Zedek,,Thalia Zedek Band,"Boston, Massachusetts",Marvin Lin
"August 18, 2016",Holy Gloom,Cloud Caverns,,Independent Artist,"Red Bank, Tennessee",Kira Grunenberg
"August 17, 2016",Real,Lydia Loveless,,Independent Artist,"Columbus, Ohio",Jonathan Bernstein
"August 16, 2016",Radiating Light: Orchid Tapes & Friends,Various Artists,,ORCHID TAPES,"New York, New York",Alex Wexelman
"August 15, 2016",Habit,Snail Mail,,Independent Artist,"Baltimore, Maryland",Tess Duncan
"August 12, 2016",Innocence Reaches,of Montreal,,Independent Artist,"Athens, Georgia",Sophie Weiner
"August 11, 2016",Green Glass Room,VATS,,Independent Artist,"Seattle, Washington",J. Edward Keyes
"August 10, 2016",Cloak,Jordan Rakei,,Independent Artist,"Brisbane, Australia",Mosi Reeves
"August 08, 2016",Expert Knob Twiddlers,Mike & Rich,,Mike &amp; Rich,UK,Philip Sherburne
"August 05, 2016",Fallen,Steven Julien,,Independent Artist,"London, UK",Michaelangelo Matos
"August 03, 2016",A Bloom Beyond,Terribly Yours,,Independent Artist,"Brooklyn, New York",Maura Johnston
"August 02, 2016",The Disco’s of Imhotep,Hieroglyphic Being,,Independent Artist,"Chicago, Illinois",Joe Darling
"August 01, 2016",Black Sun Unbound,Denouncement Pyre,,DENOUNCEMENT PYRE,"Melbourne, Australia",Brad Sanders
"July 29, 2016",+One,Pkew Pkew Pkew,,PKEW PKEW PKEW,"Toronto, Ontario",Ian Cohen
"July 28, 2016",Turn Into,Jay Som,,Independent Artist,"Los Angeles, California",Valerie Veteto
"July 27, 2016",The Calais Sessions,Various Artists,,The Calais Sessions,UK,Richard Gehr
"July 26, 2016",Rain Temple,2814,,Dream Catalogue,"London, UK",Simon Chandler
"July 25, 2016",Indifferent Rivers Romance End,Wreck and Reference,,Independent Artist,"Los Angeles, California",David Sackllah
"July 21, 2016",OIM: Vol. II Compilation,Various Artists,,OIM Records,"Oakland, California",Max Savage Levenson
"July 20, 2016",Only in AmeriKKKa,LoopWhole Beats & EastKoast,,Loopwhole Beats,"Manhattan, New York",D.L. Chandler
"July 19, 2016",Distress Signals I and II,Controlled Bleeding,,Independent Artist,NA,Michael Berdan
"July 15, 2016",Pure Disgust,Pure Disgust,,Independent Artist,"Washington, D.C., D.C.",Nnamdi Bawsism
"July 14, 2016",Post Plague,Odonis Odonis,,Independent Artist,"Toronto, Ontario",Erika Szabo
"July 13, 2016",No Light and No Land Anywhere,Jeffrey Brodsky,,Independent Artist,"Los Angeles, California",Andy Battaglia
"July 12, 2016",666,Sugar Candy Mountain,,Independent Artist,California,Max Savage Levenson
"July 11, 2016",Tide Ripples,ASUNA,,Home Normal,"Brighton And Hove, UK",Danny Riley
"July 08, 2016",Red-Headed Stranger,Carla Bozulich,,Folktale Records,"Los Angeles, California",Whitney Phaneuf
"July 07, 2016",Despite,Lady Pills,,Babe City Records,"Washington, D.C.",Maria Sherman
"July 06, 2016",Terry HQ,Terry,,Independent Artist,"Melbourne, Australia",Sam Lefebvre
"July 05, 2016",Windings,Lindstrøm,,Independent Artist,Norway,Nate Patrin
"June 30, 2016",Stadium Cake,Oh Pep!,,Independent Artist,"Melbourne, Australia",Amanda Wicks
"June 29, 2016",The Magic,Deerhoof,,Independent Artist,NA,Max Savage Levenson
"June 28, 2016",Codex Obscura Nomina,Blut Aus Nord/Aevangelist,,Blut Aus Nord,France,Andy O’Connor
"June 27, 2016",Delayer,RLYR,,Independent Artist,"Chicago, Illinois",Andy O’Connor
"June 24, 2016",The New Breed,Jeff Parker,,International Anthem,"Chicago, Illinois",Leor Galil
"June 23, 2016",The Mountain Will Fall,DJ Shadow,,Independent Artist,California,Nate Patrin
"June 22, 2016",Under the Influence,Steady Holiday,,Independent Artist,"Los Angeles, California",Maura Johnston
"June 20, 2016",Spells,Ben Lukas Boysen,,Independent Artist,"Berlin, Germany",Andy Battaglia
"June 17, 2016",City Beautiful: A Compilation for Pulse,Various Artists,,Pulse Compilation,"Orlando, Florida",J. Edward Keyes
"June 16, 2016",Voices,Kali Phoenix,,Independent Artist,"Glasgow, UK",Nick Williams
"June 15, 2016",Mirrors,Mala,,Independent Artist,"London, UK",Louis Pattison
"June 14, 2016",From the Outside,Bert Jansch,,Independent Artist,"London, UK",Amanda Wicks
"June 13, 2016",Puberty 2,Mitski,Alternative,Independent Artist,"New York, New York",Summer Kim Lee
"December 26, 2011",S.P.T.A. Said Person of That Ability,J-LIVE,Hip-Hop/Rap,Independent Artist,"New York, New York",Andrew Dubber
"December 19, 2011",Where are the Arms,Gabriel Kahane,Classical,Independent Artist,"Portland, Oregon",Andrew Dubber
"December 12, 2011",Zubatto Syndicate,Zubatto Syndicate,World,Independent Artist,"Seattle, Washington",Andrew Dubber
"December 05, 2011",The Surgery EP,Kwam MC,Hip-Hop/Rap,Independent Artist,"London, UK",Andrew Dubber
"November 27, 2011",Les Sessions Cubaines,Philémon Cimon,World,Independent Artist,"Montreal, Québec",Andrew Dubber
"November 21, 2011",The Other Half of Everything,Gargleblast Records Bandcamp,Folk,Independent Artist,"Hamilton, UK",Andrew Dubber
"November 14, 2011",Mir,Ott,World,Independent Artist,NA,Andrew Dubber
"November 06, 2011",Fire on the Vine,Bryan John Appleby,Pop,Independent Artist,"Seattle, Washington",Andrew Dubber
"October 28, 2011",Laminate Pet Animal,SNOWMINE,Alternative,Independent Artist,"Brooklyn, New York",Andrew Dubber
