Date,Album,Artist,Tags,Record_Label,Record_Label_Loc,Author,spotify_match_status,spotify_id,spotify_url,spotify_artist_id,spotify_match_artist,spotify_match_album,spotify_release_date,spotify_release_date_precision,spotify_album_type,spotify_total_tracks,spotify_image_url,spotify_upc,spotify_ean,spotify_copyright,spotify_artist_status,spotify_artist_image_url,spotify_artist_url
"May 26, 2026",the color of rain,aja monet,Blues,Independent Artist,"Los Angeles, California",Jim Allen,matched,1UOnv9kNRxCm5v814qTjI4,https://open.spotify.com/album/1UOnv9kNRxCm5v814qTjI4,6dclGxWbiv1ScMQwT5INQF,aja monet,the color of rain,2026-05-22,day,album,15.0,https://i.scdn.co/image/ab67616d0000b2732e3c87fb12f6627713cab7da,,,,matched,https://i.scdn.co/image/ab6761610000e5ebe3b1b7b37bdcf74336d204bd,https://open.spotify.com/artist/6dclGxWbiv1ScMQwT5INQF
"May 22, 2026",Mind Abandon,Ital Tek,Electronic,Independent Artist,"England, UK",Louis Pattison,matched,1EJ98P9RaJySD49J3rdyMc,https://open.spotify.com/album/1EJ98P9RaJySD49J3rdyMc,6Auo6gEPwhb9aZindgVpZJ,Ital Tek,Mind Abandon,2026-05-15,day,album,10.0,https://i.scdn.co/image/ab67616d0000b27319ef326fd1b85c6910239141,,,,matched,https://i.scdn.co/image/ab6761610000e5eb393b085d22ce868e3e084c8c,https://open.spotify.com/artist/6Auo6gEPwhb9aZindgVpZJ
"May 21, 2026",Abu,Takkak Takkak,,Nyege Nyege Tapes,"Kampala, Uganda",Oli Warwick,matched,62x8Uc41N6OtcN3lssnP6b,https://open.spotify.com/album/62x8Uc41N6OtcN3lssnP6b,418AWOVOgoPNIIfIn8MArU,Takkak Takkak,Abu,2026-06-23,day,album,10.0,https://i.scdn.co/image/ab67616d0000b27379fe99a12f525c45fbfccbc3,,,,matched,https://i.scdn.co/image/ab67616d0000b27379fe99a12f525c45fbfccbc3,https://open.spotify.com/artist/418AWOVOgoPNIIfIn8MArU
"May 20, 2026",Counting Sunsets,SUSS,Country,Independent Artist,"New York, New York",Ben Salmon,matched,0tA6nSLBJ02G274Py3mhGz,https://open.spotify.com/album/0tA6nSLBJ02G274Py3mhGz,3qb5O9pLE0urqttdq4CqLS,SUSS,Counting Sunsets,2026-05-15,day,album,10.0,https://i.scdn.co/image/ab67616d0000b27302c790c0be17e5b61ea7783a,,,,matched,https://i.scdn.co/image/ab6761610000e5eb535ba9b736b49d1248905d75,https://open.spotify.com/artist/3qb5O9pLE0urqttdq4CqLS
"May 19, 2026",The Anthology of UnAmerican Folk Music,Marisa Anderson,Folk,Independent Artist,"Portland, Oregon",Jim Allen,matched,5SiIMHmcHcu4yjTnvOSeHm,https://open.spotify.com/album/5SiIMHmcHcu4yjTnvOSeHm,5j2d5CS0sh2LTpFsrKAFcW,Marisa Anderson,The Anthology of UnAmerican Folk Music,2026-05-22,day,album,9.0,https://i.scdn.co/image/ab67616d0000b273c79c9d687902f42759bbbf60,,,,matched,https://i.scdn.co/image/ab6761610000e5eb64e119174afcdee0196bd144,https://open.spotify.com/artist/5j2d5CS0sh2LTpFsrKAFcW
"May 18, 2026",Remembering Well,Death Kneel,Metal,Life Of Sensation,"Toronto, Ontario",Luke Jackson,matched,0OSebg7O6r8mCCW1a5x2tH,https://open.spotify.com/album/0OSebg7O6r8mCCW1a5x2tH,2vLuelg5gmdGlgYFLAUswq,Death Kneel,Remembering Well,2026-05-15,day,album,6.0,https://i.scdn.co/image/ab67616d0000b273a514a1ca110f2d583f8137eb,,,,matched,https://i.scdn.co/image/ab67616d0000b273aa2365697294e1c741ada9f9,https://open.spotify.com/artist/2vLuelg5gmdGlgYFLAUswq
"May 15, 2026",Paradise Metal,π. Διονύσιος Ταμπάκης,Devotional,HEAT CRIMES,,J. Bennett,no_match,,,,,,,,,,,,,,,,
"May 14, 2026",Soltera y Su Sonido Sexual,Soltera & Sonido Sex,Electronic,SOLTERA,"Los Angeles, California",Richard Villegas,no_match,,,,,,,,,,,,,,,,
"May 13, 2026",Detached From The Rest Of You,Loraine James,Electronic,Independent Artist,"London, UK",Marshall Gu,matched,3Faii5tIYVSGT9IKCBPrVH,https://open.spotify.com/album/3Faii5tIYVSGT9IKCBPrVH,536qHynzDH1QviwhWY9dE3,Loraine James,Detached From The Rest Of You,2026-05-08,day,album,12.0,https://i.scdn.co/image/ab67616d0000b273badf7bb72ae2d47fed692e47,,,,matched,https://i.scdn.co/image/ab6761610000e5eb404b3e80d99a4ba201cd889e,https://open.spotify.com/artist/536qHynzDH1QviwhWY9dE3
"May 12, 2026",CEREMONIAL,Black Milk,Hip-Hop/Rap,Independent Artist,"Detroit, Michigan",Dylan Green,matched,0TXzjbEdlyZRKNsX4UJgzc,https://open.spotify.com/album/0TXzjbEdlyZRKNsX4UJgzc,77zgRkcehIGCAtROXkXkb3,Black Milk,CEREMONIAL,2026-05-08,day,album,12.0,https://i.scdn.co/image/ab67616d0000b273425a57abf319574e994f205a,,,,matched,https://i.scdn.co/image/ab6761610000e5eb8c03289713eae5e79f4e534a,https://open.spotify.com/artist/77zgRkcehIGCAtROXkXkb3
"May 11, 2026",Towards An Expanse,Dumama,Experimental,Independent Artist,South Africa,April Clare Welsh,matched,3HR6GYzZ7ndua2wOye0SYT,https://open.spotify.com/album/3HR6GYzZ7ndua2wOye0SYT,3uBcYRD2CiHrtAXRDc2zFq,Dumama,Towards an Expanse,2026-05-08,day,album,11.0,https://i.scdn.co/image/ab67616d0000b2730e1fd2082c24808beefdc960,,,,matched,https://i.scdn.co/image/ab6761610000e5eb7cc238a65a2fb22d5ee688ea,https://open.spotify.com/artist/3uBcYRD2CiHrtAXRDc2zFq
"May 08, 2026",Train On The Island,Aldous Harding,Alternative,Independent Artist,New Zealand,Elle Carroll,matched,0AePRMHymMl4oHBb5EuGiV,https://open.spotify.com/album/0AePRMHymMl4oHBb5EuGiV,3lmR0qMiGuoIF9UC54egcG,Aldous Harding,Train on the Island,2026-05-08,day,album,10.0,https://i.scdn.co/image/ab67616d0000b27373870381d130b608e2deb080,,,,matched,https://i.scdn.co/image/ab6761610000e5eb871a0b81a51fd252770cb714,https://open.spotify.com/artist/3lmR0qMiGuoIF9UC54egcG
"May 07, 2026",Cold Comfort,Stik Figa & Heather Grey,Hip-Hop/Rap,Stik Figa,"Fort Worth, Texas",Dash Lewis,no_match,,,,,,,,,,,,,,,,
"May 06, 2026",Poem 1,Ana Roxanne,Pop,Independent Artist,,Matthew Blackwell,matched,4eLf3APm1Cb4vqmJUnDLpr,https://open.spotify.com/album/4eLf3APm1Cb4vqmJUnDLpr,2fSBHYgZUSIQPolv5skG5I,Ana Roxanne,Poem 1,2026-05-01,day,album,9.0,https://i.scdn.co/image/ab67616d0000b273f32a3d82c33b956a32dd3fb9,,,,matched,https://i.scdn.co/image/ab6761610000e5eb32d33cf34810f2d5877eeb5c,https://open.spotify.com/artist/2fSBHYgZUSIQPolv5skG5I
"May 05, 2026",Resonance of Time (የጊዜ ቃና),Wesenyeleh Mebreku,World,Independent Artist,"Addis Ababa, Ethiopia",Dean Van Nguyen,no_match,,,,,,,,,,,,,,,,
"May 04, 2026",FENIAN,Kneecap,Hip-Hop/Rap,KNEECAP,"Belfast, UK",Sarah O&#39;Neal,matched,0z5uyAUrflFAnjBR2EhW9J,https://open.spotify.com/album/0z5uyAUrflFAnjBR2EhW9J,1ZVACPeq7ccGCoUXwtafUU,KNEECAP,FENIAN,2026-05-01,day,album,14.0,https://i.scdn.co/image/ab67616d0000b273041959df72c5e828894be6f2,,,,matched,https://i.scdn.co/image/ab6761610000e5eb89e7c69a7d827bcede0f4bad,https://open.spotify.com/artist/1ZVACPeq7ccGCoUXwtafUU
"May 01, 2026",The Horizon Spirals / The Horizon Viral,OOIOO / Lightning Bolt,Alternative,OOIOO,Japan,Erick Bradshaw,no_match,,,,,,,,,,,,,,,,
"April 30, 2026",Bleak Days Ahead,Pure Wrath,Metal,Independent Artist,"West Java, Indonesia",Luke Jackson,matched,7mTjNQomSvzHwdBkPk9047,https://open.spotify.com/album/7mTjNQomSvzHwdBkPk9047,6vZum8DnM81DLwpjHhsJiQ,Pure Wrath,Bleak Days Ahead,2026-04-24,day,album,5.0,https://i.scdn.co/image/ab67616d0000b2735e2e08679ff44a523bdd25ee,,,,matched,https://i.scdn.co/image/ab6761610000e5eb54312bcc0ef6cf07382f2035,https://open.spotify.com/artist/6vZum8DnM81DLwpjHhsJiQ
"April 29, 2026",May a soft sun bless your sky while you wait for the inevitable,Charbel Harber,Classical,Charbel Haber,"Beirut, Lebanon",George Grella,no_match,,,,,,,,,,,,,,,,
"April 28, 2026",Brooklyn Stories 1-5,Ayman Fanous,Experimental,Infrequent Seams,New York,George Grella,no_match,,,,,,,,,,,,,,,,
"April 27, 2026",Orange,White Fence,Alternative,Independent Artist,"Los Angeles, California",Martin Douglas,matched,2ZL2pKtN0WwpKHgOgifsds,https://open.spotify.com/album/2ZL2pKtN0WwpKHgOgifsds,5gH9MJvoI7pN9bohESzYaA,White Fence,Orange,2026-04-24,day,album,11.0,https://i.scdn.co/image/ab67616d0000b27305991fcacb612ce3704e370a,,,,matched,https://i.scdn.co/image/ab6761610000e5ebfaeda9b40273d27971d624b7,https://open.spotify.com/artist/5gH9MJvoI7pN9bohESzYaA
"April 24, 2026",Confession,Carla dal Forno,Alternative,Independent Artist,"Castlemaine, Australia",April Clare Welsh,matched,4YoCbEExp7Zmo6wbcYaR6c,https://open.spotify.com/album/4YoCbEExp7Zmo6wbcYaR6c,6FVxEgfQsGrJ0BogIOYCd6,Carla dal Forno,Confession,2026-04-24,day,album,12.0,https://i.scdn.co/image/ab67616d0000b27363a7f81867496f4bf2802780,,,,matched,https://i.scdn.co/image/ab6761610000e5eb3c0b9b14ba6e8de93c6b3787,https://open.spotify.com/artist/6FVxEgfQsGrJ0BogIOYCd6
"April 23, 2026",Ephemeral & Fleeting: Modular Music of Japan,Various Artists,Ambient,ato.archives,"Tokyo, Japan",Patrick St. Michel,matched,02TJXv9Lznn7AhzzqTU3FY,https://open.spotify.com/album/02TJXv9Lznn7AhzzqTU3FY,0LyfQWJT6nXafLPZqxe9Of,Various Artists,Ephemeral & Fleeting - Modular Music of Japan,2026-04-18,day,compilation,10.0,https://i.scdn.co/image/ab67616d0000b2732a501feb4f68f227032127e0,,,,matched,https://i.scdn.co/image/ab6761610000e5eb6b134287e3095d2c84b7932a,https://open.spotify.com/artist/0LyfQWJT6nXafLPZqxe9Of
"April 22, 2026",Santa Rosa,Fat Ray & Raphy,Hip-Hop/Rap,Fat Ray,"Detroit, Michigan",Martin Douglas,no_match,,,,,,,,,,,,,,,,
"April 21, 2026",Falling In Love Is Wonderful (2026 Remaster),Jimmy Scott,Jazz,Independent Artist,"Las Vegas, Nevada",Britt Robson,matched,4cUGW735OUrDmLSbbwE3Ju,https://open.spotify.com/album/4cUGW735OUrDmLSbbwE3Ju,5T7u5bYO62WTYOk5RBZwjo,Jimmy Scott,Falling In Love Is Wonderful (2026 Remaster),2026-04-17,day,album,10.0,https://i.scdn.co/image/ab67616d0000b2736857bfb63cd386bd26f3ca43,,,,matched,https://i.scdn.co/image/ab6761610000e5eb65de85523a675026e2cff1bb,https://open.spotify.com/artist/5T7u5bYO62WTYOk5RBZwjo
"April 20, 2026",Oknha Stamina,Neo Geodesia,World,CHINABOT,"London, UK",Matthew Blackwell,matched,0Qogu17pPPYa1tECWfiyLe,https://open.spotify.com/album/0Qogu17pPPYa1tECWfiyLe,2H2R2at4JjzGQztgurXLx6,Neo Geodesia,Oknha Stamina,2026-04-14,day,album,12.0,https://i.scdn.co/image/ab67616d0000b27329c3c180272e2a3d5d719aeb,,,,matched,https://i.scdn.co/image/ab67616d0000b27329c3c180272e2a3d5d719aeb,https://open.spotify.com/artist/2H2R2at4JjzGQztgurXLx6
"April 17, 2026",Diamond Cutter,Eve Maret,Electronic,Independent Artist,"Nashville, Tennessee",Will Ainsley,matched,4wWXFt6uEcJfX3ppPbl4CZ,https://open.spotify.com/album/4wWXFt6uEcJfX3ppPbl4CZ,6EPKhshyGfzUrurBHGJAnA,Eve Maret,Diamond Cutter,2026-04-17,day,album,12.0,https://i.scdn.co/image/ab67616d0000b2735463fe8ee75812783de72d96,,,,matched,https://i.scdn.co/image/ab6761610000e5eb7aaf8c8a1c3e8ddb28bc2323,https://open.spotify.com/artist/6EPKhshyGfzUrurBHGJAnA
"April 16, 2026","A Certain Smile, A Certain Sadness (30th Anniversary Edition)",Rocketship,Alternative,Independent Artist,"Portland, Oregon",Hayden Merrick,no_match,,,,,,,,,,,,,,,,
"April 15, 2026",Hannah Lew,Hannah Lew,Alternative,Independent Artist,"Richmond, California",Jennifer Kelly,matched,3VS2ynZeyCbzkM4N616Jkw,https://open.spotify.com/album/3VS2ynZeyCbzkM4N616Jkw,40ZrXbMB5FFIxtzatM8Wol,Hannah Lew,Hannah Lew,2026-04-10,day,album,9.0,https://i.scdn.co/image/ab67616d0000b2739bf345fe8e0947765571e8fa,,,,matched,https://i.scdn.co/image/ab6761610000e5ebacfcba6f97c020eb5ad1d14e,https://open.spotify.com/artist/40ZrXbMB5FFIxtzatM8Wol
"April 14, 2026",Incorregible,Rosa Pistola,Electronic,ROSA PISTOLA,Mexico,Maria Barrios,matched,7LxxNa3h2EGW6m0TlGnnlh,https://open.spotify.com/album/7LxxNa3h2EGW6m0TlGnnlh,06fEHseCklFEuDgM5dccHX,Rosa Pistola,Incorregible,2026-04-10,day,album,8.0,https://i.scdn.co/image/ab67616d0000b273f302f0252dd18dbc9350ac78,,,,matched,https://i.scdn.co/image/ab6761610000e5ebf02d5d7b5f567334ddd309ba,https://open.spotify.com/artist/06fEHseCklFEuDgM5dccHX
"April 13, 2026",Softest Attack,Prism Shores,Alternative,Independent Artist,"Montreal, Québec",Ben Salmon,matched,51uYxZpz3l8pJpE3fPGYb5,https://open.spotify.com/album/51uYxZpz3l8pJpE3fPGYb5,6GAOVXekIJiv2MWeCBQoEk,Prism Shores,Softest Attack,2026-04-10,day,album,12.0,https://i.scdn.co/image/ab67616d0000b2739d2b6d773f676845a1df2b2f,,,,matched,https://i.scdn.co/image/ab6761610000e5ebd550c0617705d86c9c917e45,https://open.spotify.com/artist/6GAOVXekIJiv2MWeCBQoEk
"April 10, 2026",Evergreen In Your Mind,Juni Habel,Acoustic,Independent Artist,"Viken, Norway",Brad Sanders,matched,2bwZckPIXlpLmPCrs83RK2,https://open.spotify.com/album/2bwZckPIXlpLmPCrs83RK2,2Kn9TqqVY8YLi0ijUAAQqZ,Juni Habel,Evergreen In Your Mind,2026-04-10,day,album,11.0,https://i.scdn.co/image/ab67616d0000b273e37cdcaac8413bbf674da40a,,,,matched,https://i.scdn.co/image/ab6761610000e5ebd9b3e55277bfb7f50d1fd2b2,https://open.spotify.com/artist/2Kn9TqqVY8YLi0ijUAAQqZ
"April 09, 2026",Lero Lero,Lero Lero,World,Black Sweat Records,Italy,Megan Iacobini de Fazio,matched,3Dt0Mw4z15vUkvhMeZpl4v,https://open.spotify.com/album/3Dt0Mw4z15vUkvhMeZpl4v,2RMnMjVu2KaWFor2O7ntjo,Lero Lero,Lero Lero (Temporada 1),2023-03-24,day,album,12.0,https://i.scdn.co/image/ab67616d0000b273a9ec475fadc9694db3146bbf,,,,matched,https://i.scdn.co/image/ab6761610000e5eb78e488542622449bc7342d1d,https://open.spotify.com/artist/2RMnMjVu2KaWFor2O7ntjo
"April 08, 2026",Glass and Bones,Makthaverskan,Punk,Independent Artist,"Gothenburg, Sweden",Elle Carroll,matched,2TBOgMEKprOm6aJ8sKKp0O,https://open.spotify.com/album/2TBOgMEKprOm6aJ8sKKp0O,57MIstrTi3Sw9J9yJybN0E,Makthaverskan,Glass and Bones,2026-04-03,day,album,10.0,https://i.scdn.co/image/ab67616d0000b273bde039ed52aa4f39276c5360,,,,matched,https://i.scdn.co/image/ab6761610000e5eb935691a25175904a2dfd9140,https://open.spotify.com/artist/57MIstrTi3Sw9J9yJybN0E
"April 07, 2026",It Wasn’t Nothing,Scissor Fits,Punk,Independent Artist,"Hounslow, UK",Erick Bradshaw,no_match,,,,,,,,,,,,,,,,
"April 06, 2026",Solid Static,Musica Transonic + Mainliner,Rock,Independent Artist,"Tokyo, Japan",Jim Allen,no_match,,,,,,,,,,,,,,,,
"April 03, 2026","MIKE & SURF GANG, POMPEII // UTILITY",Earl Sweatshirt,Hip-Hop/Rap,MIKE,"New York, New York",Martin Douglas,no_match,,,,,,,,,,,,,,,,
"April 02, 2026","Connecters Volume 1: Original Recordings, 1992–1999",Larrison,Experimental,Freedom To Spend,"New York, New York",Matthew Blackwell,no_match,,,,,,,,,,,,,,,,
"April 01, 2026",Two Wheels Move the Soul,Robber Robber,Rock,Independent Artist,"Burlington, Vermont",Stuart Berman,matched,3H4iX1m8kNm12NV2oijGcu,https://open.spotify.com/album/3H4iX1m8kNm12NV2oijGcu,7kXZ3iTr0blml9QgUdfwGM,Robber Robber,Two Wheels Move the Soul,2026-04-03,day,album,11.0,https://i.scdn.co/image/ab67616d0000b273dd66bfcfe441b70d11323f31,,,,matched,https://i.scdn.co/image/ab6761610000e5eb4fd35509d60e67ae74e680d2,https://open.spotify.com/artist/7kXZ3iTr0blml9QgUdfwGM
"March 31, 2026","Fight The Fire: Digital Reggae, Conscious Roots and Dub in Nigeria 1986–91",Various Artists,Reggae,Soundway Records,UK,Dean Van Nguyen,matched,0UuVjito6mVSX4LhvhW79k,https://open.spotify.com/album/0UuVjito6mVSX4LhvhW79k,0LyfQWJT6nXafLPZqxe9Of,Various Artists,"Fight The Fire: Digital Reggae, Conscious Roots and Dub in Nigeria 1986-91",2026-03-27,day,compilation,14.0,https://i.scdn.co/image/ab67616d0000b273a4214de94160a2b90ec5319c,,,,matched,https://i.scdn.co/image/ab6761610000e5eb6b134287e3095d2c84b7932a,https://open.spotify.com/artist/0LyfQWJT6nXafLPZqxe9Of
"March 30, 2026",High Cube,Foote/Dickow,Electronic,Independent Artist,"Los Angeles, California",April Clare Welsh,matched,3gKZgYB3Apxc56wZOvhwgf,https://open.spotify.com/album/3gKZgYB3Apxc56wZOvhwgf,0BpYawSPlRoA9XOI11o7uH,Foote/Dickow,High Cube,2026-03-27,day,album,6.0,https://i.scdn.co/image/ab67616d0000b273e4e50f5c2174fa722c5fc0d2,,,,matched,https://i.scdn.co/image/ab6761610000e5ebbf5caad2d28c86e8e3deb7b5,https://open.spotify.com/artist/0BpYawSPlRoA9XOI11o7uH
"March 27, 2026",Path of Totality,The Montvales,Country,Independent Artist,"Knoxville, Tennessee",Ben Salmon,matched,5ddiLaQiyk3ckn5UPgsV1e,https://open.spotify.com/album/5ddiLaQiyk3ckn5UPgsV1e,0FYazSWo7TGjPJz0Jz4O9t,The Montvales,Path of Totality,2026-03-20,day,album,12.0,https://i.scdn.co/image/ab67616d0000b2734c745d2687e669848c35608b,,,,matched,https://i.scdn.co/image/ab6761610000e5eb431b14624697db3be8b8498d,https://open.spotify.com/artist/0FYazSWo7TGjPJz0Jz4O9t
"March 26, 2026",Emeralds,Parlor Greens,Funk,Independent Artist,"Loveland, Ohio",Blake Gillespie,matched,0TQ53KlvXXWgD5hv0Ul9Bo,https://open.spotify.com/album/0TQ53KlvXXWgD5hv0Ul9Bo,4c6oXo4PWpSqSnuLqFUxLm,Parlor Greens,Emeralds,2026-04-10,day,album,11.0,https://i.scdn.co/image/ab67616d0000b273bb5f82236247a1264cf18132,,,,matched,https://i.scdn.co/image/ab6761610000e5ebf31abbfc0cafdd49c08fa7cb,https://open.spotify.com/artist/4c6oXo4PWpSqSnuLqFUxLm
"March 25, 2026",Optimizer,Stuck,Alternative,Independent Artist,"Chicago, Illinois",Zara Hedderman,matched,6DH6Tz9pzAvqGT6pfEIVPw,https://open.spotify.com/album/6DH6Tz9pzAvqGT6pfEIVPw,26NBM9MmocuhYDY4flth3a,Stuck,Optimizer,2026-03-27,day,album,10.0,https://i.scdn.co/image/ab67616d0000b273de40881c60600e18472c81c0,,,,matched,https://i.scdn.co/image/ab6761610000e5eb20afd32a105e42f0379ab442,https://open.spotify.com/artist/26NBM9MmocuhYDY4flth3a
"March 24, 2026",Brilliance of a Falling Moon,dälek,Hip-Hop/Rap,Dälek,"Union City, New Jersey",Jon Buckland,matched,59N2SbtjEXxtgoUAMQQp8w,https://open.spotify.com/album/59N2SbtjEXxtgoUAMQQp8w,1zDrsLJJfYel0jJruLe4Yp,dälek,Brilliance of a Falling Moon,2026-03-27,day,album,8.0,https://i.scdn.co/image/ab67616d0000b2733b09b7c1bd8508a2b41831d0,,,,matched,https://i.scdn.co/image/ab6761610000e5eb8011c9d186bdc242512a8654,https://open.spotify.com/artist/1zDrsLJJfYel0jJruLe4Yp
"March 20, 2026",in filth your mystery is kingdom / far smile peasant in yellow music,Dagmar Zuniga,Experimental,dagmar zuniga,"New York, New York",Matthew Blackwell,matched,5x7MhNPVEZeicFl5I8u1OO,https://open.spotify.com/album/5x7MhNPVEZeicFl5I8u1OO,59ZW99eqMF7Iv6QayaCD3Q,Dagmar Zuniga,in filth your mystery is kingdom / far smile peasant in yellow music,2026-03-04,day,album,14.0,https://i.scdn.co/image/ab67616d0000b273031e28ef249d685cf1c6ca0c,,,,matched,https://i.scdn.co/image/ab6761610000e5eb3d2a985ea24401fd33ac26b7,https://open.spotify.com/artist/59ZW99eqMF7Iv6QayaCD3Q
"March 19, 2026",Breaking the Catatonic State,Crouch,Metal,Independent Artist,Belgium,Luke Jackson,matched,32IFiqGDJKCGEnrMDzCeQJ,https://open.spotify.com/album/32IFiqGDJKCGEnrMDzCeQJ,3c0euuPkwljoPa188SKyBf,Crouch,Breaking the Catatonic State,2026-03-20,day,album,10.0,https://i.scdn.co/image/ab67616d0000b273b5186233e9de4b78d6597657,,,,matched,https://i.scdn.co/image/ab6761610000e5ebd3f975eb58ce89970a88c89f,https://open.spotify.com/artist/3c0euuPkwljoPa188SKyBf
"March 18, 2026",Blumenfantasie,Xylitol,Electronic,Independent Artist,UK,Joe Muggs,matched,10nHSPjnaJXh4SB89xVAjU,https://open.spotify.com/album/10nHSPjnaJXh4SB89xVAjU,4m6lKZU5qS7ZIPFhYx5bEx,Xylitol,Blumenfantasie,2026-03-20,day,album,10.0,https://i.scdn.co/image/ab67616d0000b2737ab98920927a3307f63560f7,,,,matched,https://i.scdn.co/image/ab6761610000e5eb4879f41dcd8b412911a7e54a,https://open.spotify.com/artist/4m6lKZU5qS7ZIPFhYx5bEx
"March 17, 2026",Comfortably Suffering,Duncecap & Samurai Banana,Hip-Hop/Rap,Duncecap,"Queens, New York",Martin Douglas,no_match,,,,,,,,,,,,,,,,
"March 16, 2026",Transmitter,Cut Worms,Alternative,Independent Artist,"Brooklyn, New York",Harry Levin,matched,0E0ELU3LQuzcAt5NhrSTh4,https://open.spotify.com/album/0E0ELU3LQuzcAt5NhrSTh4,2upjmNmngAXZcra9dQRR2l,Cut Worms,Transmitter,2026-03-13,day,album,10.0,https://i.scdn.co/image/ab67616d0000b27328368ff62151d3007747040b,,,,matched,https://i.scdn.co/image/ab6761610000e5eb1ad05efed0a2881448e035b7,https://open.spotify.com/artist/2upjmNmngAXZcra9dQRR2l
"March 13, 2026",Hard Hearted Woman,Ora Cogan,Alternative,Independent Artist,,Jim Allen,matched,1r3wE07afZnLGbikNXDt3X,https://open.spotify.com/album/1r3wE07afZnLGbikNXDt3X,0zZHy0tQvwi4L5HNvNq0QY,Ora Cogan,Hard Hearted Woman,2026-03-13,day,album,10.0,https://i.scdn.co/image/ab67616d0000b2730287a613292f5b1dd49ee333,,,,matched,https://i.scdn.co/image/ab6761610000e5ebf544384b663b07dd66e17423,https://open.spotify.com/artist/0zZHy0tQvwi4L5HNvNq0QY
"March 12, 2026",Weimar,Mary Ocher,Alternative,Independent Artist,"Berlin, Germany",April Clare Welsh,matched,3DzDJCnUNao9sAMLYTmzeu,https://open.spotify.com/album/3DzDJCnUNao9sAMLYTmzeu,0ODkbaLvCCScReZQK3NVxr,Mary Ocher,Weimar,2026-03-13,day,album,8.0,https://i.scdn.co/image/ab67616d0000b27339b6c919dbe60305a72d73d3,,,,matched,https://i.scdn.co/image/ab6761610000e5ebb7a93bbc60a0954473fb53ac,https://open.spotify.com/artist/0ODkbaLvCCScReZQK3NVxr
"March 11, 2026",Music in Continuous Motion,Bill Orcutt,Experimental,Independent Artist,"San Francisco, California",Jennifer Kelly,matched,0HwKpolq77HN9P0IwCCgnk,https://open.spotify.com/album/0HwKpolq77HN9P0IwCCgnk,49ECnwhYzm6Nu97puMvwjG,Bill Orcutt,Music in Continuous Motion,2026-03-13,day,album,12.0,https://i.scdn.co/image/ab67616d0000b27389bf0a9fa602df4ecc065dc8,,,,matched,https://i.scdn.co/image/255b292e9e51364e23d1fb4cf71f7ce52f77cbfb,https://open.spotify.com/artist/49ECnwhYzm6Nu97puMvwjG
"March 10, 2026",News from Planet Zombie,The Notwist,Experimental,Independent Artist,Germany,Jim Allen,matched,500dbsD4ygekfJEpCCiO07,https://open.spotify.com/album/500dbsD4ygekfJEpCCiO07,1o4xLcugkCtDDOw7POAMha,The Notwist,News from Planet Zombie,2026-03-13,day,album,11.0,https://i.scdn.co/image/ab67616d0000b273fc6d429da0ec4e3408753bed,,,,matched,https://i.scdn.co/image/ab6761610000e5eb098a93875a0e7e6781c3bccd,https://open.spotify.com/artist/1o4xLcugkCtDDOw7POAMha
"March 09, 2026",Albini Sessions,Fugazi,Punk,Independent Artist,"Washington, D.C.",Erick Bradshaw,no_match,,,,,,,,,,,,,,,,
"March 06, 2026",HELP(2),Various Artists,Alternative,War Child Records,UK,Jude Noel,matched,1k5qdBw12xtQhSitPrpZKP,https://open.spotify.com/album/1k5qdBw12xtQhSitPrpZKP,0LyfQWJT6nXafLPZqxe9Of,Various Artists,Help Imagination Selections 2022,2022-04-04,day,compilation,49.0,https://i.scdn.co/image/ab67616d0000b27383fce2ae438df130c6dbe588,,,,matched,https://i.scdn.co/image/ab6761610000e5eb6b134287e3095d2c84b7932a,https://open.spotify.com/artist/0LyfQWJT6nXafLPZqxe9Of
"March 05, 2026",Of The Earth,Shabaka,Jazz,Independent Artist,UK,Will Ainsley,matched,1WLCmU6lTy0OqC1ALX4wfJ,https://open.spotify.com/album/1WLCmU6lTy0OqC1ALX4wfJ,6ywMpa6AmGJpV5Sbyy58Js,Shabaka,Of The Earth,2026-03-06,day,album,12.0,https://i.scdn.co/image/ab67616d0000b2733749e2bc1df65e94b952b711,,,,matched,https://i.scdn.co/image/ab6761610000e5eb33331998b6facb1b2e44e781,https://open.spotify.com/artist/6ywMpa6AmGJpV5Sbyy58Js
"March 04, 2026",Sirenoscape,NIMF,Experimental,Independent Artist,"Dublin, Ireland",Harry Levin,matched,6twodPRISzXKRY2nNaD5Ar,https://open.spotify.com/album/6twodPRISzXKRY2nNaD5Ar,7onykSIfRCyijzLC1sVz9v,NIMF,Sirenoscape,2026-03-06,day,album,4.0,https://i.scdn.co/image/ab67616d0000b2733c34c32f139371463ec4bb89,,,,matched,https://i.scdn.co/image/ab6761610000e5eb55603e5ba245ee181f736bb8,https://open.spotify.com/artist/7onykSIfRCyijzLC1sVz9v
"March 03, 2026",Overspace & Supertime,Cryptic Shift,Metal,Independent Artist,"Leeds, UK",Brad Sanders,matched,55BX8eXi3Z80NpZ8O7ZOKa,https://open.spotify.com/album/55BX8eXi3Z80NpZ8O7ZOKa,49Q7rQ1e651IkT2AHKYgnx,Cryptic Shift,Overspace & Supertime,2026-02-27,day,album,5.0,https://i.scdn.co/image/ab67616d0000b273cac8e0c207918711f2dc54eb,,,,matched,https://i.scdn.co/image/ab6761610000e5ebdcbfe152df4c2110bc6d67fb,https://open.spotify.com/artist/49Q7rQ1e651IkT2AHKYgnx
"March 02, 2026",My Days of 58,Bill Callahan,Folk,Independent Artist,"Austin, Texas",Jim Allen,matched,497p1j3P9Xzlb7vXay7tNl,https://open.spotify.com/album/497p1j3P9Xzlb7vXay7tNl,7gqsi6aBSkRMJoL9psKqMr,Bill Callahan,My Days of 58,2026-02-27,day,album,12.0,https://i.scdn.co/image/ab67616d0000b2736172648d29acadc71f725e35,,,,matched,https://i.scdn.co/image/ab6761610000e5ebeb2f538487b6868a97f5a7fb,https://open.spotify.com/artist/7gqsi6aBSkRMJoL9psKqMr
"February 27, 2026",Prove The Mountains Move,EXEK,Alternative,Independent Artist,"Melbourne, Australia",Erick Bradshaw,matched,5JDipS2TouOAQnxaO1szOT,https://open.spotify.com/album/5JDipS2TouOAQnxaO1szOT,7ldGIajEfZUsa38eyvJ04V,EXEK,Prove The Mountains Move,2026-02-27,day,album,8.0,https://i.scdn.co/image/ab67616d0000b2731aadcefce244143cb184c61c,,,,matched,https://i.scdn.co/image/ab6761610000e5eb6ea5de57f873fe06663b8d3f,https://open.spotify.com/artist/7ldGIajEfZUsa38eyvJ04V
"February 26, 2026",Sí aquí llegó ya,El Gran Grupo,Latin,Independent Artist,"Caracas, Venezuela",Maria Barrios,matched,5ZVq2tLtuLoRFMghwfs75o,https://open.spotify.com/album/5ZVq2tLtuLoRFMghwfs75o,0B5cy48AQBeQdR229TIWx4,El Gran Grupo,Sí aquí llego yá,2026-02-06,day,album,8.0,https://i.scdn.co/image/ab67616d0000b273098f1321bbf9e7bc0cb3be44,,,,matched,https://i.scdn.co/image/ab6761610000e5eb2c95827bd2ef64e767a70554,https://open.spotify.com/artist/0B5cy48AQBeQdR229TIWx4
"February 25, 2026",My World is the Sun,Dominique Fils-Aimé,R&amp;B/Soul,Independent Artist,"Montreal, Québec",Ben Salmon,matched,2h1iYX66Vxm2DLFZgrdMp4,https://open.spotify.com/album/2h1iYX66Vxm2DLFZgrdMp4,10tvYvaoSO32hlvu3NrrPC,Dominique Fils-Aimé,My World Is The Sun,2026-02-20,day,album,15.0,https://i.scdn.co/image/ab67616d0000b273a31e6eb2a51d05b908e884be,,,,matched,https://i.scdn.co/image/ab6761610000e5eb9add1da33ede1b79541504e8,https://open.spotify.com/artist/10tvYvaoSO32hlvu3NrrPC
"February 24, 2026",OTONOMA,Midori Hirano,Electronic,Independent Artist,"Berlin, Germany",George Grella,matched,5ingxVLgDWG1hKOBdNrVmQ,https://open.spotify.com/album/5ingxVLgDWG1hKOBdNrVmQ,6q1lHz1O9inWPaToF6l5rj,Midori Hirano,OTONOMA,2026-02-20,day,album,10.0,https://i.scdn.co/image/ab67616d0000b2734e0966861c12fb01bc2641ab,,,,matched,https://i.scdn.co/image/ab6761610000e5eb53b1cbc3a6f7594becd83b76,https://open.spotify.com/artist/6q1lHz1O9inWPaToF6l5rj
"February 23, 2026",Too Late to Start Following the Rules Now,Chris Crack,Hip-Hop/Rap,Independent Artist,"Grand Junction, Colorado",Dylan Green,matched,4AJvF4juqzorY0cQIG2zaf,https://open.spotify.com/album/4AJvF4juqzorY0cQIG2zaf,3wws8s15DuuQWiG2xct414,Chris Crack,Too Late To Start Following The Rules Now,2026-02-13,day,album,15.0,https://i.scdn.co/image/ab67616d0000b2735609de14a868f0d54999560c,,,,matched,https://i.scdn.co/image/ab6761610000e5eb1426e7bcfd548eaa2cf42041,https://open.spotify.com/artist/3wws8s15DuuQWiG2xct414
"February 20, 2026",DISCOMBOBULATED,Hen Ogledd,Electronic,Independent Artist,"Newcastle Upon Tyne, UK",Jennifer Kelly,matched,5NCdUrtZGteLXKRppy83EN,https://open.spotify.com/album/5NCdUrtZGteLXKRppy83EN,1nw6dQQptzvEQ5GtC6HGe4,Hen Ogledd,DISCOMBOBULATED,2026-02-20,day,album,8.0,https://i.scdn.co/image/ab67616d0000b27365807dbd68ae8bbab258c7b7,,,,matched,https://i.scdn.co/image/ab6761610000e5eba5ddae01c90e9e87ef5b914f,https://open.spotify.com/artist/1nw6dQQptzvEQ5GtC6HGe4
"February 19, 2026",Paper Masks,Phew and Danielle de Picciotto,,Phew,"Tokyo, Japan",Erick Bradshaw,no_match,,,,,,,,,,,,,,,,
"February 18, 2026",Instant Comfort,Lucid Express,Rock,Independent Artist,Hong Kong,Josh Feola,matched,6KBQf0GFYaF9TvulppGidz,https://open.spotify.com/album/6KBQf0GFYaF9TvulppGidz,0WwjT0WO2JQSXIq7EeDxXf,Lucid Express,Instant Comfort,2026-02-19,day,album,9.0,https://i.scdn.co/image/ab67616d0000b27391d0809f2d6428daa0ce02b4,,,,matched,https://i.scdn.co/image/ab6761610000e5ebf7261a57b48a6168c8ee012a,https://open.spotify.com/artist/0WwjT0WO2JQSXIq7EeDxXf
"February 17, 2026",Kin,KMRU,Ambient,Independent Artist,"Nairobi, Kenya",April Clare Welsh,matched,0ThQJJSutTGSZESpjqFuHI,https://open.spotify.com/album/0ThQJJSutTGSZESpjqFuHI,5blZUSGq0z7HhuSldSXV3a,KMRU,Kin,2026-02-13,day,album,6.0,https://i.scdn.co/image/ab67616d0000b27371ba4e7a5db64044d428b275,,,,matched,https://i.scdn.co/image/ab6761610000e5eb7c61e9840d75ab0899633666,https://open.spotify.com/artist/5blZUSGq0z7HhuSldSXV3a
"February 13, 2026",Necropalace,Worm,Metal,Independent Artist,Florida,Luke Jackson,matched,4zI7O4eE92cRjGLwXc3Y1c,https://open.spotify.com/album/4zI7O4eE92cRjGLwXc3Y1c,5KGJFenkLeQ77WEgKFPnTZ,Worm,Necropalace,2026-02-13,day,album,7.0,https://i.scdn.co/image/ab67616d0000b2738f10b6f2fcac2404e84aa676,,,,matched,https://i.scdn.co/image/ab6761610000e5ebbbb580e014829a616cafb7b2,https://open.spotify.com/artist/5KGJFenkLeQ77WEgKFPnTZ
"February 12, 2026",Mastery Quantum Sound,Various Artists,Ambient,Houndstooth,"London, UK",Sam Davies,matched,1A1hVTEsR5VgN0vZh2aWYN,https://open.spotify.com/album/1A1hVTEsR5VgN0vZh2aWYN,0LyfQWJT6nXafLPZqxe9Of,Various Artists,Mastery: Quantum Sound,2026-02-12,day,compilation,22.0,https://i.scdn.co/image/ab67616d0000b2732608edf9bee32a3a30d16bcf,,,,matched,https://i.scdn.co/image/ab6761610000e5eb6b134287e3095d2c84b7932a,https://open.spotify.com/artist/0LyfQWJT6nXafLPZqxe9Of
"February 11, 2026",respite ∞ levity for the nameless ghost in crisis (Expanded),Colin Self,Experimental,Independent Artist,New York,April Clare Welsh,matched,1UDKD36FPhw7oUjfmszRzS,https://open.spotify.com/album/1UDKD36FPhw7oUjfmszRzS,0ewkV0qnzBgo0L0D4TjuHI,Colin Self,respite ∞ levity for the nameless ghost in crisis (expanded),2026-02-13,day,album,23.0,https://i.scdn.co/image/ab67616d0000b27363810cac5055c4e86dac6cca,,,,matched,https://i.scdn.co/image/ab6761610000e5eb34ba9a9c2503508a722b62ff,https://open.spotify.com/artist/0ewkV0qnzBgo0L0D4TjuHI
"February 10, 2026",Laughter In Summer,Beverly Glenn-Copeland,Electronic,Independent Artist,"Hamilton, Ontario",Ted Davis,matched,3dhTmKjuXuYJDxlhOk9qMx,https://open.spotify.com/album/3dhTmKjuXuYJDxlhOk9qMx,2bN5hXtWZXEIfnHO34eXfe,Beverly Glenn-Copeland,Laughter In Summer,2026-02-06,day,album,9.0,https://i.scdn.co/image/ab67616d0000b2730e36c71093a82463fa43e672,,,,matched,https://i.scdn.co/image/ab6761610000e5eb07b3234ab7b108c79cee6a2f,https://open.spotify.com/artist/2bN5hXtWZXEIfnHO34eXfe
"February 09, 2026",DOUBLE-WIDE,Charles “Poppy Bob” Walker,Ambient,Charles &#39;Poppy Bob&#39; Walker,"Yuma, Arizona",Jennifer Kelly,matched,2zKzIXdDNCRMASfrt0fbtM,https://open.spotify.com/album/2zKzIXdDNCRMASfrt0fbtM,4UzwN8n6xp0svWNKTeKuum,Charles ‘Poppy Bob’ Walker,DOUBLE-WIDE,2026-02-10,day,album,15.0,https://i.scdn.co/image/ab67616d0000b273e6fc5ede30dc7629bf9c7cb8,,,,matched,https://i.scdn.co/image/ab6761610000e5eb750493bb98fca29e392ddd2e,https://open.spotify.com/artist/4UzwN8n6xp0svWNKTeKuum
"February 06, 2026",Butterfly,Daphni,Electronic,Caribou,"London, UK",Joe Muggs,matched,6EwceabziOOptW7N7tT626,https://open.spotify.com/album/6EwceabziOOptW7N7tT626,4nhvb6x9ZhPiYCzrHDNia9,Daphni,Butterfly,2026-02-06,day,album,16.0,https://i.scdn.co/image/ab67616d0000b273eec50ee2fd276595bdb60fb1,,,,matched,https://i.scdn.co/image/ab6761610000e5eb64a6f350a866eb6e119a5a6e,https://open.spotify.com/artist/4nhvb6x9ZhPiYCzrHDNia9
"February 05, 2026",Noor,Yamila,Electronic,Umor Rex,"Mexico City, Mexico",Peter Margasak,matched,35DSo804RC09z0l5HQw4qZ,https://open.spotify.com/album/35DSo804RC09z0l5HQw4qZ,1C2cyevjTKPJ4WVvTlPzUF,Yamila,Noor,2026-02-05,day,album,9.0,https://i.scdn.co/image/ab67616d0000b2734e496ff365ee5b10478fe8b4,,,,matched,https://i.scdn.co/image/ab6761610000e5ebd70e36cf155cf2a000ef23c2,https://open.spotify.com/artist/1C2cyevjTKPJ4WVvTlPzUF
"February 04, 2026",Tilaye’s Saxophone With The Dahlak Band (የጥላዬ ሳክስ ከዳህላክ ባንድ ጋር),Tilaye Gebre,World,Independent Artist,"Addis Ababa, Ethiopia",Dean Van Nguyen,no_match,,,,,,,,,,,,,,,,
"February 03, 2026",EXPO,Ulrika Spacek,Alternative,Independent Artist,"London, UK",Elle Carroll,matched,4mZvj1aQtf5LX8qjXkeT7q,https://open.spotify.com/album/4mZvj1aQtf5LX8qjXkeT7q,07vC6cutbett8UknXnqxsu,Ulrika Spacek,"EXPO, REMIXED",2026-07-31,day,album,10.0,https://i.scdn.co/image/ab67616d0000b27350851c7a7e5dc54f0702fa03,,,,matched,https://i.scdn.co/image/ab6761610000e5eb84b2782ca74341e3eb97b6d8,https://open.spotify.com/artist/07vC6cutbett8UknXnqxsu
"February 02, 2026",Wahj,Toni Geitani,Ambient,Independent Artist,"Beirut, Lebanon",Matthew Blackwell,matched,1tFnxA3kOc33Mh9rhbZ9AC,https://open.spotify.com/album/1tFnxA3kOc33Mh9rhbZ9AC,1ILfWRh8lrxIV12eyIBU4P,Toni Geitani,Wahj,2026-01-30,day,album,17.0,https://i.scdn.co/image/ab67616d0000b273a83d73453e4427af222b2239,,,,matched,https://i.scdn.co/image/ab6761610000e5eb2668116b899b12594c42e255,https://open.spotify.com/artist/1ILfWRh8lrxIV12eyIBU4P
"January 31, 2026",Maybe You Should Talk To Someone,Haruhi Kobayashi,Classical,Independent Artist,"Chicago, Illinois",George Grella,no_match,,,,,,,,,,,,,,,,
"January 29, 2026",Not Here Not Gone,Blackwater Holylight,Metal,Independent Artist,"Portland, Oregon",Grayson Haver Currin,matched,55jaQmtN4s05nDUqqrmXkw,https://open.spotify.com/album/55jaQmtN4s05nDUqqrmXkw,2fqEhs5dZBrDLUqHvWRtBc,Blackwater Holylight,Not Here Not Gone,2026-01-30,day,album,10.0,https://i.scdn.co/image/ab67616d0000b2737ae15664d8f47e24fc1639de,,,,matched,https://i.scdn.co/image/ab6761610000e5eba5a6661c46b1484cb64bbb92,https://open.spotify.com/artist/2fqEhs5dZBrDLUqHvWRtBc
"January 28, 2026","low clouds hang, this land is on fire",Tashi Dorji,Alternative,Independent Artist,"Asheville, North Carolina",Mike McGrath-Bryan,matched,1NEofDgwYX4egqBq8DQq3X,https://open.spotify.com/album/1NEofDgwYX4egqBq8DQq3X,5zILQi737vXP3Cu7S5BMX2,Tashi Dorji,"low clouds hang, this land is on fire",2026-01-30,day,album,11.0,https://i.scdn.co/image/ab67616d0000b2735697e8ece573bf52900117a3,,,,matched,https://i.scdn.co/image/ab6772690000c46cddb7e3eb1b77296defc664ae,https://open.spotify.com/artist/5zILQi737vXP3Cu7S5BMX2
"January 27, 2026",Yatta!,YĪN YĪN,Alternative,Independent Artist,"Maastricht, Netherlands",Dean Van Nguyen,matched,14miHHQBXPPlt61Ax0SK2W,https://open.spotify.com/album/14miHHQBXPPlt61Ax0SK2W,2sLMYvxNmHIYNx6re1WUM2,Yin Yin,Yatta!,2026-01-23,day,album,11.0,https://i.scdn.co/image/ab67616d0000b2739de2f98369ae09423aafbd06,,,,matched,https://i.scdn.co/image/ab6761610000e5eb1460a855f376c32f066d9a75,https://open.spotify.com/artist/2sLMYvxNmHIYNx6re1WUM2
"January 26, 2026",Euphoria Bound,Shackleton,Electronic,Independent Artist,"Berlin, Germany",Lewis Gordon,matched,3JfBVXa85xIuZo6C21CCW4,https://open.spotify.com/album/3JfBVXa85xIuZo6C21CCW4,5Mq3CTRRgLcPkMnUue75a3,Shackleton,Euphoria Bound,2026-01-30,day,album,10.0,https://i.scdn.co/image/ab67616d0000b2732353529274e70fcc1f3d7368,,,,matched,https://i.scdn.co/image/786e3affbcfc3fdf07d501da18e5b5e7c5b69609,https://open.spotify.com/artist/5Mq3CTRRgLcPkMnUue75a3
"January 23, 2026",Mutudi Ua Ufolo / Viuva Da Liberdade 1975,David Zé,World,David Ze,"Luanda, Angola",Dean Van Nguyen,no_match,,,,,,,,,,,,,,,,
"January 22, 2026",Desert So Green,Winged Wheel,Rock,Winged Wheel,"Detroit, Michigan",Stuart Berman,matched,4OvZQgDdhbd7oQ8gkoOmir,https://open.spotify.com/album/4OvZQgDdhbd7oQ8gkoOmir,3oxlQvJbiZ8bioc2884tIn,Winged Wheel,Desert So Green,2026-01-09,day,album,9.0,https://i.scdn.co/image/ab67616d0000b2732a82a771635e7d302fb864a6,,,,matched,https://i.scdn.co/image/ab67616d0000b2732a82a771635e7d302fb864a6,https://open.spotify.com/artist/3oxlQvJbiZ8bioc2884tIn
"January 21, 2026",Come Out Come Out (30th Anniversary Edition),Cub,Alternative,cub,"Vancouver, British Columbia",Jude Noel,matched,7cvV4e8cTpDpmrQ3mnfyaO,https://open.spotify.com/album/7cvV4e8cTpDpmrQ3mnfyaO,2wPm6Ouj7DpVS4g09fEoOT,Cub,Come Out Come Out: 30th Anniversary Edition (2025 Remaster),1995,year,album,14.0,https://i.scdn.co/image/ab67616d0000b273920da495379acd0a1ea2f0db,,,,matched,https://i.scdn.co/image/ab67616d0000b2736a226b8a4d7f7b923154c559,https://open.spotify.com/artist/2wPm6Ouj7DpVS4g09fEoOT
"January 20, 2026",A-Rhythm Absolute,Sunday Mourners,Alternative,Independent Artist,"Los Angeles, California",Elle Carroll,matched,5z1AYjOZmy5bNmMECeTjSd,https://open.spotify.com/album/5z1AYjOZmy5bNmMECeTjSd,7zlE048Rl8GTsbWAP1MZeQ,Sunday Mourners,A-Rhythm Absolute,2026-01-16,day,album,10.0,https://i.scdn.co/image/ab67616d0000b273667333f3eabedf725b19985b,,,,matched,https://i.scdn.co/image/ab6761610000e5ebb5f498c22df23da8ad1e42d6,https://open.spotify.com/artist/7zlE048Rl8GTsbWAP1MZeQ
"January 16, 2026",Appalachia,Emily Scott Robinson,Country,Independent Artist,"Nashville, Tennessee",Ben Salmon,matched,428KzGfU0jpgqpebyZmITs,https://open.spotify.com/album/428KzGfU0jpgqpebyZmITs,3oyKiCGdvt3HRj3pCOLCfM,Emily Scott Robinson,Appalachia,2026-01-30,day,album,10.0,https://i.scdn.co/image/ab67616d0000b273c30eb1d1c8c871fb32c8e1e2,,,,matched,https://i.scdn.co/image/ab6761610000e5eb1693cbcfdfd08fdc870d0145,https://open.spotify.com/artist/3oyKiCGdvt3HRj3pCOLCfM
"January 15, 2026",Xiu Mutha F—in’ Xiu: Vol. 1,Xiu Xiu,Alternative,Independent Artist,"Los Angeles, California",Jon Buckland,no_match,,,,,,,,,,,,,,,,
"January 14, 2026",WABI SABI,Sotomayor,Electronic,Independent Artist,"Mexico City, Mexico",Matthew Ismael Ruiz,matched,2Cq4IcgidjVHmn8UWn2jNT,https://open.spotify.com/album/2Cq4IcgidjVHmn8UWn2jNT,13UO3EqZHeNkeDQKjUS8oH,"Sotomayor, Pahua, Tonga Conga",WABI SABI,2026-02-13,day,album,11.0,https://i.scdn.co/image/ab67616d0000b27370b9e73fadd355c8df8f6a44,,,,matched,https://i.scdn.co/image/ab6761610000e5eb5b88c06df861c1ded91e2471,https://open.spotify.com/artist/13UO3EqZHeNkeDQKjUS8oH
"December 05, 2025",Ethereal Horizons,Blut Aus Nord,Metal,Independent Artist,France,Brad Sanders,matched,4cyRxj0LY8DevLLfVEg0pX,https://open.spotify.com/album/4cyRxj0LY8DevLLfVEg0pX,0c0xIXQhCbmtvzM93liaSf,Blut Aus Nord,Ethereal Horizons,2025-11-28,day,album,7.0,https://i.scdn.co/image/ab67616d0000b273c6c57d988a53e09791aa9a70,,,,matched,https://i.scdn.co/image/029b877f7f45df775b0029c3d87de1fe3b01c169,https://open.spotify.com/artist/0c0xIXQhCbmtvzM93liaSf
"December 04, 2025",SAD,Ikonika,Electronic,Independent Artist,"London, UK",April Clare Welsh,matched,76fNSSFf8CvYDfXmb0rAnr,https://open.spotify.com/album/76fNSSFf8CvYDfXmb0rAnr,1GbZUOowT6BhrI9QVoUniG,Ikonika,SAD,2025-11-28,day,album,10.0,https://i.scdn.co/image/ab67616d0000b273e44d8b0173c114922b31a7f7,,,,matched,https://i.scdn.co/image/ab6761610000e5ebb9d88f2917c2c24b9f2ec342,https://open.spotify.com/artist/1GbZUOowT6BhrI9QVoUniG
"December 03, 2025",Late Shift Silk,Various Artists,Electronic,100% Silk,California,Harry Levin,matched,37CpAn2SYj2zD0VyinYFC7,https://open.spotify.com/album/37CpAn2SYj2zD0VyinYFC7,0LyfQWJT6nXafLPZqxe9Of,Various Artists,Late Shift Silk,2025-12-05,day,compilation,11.0,https://i.scdn.co/image/ab67616d0000b273ba6eed97d86f8e325bed8c99,,,,matched,https://i.scdn.co/image/ab6761610000e5eb6b134287e3095d2c84b7932a,https://open.spotify.com/artist/0LyfQWJT6nXafLPZqxe9Of
"December 02, 2025",Putcha Weight On It,Von Pea & The Other Guys,Hip-Hop/Rap,Von Pea,New York,Dash Lewis,no_match,,,,,,,,,,,,,,,,
"December 01, 2025",Ghana Special: Highlife,Various Artists,World,Soundway Records,UK,Dean Van Nguyen,matched,7JxOC157mJOWGQmIpCv6YL,https://open.spotify.com/album/7JxOC157mJOWGQmIpCv6YL,0LyfQWJT6nXafLPZqxe9Of,Various Artists,"Ghana Special: Modern Highlife, Afro Sounds & Ghanaian Blues 1968-81",2012-01-20,day,compilation,33.0,https://i.scdn.co/image/ab67616d0000b27302806536fc218b7d8380a1cd,,,,matched,https://i.scdn.co/image/ab6761610000e5eb6b134287e3095d2c84b7932a,https://open.spotify.com/artist/0LyfQWJT6nXafLPZqxe9Of
"November 26, 2025",BANG,Iona Zajac,Alternative,Independent Artist,"Glasgow, UK",Brad Sanders,matched,2DLAZDt1NVNz6kixhEI6Wd,https://open.spotify.com/album/2DLAZDt1NVNz6kixhEI6Wd,5XIL7iEbCKJIz14Gqd58Y7,Iona Zajac,Bang,2025-11-21,day,album,11.0,https://i.scdn.co/image/ab67616d0000b2736be5eeb1e44fe21ff745928c,,,,matched,https://i.scdn.co/image/ab6761610000e5eb54a4fbfc1b05252e41d5682c,https://open.spotify.com/artist/5XIL7iEbCKJIz14Gqd58Y7
"November 25, 2025",Songs From My Castle Tower,MJ Noble,Electronic,Independent Artist,"Los Angeles, California",Ted Davis,matched,7qMyGVJ0p3lI1HorEf2UuP,https://open.spotify.com/album/7qMyGVJ0p3lI1HorEf2UuP,4WU1luuySmDwpYWFwT2PvY,MJ Noble,Songs From My Castle Tower,2025-11-21,day,album,13.0,https://i.scdn.co/image/ab67616d0000b273e51176c14f887ed6e724fc22,,,,matched,https://i.scdn.co/image/ab6761610000e5ebf975961afb4999d112c3e2a7,https://open.spotify.com/artist/4WU1luuySmDwpYWFwT2PvY
"November 24, 2025",سماع [Sama’a] (Audition),أحمد [Ahmed],Jazz,Independent Artist,,Jinhyung Kim,no_match,,,,,,,,,,,,,,,,
"November 21, 2025",Implosion,The Bug vs Ghost Dubs,Electronic,Independent Artist,"Brussels, Belgium",Erick Bradshaw,no_match,,,,,,,,,,,,,,,,
"November 20, 2025",Southside Mixtape,DJ Lag,Electronic,Independent Artist,"Johannesburg, South Africa",Joseph Francis,matched,0IaY7EpYoRhsMEo3B5nWBD,https://open.spotify.com/album/0IaY7EpYoRhsMEo3B5nWBD,1svX5cMlY22N60RxwzeJNO,DJ Lag,Southside Mixtape,2025-11-14,day,album,12.0,https://i.scdn.co/image/ab67616d0000b27380aa7909bcf13651ac76bfca,,,,matched,https://i.scdn.co/image/ab6761610000e5eba5719e83b4de3f380b91ac4e,https://open.spotify.com/artist/1svX5cMlY22N60RxwzeJNO
"November 19, 2025",Blue Abstraction: Prepared Piano Project 1985–1987,Jessica Williams,Jazz,Pre-Echo Press,"New York, New York",George Grella,no_match,,,,,,,,,,,,,,,,
"November 18, 2025",PAUL KIDNEY JAPANESE EXPERIENCE,Paul Kidney Experience,Experimental,Independent Artist,"Melbourne, Australia",Jon Dale,no_match,,,,,,,,,,,,,,,,
"November 17, 2025",Panorama,Hélène Barbier,Pop,Independent Artist,"Montreal, Québec",Matt Watton,matched,20Qy0sgUe2Wj7GXVaOg2dY,https://open.spotify.com/album/20Qy0sgUe2Wj7GXVaOg2dY,2b6PbrllP38ILGLTkdcrZz,Hélène Barbier,Panorama,2025-11-14,day,album,9.0,https://i.scdn.co/image/ab67616d0000b2735cbd146355b92cfd2004c6bd,,,,matched,https://i.scdn.co/image/ab6761610000e5eb769b3ac097574cf13f067366,https://open.spotify.com/artist/2b6PbrllP38ILGLTkdcrZz
"November 14, 2025",Basic Country Mustard,Red River Dialect,Folk,Independent Artist,"London, UK",Jennifer Kelly,matched,6xG9Y0BPL86wIB3hQKtf6z,https://open.spotify.com/album/6xG9Y0BPL86wIB3hQKtf6z,3l34awuQ4bePUrYSP4WVbQ,Red River Dialect,Basic Country Mustard,2025-11-14,day,album,12.0,https://i.scdn.co/image/ab67616d0000b273940908844b4a925c062c4c06,,,,matched,https://i.scdn.co/image/ab6761610000e5eb468eea7434ac13aeaf4ff949,https://open.spotify.com/artist/3l34awuQ4bePUrYSP4WVbQ
"November 13, 2025",Fire of God’s Love,Sister Irene O’Connor,Devotional,Freedom To Spend,"New York, New York",Matthew Blackwell,no_match,,,,,,,,,,,,,,,,
"November 12, 2025",Faith In The Unknown,Shungu,Hip-Hop/Rap,Independent Artist,"Brussels, Belgium",Dash Lewis,matched,1AY0eSbSr1oUmvbN9rIVAH,https://open.spotify.com/album/1AY0eSbSr1oUmvbN9rIVAH,1XIyDif58YyorFor2gNfUF,Shungu,Faith In The Unknown,2025-11-07,day,album,14.0,https://i.scdn.co/image/ab67616d0000b2737b4497e63840bf10ffbfe115,,,,matched,https://i.scdn.co/image/ab6761610000e5eb4fb6bf4ae2d45a8f3f16f1bb,https://open.spotify.com/artist/1XIyDif58YyorFor2gNfUF
"November 11, 2025",How You Been,SML,Jazz,International Anthem,"Chicago, Illinois",Will Ainsley,matched,00xaBkvgiCZ7mMlcHIRgQy,https://open.spotify.com/album/00xaBkvgiCZ7mMlcHIRgQy,5k8cbLF5EZnAhwDvHN6Toj,SML,How You Been,2025-11-25,day,album,13.0,https://i.scdn.co/image/ab67616d0000b273c7b5d6265c7e061ad2d061e9,,,,matched,https://i.scdn.co/image/ab6761610000e5eb5172666e290bf372e736dcc8,https://open.spotify.com/artist/5k8cbLF5EZnAhwDvHN6Toj
"November 10, 2025",Chigiyo Music Kings 1987–1998,Zig-Zag Band,World,Analog Africa,Germany,Dean Van Nguyen,matched,085vFu8jl46vpsHiB5HcvQ,https://open.spotify.com/album/085vFu8jl46vpsHiB5HcvQ,5JzzWKyFhD4xHK9Q5erJZH,Zig Zag Band,Chigiyo Music Kings 1987-1998 (Analog Africa No.42),2025-11-07,day,album,13.0,https://i.scdn.co/image/ab67616d0000b273895217265e3440b1725b64ee,,,,matched,https://i.scdn.co/image/ab67616d0000b27368206d38a201aad3bc7da2d3,https://open.spotify.com/artist/5JzzWKyFhD4xHK9Q5erJZH
"November 07, 2025",AFTER,yaz lancaster,Electronic,Independent Artist,"New York, New York",George Grella,matched,3CZMlMlQSBMCtUTR4QFU5v,https://open.spotify.com/album/3CZMlMlQSBMCtUTR4QFU5v,4ygD2bMiqgAhvhpgiPwXQM,Yaz Lancaster,AFTER,2025-11-07,day,album,14.0,https://i.scdn.co/image/ab67616d0000b27307794a29d18f4fd9ce05ce9a,,,,matched,https://i.scdn.co/image/ab6761610000e5eb019ab67b5a01d504f8d5dbee,https://open.spotify.com/artist/4ygD2bMiqgAhvhpgiPwXQM
"November 06, 2025",Batakari,Ata Kak,World,Independent Artist,Ghana,Marshall Gu,matched,0eh4sbNVFs53bdvBi6aC5I,https://open.spotify.com/album/0eh4sbNVFs53bdvBi6aC5I,172WdsNGJYNNXVNQ1tXfrB,Ata Kak,Batakari,2025-11-07,day,single,6.0,https://i.scdn.co/image/ab67616d0000b27318e518a248cdd8f71b98a8d5,,,,matched,https://i.scdn.co/image/ab6761610000e5eb9d66b9fc8189d3124ec50510,https://open.spotify.com/artist/172WdsNGJYNNXVNQ1tXfrB
"November 05, 2025",31 Days of Burning Limos,The Burning Limos,Punk,Independent Artist,"Indianapolis, Indiana",Sims Hardin,no_match,,,,,,,,,,,,,,,,
"November 04, 2025",Paradís,Júlia Colom,Pop,Independent Artist,"IB, Spain",Maria Barrios,matched,1cefcSPmZJyVa6re1uOSJq,https://open.spotify.com/album/1cefcSPmZJyVa6re1uOSJq,2FGexWthFJnvymvErkOPaI,Júlia Colom,Paradís,2025-10-31,day,album,11.0,https://i.scdn.co/image/ab67616d0000b273bffb603e6fb0051b2743c6a0,,,,matched,https://i.scdn.co/image/ab6761610000e5ebc135e1bd8d45b14849730fab,https://open.spotify.com/artist/2FGexWthFJnvymvErkOPaI
"November 03, 2025",InitiatriX,Ship Sket,Electronic,Independent Artist,UK,April Clare Welsh,matched,7tRcayDHuaTKSX4HARlcvW,https://open.spotify.com/album/7tRcayDHuaTKSX4HARlcvW,2RP0nzlcOL4QQV0ER0UYiH,Ship Sket,InitiatriX,2025-10-31,day,album,12.0,https://i.scdn.co/image/ab67616d0000b273d294ea6501afb325f43d8ea4,,,,matched,https://i.scdn.co/image/ab67616d0000b27336ddbd9d0250ec778058e536,https://open.spotify.com/artist/2RP0nzlcOL4QQV0ER0UYiH
"October 31, 2025",Eroica II: Christian Nihilism,Chino Amobi,Hip-Hop/Rap,Drowned By Locals,"Amman, Jordan",Dylan Green,matched,21xyhPaxY9IWd5EKxmYqlz,https://open.spotify.com/album/21xyhPaxY9IWd5EKxmYqlz,71FFHzNW026SIGHPzbHJgu,Chino Amobi,Eroica II: Christian Nihilism,2025-10-31,day,album,18.0,https://i.scdn.co/image/ab67616d0000b2737006e83a0f8a88facdb1e5e0,,,,matched,https://i.scdn.co/image/ab6761610000e5ebba2abb1f270986a6e8dc469e,https://open.spotify.com/artist/71FFHzNW026SIGHPzbHJgu
"October 30, 2025",The Night Has Eyes,The Spells,Alternative,Independent Artist,"New York, New York",Stuart Berman,no_match,,,,,,,,,,,,,,,,
"October 29, 2025","Techno Logic, The People’s Mixtape, Hidden Out, and PopUp Shop",Makaya McCraven,Jazz,International Anthem,"Chicago, Illinois",Peter Margasak,no_match,,,,,,,,,,,,,,,,
"October 28, 2025",Ajomasé,Gasper Lawal,World,Strut,"London, UK",Dean Van Nguyen,matched,0M5f16fkkebbm64GEPij8J,https://open.spotify.com/album/0M5f16fkkebbm64GEPij8J,7jAPM35I7dAYPdKIfTUzwM,Gasper Lawal,Ajomasé,2025-10-24,day,album,7.0,https://i.scdn.co/image/ab67616d0000b27301cd23d71b565dcc90ffb0e6,,,,matched,https://i.scdn.co/image/ab6761610000e5eb83f614b69dc04338407f8784,https://open.spotify.com/artist/7jAPM35I7dAYPdKIfTUzwM
"October 27, 2025",Just Wanna Live Some,Perera Elsewhere,Alternative,Independent Artist,"Berlin, Germany",Christian Askin,matched,0PGfRDzCPVoOjdVj8X22fB,https://open.spotify.com/album/0PGfRDzCPVoOjdVj8X22fB,5RwI5ghnexeunsvJsZ1rDQ,Perera Elsewhere,Just Wanna Live Some,2025-10-24,day,album,12.0,https://i.scdn.co/image/ab67616d0000b273715b2b8c66c6ff2a779c9002,,,,matched,https://i.scdn.co/image/ab6761610000e5eb7e47ec81bba5109c3364aaad,https://open.spotify.com/artist/5RwI5ghnexeunsvJsZ1rDQ
"October 24, 2025",Tehrangeles Vice (Iranian Diaspora Pop 1983-1993),Various Artists,Pop,Discotchari,"Los Angeles, California",Megan Iacobini de Fazio,matched,56BbeUE48p51jc3JAQQ6jY,https://open.spotify.com/album/56BbeUE48p51jc3JAQQ6jY,0LyfQWJT6nXafLPZqxe9Of,Various Artists,Tehrangeles Vice (Iranian Diaspora Pop 1983-1993),2026-03-09,day,compilation,12.0,https://i.scdn.co/image/ab67616d0000b273cff70225876795cde4854919,,,,matched,https://i.scdn.co/image/ab6761610000e5eb6b134287e3095d2c84b7932a,https://open.spotify.com/artist/0LyfQWJT6nXafLPZqxe9Of
"October 23, 2025",8 Automated Works,Componium Ensemble,Electronic,EM Records,"Osaka Prefecture, Japan",Lewis Gordon,no_match,,,,,,,,,,,,,,,,
"October 22, 2025",Hard Ware,Patrick Cowley,Electronic,Independent Artist,"San Francisco, California",Will Ainsley,matched,00yCa2M7Wm3ScUzvowOTxa,https://open.spotify.com/album/00yCa2M7Wm3ScUzvowOTxa,1pggi3bfbAPkwrylE63MEO,Patrick Cowley,Hard Ware,2025-10-19,day,album,10.0,https://i.scdn.co/image/ab67616d0000b2737603ac6cc483254d41a09f5a,,,,matched,https://i.scdn.co/image/a1d678fea744d66df70e5dff36408edf4a6d95bd,https://open.spotify.com/artist/1pggi3bfbAPkwrylE63MEO
"October 21, 2025",THE BPM,Sudan Archives,Pop,Independent Artist,"Los Angeles, California",Carrie McClure,matched,6xuXmpSyh7WqIct3bvsSfg,https://open.spotify.com/album/6xuXmpSyh7WqIct3bvsSfg,2MPHBxznH1fj59jbOWY38u,Sudan Archives,THE BPM,2025-10-17,day,album,15.0,https://i.scdn.co/image/ab67616d0000b273078b6cc632c7bb0031209802,,,,matched,https://i.scdn.co/image/ab6761610000e5eb0937734c7a4d13d8ef02e2f7,https://open.spotify.com/artist/2MPHBxznH1fj59jbOWY38u
"October 20, 2025",Amasia: Anamibia Sessions 2,Melvin Gibbs,Jazz,Independent Artist,"Brooklyn, New York",George Grella,matched,7DYAxLoCh9xtr9nbqbbmMS,https://open.spotify.com/album/7DYAxLoCh9xtr9nbqbbmMS,3n2knKFx0TQPOTyyPHM2g1,Melvin Gibbs,Amasia: Anamibia Sessions 2,2025-10-14,day,album,6.0,https://i.scdn.co/image/ab67616d0000b2738cd629064feff6d8f80070e0,,,,matched,https://i.scdn.co/image/ab6761610000e5eb65eab36ab4426f3a92d37d9b,https://open.spotify.com/artist/3n2knKFx0TQPOTyyPHM2g1
"October 17, 2025",Latincore Legend,CRRDR,Latin,Independent Artist,"Bogota, Colombia",Christian Askin,matched,4RoIe3AyTLBblBGvTK7mXi,https://open.spotify.com/album/4RoIe3AyTLBblBGvTK7mXi,5K3Cj0EgqQKp4apSdW2D6I,CRRDR,LATINCORE LEGEND,2025-10-16,day,album,25.0,https://i.scdn.co/image/ab67616d0000b273336aa64e00fe8d72cac186f5,,,,matched,https://i.scdn.co/image/ab6761610000e5eb2666e31026627da5add978ba,https://open.spotify.com/artist/5K3Cj0EgqQKp4apSdW2D6I
"October 16, 2025",On the Run,Shutaro Noguchi & the Roadhouse Band,Pop,Sophomore Lounge,"Jeffersonville, Indiana",Patrick St. Michel,matched,3ZWzFzUuS6JM4eDrC7Fb5Q,https://open.spotify.com/album/3ZWzFzUuS6JM4eDrC7Fb5Q,7y6XBqzii9RM8rdXQUvPQI,Shutaro Noguchi & the Roadhouse Band,On the Run,2025-10-17,day,album,8.0,https://i.scdn.co/image/ab67616d0000b273069f0e9c0b85071ba085c285,,,,matched,https://i.scdn.co/image/ab67616d0000b273069f0e9c0b85071ba085c285,https://open.spotify.com/artist/7y6XBqzii9RM8rdXQUvPQI
"October 15, 2025",Brigitte Fontaine Est Folle: Special Edition,Brigitte Fontaine,World,WEWANTSOUNDS,"Paris, France",Jim Allen,matched,3dV5hmJzVleMyeCpiYWK8a,https://open.spotify.com/album/3dV5hmJzVleMyeCpiYWK8a,2P03Aan9wfgwkxTwGch2g1,Brigitte Fontaine,Brigitte Fontaine est Folle (Special Edition),2025-10-10,day,album,27.0,https://i.scdn.co/image/ab67616d0000b27339beb458692ae56a2eeefe26,,,,matched,https://i.scdn.co/image/ab6761610000e5eb6339cfc62ef893160462f3a6,https://open.spotify.com/artist/2P03Aan9wfgwkxTwGch2g1
"October 14, 2025",Scarecrow II,The Telephone Numbers,Alternative,Independent Artist,"San Francisco, California",Ben Salmon,matched,1o94o0ZhqMolBArYJ8CvCU,https://open.spotify.com/album/1o94o0ZhqMolBArYJ8CvCU,3xaNA0epeSQTt4ay74JnJ8,The Telephone Numbers,Scarecrow II,2025-10-10,day,album,10.0,https://i.scdn.co/image/ab67616d0000b273a9024cfbb1a5fb50be21fa7b,,,,matched,https://i.scdn.co/image/ab67616d0000b273a9024cfbb1a5fb50be21fa7b,https://open.spotify.com/artist/3xaNA0epeSQTt4ay74JnJ8
"October 13, 2025",SCALD,Macy Rodman,Pop,Independent Artist,"New York, New York",Jude Noel,matched,09gNO4WqNYlFEG7422hIIL,https://open.spotify.com/album/09gNO4WqNYlFEG7422hIIL,64RYvzNaD6RCGOzTCBtZUk,Macy Rodman,SCALD,2025-10-10,day,album,11.0,https://i.scdn.co/image/ab67616d0000b273a77966e920d5bbafd8b57ce3,,,,matched,https://i.scdn.co/image/ab6761610000e5eb31995ce5626925ca8dada9d1,https://open.spotify.com/artist/64RYvzNaD6RCGOzTCBtZUk
"October 10, 2025",The Beep Test,God Alone.,Punk,Independent Artist,"Cork, Ireland",Spencer Hughes,matched,4cfJVZJoDexgjxsHqCEnN7,https://open.spotify.com/album/4cfJVZJoDexgjxsHqCEnN7,0n21GeRyqvoD6q21UVtBHg,God Alone,The Beep Test,2025-10-10,day,album,9.0,https://i.scdn.co/image/ab67616d0000b273c12b559d426bcf89d406fd5d,,,,matched,https://i.scdn.co/image/ab6761610000e5eb02960d21e17a13d6141ad447,https://open.spotify.com/artist/0n21GeRyqvoD6q21UVtBHg
"October 09, 2025",Uncrossing the Keys,Wode,Metal,Independent Artist,"Manchester, UK",Grayson Haver Currin,matched,3Y4msGVQd8RCW1e2SsYscB,https://open.spotify.com/album/3Y4msGVQd8RCW1e2SsYscB,0omUs7Q7U5gC75RgG3JEn7,Wode,Uncrossing The Keys,2025-10-03,day,album,9.0,https://i.scdn.co/image/ab67616d0000b2730201fb87fbca2f24cf508bde,,,,matched,https://i.scdn.co/image/ab6761610000e5ebcc38bf0fbc2ccc4ddbc05364,https://open.spotify.com/artist/0omUs7Q7U5gC75RgG3JEn7
"October 08, 2025",Elusive,Potential Badboy,Reggae,Official Potential Badboy,"London, UK",Dean Van Nguyen,matched,6Nj1tm1k25VpINEP0JNcrX,https://open.spotify.com/album/6Nj1tm1k25VpINEP0JNcrX,3tgRH8lQ25Totz9QkeyC3n,Potential Badboy,Elusive,2025-10-03,day,album,13.0,https://i.scdn.co/image/ab67616d0000b27329ab785431d5012ac33a8437,,,,matched,https://i.scdn.co/image/ab6761610000e5eb0fa07811d91c636670ecf0f8,https://open.spotify.com/artist/3tgRH8lQ25Totz9QkeyC3n
"October 07, 2025",Out The Way,Marta & Tricky,Alternative,Tricky  // False Idols,"Berlin, Germany",Joe Muggs,no_match,,,,,,,,,,,,,,,,
"October 06, 2025",Sidenote,Joker Starr,Hip-Hop/Rap,Boot Records,UK,Dash Lewis,matched,0X5EPVxbOCxlTATVD2KwX1,https://open.spotify.com/album/0X5EPVxbOCxlTATVD2KwX1,0GWvYOMuS78fQQMjCHmapE,Joker Starr,Sidenote,2025-10-03,day,album,8.0,https://i.scdn.co/image/ab67616d0000b2735e2e4a3cce972ed200cf81cb,,,,matched,https://i.scdn.co/image/ab6761610000e5ebf887b3fafeadaa1631d6489a,https://open.spotify.com/artist/0GWvYOMuS78fQQMjCHmapE
"October 03, 2025",Root Echoes,DJ Babatr,Electronic,HAKUNA KULALA,"Kampala, Uganda",Joseph Francis,matched,5U001yoG2A1jjFQVjRkZyR,https://open.spotify.com/album/5U001yoG2A1jjFQVjRkZyR,2VAqLzkNHs0cre3T6i1PHD,Dj Babatr,Root Echoes,2025-10-03,day,album,10.0,https://i.scdn.co/image/ab67616d0000b273bad439eae799b9b052cfccc5,,,,matched,https://i.scdn.co/image/ab6761610000e5eb2174474050414a93c51bf911,https://open.spotify.com/artist/2VAqLzkNHs0cre3T6i1PHD
"October 02, 2025",Worldwide,Snooper,Punk,Independent Artist,"Nashville, Tennessee",Spencer Hughes,matched,0W2wD7Mt25BSYF82RzfXyy,https://open.spotify.com/album/0W2wD7Mt25BSYF82RzfXyy,197lTCdMFPariBJ2Xd1xNb,Snõõper,WORLDWIDE ON TAPE,2026-03-16,day,album,13.0,https://i.scdn.co/image/ab67616d0000b273678991b553b89fba4a53b35b,,,,matched,https://i.scdn.co/image/ab6761610000e5eb5c2c8982901d63e99660b392,https://open.spotify.com/artist/197lTCdMFPariBJ2Xd1xNb
"October 01, 2025","The Golden Voice of Phnom Penh, 1962–1974",So Savoeun,World,Akuphone,France,Elle Carroll,no_match,,,,,,,,,,,,,,,,
"September 30, 2025",Turning Yr Back on the Dolphin,Palm Springs,Alternative,Independent Artist,"Melbourne, Australia",Jennifer Kelly,no_match,,,,,,,,,,,,,,,,
"September 29, 2025",Neon Grey Midnight Green,Neko Case,Alternative,Independent Artist,"Seattle, Washington",Jennifer Kelly,matched,6iTA9mrYpN3l5P3nJbq1BU,https://open.spotify.com/album/6iTA9mrYpN3l5P3nJbq1BU,4Cedjq5BQL3MhapRvDpFED,Neko Case,Neon Grey Midnight Green,2025-09-26,day,album,12.0,https://i.scdn.co/image/ab67616d0000b273bb6e44dd001645004d620a47,,,,matched,https://i.scdn.co/image/ab6761610000e5eb07b1a967d9743d13f7c08606,https://open.spotify.com/artist/4Cedjq5BQL3MhapRvDpFED
"September 26, 2025",A Piece of Infinity,Meklit,World,Independent Artist,"San Francisco, California",Dean Van Nguyen,matched,2MabwKfqmCtxlYAmwz1CSr,https://open.spotify.com/album/2MabwKfqmCtxlYAmwz1CSr,4I5bRwfigd1Fj1ciXo7jQH,Meklit,A Piece of Infinity,2025-09-26,day,album,9.0,https://i.scdn.co/image/ab67616d0000b2735a0c084556f5b8833de6a5a0,,,,matched,https://i.scdn.co/image/ab6761610000e5eb4d2bd090c24093b55b3b0608,https://open.spotify.com/artist/4I5bRwfigd1Fj1ciXo7jQH
"September 25, 2025",Surfing On Sine Waves (Expanded Edition),Aphex Twin,Electronic,Independent Artist,UK,April Clare Welsh,no_match,,,,,,,,,,,,,,,,
"September 24, 2025",History of Silence,múm,Electronic,Independent Artist,Iceland,JR Moores,matched,6XRUd5Dl3ROLzjd0K0vrvj,https://open.spotify.com/album/6XRUd5Dl3ROLzjd0K0vrvj,4mw86zm4QZIL8SksdyE6OU,múm,History of Silence,2025-09-19,day,album,8.0,https://i.scdn.co/image/ab67616d0000b2732c3939ccde0e9044889e9405,,,,matched,https://i.scdn.co/image/ab6761610000e5eb357eca6c1047f88eb51984ff,https://open.spotify.com/artist/4mw86zm4QZIL8SksdyE6OU
"September 23, 2025",The Bestiary,Castle Rat,Metal,Independent Artist,"Brooklyn, New York",Brad Sanders,matched,12RVUYoOj8TCAfgP7L3zOg,https://open.spotify.com/album/12RVUYoOj8TCAfgP7L3zOg,2g5gjeZJLGcWPAF0o9KdJj,Castle Rat,The Bestiary,2025-09-19,day,album,13.0,https://i.scdn.co/image/ab67616d0000b2739d34d17cb51ded120e29881a,,,,matched,https://i.scdn.co/image/ab6761610000e5eb52fd15e5947a2fb869046a16,https://open.spotify.com/artist/2g5gjeZJLGcWPAF0o9KdJj
"September 22, 2025",Warsaw 480km,pôt-pot,Alternative,Independent Artist,,Collin Smith,matched,6c2iw7kIp7ZvH0Gw6MmB6K,https://open.spotify.com/album/6c2iw7kIp7ZvH0Gw6MmB6K,4kc1yUJ71zLwHOkDLDBdqT,pôt-pot,Warsaw 480km,2025-09-19,day,album,10.0,https://i.scdn.co/image/ab67616d0000b273ebd7097665a2a63e16ea5414,,,,matched,https://i.scdn.co/image/ab6761610000e5ebd9c5171f741b1ddbf7195210,https://open.spotify.com/artist/4kc1yUJ71zLwHOkDLDBdqT
"September 19, 2025",Level-Headed Even Smile,Dylan Earl,Country,Independent Artist,"Fayetteville, Arkansas",Brad Sanders,matched,4YACMzDu57KW3HafjdJx4b,https://open.spotify.com/album/4YACMzDu57KW3HafjdJx4b,1sm32z0weLp0tdr0T2wvUg,Dylan Earl,Level-Headed Even Smile,2025-09-19,day,album,10.0,https://i.scdn.co/image/ab67616d0000b27399a14bff08828b7d5af0c6ca,,,,matched,https://i.scdn.co/image/ab6761610000e5eb196e45de7acf65c3277cd4ce,https://open.spotify.com/artist/1sm32z0weLp0tdr0T2wvUg
"September 18, 2025",I Remember I Forget بنسى وبتذكر,Yasmine Hamdan,Electronic,Independent Artist,"Beirut, Lebanon",Sarah O&#39;Neal,matched,4VQ7IUWQUahZ30myCkP5KF,https://open.spotify.com/album/4VQ7IUWQUahZ30myCkP5KF,5VElAWe58JiEzEl4vtjw7J,Yasmine Hamdan,I remember I forget بنسى وبتذكر,2025-09-19,day,album,10.0,https://i.scdn.co/image/ab67616d0000b2734203085c9d26b660c1b71c1e,,,,matched,https://i.scdn.co/image/ab6761610000e5eba8c37d146e38d5e8cf8946bf,https://open.spotify.com/artist/5VElAWe58JiEzEl4vtjw7J
"September 17, 2025",Sasquatch Landslide,The Dwarfs Of East Agouza,Experimental,Constellation Records,"Montreal, Québec",Jon Dale,matched,1ln1ggoi8WI70a65ocKGBM,https://open.spotify.com/album/1ln1ggoi8WI70a65ocKGBM,4hOby8V5qAcpSDTMxKchiR,The Dwarfs of East Agouza,Sasquatch Landslide,2025-10-03,day,album,7.0,https://i.scdn.co/image/ab67616d0000b273d11c6c9282e9fc6f8e9b90ce,,,,matched,https://i.scdn.co/image/ab6772690000c46caeb6a0b0c91ee0459bbeeea3,https://open.spotify.com/artist/4hOby8V5qAcpSDTMxKchiR
"September 16, 2025",Exinfinite,Venera,Experimental,Independent Artist,"Los Angeles, California",Ted Davis,matched,6CYAKYX4fqMiUXa13fgy81,https://open.spotify.com/album/6CYAKYX4fqMiUXa13fgy81,7d7z7BjNTjkZdFN29WqfL2,Venera,Exinfinite,2025-09-12,day,album,9.0,https://i.scdn.co/image/ab67616d0000b273ea0a9244118fd9b0864fe1ce,,,,matched,https://i.scdn.co/image/ab6761610000e5eb9afe7fa88fd097a6dc0acd5f,https://open.spotify.com/artist/7d7z7BjNTjkZdFN29WqfL2
"September 15, 2025",SWEET TOOTH,Halima,Pop,Independent Artist,"New York, New York",April Clare Welsh,matched,0LGOZou83JowRUU1hWGOmD,https://open.spotify.com/album/0LGOZou83JowRUU1hWGOmD,3bSZmhmZ0bWMkMl37DK5ap,Halima,SWEET TOOTH,2025-09-19,day,album,11.0,https://i.scdn.co/image/ab67616d0000b2739aa5e242308c20f2b90f1c68,,,,matched,https://i.scdn.co/image/ab6761610000e5eba9f0609ec6809f16b17d766c,https://open.spotify.com/artist/3bSZmhmZ0bWMkMl37DK5ap
"September 12, 2025",Broken Homes and Gardens,Michael Hurley,Folk,Independent Artist,"Astoria, Oregon",Jim Allen,matched,2oiuSSVoHDESpR0a9NMDgv,https://open.spotify.com/album/2oiuSSVoHDESpR0a9NMDgv,3XHvzfKFZkSXEUiZE4WrIz,Michael Hurley,Broken Homes and Gardens,2025-09-12,day,album,11.0,https://i.scdn.co/image/ab67616d0000b273006e0d3b55ba7330e2d42129,,,,matched,https://i.scdn.co/image/62116e668f48de61dfaa9d12e63e31876197a18e,https://open.spotify.com/artist/3XHvzfKFZkSXEUiZE4WrIz
"September 11, 2025",Body Lapse,Rian Treanor & Cara Tolmie,Electronic,Rian Treanor,"Rotherham, UK",April Clare Welsh,no_match,,,,,,,,,,,,,,,,
"September 10, 2025",A Danger to Ourselves,Lucrecia Dalt,Electronic,Independent Artist,,James Gui,matched,57qCSMVr1gZhW68IZXoPmC,https://open.spotify.com/album/57qCSMVr1gZhW68IZXoPmC,4LC4vkseYrSEDd6MjZvOO9,Lucrecia Dalt,A Danger to Ourselves,2025-09-05,day,album,13.0,https://i.scdn.co/image/ab67616d0000b273190ed23d276b5f5f536dcbd0,,,,matched,https://i.scdn.co/image/ab6761610000e5eb6104418926fd1f7e2eeb9f1e,https://open.spotify.com/artist/4LC4vkseYrSEDd6MjZvOO9
"September 09, 2025",Throwing Shapes,Throwing Shapes,Ambient,Gareth Quinn Redmond,"Dublin, Ireland",Mike McGrath-Bryan,matched,0M1K5rthCtzzkwDtFe6qAR,https://open.spotify.com/album/0M1K5rthCtzzkwDtFe6qAR,6epVyodOAl7wsCDIvgHeG3,Throwing Shapes,Throwing Shapes,2025-09-05,day,album,8.0,https://i.scdn.co/image/ab67616d0000b273dae457c8c4486cb68217430f,,,,matched,https://i.scdn.co/image/ab6761610000e5eb436e11dc574b3223abc85543,https://open.spotify.com/artist/6epVyodOAl7wsCDIvgHeG3
"September 08, 2025",Philip Glass: The Complete Piano Etudes,Vanessa Wagner,Classical,Independent Artist,"Montreuil, France",Jennifer Kelly,no_match,,,,,,,,,,,,,,,,
"September 05, 2025",The Radiant Radish,Jetski,Electronic,Independent Artist,"Peoria, Illinois",Erick Bradshaw,matched,1LM0wEpt9IHXVHxtbIXRS5,https://open.spotify.com/album/1LM0wEpt9IHXVHxtbIXRS5,43PNREByD3AYaBIzTQk5uR,Jetski,The Radiant Radish,2025-09-02,day,album,9.0,https://i.scdn.co/image/ab67616d0000b2730508e575d05ff57e1bff1aa1,,,,matched,https://i.scdn.co/image/ab6761610000e5ebe0251bffc491ae90b4c57c5e,https://open.spotify.com/artist/43PNREByD3AYaBIzTQk5uR
"September 04, 2025",Love Chant,The Lemonheads,Alternative,Independent Artist,"Boston, Massachusetts",Jude Noel,matched,2Osl9AyobrS97S5qxEeWJo,https://open.spotify.com/album/2Osl9AyobrS97S5qxEeWJo,6w7fc6IZlo5zwBaKT5jU1X,The Lemonheads,Love Chant,2025-10-24,day,album,11.0,https://i.scdn.co/image/ab67616d0000b2735089d110ce58d7f1ead5bd9b,,,,matched,https://i.scdn.co/image/ab6761610000e5ebedd5988d1e65be99c3dfeddb,https://open.spotify.com/artist/6w7fc6IZlo5zwBaKT5jU1X
"September 03, 2025",I Made My House,Eliot Krimsky,Experimental,Independent Artist,"Brooklyn, New York",Matthew Blackwell,matched,0jeeke3NtYWd5IQ6ztmhUL,https://open.spotify.com/album/0jeeke3NtYWd5IQ6ztmhUL,5GSu3GgVz2LxS8cWq9duew,Eliot Krimsky,I Made My House,2025-08-29,day,album,13.0,https://i.scdn.co/image/ab67616d0000b273300ee76ce8cdd17f8415c8d5,,,,matched,https://i.scdn.co/image/ab6761610000e5eb2b43133533e583cda59e1487,https://open.spotify.com/artist/5GSu3GgVz2LxS8cWq9duew
"September 02, 2025",Leo Negro,JayWood,Hip-Hop/Rap,Independent Artist,"Montreal, Québec",Filipe Costa,matched,00Ef9KGYcxnq3vIrv71UbG,https://open.spotify.com/album/00Ef9KGYcxnq3vIrv71UbG,4b9Dr3XFxT65mrPBFY6mqG,JayWood,LEO NEGRO,2025-09-05,day,album,11.0,https://i.scdn.co/image/ab67616d0000b2731d767adba23d0b1172f3e03a,,,,matched,https://i.scdn.co/image/ab6761610000e5eb37e28eeb0fc28f46e96cd0c9,https://open.spotify.com/artist/4b9Dr3XFxT65mrPBFY6mqG
"August 29, 2025",Vanguardia Subterránea: Live at The Village Vanguard,Miguel Zenón Quartet,Jazz,Miguel Zenón,"New York, New York",Britt Robson,matched,4X3wYOIiV45eBtVcM2pKHa,https://open.spotify.com/album/4X3wYOIiV45eBtVcM2pKHa,1SepPmlHgxKPINLmEnS8HW,Miguel Zenón Quartet,Vanguardia Subterránea: Live at The Village Vanguard,2025-08-29,day,album,8.0,https://i.scdn.co/image/ab67616d0000b273174b09fcac3745bfad2c7aea,,,,matched,https://i.scdn.co/image/ab67616d0000b273174b09fcac3745bfad2c7aea,https://open.spotify.com/artist/1SepPmlHgxKPINLmEnS8HW
"August 28, 2025",The Heat Warps,Modern Nature,Folk,Independent Artist,"Cambridge, UK",Jennifer Kelly,matched,3x26u06ZE5cyJMzlTvD4So,https://open.spotify.com/album/3x26u06ZE5cyJMzlTvD4So,6qmQYC8FDqqdpsJDNCb1ms,Modern Nature,The Heat Warps,2025-08-29,day,album,9.0,https://i.scdn.co/image/ab67616d0000b2736657dd1c6263a72e0b538b2f,,,,matched,https://i.scdn.co/image/ab6761610000e5eb4157372fc50805028dbc7c1f,https://open.spotify.com/artist/6qmQYC8FDqqdpsJDNCb1ms
"August 27, 2025",GUSH,Kaitlyn Aurelia Smith,Ambient,Independent Artist,"Los Angeles, California",Ted Davis,matched,4s6VTVytCKSC0ZrRZMg6J6,https://open.spotify.com/album/4s6VTVytCKSC0ZrRZMg6J6,6P86FLVAK4sxu8OhyQJBvH,Kaitlyn Aurelia Smith,GUSH,2025-08-22,day,album,13.0,https://i.scdn.co/image/ab67616d0000b27324d57544e3605feeb27a92f7,,,,matched,https://i.scdn.co/image/ab6761610000e5eba26adc44e8b8fc891acdcd85,https://open.spotify.com/artist/6P86FLVAK4sxu8OhyQJBvH
"August 26, 2025",The Collapse Of Everything,Adrian Sherwood,Electronic,Independent Artist,UK,April Clare Welsh,matched,3HG1zv4sD5zDEfBd8BNzED,https://open.spotify.com/album/3HG1zv4sD5zDEfBd8BNzED,4vZIz0gG5DD3Qj9MB6kclW,Adrian Sherwood,The Collapse Of Everything,2025-08-22,day,album,10.0,https://i.scdn.co/image/ab67616d0000b273257c8061d3e8d336ebcf8b3d,,,,matched,https://i.scdn.co/image/ab6761610000e5ebe31f828160bbd40e9d137b02,https://open.spotify.com/artist/4vZIz0gG5DD3Qj9MB6kclW
"August 25, 2025",Music for Writers,Steve Gunn,Folk,Independent Artist,"Brooklyn, New York",Grayson Haver Currin,matched,0QYKaYnIPh2SY4g7RJx49s,https://open.spotify.com/album/0QYKaYnIPh2SY4g7RJx49s,7uLXW75DlTRahz2WKJZGeO,Steve Gunn,Music For Writers,2025-08-15,day,album,10.0,https://i.scdn.co/image/ab67616d0000b273c69bccac3c79b601c6f468c1,,,,matched,https://i.scdn.co/image/ab6761610000e5ebbf401db358984a1a3a4f8531,https://open.spotify.com/artist/7uLXW75DlTRahz2WKJZGeO
"August 22, 2025",It’s A Beautiful Place,Water From Your Eyes,Alternative,Independent Artist,"Brooklyn, New York",Stuart Berman,no_match,,,,,,,,,,,,,,,,
"August 21, 2025",Cool Down the Heat,Junior Murvin,Reggae,Independent Artist,Jamaica,Jared Proudfoot,matched,6ZsxcSPqxHxiTm4S81StW7,https://open.spotify.com/album/6ZsxcSPqxHxiTm4S81StW7,17dXLKGh9AKpooAvGaVt34,Junior Murvin,Cool Down The Heat,2025-08-22,day,album,12.0,https://i.scdn.co/image/ab67616d0000b273f40b0a97b004da47bc3fc66d,,,,matched,https://i.scdn.co/image/26d80cc63e7a42ca13c9dab2587629deff85ae25,https://open.spotify.com/artist/17dXLKGh9AKpooAvGaVt34
"August 20, 2025",CBGB 12.13.88,Galaxie 500,Alternative,Independent Artist,"Boston, Massachusetts",George Grella,no_match,,,,,,,,,,,,,,,,
"August 19, 2025",Sortilège,Gabe ‘Nandez & Preservation,Hip-Hop/Rap,Gabe &#39;Nandez,"New York, New York",Nadine Smith,no_match,,,,,,,,,,,,,,,,
"August 18, 2025",Luke’s Garage,Delicate Steve,Alternative,Independent Artist,New Jersey,Elle Carroll,no_match,,,,,,,,,,,,,,,,
"August 15, 2025",Laurentian Blue and Songs of Hiraeth,Panopticon,Folk,"truepanopticon.bandcamp.com"" data-clickthrough=""Panopticon","Ely, Minnesota",Ben Salmon,no_match,,,,,,,,,,,,,,,,
"August 14, 2025",Acqua Marina,Prefaces,Jazz,Hisstology,Lebanon,Jim Allen,matched,1WmWAQD8laPSNz8MNOCEvH,https://open.spotify.com/album/1WmWAQD8laPSNz8MNOCEvH,60v8T5Qv1sZsRmmnuNz4V5,Prefaces,Acqua Marina,2025-08-15,day,album,11.0,https://i.scdn.co/image/ab67616d0000b2738bb68870c63e9e9e2efa8958,,,,matched,https://i.scdn.co/image/ab6761610000e5ebae93f3e4fc5ad26713af6eeb,https://open.spotify.com/artist/60v8T5Qv1sZsRmmnuNz4V5
"August 13, 2025",Utero Dei,Mondo Lava,Experimental,Independent Artist,"Pamplona, Spain",Ted Davis,matched,0WXAY9Mhi6PkajwqkbrYM4,https://open.spotify.com/album/0WXAY9Mhi6PkajwqkbrYM4,29FujBxc4P5mvmNas09T0F,Mondo Lava,Utero Dei,2025-08-12,day,album,16.0,https://i.scdn.co/image/ab67616d0000b27334aba127f3e66e531d87e3a0,,,,matched,https://i.scdn.co/image/ab6761610000e5ebe610975b2f2644a01aaa11a3,https://open.spotify.com/artist/29FujBxc4P5mvmNas09T0F
"August 12, 2025",Anyway,Anamanaguchi,Alternative,Independent Artist,"New York, New York",Eli Schoop,matched,1zBNf8vdJjJFF3jKhrPbHZ,https://open.spotify.com/album/1zBNf8vdJjJFF3jKhrPbHZ,2UwJRAgSOi1zcLkvUNc8XL,Anamanaguchi,Anyway,2025-08-08,day,album,12.0,https://i.scdn.co/image/ab67616d0000b2738fc98ed7994671857fcb70dc,,,,matched,https://i.scdn.co/image/ab6761610000e5eb6c4fa6cb798a3edffae270b4,https://open.spotify.com/artist/2UwJRAgSOi1zcLkvUNc8XL
"August 11, 2025",ABOMINATION REVEALED AT LAST,OSEES,Punk,Osees,"Los Angeles, California",Harry Levin,no_match,,,,,,,,,,,,,,,,
"August 08, 2025",Somewhere Only We Go,Tommy WÁ,Alternative,Independent Artist,"Accra, Ghana",Ted Davis,matched,7CkVmuSarxEAaF40gwVNWm,https://open.spotify.com/album/7CkVmuSarxEAaF40gwVNWm,17e35Wp915ZK8I2wCBT1Kd,Tommy WÁ,Somewhere Only We Go,2025-08-08,day,single,5.0,https://i.scdn.co/image/ab67616d0000b273cf5e5a838cdfc80f397caf7e,,,,matched,https://i.scdn.co/image/ab6761610000e5eb1ef047989ce0d69e3e98fddc,https://open.spotify.com/artist/17e35Wp915ZK8I2wCBT1Kd
"August 07, 2025",Bliss,alice does computer music,Experimental,Independent Artist,"New York, New York",Elle Carroll,no_match,,,,,,,,,,,,,,,,
"August 06, 2025",Grasping For the Moon,Untethered,Jazz,Paul Giess,"Philadelphia, Pennsylvania",Peter Margasak,no_match,,,,,,,,,,,,,,,,
"August 05, 2025",THE FUTURE IS HERE AND EVERYTHING NEEDS TO BE DESTROYED,The Armed,Punk,Independent Artist,"Detroit, Michigan",Spencer Hughes,matched,4bTc11nxlikKJqEEY8rMqJ,https://open.spotify.com/album/4bTc11nxlikKJqEEY8rMqJ,4V5obzWMr7BHZrjOiQwB4K,The Armed,THE FUTURE IS HERE AND EVERYTHING NEEDS TO BE DESTROYED,2025-08-01,day,album,11.0,https://i.scdn.co/image/ab67616d0000b273dadbd3f3b8280f96596e3f09,,,,matched,https://i.scdn.co/image/ab6761610000e5eb808200126421b4b32023a8ac,https://open.spotify.com/artist/4V5obzWMr7BHZrjOiQwB4K
"August 04, 2025",The Starrr Of The Queen Of Life,DEBBY FRIDAY,Pop,Independent Artist,"Toronto, Ontario",Rae-Aila Crumble,matched,6dPzItzD6sKJWxxloYZ8U9,https://open.spotify.com/album/6dPzItzD6sKJWxxloYZ8U9,5lofelrRCFBwzTF616hSx4,DEBBY FRIDAY,The Starrr Of The Queen Of Life,2025-08-01,day,album,11.0,https://i.scdn.co/image/ab67616d0000b2730db5ef2895204de71a6f58c3,,,,matched,https://i.scdn.co/image/ab6761610000e5ebc883371894592b28cc74b218,https://open.spotify.com/artist/5lofelrRCFBwzTF616hSx4
"August 01, 2025",Ashes That Made The Shape Of My Dreams,𝘮𝘦𝘵𝘳𝘢.𝘷𝘦𝘴𝘵𝘭𝘶𝘥,Electronic,Independent Artist,,Ted Davis,matched,7rOrujb6owASRE12kutdr4,https://open.spotify.com/album/7rOrujb6owASRE12kutdr4,22QxXb99KiQtlYpLomWAwG,metra.vestlud,Ashes That Made the Shape of My Dreams,2025-08-01,day,album,10.0,https://i.scdn.co/image/ab67616d0000b273fc1db812500190902fbf0b8a,,,,matched,https://i.scdn.co/image/ab67616d0000b273fc1db812500190902fbf0b8a,https://open.spotify.com/artist/22QxXb99KiQtlYpLomWAwG
"July 31, 2025",Sure Beats Living,Wevie Stonder,Alternative,Independent Artist,UK,Joe Muggs,matched,67KyhXNjC6IDTxfD5iUNHi,https://open.spotify.com/album/67KyhXNjC6IDTxfD5iUNHi,4UtxjtibxaFrpvxq6PZ0Yp,Wevie Stonder,Sure Beats Living,2025-07-25,day,album,12.0,https://i.scdn.co/image/ab67616d0000b2734f0838157837b29a46a89787,,,,matched,https://i.scdn.co/image/ab6761610000e5eb988552519785d45ec801d19d,https://open.spotify.com/artist/4UtxjtibxaFrpvxq6PZ0Yp
"July 30, 2025",Louhi,Pharaoh Overlord,Experimental,Independent Artist,"Pori, Finland",JR Moores,matched,4dFD8u8BBzGZj6Gp4WxNui,https://open.spotify.com/album/4dFD8u8BBzGZj6Gp4WxNui,3Aym9HWMoIOubfMXll94Jp,Pharaoh Overlord,Louhi,2025-07-25,day,album,6.0,https://i.scdn.co/image/ab67616d0000b27384cab9cb21d4b7e5c711d107,,,,matched,https://i.scdn.co/image/ab67616d0000b2732d71797c5d65fcab256ebacc,https://open.spotify.com/artist/3Aym9HWMoIOubfMXll94Jp
"July 29, 2025",Then The Darkness,Grayceon,Metal,Independent Artist,"San Francisco, California",JR Moores,matched,33WCf7mEgfY7chb3F91A2l,https://open.spotify.com/album/33WCf7mEgfY7chb3F91A2l,6FMByiXYyVWCsnfRz08wO3,Grayceon,Then The Darkness,2025-07-25,day,album,11.0,https://i.scdn.co/image/ab67616d0000b273df3da5912552537623ab35db,,,,matched,https://i.scdn.co/image/ab67616d0000b273df3da5912552537623ab35db,https://open.spotify.com/artist/6FMByiXYyVWCsnfRz08wO3
"July 28, 2025","Bitter Sweet, Sweet Bitter",Fortunato Durutti Marinetti,Rock,Independent Artist,"Toronto, Ontario",Stuart Berman,no_match,,,,,,,,,,,,,,,,
"July 25, 2025",Music for Nitrous Oxide (30 Year Anniversary Remastered),Stars of the Lid,Ambient,Independent Artist,"Brussels, Belgium",Erick Bradshaw,matched,5E2CTk9a7gJSOmMdy5NJcK,https://open.spotify.com/album/5E2CTk9a7gJSOmMdy5NJcK,36pCa1JHc6hlGbfEmLzJQc,Stars Of The Lid,Music for Nitrous Oxide (30 Year Anniversary Remastered),2025-07-25,day,album,9.0,https://i.scdn.co/image/ab67616d0000b273056473fe77487dee82e80168,,,,matched,https://i.scdn.co/image/ab6761610000e5eb4cd47defce818236e875e8df,https://open.spotify.com/artist/36pCa1JHc6hlGbfEmLzJQc
"July 24, 2025",Jittoku ’76,Les Rallizes Dénudés,Experimental,Independent Artist,"Kyoto, Japan",Erick Bradshaw,matched,181Pz3UQ6RYWHh0URw4scn,https://open.spotify.com/album/181Pz3UQ6RYWHh0URw4scn,1LxdCpPSFpzNBKyQI22aDz,Les Rallizes Dénudés,Jittoku '76,2025-08-22,day,album,9.0,https://i.scdn.co/image/ab67616d0000b2735a1ab3ca232a5f30201c97d5,,,,matched,https://i.scdn.co/image/ab6761610000e5eb713ebe89e60953355cf21069,https://open.spotify.com/artist/1LxdCpPSFpzNBKyQI22aDz
"July 23, 2025",Tectonic Sound,Various Artists,Electronic,Tectonic Recordings,"Bristol, UK",Joe Muggs,matched,6fZab445GXHj3FPdGhYOiv,https://open.spotify.com/album/6fZab445GXHj3FPdGhYOiv,0LyfQWJT6nXafLPZqxe9Of,Various Artists,Tectonic Sound,2025-07-18,day,compilation,24.0,https://i.scdn.co/image/ab67616d0000b2734d6b73d4159c38b113cd7b86,,,,matched,https://i.scdn.co/image/ab6761610000e5eb6b134287e3095d2c84b7932a,https://open.spotify.com/artist/0LyfQWJT6nXafLPZqxe9Of
"July 22, 2025",Contacting,Sunmundi & Sasco,Hip-Hop/Rap,Sasco,"Brooklyn, New York",Dylan Green,no_match,,,,,,,,,,,,,,,,
"July 21, 2025",The Molokai Compendium,Nmesh,Electronic,Independent Artist,"Louisville, Kentucky",Ted Davis,no_match,,,,,,,,,,,,,,,,
"July 18, 2025",Beside Myself,Dj Haram,Electronic,dj haram,"Brooklyn, New York",Joe Muggs,matched,1HefOvYgOuMNvimlMTpUhc,https://open.spotify.com/album/1HefOvYgOuMNvimlMTpUhc,13VynrBSvRLrAX5YqdD1vl,DJ Haram,Beside Myself,2025-07-18,day,album,14.0,https://i.scdn.co/image/ab67616d0000b2737244b803d507f027903a481b,,,,matched,https://i.scdn.co/image/ab6761610000e5eb4d0a4b6d472e146ad536915b,https://open.spotify.com/artist/13VynrBSvRLrAX5YqdD1vl
"July 17, 2025",Flesh Mourning,Re-Buried,Metal,Independent Artist,"Seattle, Washington",Brad Sanders,matched,6V2ZT2XoyIQvIaFbt2fPAU,https://open.spotify.com/album/6V2ZT2XoyIQvIaFbt2fPAU,0gY7I2I1SHhpXKjf2XoSjK,Re-buried,Flesh Mourning,2025-07-18,day,album,8.0,https://i.scdn.co/image/ab67616d0000b273851b74944dc5befdf85478f2,,,,matched,https://i.scdn.co/image/ab67616d0000b273851b74944dc5befdf85478f2,https://open.spotify.com/artist/0gY7I2I1SHhpXKjf2XoSjK
"July 16, 2025",My Home is Not In This World,Natalie Bergman,R&amp;B/Soul,Independent Artist,"Chicago, Illinois",Jennifer Kelly,matched,3ioKmigfvYnT6nKa3SpNpe,https://open.spotify.com/album/3ioKmigfvYnT6nKa3SpNpe,6YP6iGwynI5kEyNYxfxVeC,Natalie Bergman,My Home Is Not In This World,2025-07-18,day,album,12.0,https://i.scdn.co/image/ab67616d0000b273e878c02441c5ca722d3d9d39,,,,matched,https://i.scdn.co/image/ab6761610000e5eb39ab04f8244e090c7318aa08,https://open.spotify.com/artist/6YP6iGwynI5kEyNYxfxVeC
"July 15, 2025",Neighborhood Gods Unlimited,Open Mike Eagle,Hip-Hop/Rap,Independent Artist,Los Angeles,Dash Lewis,matched,5TgdklWQYwr3eTPmrmnn8t,https://open.spotify.com/album/5TgdklWQYwr3eTPmrmnn8t,5CuU6SRJjbbZL926nSGGxX,Open Mike Eagle,Neighborhood Gods Unlimited,2025-07-11,day,album,14.0,https://i.scdn.co/image/ab67616d0000b273875a3ecd8efd074f6c1ce431,,,,matched,https://i.scdn.co/image/ab6761610000e5eb96826659fcdac3bd12fea8a8,https://open.spotify.com/artist/5CuU6SRJjbbZL926nSGGxX
"July 14, 2025",All Smiles Tonight,Poor Creature,Folk,Independent Artist,,Mike McGrath-Bryan,matched,3HHpzz0BJzocuh7IPRZcxE,https://open.spotify.com/album/3HHpzz0BJzocuh7IPRZcxE,3mtqHrUS1BAX0hIvwiU0X0,Poor Creature,All Smiles Tonight,2025-07-11,day,album,8.0,https://i.scdn.co/image/ab67616d0000b273f0c40dd9c37a91585d339a16,,,,matched,https://i.scdn.co/image/ab6761610000e5eba0e15e2833989587a7658db3,https://open.spotify.com/artist/3mtqHrUS1BAX0hIvwiU0X0
"July 11, 2025",The Fateful Symmetry,Mark Stewart,Alternative,Independent Artist,"Bristol, UK",Jim Allen,matched,1jXmWxhrOo13TiVeMi7weM,https://open.spotify.com/album/1jXmWxhrOo13TiVeMi7weM,0p9SsqmppyP3CY3Rp78opc,Mark Stewart,The Fateful Symmetry,2025-07-11,day,album,9.0,https://i.scdn.co/image/ab67616d0000b2730261392a6e666a1a043fc581,,,,matched,https://i.scdn.co/image/ab6761610000e5eb7f9f90bf712020a550ddc40a,https://open.spotify.com/artist/0p9SsqmppyP3CY3Rp78opc
"July 10, 2025",Attrition,Slikback,Electronic,Independent Artist,"Nairobi, Kenya",Joseph Francis,matched,0vFA2AUaFloJHvMn2C0EIW,https://open.spotify.com/album/0vFA2AUaFloJHvMn2C0EIW,0NwRAG9DawUqqgur9925fA,Slikback,Attrition,2025-07-18,day,album,11.0,https://i.scdn.co/image/ab67616d0000b273f3edc5f72aa73e6d906ecc11,,,,matched,https://i.scdn.co/image/ab6761610000e5eb266eedf89f89e330ffcdc25c,https://open.spotify.com/artist/0NwRAG9DawUqqgur9925fA
"July 09, 2025",State Change,Molly Joyce,Electronic,Independent Artist,"Charlottesville, Virginia",Matthew Blackwell,matched,1u8qK4z3JKBzIyRIKSgbme,https://open.spotify.com/album/1u8qK4z3JKBzIyRIKSgbme,3pQJqAPDY0kqdUamnYOtN7,Molly Joyce,State Change,2025-07-11,day,album,7.0,https://i.scdn.co/image/ab67616d0000b273ac4b4ef3846cba916838fcf6,,,,matched,https://i.scdn.co/image/ab6761610000e5ebb69c6f37de3a93ff93e18172,https://open.spotify.com/artist/3pQJqAPDY0kqdUamnYOtN7
"July 08, 2025",A Selection Of Music From Libyan Tapes,Various Artists,World,Habibi Funk Records,"Berlin, Germany",Collin Smith,matched,7eHbW4jaFRWpm3vvX6b9JO,https://open.spotify.com/album/7eHbW4jaFRWpm3vvX6b9JO,0LyfQWJT6nXafLPZqxe9Of,Various Artists,A Selection of Music from Libyan Tapes (Habibi Funk 031),2025-07-04,day,compilation,15.0,https://i.scdn.co/image/ab67616d0000b273dc5ea82987ccf9551aadaab7,,,,matched,https://i.scdn.co/image/ab6761610000e5eb6b134287e3095d2c84b7932a,https://open.spotify.com/artist/0LyfQWJT6nXafLPZqxe9Of
"July 07, 2025",Nadir,Sababa 5,Jazz,Independent Artist,"Paris, France",Tina Edwards,matched,456DzfIbWVhzuIY1BCHBVr,https://open.spotify.com/album/456DzfIbWVhzuIY1BCHBVr,4MAzZqdLNuFniumG9Sbjiu,Sababa 5,Nadir,2025-07-04,day,album,11.0,https://i.scdn.co/image/ab67616d0000b2734a17d358c06fa38f1dc0979c,,,,matched,https://i.scdn.co/image/ab6761610000e5ebfec6125f6850249c6adbd875,https://open.spotify.com/artist/4MAzZqdLNuFniumG9Sbjiu
"July 03, 2025",Pantilde,The Worm,Folk,Independent Artist,"Penryn, UK",JR Moores,matched,6k4okPlf0BgBk7L8Uprcqk,https://open.spotify.com/album/6k4okPlf0BgBk7L8Uprcqk,5B24EHdekrZhg0SWmMBdfl,The Worm,Pantilde,2025-07-04,day,album,12.0,https://i.scdn.co/image/ab67616d0000b2734b3d04a53d4b71f531649e2d,,,,matched,https://i.scdn.co/image/ab6761610000e5eb286d51c472637bf9e4da6cc1,https://open.spotify.com/artist/5B24EHdekrZhg0SWmMBdfl
"July 02, 2025",Late Great,Laura Stevenson,Folk,Independent Artist,New York,Hayden Merrick,matched,637RjNPlB66TysQ9cn577L,https://open.spotify.com/album/637RjNPlB66TysQ9cn577L,1lVadNivMiSkc2N6irhWdg,Laura Stevenson,Late Great,2025-06-27,day,album,12.0,https://i.scdn.co/image/ab67616d0000b273dd78609eb87e43267c877a7d,,,,matched,https://i.scdn.co/image/ab6761610000e5eb9cceff5bbf3d0be48c512368,https://open.spotify.com/artist/1lVadNivMiSkc2N6irhWdg
"July 01, 2025",Various Artists: Music For A Revolution Vol 1: Guinea’s Syliphone Recording Label (1967-1973),Radio Martiko,World,Independent Artist,Belgium,Matthew Blackwell,no_match,,,,,,,,,,,,,,,,
"June 30, 2025",Winged Victory,Willi Carlisle,Country,Independent Artist,Missouri,Ben Salmon,matched,3KQ39o2TcT6nJgGFt6C5Gl,https://open.spotify.com/album/3KQ39o2TcT6nJgGFt6C5Gl,3JXh5RaaZipkV08RQK9L3L,Willi Carlisle,Winged Victory,2025-06-27,day,album,11.0,https://i.scdn.co/image/ab67616d0000b273740624da55a3759738418633,,,,matched,https://i.scdn.co/image/ab6761610000e5eb4a5987daa4c4e84fe9181339,https://open.spotify.com/artist/3JXh5RaaZipkV08RQK9L3L
"June 27, 2025",Switcheroo,Gelli Haha,Pop,Independent Artist,"Los Angeles, California",Elle Carroll,matched,0oMDgfgLtjo8bBps7tsUY6,https://open.spotify.com/album/0oMDgfgLtjo8bBps7tsUY6,4O0acxqHYUQGGMqOICiSeI,Gelli Haha,Switcheroo,2025-06-27,day,album,10.0,https://i.scdn.co/image/ab67616d0000b2730a328561640563549d6c5c61,,,,matched,https://i.scdn.co/image/ab6761610000e5ebeeedc69add90968d948b0c25,https://open.spotify.com/artist/4O0acxqHYUQGGMqOICiSeI
"June 26, 2025",Sunwise,Brìghde Chaimbeul,Folk,Independent Artist,"Scotland, UK",Michal Wieczorek,matched,42xUwjm0LOF9A0TjONtuII,https://open.spotify.com/album/42xUwjm0LOF9A0TjONtuII,7AzZeX7Q9ziRE6mILhQZ8W,Brìghde Chaimbeul,Sunwise,2025-06-27,day,album,8.0,https://i.scdn.co/image/ab67616d0000b273e274c526aed2a5c569d3bdf2,,,,matched,https://i.scdn.co/image/ab6761610000e5ebfd1ea9b3b52d36aeb9fef6e5,https://open.spotify.com/artist/7AzZeX7Q9ziRE6mILhQZ8W
"June 25, 2025",R4,Black Sites,Electronic,Tresor Records,"Berlin, Germany",Joe Muggs,no_match,,,,,,,,,,,,,,,,
"June 24, 2025",The Way of Time,Biosphere,Ambient,Independent Artist,"Tromsø, Norway",Louis Pattison,matched,5bvnzjJhvJShhiX4ooaDgN,https://open.spotify.com/album/5bvnzjJhvJShhiX4ooaDgN,2rcnAZ6DvORQ365X3zVYpr,Biosphere,The Way Of Time,2025-06-20,day,album,6.0,https://i.scdn.co/image/ab67616d0000b273fe82376bcaced3434b9d5cbd,,,,matched,https://i.scdn.co/image/27d5f3835207c457a51e06dfad8ead34d75901ea,https://open.spotify.com/artist/2rcnAZ6DvORQ365X3zVYpr
"June 23, 2025",INFINITY CLUB II,BAMBII,Electronic,Independent Artist,"Toronto, Ontario",April Clare Welsh,matched,65rerxGdYHjGKB9Fx26rYK,https://open.spotify.com/album/65rerxGdYHjGKB9Fx26rYK,6kf69CwzgodrETRgzcjX95,BAMBII,INFINITY CLUB II,2025-06-20,day,single,12.0,https://i.scdn.co/image/ab67616d0000b273dff2d595a10a891690368f3f,,,,matched,https://i.scdn.co/image/ab6761610000e5eb1bd63a9190981624ea7e016f,https://open.spotify.com/artist/6kf69CwzgodrETRgzcjX95
"June 20, 2025",do it afraid,Yaya Bey,R&amp;B/Soul,yaya bey,"Brooklyn, New York",Rae-Aila Crumble,matched,43EgijZ2EwYb8xgRDMh8GK,https://open.spotify.com/album/43EgijZ2EwYb8xgRDMh8GK,6tpaMMCs8X6o8j9H5OmWmT,Yaya Bey,do it afraid,2025-06-20,day,album,18.0,https://i.scdn.co/image/ab67616d0000b27328805043043eb1aa87c00f19,,,,matched,https://i.scdn.co/image/ab6761610000e5eb9a3287ee249df037a01f268a,https://open.spotify.com/artist/6tpaMMCs8X6o8j9H5OmWmT
"June 18, 2025",My Government Is My Soul,Bourbonese Qualk,Punk,Mannequin Records,Germany,Jim Allen,matched,5RrIJGlq8Jzh0MmA4G9Ut6,https://open.spotify.com/album/5RrIJGlq8Jzh0MmA4G9Ut6,631AHY7OuS17Q3EK0y00un,Bourbonese Qualk,My Government Is My Soul (Expanded Version),2025-06-16,day,album,16.0,https://i.scdn.co/image/ab67616d0000b273acc15f5fe96efbef86b46c14,,,,matched,https://i.scdn.co/image/ab6761610000e5eb48daf0c21062101f2ea5c1f6,https://open.spotify.com/artist/631AHY7OuS17Q3EK0y00un
"June 17, 2025",I Saw The World End (Hangman’s Hymn MMXXV),Sigh,Metal,Peaceville,"London, UK",Brad Sanders,matched,4idiYAfr1PoVH9C6H0UcgI,https://open.spotify.com/album/4idiYAfr1PoVH9C6H0UcgI,4VUguuy2qoVGDMwH1tL7Qr,Sigh,I Saw The World's End (Hangman's Hymn MMXXV Rerecorded),2025-06-13,day,album,12.0,https://i.scdn.co/image/ab67616d0000b273229c1cec31f4912b1f65b1ef,,,,matched,https://i.scdn.co/image/ab6761610000e5eb275ad0ae400fe441304c5bbe,https://open.spotify.com/artist/4VUguuy2qoVGDMwH1tL7Qr
"June 16, 2025",A Room With A Door That Closes,Maiya Blaney,Alternative,Independent Artist,"New York, New York",Fred Pessaro,matched,5BiULOhpmf5jUr39PDAMzz,https://open.spotify.com/album/5BiULOhpmf5jUr39PDAMzz,0SdETlosHnWN9VNqJKpFGl,Maiya Blaney,A Room With A Door That Closes,2025-06-13,day,album,11.0,https://i.scdn.co/image/ab67616d0000b27375383637e5c97c2fc4acef8a,,,,matched,https://i.scdn.co/image/ab6761610000e5eb15f97946263bb2a5651119fb,https://open.spotify.com/artist/0SdETlosHnWN9VNqJKpFGl
"June 13, 2025",Phantom Island,King Gizzard & the Lizard Wizard,Rock,King Gizzard &amp; The Lizard Wizard,"Melbourne, Australia",Jude Noel,no_match,,,,,,,,,,,,,,,,
"June 12, 2025",Island Slang,Lagoss & Abagwagwa,Electronic,Lagoss,"CN, Spain",Ted Davis,no_match,,,,,,,,,,,,,,,,
"June 11, 2025",Tether,Annahstasia,R&amp;B/Soul,Independent Artist,"Los Angeles, California",Jim Allen,matched,3SBuk7ZuXQCJQ6IfrOPfyz,https://open.spotify.com/album/3SBuk7ZuXQCJQ6IfrOPfyz,1hElmDU1PFIf4JbkdOcMRE,Annahstasia,Tether,2025-06-13,day,album,11.0,https://i.scdn.co/image/ab67616d0000b27383e938b90eede703dc07dc52,,,,matched,https://i.scdn.co/image/ab6761610000e5eb94ab99542fe3f490d3fa0257,https://open.spotify.com/artist/1hElmDU1PFIf4JbkdOcMRE
"June 10, 2025","Magic, Alive!",McKinley Dixon,Hip-Hop/Rap,Independent Artist,"Richmond, Virginia",Dylan Green,matched,0RXsRwX4iMCKkSFPoSs8Go,https://open.spotify.com/album/0RXsRwX4iMCKkSFPoSs8Go,5trjmXbxVZ8E68aVhj8Nko,McKinley Dixon,"Magic, Alive!",2025-06-06,day,album,11.0,https://i.scdn.co/image/ab67616d0000b273a35f4d1997eae45a4c229658,,,,matched,https://i.scdn.co/image/ab6761610000e5ebe453b01c8d0c672cf7c06c40,https://open.spotify.com/artist/5trjmXbxVZ8E68aVhj8Nko
"June 09, 2025",Los Bosquesinos,Wampís of Guayabal & Aboutface,World,Aboutface,UK,Matthew Blackwell,no_match,,,,,,,,,,,,,,,,
"June 06, 2025",Ripped and Torn,Lifeguard,Rock,Independent Artist,"Chicago, Illinois",Erick Bradshaw,matched,3B22vFtjNRkF1ZBnCYEDa9,https://open.spotify.com/album/3B22vFtjNRkF1ZBnCYEDa9,17HkDJlzsK1YoBja2XmY5O,Lifeguard,Ripped and Torn,2025-06-06,day,album,12.0,https://i.scdn.co/image/ab67616d0000b2735bb97c465460b1077fba84b4,,,,matched,https://i.scdn.co/image/ab6761610000e5ebd7fb568852ba9ed5a9f47d10,https://open.spotify.com/artist/17HkDJlzsK1YoBja2XmY5O
"June 05, 2025",Faith,Purelink,,Independent Artist,"Brooklyn, New York",Matthew Blackwell,matched,4QJJWfZ6RR9HDb7jfXkbAM,https://open.spotify.com/album/4QJJWfZ6RR9HDb7jfXkbAM,2kUrBcfh7PVIivyYGAVjrQ,Purelink,Faith,2025-06-06,day,album,6.0,https://i.scdn.co/image/ab67616d0000b27371ad42b3540d868a58ce6ae2,,,,matched,https://i.scdn.co/image/ab6761610000e5ebc04d45a50176b129388986b9,https://open.spotify.com/artist/2kUrBcfh7PVIivyYGAVjrQ
"June 04, 2025","It’s Closeness, It’s Easy",Planning For Burial,Metal,Independent Artist,"Wilkes Barre, Pennsylvania",J. Bennett,no_match,,,,,,,,,,,,,,,,
"June 03, 2025",Não Estragou Nada,Various Artists,Electronic,Príncipe,"Lisbon, Portugal",Joseph Francis,matched,52rOuGukory72JZ2iMd6CQ,https://open.spotify.com/album/52rOuGukory72JZ2iMd6CQ,0LyfQWJT6nXafLPZqxe9Of,Various Artists,Não Estragou Nada,2025-05-30,day,compilation,37.0,https://i.scdn.co/image/ab67616d0000b273e7754fe81dda40095efcb0e9,,,,matched,https://i.scdn.co/image/ab6761610000e5eb6b134287e3095d2c84b7932a,https://open.spotify.com/artist/0LyfQWJT6nXafLPZqxe9Of
"June 02, 2025",Chrome Dipped,Civic,Rock,Independent Artist,"Melbourne, Australia",Jennifer Kelly,matched,3fgmPOqcBF5UiR03rcB3XG,https://open.spotify.com/album/3fgmPOqcBF5UiR03rcB3XG,7ATw5ZiG6dfYFUUVpCsyFe,CIVIC,Chrome Dipped,2025-05-30,day,album,11.0,https://i.scdn.co/image/ab67616d0000b273a3a057f948e3763b85a082b0,,,,matched,https://i.scdn.co/image/ab6761610000e5ebe4c227e6702df2bf33b6d439,https://open.spotify.com/artist/7ATw5ZiG6dfYFUUVpCsyFe
"May 30, 2025",Possession,Ty Segall,Alternative,Independent Artist,"Los Angeles, California",Collin Smith,matched,3ZxMlJq7ztw1jd5mDEaNkl,https://open.spotify.com/album/3ZxMlJq7ztw1jd5mDEaNkl,58XGUNsRNu3cVOIOYk5chx,Ty Segall,Possession,2025-05-30,day,album,10.0,https://i.scdn.co/image/ab67616d0000b2737a85962ffab720ad914b195d,,,,matched,https://i.scdn.co/image/ab6761610000e5eb3d15ba7d102292487fec0995,https://open.spotify.com/artist/58XGUNsRNu3cVOIOYk5chx
"May 29, 2025",Black Hole Superette,Aesop Rock,Hip-Hop/Rap,Independent Artist,,Sam Davies,matched,63y5mkLctupacSr20e0O6j,https://open.spotify.com/album/63y5mkLctupacSr20e0O6j,2fSaE6BXtQy0x7R7v9IOmZ,Aesop Rock,Black Hole Superette,2025-05-30,day,album,18.0,https://i.scdn.co/image/ab67616d0000b27341099595d5b6824762277406,,,,matched,https://i.scdn.co/image/ab6761610000e5eb4398e5393ffcb2ed10b8075e,https://open.spotify.com/artist/2fSaE6BXtQy0x7R7v9IOmZ
"May 28, 2025",Dubs From the Foundation,Iration Steppas,Reggae,VP Records,"Queens, New York",Andy Thomas,matched,5Oj6LeQxNZe6zw9LvgeC3O,https://open.spotify.com/album/5Oj6LeQxNZe6zw9LvgeC3O,0wDFiWgPfBeW7x5kVPBYTW,Iration Steppas,Dubs From The Foundation,2025-05-23,day,album,20.0,https://i.scdn.co/image/ab67616d0000b27374f1c126dc0a9ccb6e0e4508,,,,matched,https://i.scdn.co/image/ab6761610000e5ebade992e7a04424d7f201ff5a,https://open.spotify.com/artist/0wDFiWgPfBeW7x5kVPBYTW
"May 27, 2025",Idolar,Moskito,World,Independent Artist,"Johannesburg, South Africa",Joseph Francis,matched,3SjuOfwmyEqqOo8K5zcUdh,https://open.spotify.com/album/3SjuOfwmyEqqOo8K5zcUdh,4hPl23nJcNmFMEabNKAoJY,Moskito,Idolar,2001-12-31,day,album,10.0,https://i.scdn.co/image/ab67616d0000b2738485ca20e3932a5c5c919967,,,,matched,https://i.scdn.co/image/ab67616d0000b2738485ca20e3932a5c5c919967,https://open.spotify.com/artist/4hPl23nJcNmFMEabNKAoJY
"May 23, 2025",Instant Holograms On Metal Film,Stereolab,Alternative,Independent Artist,"London, UK",Erick Bradshaw,matched,5nS7jRCPubnZF0OsXEM0D7,https://open.spotify.com/album/5nS7jRCPubnZF0OsXEM0D7,3Rj0tDHoX7C5NFq5DKIpHt,Stereolab,Instant Holograms On Metal Film,2025-05-23,day,album,13.0,https://i.scdn.co/image/ab67616d0000b27390a8571786d2c2be4262503c,,,,matched,https://i.scdn.co/image/ab6761610000e5ebe5aecb2a4e2bff9782f9e2f2,https://open.spotify.com/artist/3Rj0tDHoX7C5NFq5DKIpHt
"May 22, 2025",The Loss,Mares of Thrace,Metal,Mares Of Thrace,"Calgary, Alberta",Grayson Haver Currin,matched,0fYQL2YmgOPe1y32HUBPXk,https://open.spotify.com/album/0fYQL2YmgOPe1y32HUBPXk,0qeQtOu0Sd9qCkqFl4OEd8,Mares of Thrace,The Loss,2025-05-16,day,album,9.0,https://i.scdn.co/image/ab67616d0000b273f92d640226caf5fffff01576,,,,matched,https://i.scdn.co/image/ab6761610000e5eba234517062a7f545edfe07ef,https://open.spotify.com/artist/0qeQtOu0Sd9qCkqFl4OEd8
"May 21, 2025",Somnia,Swimming Bell,Alternative,Independent Artist,New York,Jennifer Kelly,matched,6thZOdIUdTLbxd8JVOZvZ7,https://open.spotify.com/album/6thZOdIUdTLbxd8JVOZvZ7,2YzisqAN8niUVhau8ujC6C,Swimming Bell,Somnia,2025-05-16,day,single,5.0,https://i.scdn.co/image/ab67616d0000b273fd5e63ce02139ed303d41a63,,,,matched,https://i.scdn.co/image/ab6761610000e5eb896ac68024fbc9fbbac0c9dd,https://open.spotify.com/artist/2YzisqAN8niUVhau8ujC6C
"May 20, 2025",Delicious,Alex Paxton,Classical,Independent Artist,"London, UK",Peter Margasak,matched,2n80CvJHe56YZROVgF16yC,https://open.spotify.com/album/2n80CvJHe56YZROVgF16yC,2C0bOaofAzVrdU4uKFrboK,Alex Paxton,Delicious,2025-05-16,day,album,13.0,https://i.scdn.co/image/ab67616d0000b273980e550a67e698b11c9e9008,,,,matched,https://i.scdn.co/image/ab6761610000e5ebd72d3f09bfff1b72c637ac04,https://open.spotify.com/artist/2C0bOaofAzVrdU4uKFrboK
"May 19, 2025","Mike Vest, & Dave Sneddon, To Be True, Then The Loop Will Run Forever",Kawaguchi Masami 川口雅巳,Rock,WV Sorcerer Productions 巫唱片,France,Jim Allen,no_match,,,,,,,,,,,,,,,,
"May 16, 2025",Musical Chairs,Artificial Go,Punk,Independent Artist,"Cincinnati, Ohio",Erick Bradshaw,matched,3YdBR5iRFhysLBG92P16M3,https://open.spotify.com/album/3YdBR5iRFhysLBG92P16M3,6XBGmjpy9vfSmarlFHppRU,Artificial Go,Musical Chairs,2025-05-16,day,album,10.0,https://i.scdn.co/image/ab67616d0000b2730dfc8e2226ce913a5d0d0254,,,,matched,https://i.scdn.co/image/ab6761610000e5eb1d37f9e0ce7aac78c9ac1abd,https://open.spotify.com/artist/6XBGmjpy9vfSmarlFHppRU
"May 15, 2025",Reflection Of Another Self,Milena Casado,Jazz,Independent Artist,Spain,Matthew Blackwell,matched,6klWb29Hd4fnpVb8fMv9UU,https://open.spotify.com/album/6klWb29Hd4fnpVb8fMv9UU,6i3BwCBGwY56yDLDoNlbyD,Milena Casado,Reflection Of Another Self,2025-05-16,day,album,13.0,https://i.scdn.co/image/ab67616d0000b273c96cb61ea2042a8cc61119b3,,,,matched,https://i.scdn.co/image/ab6761610000e5eb074f286ca724e8a9b45fdf2a,https://open.spotify.com/artist/6i3BwCBGwY56yDLDoNlbyD
"May 14, 2025",pachamami,Dinamarca & Meth Math,Electronic,dinamarca,"Stockholm, Sweden",Joseph Francis,no_match,,,,,,,,,,,,,,,,
"May 13, 2025",Land’s End Eternal,Cole Pulice,Ambient,Independent Artist,"Oakland, California",Matthew Blackwell,no_match,,,,,,,,,,,,,,,,
"May 12, 2025",Road Fever: New Generation Carnival Riddims from St. Lucia and Dominica,Various Artists,World,Soundway Records,UK,Maria Barrios,no_match,,,,,,,,,,,,,,,,
"May 09, 2025",spelewithiipi,Nechochwen,Folk,Independent Artist,West Virginia,Brad Sanders,matched,4tpjMHXJlax1uO8dhnJnUZ,https://open.spotify.com/album/4tpjMHXJlax1uO8dhnJnUZ,5NR3B2JbgvsEyakocacEoM,Nechochwen,spelewithiipi,2025-05-09,day,album,9.0,https://i.scdn.co/image/ab67616d0000b273585f08c973c2a3489d4358d7,,,,matched,https://i.scdn.co/image/ab67616d0000b27324ffaa9f692e5c59da639ee6,https://open.spotify.com/artist/5NR3B2JbgvsEyakocacEoM
"May 08, 2025",Sonor,Enji,Jazz,Independent Artist,"Munich, Germany",Shy Clara Thompson,matched,54jkCzsoLyPGcVAAmLpwdf,https://open.spotify.com/album/54jkCzsoLyPGcVAAmLpwdf,5SAQAlJKszQa6PZyp4lT7s,Enji,Sonor,2025-05-02,day,album,11.0,https://i.scdn.co/image/ab67616d0000b2734d75e807470be8aae85ca08b,,,,matched,https://i.scdn.co/image/ab6761610000e5eb9d54ab8e5501d65e335a5fe7,https://open.spotify.com/artist/5SAQAlJKszQa6PZyp4lT7s
"May 07, 2025",Deserted Palace,Jean-Michel Jarre,Electronic,Transversales Disques,"Paris, France",Jim Allen,matched,5xNWT8NRtlC6Nrsfb921Hm,https://open.spotify.com/album/5xNWT8NRtlC6Nrsfb921Hm,5MhLmv7GgyjbxGqiIGasvT,Jean-Michel Jarre,Deserted Palace,1972-01-01,day,album,15.0,https://i.scdn.co/image/ab67616d0000b273dcdf76d83e485e2b90625c42,,,,matched,https://i.scdn.co/image/ab6772690000c46c212d3ae0cd73c47a3eec3be2,https://open.spotify.com/artist/5MhLmv7GgyjbxGqiIGasvT
"May 06, 2025",YEARN IV,Teether & Kuya Neil,Hip-Hop/Rap,Teether &amp; Kuya Neil,"Melbourne, Australia",Christina Lee,no_match,,,,,,,,,,,,,,,,
"May 05, 2025",Clandestine,Anysia Kym & Loraine James,R&amp;B/Soul,Anysia Kym,"New York, New York",April Clare Welsh,no_match,,,,,,,,,,,,,,,,
"May 02, 2025",Lake Fire,loscil,Electronic,Independent Artist,Vancouver,Jon Dale,matched,0mix5UIlqNljJn6HXcRD5E,https://open.spotify.com/album/0mix5UIlqNljJn6HXcRD5E,3GM5cpCBadq2PMHjFoEvhK,Loscil,Lake Fire,2025-05-02,day,album,9.0,https://i.scdn.co/image/ab67616d0000b2730ec16aed608826d1b56411e9,,,,matched,https://i.scdn.co/image/ab6761610000e5eb2930a1aa0bdc42db60fb0680,https://open.spotify.com/artist/3GM5cpCBadq2PMHjFoEvhK
"May 01, 2025",IN WAYS,Slung,Rock,Independent Artist,"Brighton And Hove, UK",Spencer Hughes,matched,3Ebcx4akssYwIfFgWu6w7q,https://open.spotify.com/album/3Ebcx4akssYwIfFgWu6w7q,7EEluFWhabUJwqInW2J654,Slung,In Ways,2025-05-02,day,album,11.0,https://i.scdn.co/image/ab67616d0000b27372bf9d847effad196a470926,,,,matched,https://i.scdn.co/image/ab6761610000e5eb14cc180dbb5ff97c32c83ed6,https://open.spotify.com/artist/7EEluFWhabUJwqInW2J654
"April 30, 2025",Dream of Snakes,Lila Tirando a Violeta,Electronic,Independent Artist,Uruguay,Joe Muggs,matched,2yqna7QeB3aV0At0CbxNLv,https://open.spotify.com/album/2yqna7QeB3aV0At0CbxNLv,1ZD9xcoRJKY4ldaV4UuAhx,Lila Tirando a Violeta,Dream of Snakes,2025-04-25,day,album,11.0,https://i.scdn.co/image/ab67616d0000b273dbae0669ef9734222003c78e,,,,matched,https://i.scdn.co/image/ab6761610000e5eb0ae3d625451ba14c6e0bec3b,https://open.spotify.com/artist/1ZD9xcoRJKY4ldaV4UuAhx
"April 29, 2025",(The) Forever Dream,Fly Anakin,Hip-Hop/Rap,Independent Artist,"Richmond, Virginia",Nadine Smith,matched,4VyCT7S2JeCGnRGWN0pcq3,https://open.spotify.com/album/4VyCT7S2JeCGnRGWN0pcq3,5WybyjV2fRyRQcJrmmiifF,Fly Anakin,(The) Forever Dream [Deluxe Edition],2026-06-12,day,album,30.0,https://i.scdn.co/image/ab67616d0000b273ff7319b0dc47c89a426b6ba9,,,,matched,https://i.scdn.co/image/ab6761610000e5eb2de5ea511f1ab09dfea650a2,https://open.spotify.com/artist/5WybyjV2fRyRQcJrmmiifF
"April 28, 2025",Let Me Out,Fatboi Sharif & Driveby,Hip-Hop/Rap,Deathbomb Arc,Hawaii,Dash Lewis,no_match,,,,,,,,,,,,,,,,
"April 25, 2025","TV, Anime & Manga New Age Soundtracks 1984–1993",Various Artists,Electronic,Time Capsule,"London, UK",Lewis Gordon,no_match,,,,,,,,,,,,,,,,
"April 24, 2025",Totality,Natural Information Society and Bitchin Bajas,Experimental,Bitchin Bajas,"Chicago, Illinois",Jennifer Kelly,no_match,,,,,,,,,,,,,,,,
"April 23, 2025",What Did the Blackbird Say to the Crow,Rhiannon Giddens & Justin Robinson,Country,Rhiannon Giddens,"Nashville, Tennessee",Devon Leger,no_match,,,,,,,,,,,,,,,,
"April 22, 2025",Jesus-Christ Ne Deçoit Pas,Jess Sah Bi,World,Independent Artist,"San Francisco, California",Megan Iacobini de Fazio,matched,1H9p8SfkD5vyyuCBfmmc6G,https://open.spotify.com/album/1H9p8SfkD5vyyuCBfmmc6G,15aLRR4OIdppLLQ3Kboc95,Jess Sah Bi,Jesus-Christ Ne Deçoit Pas,1991-01-01,day,album,7.0,https://i.scdn.co/image/ab67616d0000b273ea78a9c8f8186d3391ac1fed,,,,matched,https://i.scdn.co/image/ab67616d0000b27300523bfdfaf30d738d7f0dcf,https://open.spotify.com/artist/15aLRR4OIdppLLQ3Kboc95
"April 21, 2025",Evil Plan የክፋት እቅድ,Ukandanz,Rock,Independent Artist,Ethiopia,Brad Sanders,no_match,,,,,,,,,,,,,,,,
"April 18, 2025",Chime Oblivion,Chime Oblivion,Punk,John Dwyer,"Los Angeles, California",Elle Carroll,matched,13YNPAxtnlWDCksjEIKAs9,https://open.spotify.com/album/13YNPAxtnlWDCksjEIKAs9,6todtULM7YRvjmFxWLbnv9,CHIME OBLIVION,CHIME OBLIVION,2025-04-18,day,album,15.0,https://i.scdn.co/image/ab67616d0000b2730c197aeecf4811325c2cbaa3,,,,matched,https://i.scdn.co/image/ab67616d0000b2730c197aeecf4811325c2cbaa3,https://open.spotify.com/artist/6todtULM7YRvjmFxWLbnv9
"April 17, 2025",Turbo Meltdown,HHY & The Kampala Unit,Electronic,Nyege Nyege Tapes,"Kampala, Uganda",April Clare Welsh,matched,4Ab66gKdLmWIcilrAO1xB4,https://open.spotify.com/album/4Ab66gKdLmWIcilrAO1xB4,7GcuBD0DAlemw4ebJU925p,HHY & The Kampala Unit,TURBO MELTDOWN,2025-04-11,day,album,7.0,https://i.scdn.co/image/ab67616d0000b27329e32957c6eda2456ce38660,,,,matched,https://i.scdn.co/image/ab6761610000e5ebb0a6865ad0049445ebe792b0,https://open.spotify.com/artist/7GcuBD0DAlemw4ebJU925p
"April 16, 2025",Neu Om,Amanda Mur,Experimental,Independent Artist,"Madrid, Spain",Louis Pattison,matched,1ZEnvSQvz6yEdrtMiKqYvO,https://open.spotify.com/album/1ZEnvSQvz6yEdrtMiKqYvO,4EHUvmDJ3eLI7PhYyTe66f,Amanda Mur,Neu Om,2025-04-25,day,album,9.0,https://i.scdn.co/image/ab67616d0000b273f157fd7ccf7c3f9603fe1abf,,,,matched,https://i.scdn.co/image/ab6761610000e5eb13d8a7631aa934213134921b,https://open.spotify.com/artist/4EHUvmDJ3eLI7PhYyTe66f
"April 15, 2025",Le Sacre Du Soleil Invaincu,Neptunian Maximalism,Experimental,"I, Voidhanger Records",Italy,George Grella,matched,4ydJLShJo7kSGQIn1eA0rL,https://open.spotify.com/album/4ydJLShJo7kSGQIn1eA0rL,6nduTNbAIVN08gjy67gEAt,Neptunian Maximalism,Le Sacre Du Soleil Invaincu,2025-04-11,day,album,11.0,https://i.scdn.co/image/ab67616d0000b273a129e5f382e479a2763d9831,,,,matched,https://i.scdn.co/image/ab67616d0000b27381ba266e84cf05a82984118f,https://open.spotify.com/artist/6nduTNbAIVN08gjy67gEAt
"April 14, 2025",Disk Musik: A DD. Records Compilation,Various Artists,Experimental,Phantom Limb,"Brighton, UK",Matthew Blackwell,no_match,,,,,,,,,,,,,,,,
"April 11, 2025",The Spin,Messa,Metal,Independent Artist,Italy,JR Moores,matched,0jurOscZOHpLilkFiiGZIX,https://open.spotify.com/album/0jurOscZOHpLilkFiiGZIX,6vFinMN4E9leUfcEyIIO0D,Messa,The Spin,2025-04-11,day,album,7.0,https://i.scdn.co/image/ab67616d0000b273bacc795ceb90a918b372ea8d,,,,matched,https://i.scdn.co/image/ab6761610000e5ebaff141761cd2e0f74eeef73a,https://open.spotify.com/artist/6vFinMN4E9leUfcEyIIO0D
"April 10, 2025","Owls, Omens, and Oracles",Valerie June,Alternative,Independent Artist,"Memphis, Tennessee",Jim Allen,matched,5K6SF5pgdnfHRnuC4gaC0Q,https://open.spotify.com/album/5K6SF5pgdnfHRnuC4gaC0Q,4QZdOCb3UacKbQ1ybDFAKM,Valerie June,"Owls, Omens, and Oracles",2025-04-11,day,album,14.0,https://i.scdn.co/image/ab67616d0000b2731cf4e41b8616acdfefd5cce0,,,,matched,https://i.scdn.co/image/ab6761610000e5eba4d591c3d5009ceddb94c822,https://open.spotify.com/artist/4QZdOCb3UacKbQ1ybDFAKM
"April 09, 2025",Stochastic Drift,Barker,Electronic,Independent Artist,"Berlin, Germany",April Clare Welsh,matched,3ChV6s15ch9qohd5gZaGOF,https://open.spotify.com/album/3ChV6s15ch9qohd5gZaGOF,3LEGPWdr7sarYtf2u0ETWN,Barker,Stochastic Drift,2025-04-04,day,album,8.0,https://i.scdn.co/image/ab67616d0000b273ccc9aa249a1ddf233e0a366c,,,,matched,https://i.scdn.co/image/ab6761610000e5eb736e228b7cf81c1cb8f52971,https://open.spotify.com/artist/3LEGPWdr7sarYtf2u0ETWN
"April 08, 2025",A Requiem,Penelope Trappes,Alternative,Independent Artist,"Brighton, UK",Louis Pattison,matched,0gcwhYj1hJeVK94Tn2htm2,https://open.spotify.com/album/0gcwhYj1hJeVK94Tn2htm2,6shE4Y1z4lzRqoDp65XfzT,Penelope Trappes,A Requiem,2025-04-04,day,album,10.0,https://i.scdn.co/image/ab67616d0000b2735a17e074b1ddd559f10943ee,,,,matched,https://i.scdn.co/image/ab6761610000e5eb3c0acec00e41a458911ae5f2,https://open.spotify.com/artist/6shE4Y1z4lzRqoDp65XfzT
"April 07, 2025",The Wigmaker in Eighteenth-Century Williamsburg,To Live and Shave in LA,Experimental,To Live and Shave in L.A.,"Miami, Florida",Erick Bradshaw,no_match,,,,,,,,,,,,,,,,
"April 04, 2025",Volcanic Reality,Apparitions,Experimental,Independent Artist,"Houston, Texas",Brad Sanders,matched,41cKgKBFnJyuCroiIa7own,https://open.spotify.com/album/41cKgKBFnJyuCroiIa7own,0KuDAC0pPTIASjCxmV8uw7,Apparitions,Volcanic Reality,2025-03-28,day,album,5.0,https://i.scdn.co/image/ab67616d0000b273aae8ba79b7f5b991cc265e44,,,,matched,https://i.scdn.co/image/ab67616d0000b27367fb54b375349a6053fa6402,https://open.spotify.com/artist/0KuDAC0pPTIASjCxmV8uw7
"April 03, 2025",Ginkgo,Panchiko,Rock,Independent Artist,"Nottingham, UK",Eli Schoop,matched,1YO3Eb228rrhTC0gKgGxSW,https://open.spotify.com/album/1YO3Eb228rrhTC0gKgGxSW,4KEHIUSoWCcqrk8AddTE1O,Panchiko,Ginkgo,2025-04-04,day,album,13.0,https://i.scdn.co/image/ab67616d0000b27390b92ac6a114b458b2c72625,,,,matched,https://i.scdn.co/image/ab6761610000e5eb714fa6e5682f730d0c82609c,https://open.spotify.com/artist/4KEHIUSoWCcqrk8AddTE1O
"April 02, 2025",The Trials And Tribulations Of…,Clikatat Ikatowi,Punk,Independent Artist,"San Diego, California",Erick Bradshaw,matched,2DIXGdTSYj3xZzCUMOYbrd,https://open.spotify.com/album/2DIXGdTSYj3xZzCUMOYbrd,1Q54A75GHDmwMGkewUHAaa,Clikatat Ikatowi,The Trials And Tribulations Of...,2025-03-21,day,album,23.0,https://i.scdn.co/image/ab67616d0000b27301b79a4e116fb82f2d4268b1,,,,matched,https://i.scdn.co/image/ab6761610000e5eba4ad8a872da560e3915c54d4,https://open.spotify.com/artist/1Q54A75GHDmwMGkewUHAaa
"April 01, 2025",Antigone,Eiko Ishibashi,Experimental,Independent Artist,"Tokyo, Japan",Patrick St. Michel,matched,2G9x4lIqKywDAywaIJPsQm,https://open.spotify.com/album/2G9x4lIqKywDAywaIJPsQm,0E2zPwLuNlSFdSI5wmqox7,Eiko Ishibashi,Antigone,2025-03-28,day,album,8.0,https://i.scdn.co/image/ab67616d0000b2739cf56a364ede77763a0d566e,,,,matched,https://i.scdn.co/image/ab6761610000e5ebd38973b79101e9023a45dcb5,https://open.spotify.com/artist/0E2zPwLuNlSFdSI5wmqox7
"March 31, 2025",That’s the Price of Loving Me,Dean Wareham,Alternative,Independent Artist,"Los Angeles, California",Hayden Merrick,matched,1dSyyLTtCDo9xB2cNLfG5Q,https://open.spotify.com/album/1dSyyLTtCDo9xB2cNLfG5Q,7hR1nc352bF29oLx9nAMuj,Dean Wareham,That’s the Price of Loving Me,2025-03-28,day,album,10.0,https://i.scdn.co/image/ab67616d0000b2735ee23ca77b754062708a4ae9,,,,matched,https://i.scdn.co/image/ab6761610000e5eb2e10bce56d11fba3f4a2c3ba,https://open.spotify.com/artist/7hR1nc352bF29oLx9nAMuj
"March 28, 2025",Letters From The Atlantic,Butcher Brown,Jazz,Independent Artist,"Richmond, Virginia",Dash Lewis,matched,4t7ckccjrCGSqqUFrfQLpX,https://open.spotify.com/album/4t7ckccjrCGSqqUFrfQLpX,2jQ6wRQ7yP1UrctodeuYQP,Butcher Brown,Letters From The Atlantic,2025-03-28,day,album,12.0,https://i.scdn.co/image/ab67616d0000b273f1ec30e8ada6671d2359d8c7,,,,matched,https://i.scdn.co/image/ab6761610000e5ebcbadcc21bebc405ac5596bec,https://open.spotify.com/artist/2jQ6wRQ7yP1UrctodeuYQP
"March 27, 2025",Rammana,Salin,World,Independent Artist,"Montreal, Québec",James Gui,matched,1IaAUTHxdkp1agbRcscr9U,https://open.spotify.com/album/1IaAUTHxdkp1agbRcscr9U,190s2q06h5ztFSuGHOpmf3,Salin,Rammana,2025-03-28,day,album,10.0,https://i.scdn.co/image/ab67616d0000b273e0b9cbd8374fbc36c9bca872,,,,matched,https://i.scdn.co/image/ab6761610000e5eb7eed91255013dd6f38b79b2b,https://open.spotify.com/artist/190s2q06h5ztFSuGHOpmf3
"March 26, 2025",Only Dust Remains,Backxwash,Hip-Hop/Rap,Independent Artist,"Montreal, Québec",Marshall Gu,matched,0fqGVBHxLeXu5sm20DgQWs,https://open.spotify.com/album/0fqGVBHxLeXu5sm20DgQWs,4du3q8TIzsZxZZKdRT23Jg,Backxwash,Only Dust Remains,2025-03-28,day,album,10.0,https://i.scdn.co/image/ab67616d0000b2732d5fa1c777a660eeed166c93,,,,matched,https://i.scdn.co/image/ab6761610000e5eb976891b2d63978bd728e4b7c,https://open.spotify.com/artist/4du3q8TIzsZxZZKdRT23Jg
"March 25, 2025",Kick It Over,Motorbike,Punk,Independent Artist,"Cincinnati, Ohio",Brad Sanders,matched,02aKK8I06xiVYdo9FV6B9r,https://open.spotify.com/album/02aKK8I06xiVYdo9FV6B9r,5LQw6s8lo4smOQB2B72YxR,Motorbike,Kick It Over,2025-03-21,day,album,10.0,https://i.scdn.co/image/ab67616d0000b273d245ec0eb3b078ca7dee5f20,,,,matched,https://i.scdn.co/image/ab6761610000e5eb2ef2cd3e31454871282e692b,https://open.spotify.com/artist/5LQw6s8lo4smOQB2B72YxR
"March 24, 2025",Goldstar,Imperial Triumphant,Metal,Independent Artist,"New York, New York",Grayson Haver Currin,matched,2jbYQIDVjx3cWz9yoDmkkU,https://open.spotify.com/album/2jbYQIDVjx3cWz9yoDmkkU,5zvMklMSTgoGUS9Un5domO,Imperial Triumphant,Goldstar,2025-03-21,day,album,9.0,https://i.scdn.co/image/ab67616d0000b27303162b28505d34c9572db1f3,,,,matched,https://i.scdn.co/image/ab6761610000e5eb5dac76fa5e598d0e8dfd7d0a,https://open.spotify.com/artist/5zvMklMSTgoGUS9Un5domO
"March 21, 2025",Flora,Hiroshi Yoshimura,Ambient,Independent Artist,"Tokyo, Japan",Shy Clara Thompson,matched,4K7poAysJnh9CCbBjxieMC,https://open.spotify.com/album/4K7poAysJnh9CCbBjxieMC,1DGpHnPOpMYY780hcQHmPB,Hiroshi Yoshimura,Flora,2006-04-07,day,album,11.0,https://i.scdn.co/image/ab67616d0000b273538f06a0132068cd92c9b2d9,,,,matched,https://i.scdn.co/image/ab6761610000e5eb03b8474dfe17c711b24e5775,https://open.spotify.com/artist/1DGpHnPOpMYY780hcQHmPB
"March 20, 2025",Warlord of the Weejuns,Goya Gumbani,Hip-Hop/Rap,Independent Artist,"London, UK",Nadine Smith,matched,0z9rMVfqz2MY5DLLyB7tSP,https://open.spotify.com/album/0z9rMVfqz2MY5DLLyB7tSP,0Up93b7Ut6uacH5Zv8sBkx,Goya Gumbani,Warlord of the Weejuns,2025-03-21,day,album,16.0,https://i.scdn.co/image/ab67616d0000b273abce8b7271669ab0c3d331fc,,,,matched,https://i.scdn.co/image/ab6761610000e5eb6fc730ca2e0607a98b1020ba,https://open.spotify.com/artist/0Up93b7Ut6uacH5Zv8sBkx
"March 19, 2025",Birthmarks,Bambara,Rock,Independent Artist,"Brooklyn, New York",Will Ainsley,matched,4Cy5zbpEW1aTKHvGiRXY1S,https://open.spotify.com/album/4Cy5zbpEW1aTKHvGiRXY1S,0JHvODQe3KnriRMPuZPNL6,BAMBARA,Birthmarks,2025-03-14,day,album,10.0,https://i.scdn.co/image/ab67616d0000b273bb5b8b38cd9ffc168ad2bdf7,,,,matched,https://i.scdn.co/image/ab6761610000e5eb4a1d5a1e675ab0e0d1f29341,https://open.spotify.com/artist/0JHvODQe3KnriRMPuZPNL6
"March 18, 2025",Moonlight Concessions,Throwing Muses,Rock,Independent Artist,Rhode Island,Jim Allen,matched,2ftAcFZMDD89fpNo89ZkG6,https://open.spotify.com/album/2ftAcFZMDD89fpNo89ZkG6,5xU5wRTlZHVRoo2OxPvqA4,Throwing Muses,Moonlight Concessions,2025-03-14,day,album,9.0,https://i.scdn.co/image/ab67616d0000b273573a6fb81fa3cb2476462462,,,,matched,https://i.scdn.co/image/ab6761610000e5eb4a3d7c8ec81533c3e32c27bf,https://open.spotify.com/artist/5xU5wRTlZHVRoo2OxPvqA4
"March 17, 2025","Josh Johnson & Sam Wilkes, Uhlmann Johnson Wilkes",Gregory Uhlmann,Jazz,International Anthem,"Chicago, Illinois",Michael J. West,no_match,,,,,,,,,,,,,,,,
"March 14, 2025",Yarın Yoksa,Derya Yıldırım & Grup Şimşek,World,Derya Yıldırım &amp; Grup Şimşek,"Berlin, Germany",Elle Carroll,matched,5l7ypUMco5BLsIYBjIYWay,https://open.spotify.com/album/5l7ypUMco5BLsIYBjIYWay,2Y0SH69uxHrHrjiZCuTSaT,Derya Yıldırım & Grup Şimşek,Yarın Yoksa,2025-03-14,day,album,11.0,https://i.scdn.co/image/ab67616d0000b27375816508e4a70cd11a7355c2,,,,matched,https://i.scdn.co/image/ab6761610000e5eb4c1d094c73aef975bcfd5611,https://open.spotify.com/artist/2Y0SH69uxHrHrjiZCuTSaT
"March 13, 2025",Greyhound Days,Patrick Shiroishi & Piotr Kurek,Jazz,Patrick Shiroishi &amp; Piotr Kurek,"Warsaw, Poland",Michal Wieczorek,no_match,,,,,,,,,,,,,,,,
"March 12, 2025",Harmr,Thurnin,Folk,Independent Artist,Netherlands,Jennifer Kelly,matched,1HVpysN3XwsaCf3GcoFiOE,https://open.spotify.com/album/1HVpysN3XwsaCf3GcoFiOE,4N4fXEB5szUAcqK3ES05is,Thurnin,Harmr,2025-03-14,day,album,7.0,https://i.scdn.co/image/ab67616d0000b2733b6e2d83daa38d93e3d7f94f,,,,matched,https://i.scdn.co/image/ab6761610000e5ebd150f88967399db8a8f5e793,https://open.spotify.com/artist/4N4fXEB5szUAcqK3ES05is
"March 11, 2025",It’s Nasty Outside,Andreaus Haley & Custom Made,Hip-Hop/Rap,Andreaus Haley,"Chicago, Illinois",Dash Lewis,no_match,,,,,,,,,,,,,,,,
"March 10, 2025",Strata-East: The Legacy Begins,Various Artists,Jazz,Strata-East,"New York, New York",Shaun Brady,matched,7M6xQpL2nnNvePaW3XUFKA,https://open.spotify.com/album/7M6xQpL2nnNvePaW3XUFKA,0LyfQWJT6nXafLPZqxe9Of,Various Artists,Strata-East: The Legacy Begins,2025-02-21,day,compilation,33.0,https://i.scdn.co/image/ab67616d0000b27334b84fee99f8bbbfc7cbec70,,,,matched,https://i.scdn.co/image/ab6761610000e5eb6b134287e3095d2c84b7932a,https://open.spotify.com/artist/0LyfQWJT6nXafLPZqxe9Of
"March 07, 2025",Myrtus Myth,Kedr Livanskiy,Electronic,Independent Artist,"Moscow, Russia",April Clare Welsh,matched,4zRZOxM2gEn0YTMnhI3XPz,https://open.spotify.com/album/4zRZOxM2gEn0YTMnhI3XPz,7deuX0YejjlcB4uLcdgEDW,Kedr Livanskiy,Myrtus Myth,2025-03-07,day,album,11.0,https://i.scdn.co/image/ab67616d0000b273e30ecbeef694e8bfeadb61dd,,,,matched,https://i.scdn.co/image/ab6761610000e5eb89b3218bf233eed0f37aff49,https://open.spotify.com/artist/7deuX0YejjlcB4uLcdgEDW
"March 06, 2025",Una Oportunidad más de triunfar en la vida,Los Pirañas,Rock,Independent Artist,"Bogotá, Colombia",Collin Smith,matched,3nMF2msXPuvPOKXUY4wjMz,https://open.spotify.com/album/3nMF2msXPuvPOKXUY4wjMz,1TWdamQsAiOgB0szQsMSeq,Los Pirañas,Una Oportunidad más de triunfar en la vida,2025-03-07,day,album,8.0,https://i.scdn.co/image/ab67616d0000b273c9f889c1a83173f316b86c78,,,,matched,https://i.scdn.co/image/ab6761610000e5eb805df11a28222fdea857e6c1,https://open.spotify.com/artist/1TWdamQsAiOgB0szQsMSeq
"March 05, 2025",Sex and Repression in Higher Society,Saint Vengeur,Metal,"I, Voidhanger Records",Italy,Brad Sanders,matched,4M54TGqOUwMX7ek43kipyN,https://open.spotify.com/album/4M54TGqOUwMX7ek43kipyN,5Zx9lEODWXiwR26qou4OqT,Saint Vengeur,Sex and Repression in Higher Society,2025-02-28,day,album,8.0,https://i.scdn.co/image/ab67616d0000b2737dae52718918df5105f2a067,,,,matched,https://i.scdn.co/image/ab6761610000e5ebaa0151e72e26c4ba6ee5450c,https://open.spotify.com/artist/5Zx9lEODWXiwR26qou4OqT
"March 04, 2025",City of Clowns,Marie Davidson,Electronic,Independent Artist,"Montreal, Québec",Joe Muggs,matched,7mDC5vVphFdUarxs1yeUou,https://open.spotify.com/album/7mDC5vVphFdUarxs1yeUou,7xJVICbAWizNBKBD3mRWjF,Marie Davidson,City Of Clowns,2025-02-28,day,album,10.0,https://i.scdn.co/image/ab67616d0000b273abec8c62efd49f3635e149fb,,,,matched,https://i.scdn.co/image/ab6761610000e5eb14d8840de3c886eb2743da86,https://open.spotify.com/artist/7xJVICbAWizNBKBD3mRWjF
"March 03, 2025",Spring Board: The Early Unrecorded Songs,The Chills,Alternative,Independent Artist,"Dunedin, New Zealand",Jim Allen,matched,7AKflhK90ck3bjy37oYUeC,https://open.spotify.com/album/7AKflhK90ck3bjy37oYUeC,6soJo0dtX31T30OxtS4A39,The Chills,Spring Board: The Early Unrecorded Songs,2025-02-28,day,album,20.0,https://i.scdn.co/image/ab67616d0000b273bcfcac706e249f20a3678847,,,,matched,https://i.scdn.co/image/ab6761610000e5eba2df1355db5c26be77253d1a,https://open.spotify.com/artist/6soJo0dtX31T30OxtS4A39
"February 28, 2025",Flam,Gunn-Truscinski Duo,Experimental,Gunn - Truscinski Duo,"Brooklyn, New York",JR Moores,matched,23M6jDFN4qHaVWZMLt6Qlq,https://open.spotify.com/album/23M6jDFN4qHaVWZMLt6Qlq,58PU6MWEroVyXXTXmpzdny,Gunn - Truscinski Duo,Flam,2025-02-28,day,album,9.0,https://i.scdn.co/image/ab67616d0000b2736bd083fec1d8fb1c051d1159,,,,matched,https://i.scdn.co/image/ab6761610000e5ebdc6cb71fba0e53d7eb5804fd,https://open.spotify.com/artist/58PU6MWEroVyXXTXmpzdny
"February 27, 2025",Not Around But Through,Amulets,Experimental,AMULETS,"Portland, Oregon",Casey Jarman,matched,4Pmh5g4SWn9W6A8fJQDySQ,https://open.spotify.com/album/4Pmh5g4SWn9W6A8fJQDySQ,5e96t65iOLrmqH2gzEXhIt,Amulets,Not Around But Through,2025-02-21,day,album,8.0,https://i.scdn.co/image/ab67616d0000b2732f2f559538dcda15835bf3d8,,,,matched,https://i.scdn.co/image/ab6761610000e5eb080f28b26dbe098cfb66d8d0,https://open.spotify.com/artist/5e96t65iOLrmqH2gzEXhIt
"February 26, 2025",Luminescent Creatures,Ichiko Aoba,Experimental,Independent Artist,"Tokyo, Japan",James Gui,matched,5HT3Ygm47fCCNs9AhqzzvS,https://open.spotify.com/album/5HT3Ygm47fCCNs9AhqzzvS,6ignRjbPmLvKdtMLj9a5Xs,Ichiko Aoba,Luminescent Creatures,2025-02-28,day,album,11.0,https://i.scdn.co/image/ab67616d0000b273dac94c83b4fbe72c32bed7ed,,,,matched,https://i.scdn.co/image/ab6761610000e5eb8f67ef079ccb17cef1ce180b,https://open.spotify.com/artist/6ignRjbPmLvKdtMLj9a5Xs
"February 25, 2025",Travesías,Oksana Linde,Electronic,Buh Records,"Lima, Peru",Matthew Blackwell,matched,5DvBuvzPtimhWCYyGtUHlG,https://open.spotify.com/album/5DvBuvzPtimhWCYyGtUHlG,1uw253RRnz7eeOGwv4upOx,Oksana Linde,Travesías,2025-02-21,day,album,8.0,https://i.scdn.co/image/ab67616d0000b27315f955df9e1c515b8271b049,,,,matched,https://i.scdn.co/image/ab6761610000e5eb29909e8ad1dad20278957cb8,https://open.spotify.com/artist/1uw253RRnz7eeOGwv4upOx
"February 24, 2025",PLEASE COME TO ME,Masma Dream World,Ambient,Independent Artist,New York,Louis Pattison,matched,5kSi87td0Lmyyhe45JAKfk,https://open.spotify.com/album/5kSi87td0Lmyyhe45JAKfk,3nH4G7zBXICcyAVnOoc2gu,Masma Dream World,PLEASE COME TO ME,2024-12-10,day,single,2.0,https://i.scdn.co/image/ab67616d0000b2730300f55716fe9047570fcad4,,,,matched,https://i.scdn.co/image/ab6761610000e5eb187cc5423cb9fe9a3b5bf1c7,https://open.spotify.com/artist/3nH4G7zBXICcyAVnOoc2gu
"February 21, 2025",Goodbye Horses: The Many Lives of Q Lazzarus (Music From The Motion Picture),Q Lazzarus,Pop,Independent Artist,"New York, New York",Liz Ohanesian,matched,5tiJmpd5cHOSgH82YApDcr,https://open.spotify.com/album/5tiJmpd5cHOSgH82YApDcr,2EOrSEDPcZ9feKWSi8Fpdi,Q Lazzarus,Goodbye Horses: The Many Lives of Q Lazzarus (Music From The Motion Picture),2025-02-21,day,album,21.0,https://i.scdn.co/image/ab67616d0000b2730160cd211689490e3bb4d3f6,,,,matched,https://i.scdn.co/image/ab6761610000e5eb4bc4e1d287f16caf1153294b,https://open.spotify.com/artist/2EOrSEDPcZ9feKWSi8Fpdi
"February 20, 2025",Bicicleta,COLLIGNON,World,Independent Artist,"Palmela, Portugal",Eli Schoop,matched,0DVmHF86CTlU7MnoX47JoB,https://open.spotify.com/album/0DVmHF86CTlU7MnoX47JoB,48OTFVKJ0VEviIC2leEbXp,COLLIGNON,Bicicleta,2025-02-14,day,album,10.0,https://i.scdn.co/image/ab67616d0000b273f9b72db4c01882e8efb322f9,,,,matched,https://i.scdn.co/image/ab6761610000e5ebccb6a575fac1b980c5847a94,https://open.spotify.com/artist/48OTFVKJ0VEviIC2leEbXp
"February 19, 2025",LOVE.JONES,THEY.,R&amp;B/Soul,Independent Artist,"Los Angeles, California",ea. osei,matched,1xcouduCLDsvfyp3pltKqO,https://open.spotify.com/album/1xcouduCLDsvfyp3pltKqO,0pghUohLPptZWBasy2wmUx,THEY.,LOVE.JONES,2025-02-14,day,album,10.0,https://i.scdn.co/image/ab67616d0000b273ad1f6fbedc5fde15f1bbd047,,,,matched,https://i.scdn.co/image/ab6761610000e5eb5d387ef37bc9a697c5bf4cb8,https://open.spotify.com/artist/0pghUohLPptZWBasy2wmUx
"February 18, 2025","Tokyo Bliss: Japanese Funk, Boogie & City Pop from King Records 1974–88",Various Artists,Pop,WEWANTSOUNDS,"Paris, France",Patrick St. Michel,no_match,,,,,,,,,,,,,,,,
"February 14, 2025",New Dawn,Marshall Allen,Jazz,Independent Artist,"Philadelphia, Pennsylvania",Michael J. West,matched,0BOZmnGO69A24yXIJ6lOpd,https://open.spotify.com/album/0BOZmnGO69A24yXIJ6lOpd,32QaUUUSNwRfshZ10Zxp58,Marshall Allen,New Dawn,2025-02-14,day,album,7.0,https://i.scdn.co/image/ab67616d0000b2732d6a3528b3a1c4e13cc86981,,,,matched,https://i.scdn.co/image/ab6761610000e5eb60064b377b2e6214ac80ef69,https://open.spotify.com/artist/32QaUUUSNwRfshZ10Zxp58
"February 13, 2025",Anything At All,Denison Witmer,Alternative,Independent Artist,"Philadelphia, Pennsylvania",Ben Salmon,matched,1pBsqSt6LWcEf9nIQHMWya,https://open.spotify.com/album/1pBsqSt6LWcEf9nIQHMWya,2sJ5Iicthbc9d8Sl1dpeSB,Denison Witmer,Anything At All,2025-02-14,day,album,10.0,https://i.scdn.co/image/ab67616d0000b273f8bc93aaa1ec0b2cf16aecb4,,,,matched,https://i.scdn.co/image/ab6761610000e5eb29e4e7a868dfbecc4b7ab7f0,https://open.spotify.com/artist/2sJ5Iicthbc9d8Sl1dpeSB
"February 12, 2025",Better Wonder,Kestrels,Rock,Independent Artist,"Halifax, Nova Scotia",Jude Noel,matched,7LXhHvQXvk54qqX9UHISXC,https://open.spotify.com/album/7LXhHvQXvk54qqX9UHISXC,6OhBIO6kClq223luwQ2XHb,Kestrels,Better Wonder,2025-02-14,day,album,12.0,https://i.scdn.co/image/ab67616d0000b273e86b9741726043b846158e77,,,,matched,https://i.scdn.co/image/ab6761610000e5eb9f19cef3de01e61c29476a8d,https://open.spotify.com/artist/6OhBIO6kClq223luwQ2XHb
"February 11, 2025",Dans Ta Nuit,Corps Diplomatique,Alternative,Independent Artist,France,Elle Carroll,matched,5edu5wRmo1jcKaODKc9sWf,https://open.spotify.com/album/5edu5wRmo1jcKaODKc9sWf,7jhAFH2x3fVXF94HplhQ1i,Corps Diplomatique,Dans Ta Nuit,1988-02-15,day,album,10.0,https://i.scdn.co/image/ab67616d0000b273d986394a44a6eee4268fded1,,,,matched,https://i.scdn.co/image/ab67616d0000b273d986394a44a6eee4268fded1,https://open.spotify.com/artist/7jhAFH2x3fVXF94HplhQ1i
"February 10, 2025",Share Your Care,Helen Ganya,Alternative,Independent Artist,"Brighton, UK",April Clare Welsh,matched,2k8KCc6Xjq4KscAf2IkHaP,https://open.spotify.com/album/2k8KCc6Xjq4KscAf2IkHaP,3QgKcOAzUQxRlENrawHNya,Helen Ganya,Share Your Care,2025-02-07,day,album,13.0,https://i.scdn.co/image/ab67616d0000b273f03c7ae072b6b14db8e34db9,,,,matched,https://i.scdn.co/image/ab6761610000e5eb55efffd60b1ecdb251ce8941,https://open.spotify.com/artist/3QgKcOAzUQxRlENrawHNya
"February 07, 2025",choke enough,Oklou,Pop,Independent Artist,"Paris, France",April Clare Welsh,matched,2YS8Z0Vc7FTOYBLgUoN2Lo,https://open.spotify.com/album/2YS8Z0Vc7FTOYBLgUoN2Lo,6fFcUOFcbjeIuEomuUthkw,Oklou,choke enough,2025-02-07,day,album,13.0,https://i.scdn.co/image/ab67616d0000b2730b68095c4016bdeabd032e89,,,,matched,https://i.scdn.co/image/ab6761610000e5ebf8b90fcffca3c4e28564f0e3,https://open.spotify.com/artist/6fFcUOFcbjeIuEomuUthkw
"February 06, 2025",Soul Rebels,Bob Marley and The Wailers,Reggae,Charly Records,"London, UK",Dean Van Nguyen,no_match,,,,,,,,,,,,,,,,
"February 05, 2025",Praise Poems 10,Various Artists,Jazz,Tramp Rec.,Germany,Jim Allen,matched,0Zp5fB36WR0BA0bmXaLxSy,https://open.spotify.com/album/0Zp5fB36WR0BA0bmXaLxSy,0LyfQWJT6nXafLPZqxe9Of,Various Artists,"Praise Poems, Vol. 10",2025-02-07,day,compilation,17.0,https://i.scdn.co/image/ab67616d0000b2735a898669130a2e83eeadaed6,,,,matched,https://i.scdn.co/image/ab6761610000e5eb6b134287e3095d2c84b7932a,https://open.spotify.com/artist/0LyfQWJT6nXafLPZqxe9Of
"February 04, 2025",Even The Horizon Knows Its Bounds,Lawrence English,Ambient,Independent Artist,"Brisbane, Australia",Ted Davis,matched,5mc14YNWdxS83sReqvQt40,https://open.spotify.com/album/5mc14YNWdxS83sReqvQt40,0V1EXFlRy3LeOKB07YJucI,Lawrence English,Even The Horizon Knows Its Bounds,2025-02-07,day,album,8.0,https://i.scdn.co/image/ab67616d0000b273e4104662e4bf25828373cb1a,,,,matched,https://i.scdn.co/image/ab6761610000e5eb8076543d46aa7aa68420a6a0,https://open.spotify.com/artist/0V1EXFlRy3LeOKB07YJucI
"February 03, 2025",Showbiz!,MIKE,Hip-Hop/Rap,Independent Artist,"New York, New York",Nadine Smith,matched,3M1PhSsHmAlh79bAz9jBZs,https://open.spotify.com/album/3M1PhSsHmAlh79bAz9jBZs,1wlzPS1hSNrkriIIwLFTmU,MIKE,Showbiz!,2025-01-31,day,album,24.0,https://i.scdn.co/image/ab67616d0000b273dbd96c57601c40366bb99ebc,,,,matched,https://i.scdn.co/image/ab6761610000e5eb592451e2718b94f9c49d2ebe,https://open.spotify.com/artist/1wlzPS1hSNrkriIIwLFTmU
"January 31, 2025","Adrian Younge, and Ali Shaheed Muhammad, Jazz Is Dead 22: Ebo Taylor",Ebo Taylor,World,Independent Artist,Ghana,Peter Margasak,no_match,,,,,,,,,,,,,,,,
"January 30, 2025",The Bad Fire,Mogwai,Alternative,Independent Artist,"Scotland, UK",Mike McGrath-Bryan,matched,3wub9ovkqCGHDDHkdhdh1I,https://open.spotify.com/album/3wub9ovkqCGHDDHkdhdh1I,34UhPkLbtFKRq3nmfFgejG,Mogwai,The Bad Fire,2025-01-24,day,album,10.0,https://i.scdn.co/image/ab67616d0000b273919b2f5b260032f2946db65b,,,,matched,https://i.scdn.co/image/ab6761610000e5eb5c58771372707e8b22c664ee,https://open.spotify.com/artist/34UhPkLbtFKRq3nmfFgejG
"January 29, 2025",West Coast,Studio,Electronic,STUDIO,Sweden,Louis Pattison,matched,545TSuBXtKERt6xHTpQDSA,https://open.spotify.com/album/545TSuBXtKERt6xHTpQDSA,3S7qyu1bgdKJOULPObmxR8,Studio,West Coast,2025-01-24,day,album,12.0,https://i.scdn.co/image/ab67616d0000b2738622c70d107789a52b09f3c9,,,,matched,https://i.scdn.co/image/ab6761610000e5ebdf1cbe64f26d5c4c773251dc,https://open.spotify.com/artist/3S7qyu1bgdKJOULPObmxR8
"January 28, 2025",Mapambazuko,Ale Hop & Titi Bakorta,World,Nyege Nyege Tapes,"Kampala, Uganda",Joseph Francis,no_match,,,,,,,,,,,,,,,,
"January 27, 2025",Sign Of The Storm,Century,Metal,Electric Assault Records,"Brooklyn, New York",Grayson Haver Currin,matched,2PpjDBNfgL08y2EKlnNc9P,https://open.spotify.com/album/2PpjDBNfgL08y2EKlnNc9P,0DiH2yz49jh3H1jYqXNs9Z,Century,Sign Of The Storm,2025-01-24,day,album,10.0,https://i.scdn.co/image/ab67616d0000b273eeeaabe8781280bba9564edd,,,,matched,https://i.scdn.co/image/ab6761610000e5eb7cf07dfabadfd1f4a33ce41c,https://open.spotify.com/artist/0DiH2yz49jh3H1jYqXNs9Z
"January 24, 2025",Goyard Ibn Said,Ghais Guevara,Hip-Hop/Rap,Independent Artist,"Philadelphia, Pennsylvania",Dash Lewis,matched,2NiS2Ky8v1yGAjDLVxaIV3,https://open.spotify.com/album/2NiS2Ky8v1yGAjDLVxaIV3,7zQ4NNGWgCVWU80Rg6dXOH,Ghais Guevara,Goyard Ibn Said,2025-01-24,day,album,16.0,https://i.scdn.co/image/ab67616d0000b273f414220289f586b0958680c3,,,,matched,https://i.scdn.co/image/ab6761610000e5eb72f2512e8762a28e663fc6f3,https://open.spotify.com/artist/7zQ4NNGWgCVWU80Rg6dXOH
"January 23, 2025",7 Songs For Spiders,Dax Riggs,Alternative,Independent Artist,"Lafayette, Louisiana",Brad Sanders,matched,4lzIeoBYz2rx7juW4sgCpB,https://open.spotify.com/album/4lzIeoBYz2rx7juW4sgCpB,62cbRT8HTVpFfiA7e2jJO0,Dax Riggs,7 Songs For Spiders,2025-01-24,day,album,7.0,https://i.scdn.co/image/ab67616d0000b2735c5cd9c5c7173567fe828612,,,,matched,https://i.scdn.co/image/ab6761610000e5ebb8e46a8aada66f5ad998691a,https://open.spotify.com/artist/62cbRT8HTVpFfiA7e2jJO0
"January 22, 2025",honey from a winter stone,Ambrose Akinmusire,Jazz,Independent Artist,"Berkeley, California",Stewart Smith,matched,69qmpFumQAb3y3UXgGCIbz,https://open.spotify.com/album/69qmpFumQAb3y3UXgGCIbz,4ai53dgSBGhQwcFtGyY1bF,Ambrose Akinmusire,honey from a winter stone,2025-01-31,day,album,5.0,https://i.scdn.co/image/ab67616d0000b27355fecbf5a4c86d9011c0465c,,,,matched,https://i.scdn.co/image/ab6761610000e5ebd846d2d13435f6ed32e19396,https://open.spotify.com/artist/4ai53dgSBGhQwcFtGyY1bF
"January 21, 2025",Humanhood,The Weather Station,Alternative,Independent Artist,"Toronto, Ontario",Taylor Ruckle,matched,5oiIdyuDWZ9einLEUdAccO,https://open.spotify.com/album/5oiIdyuDWZ9einLEUdAccO,39ZEMGRv3pIYTYKEhr4Abu,The Weather Station,Humanhood,2025-01-17,day,album,13.0,https://i.scdn.co/image/ab67616d0000b273a045ac7018d6f78b505a3e2c,,,,matched,https://i.scdn.co/image/ab6761610000e5eb4e605524b4d06cf2348e4257,https://open.spotify.com/artist/39ZEMGRv3pIYTYKEhr4Abu
"January 17, 2025",Cosmic​-​Astral,Memory Pearl,Ambient,Independent Artist,"Toronto, Ontario",Ted Davis,matched,2uNHKmW4OA06uSyQHtTmcj,https://open.spotify.com/album/2uNHKmW4OA06uSyQHtTmcj,22jqaoK0HsEXfo8CyEelic,Memory Pearl,Cosmic-Astral,2025-01-31,day,album,9.0,https://i.scdn.co/image/ab67616d0000b2734c4c62e7f50895624a854aa1,,,,matched,https://i.scdn.co/image/ab6761610000e5ebd169ab39cf11d1cbf552218c,https://open.spotify.com/artist/22jqaoK0HsEXfo8CyEelic
"January 16, 2025",D​Í​A,Ela Minus,Electronic,Independent Artist,"Brooklyn, New York",Erin Lyndal Martin,no_match,,,,,,,,,,,,,,,,
"January 15, 2025",Kosmischer Pitch,Jan Jelenik,Electronic,Jan Jelinek,"Berlin, Germany",April Clare Welsh,no_match,,,,,,,,,,,,,,,,
"January 14, 2025",Dweller,Haunted Horses,Metal,HAUNTED HORSES,"Seattle, Washington",J. Bennett,matched,3SW367S1dF9OwKhjV8JMsZ,https://open.spotify.com/album/3SW367S1dF9OwKhjV8JMsZ,6snN2rjeQQ7pG8SMJ5w2Gm,Haunted Horses,Dweller,2025-01-10,day,album,9.0,https://i.scdn.co/image/ab67616d0000b273b8270e1e1e31d427883466a5,,,,matched,https://i.scdn.co/image/ab6761610000e5eb17fa60c223a12f31e69ae9ec,https://open.spotify.com/artist/6snN2rjeQQ7pG8SMJ5w2Gm
"January 13, 2025",Was It Medicine To You?,Zeta,Punk,zeta,"Puerto La Cruz, Venezuela",Eli Schoop,matched,2iNFIVzqh0RA1aTFvB3tf7,https://open.spotify.com/album/2iNFIVzqh0RA1aTFvB3tf7,6syYSX0eLH4srCtXhUEMXD,Zeta,Was It Medicine To You?,2025-01-09,day,album,7.0,https://i.scdn.co/image/ab67616d0000b273b1cb2fd21ab12f6b8ef13a12,,,,matched,https://i.scdn.co/image/ab6761610000e5eb3325a9713d0bc9f4b1abb19e,https://open.spotify.com/artist/6syYSX0eLH4srCtXhUEMXD
"January 10, 2025",The Human Fear,Franz Ferdinand,Alternative,Independent Artist,"Glasgow, UK",Elle Carroll,matched,7LbR1L8thzNldHceu3tj1a,https://open.spotify.com/album/7LbR1L8thzNldHceu3tj1a,0XNa1vTidXlvJ2gHSsRi4A,Franz Ferdinand,The Human Fear,2025-01-10,day,album,11.0,https://i.scdn.co/image/ab67616d0000b2734129e8c4687ee7a9b73f2226,,,,matched,https://i.scdn.co/image/ab6761610000e5eb69ecfa7557856564c968640d,https://open.spotify.com/artist/0XNa1vTidXlvJ2gHSsRi4A
"January 09, 2025",Velours D​é​vorant,Toru,Metal,Independent Artist,France,Brad Cohan,no_match,,,,,,,,,,,,,,,,
"January 08, 2025",Cold Blows the Rain,Bridget Hayden and The Apparitions,Folk,Bridget Hayden,UK,Devon Leger,matched,7rKQevMLscKGJAKeG2I7VQ,https://open.spotify.com/album/7rKQevMLscKGJAKeG2I7VQ,2F1DNYxPFZrACAFK9upcXv,"Bridget Hayden and The Apparitions, Bridget Hayden",Cold Blows the Rain,2025-01-10,day,album,8.0,https://i.scdn.co/image/ab67616d0000b273cc95f3cd9736ea5c55ad85c6,,,,matched,https://i.scdn.co/image/ab67616d0000b273cc95f3cd9736ea5c55ad85c6,https://open.spotify.com/artist/2F1DNYxPFZrACAFK9upcXv
"December 06, 2024",Cosmic Waves Volume 1,Angel Olsen,Alternative,Independent Artist,"Asheville, North Carolina",Jennifer Kelly,matched,46wiYtNT2Ix8E4YpkdwTzY,https://open.spotify.com/album/46wiYtNT2Ix8E4YpkdwTzY,6mKqFxGMS5TGDZI3XkT5Rt,Angel Olsen,Cosmic Waves Volume 1,2024-12-06,day,album,10.0,https://i.scdn.co/image/ab67616d0000b273434def485587f63151df081c,,,,matched,https://i.scdn.co/image/ab6761610000e5ebc2529fa7223c4a6190f07820,https://open.spotify.com/artist/6mKqFxGMS5TGDZI3XkT5Rt
"December 05, 2024",Dreaming the Strife for Love,Bedsore,Metal,20 Buck Spin,"Pittsburgh, Pennsylvania",Brad Sanders,matched,3KFaCfyta9b7t08QAXuI5P,https://open.spotify.com/album/3KFaCfyta9b7t08QAXuI5P,5voYmbejb8Nj564tCDZTBG,Bedsore,Dreaming the Strife for Love,2024-11-29,day,album,6.0,https://i.scdn.co/image/ab67616d0000b273a374449b5d9d73c1267db210,,,,matched,https://i.scdn.co/image/ab6761610000e5eb9a3361f7f6261c9a18dc19bf,https://open.spotify.com/artist/5voYmbejb8Nj564tCDZTBG
"December 04, 2024",Mosaic,Fennesz,Ambient,Independent Artist,"Vienna, Austria",April Clare Welsh,matched,3BW7CgpmNbGYaxJncNrv9a,https://open.spotify.com/album/3BW7CgpmNbGYaxJncNrv9a,2DoQBgPsB9AdmWpIa2hUSz,Fennesz,Mosaic,2024-12-06,day,album,6.0,https://i.scdn.co/image/ab67616d0000b273f934fff78c44d6b066806e5a,,,,matched,https://i.scdn.co/image/ab6761610000e5eb1b80dcb0fe9de066bc28130e,https://open.spotify.com/artist/2DoQBgPsB9AdmWpIa2hUSz
"December 03, 2024",Rela,Negro Leo,Experimental,Independent Artist,"Rio De Janeiro, Brazil",Filipe Costa,matched,2iKXexPwdJ0t7ndiG2GPBk,https://open.spotify.com/album/2iKXexPwdJ0t7ndiG2GPBk,6UKn12Sg5H3SyiFX5GalB6,Negro Leo,RELA,2024-11-28,day,album,13.0,https://i.scdn.co/image/ab67616d0000b2731699cda4636134f790437e10,,,,matched,https://i.scdn.co/image/ab6761610000e5ebf13f5f2820eceb90702aedf8,https://open.spotify.com/artist/6UKn12Sg5H3SyiFX5GalB6
"December 02, 2024",Only the Void Stands Between Us,Julie Beth Napolin,Folk,Independent Artist,"Beacon, New York",Jim Allen,matched,1kbxWe8tv0NMFBsqOUsKem,https://open.spotify.com/album/1kbxWe8tv0NMFBsqOUsKem,2eAGt8Hqgi7Um11veMi1fR,Julie Beth Napolin,Only the Void Stands Between Us,2024-11-29,day,album,7.0,https://i.scdn.co/image/ab67616d0000b273883784e7ffefed07cd016211,,,,matched,https://i.scdn.co/image/ab6761610000e5ebf8cc34bc67b5613dfcea0b36,https://open.spotify.com/artist/2eAGt8Hqgi7Um11veMi1fR
"November 27, 2024",Africanism,The Last Poets and Tony Allen Ft. Egypt 80,Spoken Word,Africa Seven,"London, UK",Marshall Gu,no_match,,,,,,,,,,,,,,,,
"November 26, 2024",Trellis,Lifted,Electronic,Independent Artist,"Washington, D.C.",Ted Davis,matched,3RH41G95sJX1QEAlqiFbQX,https://open.spotify.com/album/3RH41G95sJX1QEAlqiFbQX,3183eBpNb3nicV6VkhwCUL,Lifted,Trellis,2024-11-22,day,album,7.0,https://i.scdn.co/image/ab67616d0000b2732f1147dabfdf4a953e746ca9,,,,matched,https://i.scdn.co/image/ab67616d0000b2732f1147dabfdf4a953e746ca9,https://open.spotify.com/artist/3183eBpNb3nicV6VkhwCUL
"November 25, 2024",Meaning’s Edge,Djrum,Electronic,Independent Artist,"England, UK",Jon Dale,no_match,,,,,,,,,,,,,,,,
"November 22, 2024",Neptunes EP,Kaitlyn Aurelia Smith & Joe Goddard,Electronic,Kaitlyn Aurelia Smith,"Los Angeles, California",Ted Davis,no_match,,,,,,,,,,,,,,,,
"November 21, 2024",Chak Chak Chak Chak,Julián Mayorga,Latin,Independent Artist,Spain,Maria Barrios,matched,2dnx2UfB4FopcIfGfpygzj,https://open.spotify.com/album/2dnx2UfB4FopcIfGfpygzj,2TcRGEZR3tYPVDe71l5Fui,Julián Mayorga,Chak Chak Chak Chak,2024-11-15,day,album,11.0,https://i.scdn.co/image/ab67616d0000b2737cf968345ba19ef0736b5ae4,,,,matched,https://i.scdn.co/image/ab6761610000e5eb4a3d5c1e39cab2c5b268fa02,https://open.spotify.com/artist/2TcRGEZR3tYPVDe71l5Fui
"November 20, 2024",Safa,Nizar Rohana,World,Independent Artist,Palestine,James Gui,matched,52z0eL1svCLsmV7HxvTHgB,https://open.spotify.com/album/52z0eL1svCLsmV7HxvTHgB,44aAXFZFMN1SHkD3z8rQZ7,Nizar Rohana,Safa,2024-11-15,day,album,10.0,https://i.scdn.co/image/ab67616d0000b273be1571481ae7d4e94be3a260,,,,matched,https://i.scdn.co/image/ab6761610000e5eb2509fe8557e721a6d1e95828,https://open.spotify.com/artist/44aAXFZFMN1SHkD3z8rQZ7
"November 19, 2024",君​が​ど​ん​ど​ん​離​れ​て​行​く You Are Leaving My Mind: The ‘Mariko’ and ‘Dokitto Station​!​!​’ Era,Maple Fyshh,Alternative,EM Records,"Osaka Prefecture, Japan",Elle Carroll,no_match,,,,,,,,,,,,,,,,
"November 18, 2024",Naya,Dawuna,Experimental,Independent Artist,"Baltimore, Maryland",Ted Davis,matched,4ZBmrddUnOyhblPKD3Xpoh,https://open.spotify.com/album/4ZBmrddUnOyhblPKD3Xpoh,5EWXvpxUaFhmjgWJZlXlVY,Dawuna,Naya,2024-11-15,day,album,14.0,https://i.scdn.co/image/ab67616d0000b273df4a0c2b5f144089a7f31de8,,,,matched,https://i.scdn.co/image/ab67616d0000b273f6f39e407dc240de67bac584,https://open.spotify.com/artist/5EWXvpxUaFhmjgWJZlXlVY
"November 15, 2024",MM​.​.​FOOD (20 Year Anniversary Edition),MF DOOM,Hip-Hop/Rap,Independent Artist,,Dash Lewis,no_match,,,,,,,,,,,,,,,,
"November 14, 2024",Sufferer Sounds,Dennis Bovell,Reggae,Dennis Bovell MBE,"London, UK",Jared Proudfoot,no_match,,,,,,,,,,,,,,,,
"November 13, 2024",From the Heights of Our Pastureland,Yoo Doo Right,Alternative,yoo doo right,"Montreal, Québec",Mike McGrath-Bryan,matched,5mFNRWn8JrkaQ0DRi8jmlA,https://open.spotify.com/album/5mFNRWn8JrkaQ0DRi8jmlA,2pVonF82aN2ttqFHsynVeW,Yoo Doo Right,From the Heights of Our Pastureland,2024-11-08,day,album,6.0,https://i.scdn.co/image/ab67616d0000b273d05d9ef2b57948900a065ded,,,,matched,https://i.scdn.co/image/ab6761610000e5eb8c0a733707b287e48d986d1c,https://open.spotify.com/artist/2pVonF82aN2ttqFHsynVeW
"November 12, 2024",Chromesthesia: The Colour of Sound Vol. 1,Various Artists,Electronic,Chromesthesia,"London, UK",April Clare Welsh,matched,10qHGPFvALiqBVUFyniDnj,https://open.spotify.com/album/10qHGPFvALiqBVUFyniDnj,0LyfQWJT6nXafLPZqxe9Of,Various Artists,Chromesthesia: the Colour of Sound Vol. 1,2024-11-08,day,compilation,9.0,https://i.scdn.co/image/ab67616d0000b2734f26c8be7cd755dc636c43c9,,,,matched,https://i.scdn.co/image/ab6761610000e5eb6b134287e3095d2c84b7932a,https://open.spotify.com/artist/0LyfQWJT6nXafLPZqxe9Of
"November 11, 2024",Tension,Mulatu Astatke & the Hoodna Orchestra,World,Mulatu Astatke,"Jimma, Ethiopia",Peter Margasak,no_match,,,,,,,,,,,,,,,,
"November 08, 2024",Mr. Loverman (Original Score),Speakers Corner Quartet,Jazz,Independent Artist,UK,Michael J. West,matched,6ieeIRvzRwhsxJL2aThKv4,https://open.spotify.com/album/6ieeIRvzRwhsxJL2aThKv4,3lyeudxub9rOtJjF15IzxH,Speakers Corner Quartet,Mr Loverman (Original Score),2024-11-08,day,album,23.0,https://i.scdn.co/image/ab67616d0000b2735fd7073d9094bde9ba2c13a1,,,,matched,https://i.scdn.co/image/ab6761610000e5eb1ed2f197f71a4fa519660394,https://open.spotify.com/artist/3lyeudxub9rOtJjF15IzxH
"November 07, 2024",PP​’S: Compiled by El Palmas & El Dr​á​gon Criollo,PP’S,Alternative,PP´S,Spain,Elle Carroll,no_match,,,,,,,,,,,,,,,,
"November 06, 2024",İstanbul Sokakları,Baba Zula,Rock,Independent Artist,"Istanbul, Turkey",Elle Carroll,matched,6RqVyLkn4j1YwnPfJpL7c3,https://open.spotify.com/album/6RqVyLkn4j1YwnPfJpL7c3,39zIRxvWFOGGH4hxGqRkLy,Baba Zula,İstanbul Sokakları,2024-11-08,day,album,8.0,https://i.scdn.co/image/ab67616d0000b273acf6193da4bc7a769be79644,,,,matched,https://i.scdn.co/image/ab6761610000e5ebbc02e085c5a86199a4b28e7e,https://open.spotify.com/artist/39zIRxvWFOGGH4hxGqRkLy
"November 05, 2024",Do You Still Love Me?,Planes Mistaken For Stars,Alternative,Independent Artist,"Denver, Colorado",Spencer Hughes,matched,3OaZY1ACQm9eO8zbiwj9fk,https://open.spotify.com/album/3OaZY1ACQm9eO8zbiwj9fk,2rfJuPYf7n3inXgdDNxMku,Planes Mistaken For Stars,Do You Still Love Me?,2024-11-01,day,album,13.0,https://i.scdn.co/image/ab67616d0000b27348a71baba342eb12549a2e10,,,,matched,https://i.scdn.co/image/ab6761610000e5ebdf2f820d0ea0f877279980aa,https://open.spotify.com/artist/2rfJuPYf7n3inXgdDNxMku
"November 04, 2024",Seed of a Seed,Haley Heynderickx,Folk,Independent Artist,"Portland, Oregon",Meredith Lawrence,matched,5WjjIOn40MG9kLfaeHBS5a,https://open.spotify.com/album/5WjjIOn40MG9kLfaeHBS5a,73MDShZzdL4vUGMkmXOG6X,Haley Heynderickx,Seed of a Seed,2024-11-01,day,album,10.0,https://i.scdn.co/image/ab67616d0000b273165741eb843a1a05155c8f65,,,,matched,https://i.scdn.co/image/ab6761610000e5eb7c63fcd03282ec205c37428f,https://open.spotify.com/artist/73MDShZzdL4vUGMkmXOG6X
"November 01, 2024","The Invisible Road: Original Recordings, 1985​–​1990",Sussan Deyhim & Richard Horowitz,Electronic,RVNG Intl.,"New York, New York",Jim Allen,no_match,,,,,,,,,,,,,,,,
"October 31, 2024",PALM WINE,YATTA,Experimental,Independent Artist,,Daniel Dylan Wray,matched,4F5kviMJJjqb4sce4jh3Xe,https://open.spotify.com/album/4F5kviMJJjqb4sce4jh3Xe,111QPtbpDlO2bvIFI51bVD,YATTA,PALM WINE,2024-10-25,day,album,14.0,https://i.scdn.co/image/ab67616d0000b2731178087840e4c9c751a1675b,,,,matched,https://i.scdn.co/image/ab6761610000e5eb95ce5e9bd78fd67ef6cb9d99,https://open.spotify.com/artist/111QPtbpDlO2bvIFI51bVD
"October 30, 2024",Cherry Blossom Baby,Shigeto,Electronic,SHIGETO,"Detroit, Michigan",Eli Schoop,matched,12nrw3ZgVqiLe9TnEmkQ4n,https://open.spotify.com/album/12nrw3ZgVqiLe9TnEmkQ4n,48C2RLG6w7o4jAJjCJKZM8,Shigeto,Cherry Blossom Baby,2024-10-25,day,album,10.0,https://i.scdn.co/image/ab67616d0000b273cb546088995571dec2868b5a,,,,matched,https://i.scdn.co/image/ab6761610000e5ebd9fb2255799494e5074bb3ec,https://open.spotify.com/artist/48C2RLG6w7o4jAJjCJKZM8
"October 29, 2024",Diamond Jubilee,Cindy Lee,Alternative,Independent Artist,"Toronto, Ontario",Eli Schoop,no_match,,,,,,,,,,,,,,,,
"October 25, 2024",1981​-​1986,Primitive Art Group,Jazz,Independent Artist,"Wellington, New Zealand",Jon Dale,matched,3sjU25wYzx5ivx9RIzQuCy,https://open.spotify.com/album/3sjU25wYzx5ivx9RIzQuCy,6BLazyZP7AwVPXFfQq4Hp1,Primitive Art Group,1981-1986,2024-10-25,day,album,11.0,https://i.scdn.co/image/ab67616d0000b273f14483448a03ad2847f1de2a,,,,matched,https://i.scdn.co/image/ab6761610000e5ebcddbd28e7a328ec1abd2208b,https://open.spotify.com/artist/6BLazyZP7AwVPXFfQq4Hp1
"October 24, 2024",From the Void,Hammock,Ambient,Independent Artist,"Nashville, Tennessee",Erick Bradshaw,matched,7KjcNLEieBFrYXrWld0T0J,https://open.spotify.com/album/7KjcNLEieBFrYXrWld0T0J,0VOR7Ie9xUSb45fzIIVJQ1,Hammock,From the Void,2024-10-25,day,album,8.0,https://i.scdn.co/image/ab67616d0000b273638f95372cf6102565bc2881,,,,matched,https://i.scdn.co/image/ab6761610000e5ebbaede86bbfc2bd986d52a681,https://open.spotify.com/artist/0VOR7Ie9xUSb45fzIIVJQ1
"October 23, 2024","Ayo Ke Disco: Boogie, Pop & Funk from the South China Sea (1974​-​88)",Various Artists,World,Soundway Records,UK,Megan Iacobini de Fazio,matched,0seFmYFsgTmDFsMgp548pN,https://open.spotify.com/album/0seFmYFsgTmDFsMgp548pN,0LyfQWJT6nXafLPZqxe9Of,Various Artists,"Ayo Ke Disco: Boogie, Pop & Funk from the South China Sea (1974-88)",2024-11-08,day,compilation,10.0,https://i.scdn.co/image/ab67616d0000b2732985e18d3649a022ad9b3392,,,,matched,https://i.scdn.co/image/ab6761610000e5eb6b134287e3095d2c84b7932a,https://open.spotify.com/artist/0LyfQWJT6nXafLPZqxe9Of
"October 22, 2024",Dreamstate,Kelly Lee Owens,Electronic,Independent Artist,"London, UK",Joe Muggs,matched,4OL7O0xoj0xjyRrTA3clwd,https://open.spotify.com/album/4OL7O0xoj0xjyRrTA3clwd,5eitAUlYmlha3LLWg7aBn5,Kelly Lee Owens,Dreamstate,2024-10-18,day,album,10.0,https://i.scdn.co/image/ab67616d0000b273b9e65601e32a0661663e4700,,,,matched,https://i.scdn.co/image/ab6761610000e5eb0a3339b0c187b2733cdb1145,https://open.spotify.com/artist/5eitAUlYmlha3LLWg7aBn5
"October 21, 2024",Venus Smiles Not in the House of Tears,Samora Pinderhughes,Alternative,Independent Artist,"New York, New York",Michael J. West,matched,4W3J067k1YiSo6UFywZHoa,https://open.spotify.com/album/4W3J067k1YiSo6UFywZHoa,6Of92bKNSsFuoNkF4nQ6Za,Samora Pinderhughes,Venus Smiles Not in the House of Tears,2024-10-18,day,album,11.0,https://i.scdn.co/image/ab67616d0000b273975b93332749e507b404aaa3,,,,matched,https://i.scdn.co/image/ab6761610000e5ebbd01d35853604eaa31cd55f6,https://open.spotify.com/artist/6Of92bKNSsFuoNkF4nQ6Za
"October 18, 2024",3,Saagara,Jazz,Waclaw Zimpel,"Warsaw, Poland",Michal Wieczorek,matched,3bYJhlYenYM6qavKCBkle8,https://open.spotify.com/album/3bYJhlYenYM6qavKCBkle8,3sTpGFOipufgpSwhWk47y0,"Saagara, Wacław Zimpel, Giridhar Udupa",3,2024-10-18,day,album,6.0,https://i.scdn.co/image/ab67616d0000b273299eb2a0aa268cef96a4a573,,,,matched,https://i.scdn.co/image/ab67616d0000b273299eb2a0aa268cef96a4a573,https://open.spotify.com/artist/3sTpGFOipufgpSwhWk47y0
"October 17, 2024",Municipal Dreams,Low End Activist,Electronic,Independent Artist,"Bristol, UK",Joe Muggs,matched,11wQPaqfIv7IkbenDpvcS1,https://open.spotify.com/album/11wQPaqfIv7IkbenDpvcS1,72oF97JtpHOAEYBMLzKKDg,Low End Activist,Municipal Dreams,2024-10-18,day,album,14.0,https://i.scdn.co/image/ab67616d0000b2737f1605e3f6c3344d23de0dad,,,,matched,https://i.scdn.co/image/ab6761610000e5eb24acede7e168687eddb7de65,https://open.spotify.com/artist/72oF97JtpHOAEYBMLzKKDg
"October 16, 2024",Muuntautuja,Oranssi Pazuzu,Metal,Independent Artist,Finland,J. Bennett,matched,6cRCD79pIJvu5aeKWVtskd,https://open.spotify.com/album/6cRCD79pIJvu5aeKWVtskd,3XFQRe2FsSOjrODygK4caW,Oranssi Pazuzu,Muuntautuja,2024-10-11,day,album,8.0,https://i.scdn.co/image/ab67616d0000b27388d48cef643e1ad3ac2ceedc,,,,matched,https://i.scdn.co/image/ab6761610000e5eb51c2a2bcbffebc87a49711cd,https://open.spotify.com/artist/3XFQRe2FsSOjrODygK4caW
"October 15, 2024",The Psychedelic Sounds Of The 13th Floor Elevators,The 13th Floor Elevators,Rock,Independent Artist,"Austin, Texas",Meredith Lawrence,no_match,,,,,,,,,,,,,,,,
"October 14, 2024",Psychotic Spew,Black Ends,Punk,Independent Artist,"Seattle, Washington",Eli Schoop,matched,4xZrw2913rmHj4sORndQt0,https://open.spotify.com/album/4xZrw2913rmHj4sORndQt0,5D8NXuzLwBMIZuL8o6U8q3,Black Ends,Psychotic Spew,2024-10-11,day,album,10.0,https://i.scdn.co/image/ab67616d0000b2734b7433e6eed1962bd5935b67,,,,matched,https://i.scdn.co/image/ab6761610000e5eb92d349f5e45d89c302d5f379,https://open.spotify.com/artist/5D8NXuzLwBMIZuL8o6U8q3
"October 11, 2024",REVELATOR,ELUCID,Hip-Hop/Rap,E L U C I D,New York,Dash Lewis,no_match,,,,,,,,,,,,,,,,
"October 10, 2024",I SHOULD CALL THEM,Dua Saleh,R&amp;B/Soul,Independent Artist,"Los Angeles, California",Joseph Francis,matched,1xdhvEWzPjEbhIqHGmz9SS,https://open.spotify.com/album/1xdhvEWzPjEbhIqHGmz9SS,2DGBzoOLcKLK3eWxFyugdB,Dua Saleh,I SHOULD CALL THEM,2024-10-11,day,album,11.0,https://i.scdn.co/image/ab67616d0000b27356797f9ff3fd9c897d75b3aa,,,,matched,https://i.scdn.co/image/ab6761610000e5eb8ea01e1ecab88cbaf8049279,https://open.spotify.com/artist/2DGBzoOLcKLK3eWxFyugdB
"October 09, 2024",Quiet in a World Full of Noise,Dawn Richard & Spencer Zahn,Alternative,DAWN,"Los Angeles, California",Ted Davis,no_match,,,,,,,,,,,,,,,,
"October 08, 2024",Dredging Heaven,White Suns,Metal,Decoherence Records,New York,Erick Bradshaw,no_match,,,,,,,,,,,,,,,,
"October 07, 2024",The Hard Quartet,The Hard Quartet,Alternative,Independent Artist,"New York, New York",Peter Margasak,matched,7tCKr50KVtUpGHGlWMhBsR,https://open.spotify.com/album/7tCKr50KVtUpGHGlWMhBsR,2fU2w19foGHouVAiJR7DJ6,The Hard Quartet,The Hard Quartet,2024-10-04,day,album,15.0,https://i.scdn.co/image/ab67616d0000b273c5998b4f428ae0a9210e3acb,,,,matched,https://i.scdn.co/image/ab6761610000e5ebb2e57e845b6cdc3f7fd51f34,https://open.spotify.com/artist/2fU2w19foGHouVAiJR7DJ6
"October 04, 2024",Alley of the Sun,Various Artists,Electronic,Not Not Fun Records,California,Erick Bradshaw,matched,1jKrazfDqfyDkReElJbQS3,https://open.spotify.com/album/1jKrazfDqfyDkReElJbQS3,0LyfQWJT6nXafLPZqxe9Of,Various Artists,Alley Of The Sun,2024-10-04,day,compilation,16.0,https://i.scdn.co/image/ab67616d0000b273e795f7e9e7684431e345288d,,,,matched,https://i.scdn.co/image/ab6761610000e5eb6b134287e3095d2c84b7932a,https://open.spotify.com/artist/0LyfQWJT6nXafLPZqxe9Of
"October 02, 2024","Dance, No One’s Watching",Ezra Collective,Jazz,Independent Artist,"London, UK",Michael J. West,no_match,,,,,,,,,,,,,,,,
"October 01, 2024",Honey,Caribou,Electronic,Independent Artist,"London, UK",Barry Walters,matched,2BvZajPz4NlN7ZEG0grOZA,https://open.spotify.com/album/2BvZajPz4NlN7ZEG0grOZA,4aEnNH9PuU1HF3TsZTru54,Caribou,Honey,2024-10-04,day,album,12.0,https://i.scdn.co/image/ab67616d0000b273b98b3835c6f349eda06fb94e,,,,matched,https://i.scdn.co/image/ab6761610000e5ebd25c967e7df50abe5581d4f5,https://open.spotify.com/artist/4aEnNH9PuU1HF3TsZTru54
"September 30, 2024",How Ghosts Affect Relationships,His Name Is Alive,Alternative,Independent Artist,"Detroit, Michigan",Jim Allen,no_match,,,,,,,,,,,,,,,,
"September 27, 2024",Everything Around You,Feeling Figures,Rock,Independent Artist,"Montreal, Québec",Jennifer Kelly,matched,1rxBboz03UjKgRSJUxLIbK,https://open.spotify.com/album/1rxBboz03UjKgRSJUxLIbK,5IbTJK7LgTWTzRscoIX7Ga,Feeling Figures,Everything Around You,2024-09-27,day,album,11.0,https://i.scdn.co/image/ab67616d0000b2738ea0bcdf93f9f278580f71c3,,,,matched,https://i.scdn.co/image/ab6761610000e5ebf126fad8997d0367b5820cbf,https://open.spotify.com/artist/5IbTJK7LgTWTzRscoIX7Ga
"September 26, 2024",Odyssey,Nubya Garcia,Classical,Independent Artist,"London, UK",Michael J. West,matched,1ZoZu4AeEVIKybGiGgOYdd,https://open.spotify.com/album/1ZoZu4AeEVIKybGiGgOYdd,6O5k8LLRfDK8v9jj1GazAQ,Nubya Garcia,Odyssey,2024-09-20,day,album,12.0,https://i.scdn.co/image/ab67616d0000b273817e40fcecdbdc6ca4273daa,,,,matched,https://i.scdn.co/image/ab6761610000e5ebcc54044c371ab617c1b625bb,https://open.spotify.com/artist/6O5k8LLRfDK8v9jj1GazAQ
"September 25, 2024",opaque,Mo Dotti,Alternative,Independent Artist,"Los Angeles, California",Jude Noel,matched,3qt2aiRlVVkOnjJKPIqhiH,https://open.spotify.com/album/3qt2aiRlVVkOnjJKPIqhiH,6tHrCJnt1azxhOFzIhf4mN,Mo Dotti,opaque,2024-09-20,day,album,10.0,https://i.scdn.co/image/ab67616d0000b27378becee8f8fee46fa1c49afc,,,,matched,https://i.scdn.co/image/ab6761610000e5eb584a8a5295a73169d0cf1856,https://open.spotify.com/artist/6tHrCJnt1azxhOFzIhf4mN
"September 24, 2024","For Peace And Liberty, In Paris dec 1972",Black Artist Group,Jazz,WEWANTSOUNDS,"Paris, France",Shaun Brady,matched,5erW4n3uvrw3B4Rv75EFKz,https://open.spotify.com/album/5erW4n3uvrw3B4Rv75EFKz,3lLmEMhFNhONgoUFTW4kSI,Black Artist Group,"For Peace and Liberty, In Paris Dec 1972",2024-09-20,day,album,6.0,https://i.scdn.co/image/ab67616d0000b2737604c5aea05a5962d19ad86a,,,,matched,https://i.scdn.co/image/ab67616d0000b2737604c5aea05a5962d19ad86a,https://open.spotify.com/artist/3lLmEMhFNhONgoUFTW4kSI
"September 23, 2024",Nijerusalem,Mamman Sani & Tropikal Camel,Electronic,Mamman Sani,"Niamey, Niger",Joe Muggs,no_match,,,,,,,,,,,,,,,,
"September 20, 2024",Chain of Light,Nusrat Fateh Ali Khan & Party,World,Nusrat Fateh Ali Khan,Pakistan,Peter Margasak,no_match,,,,,,,,,,,,,,,,
"September 19, 2024",Viva Tu,Manu Chao,Alternative,Independent Artist,France,Dean Van Nguyen,matched,0de0VSMdg29Rwoe9MG4ck2,https://open.spotify.com/album/0de0VSMdg29Rwoe9MG4ck2,6wH6iStAh4KIaWfuhf0NYM,Manu Chao,Viva Tu,2024-09-20,day,album,13.0,https://i.scdn.co/image/ab67616d0000b273a2cab830efd2a509743ff230,,,,matched,https://i.scdn.co/image/ab6761610000e5ebf3373500e9ae4be34f94ae84,https://open.spotify.com/artist/6wH6iStAh4KIaWfuhf0NYM
"September 18, 2024",Indoor Safari,Nick Lowe & Los Straitjackets,Rock,Nick Lowe,"London, UK",Jim Allen,no_match,,,,,,,,,,,,,,,,
"September 17, 2024",Waiting For A Sign,Hataałii,Alternative,Independent Artist,"Window Rock, Arizona",Maria Barrios,matched,2oHVIh9TaIZeslTYTbSkgX,https://open.spotify.com/album/2oHVIh9TaIZeslTYTbSkgX,7rT8X2eEsdKNFV0WTuNVdt,Hataalii,Waiting for a Sign,2024-09-13,day,album,12.0,https://i.scdn.co/image/ab67616d0000b2731ab56337561b1a4227c193e5,,,,matched,https://i.scdn.co/image/ab6761610000e5eb1c5f3849e317c6d3544283e9,https://open.spotify.com/artist/7rT8X2eEsdKNFV0WTuNVdt
"September 16, 2024",Choice Cuts 1978​–1983,Izumi “Mimi” Kobayashi,Funk,Time Capsule,"London, UK",Eli Schoop,no_match,,,,,,,,,,,,,,,,
"September 13, 2024",Songs in Crimson,Satan,Metal,Independent Artist,"Newcastle Upon Tyne, UK",J. Bennett,matched,6dALdAr29xdlmAlvt4qVaL,https://open.spotify.com/album/6dALdAr29xdlmAlvt4qVaL,1LNgvz72fQVLe7ZNIw6Ipo,Satan,Songs in Crimson,2024-09-13,day,album,10.0,https://i.scdn.co/image/ab67616d0000b273ec367aaa6a96da03f5473290,,,,matched,https://i.scdn.co/image/ab6761610000e5eb5949baa260170b9d8fc6744e,https://open.spotify.com/artist/1LNgvz72fQVLe7ZNIw6Ipo
"September 12, 2024",Mute,El Khat,World,El Khat - القات,"Berlin, Germany",James Gui,matched,49q4Ksvs9NEH3RyCsHw6h8,https://open.spotify.com/album/49q4Ksvs9NEH3RyCsHw6h8,27VOCF4yATFcBGe9N7943c,El Khat,mute,2024-09-13,day,album,10.0,https://i.scdn.co/image/ab67616d0000b27341f4b8c3238b9be123dd9620,,,,matched,https://i.scdn.co/image/ab6761610000e5eb5d23040359eecf70aae4a579,https://open.spotify.com/artist/27VOCF4yATFcBGe9N7943c
"September 11, 2024",at Eulogy,Setting,Experimental,Independent Artist,North Carolina,Grayson Haver Currin,no_match,,,,,,,,,,,,,,,,
"September 10, 2024",A Sound Heart,Jaubi,Jazz,JAUBI,"London, UK",Michal Wieczorek,matched,4CGFi4GBNqvOmLntZyNUb5,https://open.spotify.com/album/4CGFi4GBNqvOmLntZyNUb5,3nb0xF02MfjP2lM9zVNgnp,Jaubi,A Sound Heart,2024-09-06,day,album,10.0,https://i.scdn.co/image/ab67616d0000b27325eaccf22cdd84dbcb1fb5ab,,,,matched,https://i.scdn.co/image/ab6761610000e5ebed2a8b3f00f3bacbfc4bc72a,https://open.spotify.com/artist/3nb0xF02MfjP2lM9zVNgnp
"September 09, 2024",WOOF.,Fat Dog,Rock,Independent Artist,"London, UK",Casey Jarman,matched,5zuQQIzkoyry8lZrmW4744,https://open.spotify.com/album/5zuQQIzkoyry8lZrmW4744,4DLjEphXbW7qIhX4iwmNEe,Fat Dog,WOOF.,2024-09-06,day,album,9.0,https://i.scdn.co/image/ab67616d0000b2734d74c4a3fcfd96e16b6d3a9f,,,,matched,https://i.scdn.co/image/ab6761610000e5ebd16167373804efa154e23655,https://open.spotify.com/artist/4DLjEphXbW7qIhX4iwmNEe
"September 06, 2024",Free Energy,Dummy,Alternative,Independent Artist,"Los Angeles, California",Eli Schoop,matched,65xYYnCJh3cuM2OWFlKrN3,https://open.spotify.com/album/65xYYnCJh3cuM2OWFlKrN3,51ymXnZGhf6Z4OcNXPviZC,Dummy,Free Energy,2024-09-06,day,album,12.0,https://i.scdn.co/image/ab67616d0000b273ed5430ddcbc8307dee52bf03,,,,matched,https://i.scdn.co/image/ab6761610000e5ebbac6a911c1a290617a3a78cf,https://open.spotify.com/artist/51ymXnZGhf6Z4OcNXPviZC
"September 05, 2024",Endlessness,Nala Sinephro,Ambient,Independent Artist,"London, UK",Peter Margasak,matched,51CQQ3tQLRZlZJZ5jcpoGE,https://open.spotify.com/album/51CQQ3tQLRZlZJZ5jcpoGE,2h5syT5XdsQgKLq8Yn1klO,Nala Sinephro,Endlessness,2024-09-06,day,album,10.0,https://i.scdn.co/image/ab67616d0000b273e6d52246a013b10185e0f55b,,,,matched,https://i.scdn.co/image/ab6761610000e5ebaa48ab9a666e9778faa002da,https://open.spotify.com/artist/2h5syT5XdsQgKLq8Yn1klO
"September 04, 2024",Everything Squared,Seefeel,Electronic,Independent Artist,"London, UK",Louis Pattison,matched,7MnJHL3tK9Jbvf6Sgnvqmr,https://open.spotify.com/album/7MnJHL3tK9Jbvf6Sgnvqmr,0jyH4jtanxaysaxwDVhR6f,Seefeel,Everything Squared,2024-08-30,day,single,6.0,https://i.scdn.co/image/ab67616d0000b27319b76cf4769219e3c260eb9a,,,,matched,https://i.scdn.co/image/ab6761610000e5eb1ed86d546fe765c075b84f90,https://open.spotify.com/artist/0jyH4jtanxaysaxwDVhR6f
"September 03, 2024",Troubadour,Dorothy Carter,Folk,Independent Artist,Connecticut,Jim Allen,matched,4YD4rqFwpvlCz6SksQHnPb,https://open.spotify.com/album/4YD4rqFwpvlCz6SksQHnPb,1uO0gxuzPArdYYbSeC7sQ8,Dorothy Carter,Troubadour,1976-01-01,day,album,14.0,https://i.scdn.co/image/ab67616d0000b2734e7f47d761dbc49cd2708239,,,,matched,https://i.scdn.co/image/ab6761610000e5eb0fc9aaa9b1f7c56abc94c336,https://open.spotify.com/artist/1uO0gxuzPArdYYbSeC7sQ8
"August 30, 2024","Synthesizing the Silk Roads: Uzbek Disco, Tajik Folktronica, Uyghur Rock & Tatar Jazz from 1980s Soviet Central Asia",Various Artists,Electronic,Ostinato Records,"New York, New York",Dean Van Nguyen,matched,2npM7r1p4O6VYF5axAVvuS,https://open.spotify.com/album/2npM7r1p4O6VYF5axAVvuS,0LyfQWJT6nXafLPZqxe9Of,Various Artists,"Synthesizing the Silk Roads: Uzbek Disco, Tajik Folktronica, Uyghur Rock & Crimean Tatar Jazz from 1980s Soviet Central Asia",2024-08-30,day,compilation,15.0,https://i.scdn.co/image/ab67616d0000b2732db8d266e28d66077b96ed92,,,,matched,https://i.scdn.co/image/ab6761610000e5eb6b134287e3095d2c84b7932a,https://open.spotify.com/artist/0LyfQWJT6nXafLPZqxe9Of
"August 29, 2024",Frozen In Time,Los Yesterdays,R&amp;B/Soul,Independent Artist,"Los Angeles, California",Fred Pessaro,matched,4s3QzJtYZBoafbW18ow1K5,https://open.spotify.com/album/4s3QzJtYZBoafbW18ow1K5,0Hfk4u1LGIA1lLY7yduUfq,Los Yesterdays,Frozen In Time,2024-08-23,day,album,10.0,https://i.scdn.co/image/ab67616d0000b27312b5555c3480ca07f130526a,,,,matched,https://i.scdn.co/image/ab6761610000e5eb8a139a2d370a8952a6d2821a,https://open.spotify.com/artist/0Hfk4u1LGIA1lLY7yduUfq
"August 28, 2024",Matter,The None,Punk,THE NONE,"London, UK",Jon Buckland,matched,2KaMGItL1ANKsRp73FO07S,https://open.spotify.com/album/2KaMGItL1ANKsRp73FO07S,4h8RlQSJtDtEOgT800Q2OG,THE NONE,MATTER,2025-08-08,day,single,4.0,https://i.scdn.co/image/ab67616d0000b273391b9b76b41c9eef5bf03c01,,,,matched,https://i.scdn.co/image/ab6761610000e5eb2384cfec31fa7a339a601cbe,https://open.spotify.com/artist/4h8RlQSJtDtEOgT800Q2OG
"August 27, 2024",Wilurarrakutu,Keanu Nelson,World,Independent Artist,"Papunya, Australia",Dean Van Nguyen,matched,66xWjBi6f61SIBNHuI0aIE,https://open.spotify.com/album/66xWjBi6f61SIBNHuI0aIE,0TUcASMdcppH9mH0PzCpKG,Keanu Nelson,Wilurarrakutu,2023-11-03,day,album,10.0,https://i.scdn.co/image/ab67616d0000b27353ddebf6f02d4e3b0bc557c8,,,,matched,https://i.scdn.co/image/ab6761610000e5eb280512334591a9f1d3643224,https://open.spotify.com/artist/0TUcASMdcppH9mH0PzCpKG
"August 26, 2024",GREIF,Zeal & Ardor,Metal,Zeal and Ardor,"New York, New York",Grayson Haver Currin,matched,1chw1DFmefTueG1VbNVoGN,https://open.spotify.com/album/1chw1DFmefTueG1VbNVoGN,6yCjbLFZ9qAnWfsy9ujm5Y,Zeal & Ardor,GREIF,2024-08-23,day,album,14.0,https://i.scdn.co/image/ab67616d0000b273d365d1c5923d54a868996ce8,,,,matched,https://i.scdn.co/image/ab6761610000e5ebfd911c82faa64720eb283521,https://open.spotify.com/artist/6yCjbLFZ9qAnWfsy9ujm5Y
"August 23, 2024",Mucho Mistrust,Fake Fruit,Rock,Independent Artist,"Oakland, California",Spencer Hughes,matched,3xeBFfWmIJR0mfR1cGCfUd,https://open.spotify.com/album/3xeBFfWmIJR0mfR1cGCfUd,3WpGIqLvk5kAcvvxEHztL9,Fake Fruit,Mucho Mistrust,2024-08-23,day,album,12.0,https://i.scdn.co/image/ab67616d0000b2735a6c0baaaffce9c7005d1232,,,,matched,https://i.scdn.co/image/ab6761610000e5eb2209fc687ec4ac0a75e380c4,https://open.spotify.com/artist/3WpGIqLvk5kAcvvxEHztL9
"August 22, 2024",Imaginal Disk,Magdalena Bay,Pop,Independent Artist,"Los Angeles, California",April Clare Welsh,matched,2Htq1sHgmdGffojIBM6Q1s,https://open.spotify.com/album/2Htq1sHgmdGffojIBM6Q1s,1oPRcJUkloHaRLYx0olBLJ,Magdalena Bay,Imaginal Disk,2024-08-23,day,album,15.0,https://i.scdn.co/image/ab67616d0000b2737339f7e95927d4b823189f62,,,,matched,https://i.scdn.co/image/ab6761610000e5eb8257ff04aaf62d848030efeb,https://open.spotify.com/artist/1oPRcJUkloHaRLYx0olBLJ
"August 21, 2024",Bamako​*​Chicago Sound System,Nicole Mitchell and Ballaké Sissoko,Jazz,Nicole M Mitchell,North Carolina,Michael J. West,no_match,,,,,,,,,,,,,,,,
"August 20, 2024",Fossil Cocoon: The Music of K. Yoshimatsu,K. Yoshimatsu,Experimental,Phantom Limb,"Brighton, UK",Ted Davis,matched,3BS70OTA9igAlxjiuPXWYn,https://open.spotify.com/album/3BS70OTA9igAlxjiuPXWYn,4YAzEhRLi2Yw77IfArPsxY,K. Yoshimatsu,Fossil Cocoon: The Music of K. Yoshimatsu,2024-08-16,day,album,6.0,https://i.scdn.co/image/ab67616d0000b273919febf5af82b4a7432363e4,,,,matched,https://i.scdn.co/image/ab67616d0000b273919febf5af82b4a7432363e4,https://open.spotify.com/artist/4YAzEhRLi2Yw77IfArPsxY
"August 19, 2024",UltraCopacetic (Copacetic Remixed and Expanded),Velocity Girl,Rock,Independent Artist,"Washington, D.C.",Hayden Merrick,matched,1TnuyaYj24kmLIsKTpCl04,https://open.spotify.com/album/1TnuyaYj24kmLIsKTpCl04,1fXw2uWfwAlNxlDsW8cKIS,Velocity Girl,UltraCopacetic (Copacetic Remixed and Expanded),2024-08-16,day,album,21.0,https://i.scdn.co/image/ab67616d0000b273e43c0734ba0bf2eba33e3cf3,,,,matched,https://i.scdn.co/image/ab6772690000c46c259ed9f331c8deb67e2c2ca2,https://open.spotify.com/artist/1fXw2uWfwAlNxlDsW8cKIS
"August 16, 2024",Sun Glories,Chuck Johnson,Ambient,Independent Artist,"Oakland, California",Ben Arthur,matched,6HlX5NVp35YB0WzAwPNDVr,https://open.spotify.com/album/6HlX5NVp35YB0WzAwPNDVr,5lRVe4YjX70hurTNtjek0f,Chuck Johnson,Sun Glories,2024-08-16,day,album,6.0,https://i.scdn.co/image/ab67616d0000b273c3d68afd652580e102e8e1f7,,,,matched,https://i.scdn.co/image/ab6772690000c46c9d9643bf4a300c019e8d657a,https://open.spotify.com/artist/5lRVe4YjX70hurTNtjek0f
"August 15, 2024",Black Black Minds,The Travellers,Reggae,VP Records,"Queens, New York",Dean Van Nguyen,matched,5xBZhnzP8Zlom6V35MirPq,https://open.spotify.com/album/5xBZhnzP8Zlom6V35MirPq,3IlWyejrTb0FcKBRodr3EX,The Travellers,Black Black Minds,2024-08-16,day,album,15.0,https://i.scdn.co/image/ab67616d0000b27378bcff29dac53269ddd2d2e3,,,,matched,https://i.scdn.co/image/ab6761610000e5ebcae65eca1fcbf96814812b20,https://open.spotify.com/artist/3IlWyejrTb0FcKBRodr3EX
"August 14, 2024",Falling,Henrik Meierkord,Ambient,Projekt Records,"Portland, Oregon",Ted Davis,matched,6SuiBJBYMhwYFzCqpxM9r9,https://open.spotify.com/album/6SuiBJBYMhwYFzCqpxM9r9,1P3kpCPt72YWzJDjJ1Ii8D,Henrik Meierkord,Falling,2024-08-16,day,album,12.0,https://i.scdn.co/image/ab67616d0000b27333daf2205856f675313c29b0,,,,matched,https://i.scdn.co/image/ab6761610000e5ebc793443f374f6ccf66f82928,https://open.spotify.com/artist/1P3kpCPt72YWzJDjJ1Ii8D
"August 13, 2024",Let Tha Dopeness Begin,Yogi & Woof,Hip-Hop/Rap,Yogisoul,"Østfold, Norway",Fred Pessaro,no_match,,,,,,,,,,,,,,,,
"August 12, 2024",Perak,Thee Marloes,Pop,Independent Artist,"Surabaya, Indonesia",Will Ainsley,matched,5FdHePoYyJiUsjG0ownNbb,https://open.spotify.com/album/5FdHePoYyJiUsjG0ownNbb,0rTTgwJUHLQWqQV9sNvcbE,Thee Marloes,Perak,2024-08-09,day,album,12.0,https://i.scdn.co/image/ab67616d0000b2730883739846664e3f02261e8c,,,,matched,https://i.scdn.co/image/ab6761610000e5eba7c1546afecb0959978454c2,https://open.spotify.com/artist/0rTTgwJUHLQWqQV9sNvcbE
"August 09, 2024",Megafauna,And So I Watch You From Afar,Rock,Independent Artist,"Belfast, UK",Will Ainsley,matched,5qEemj4rNywiEnzQnAA1Nu,https://open.spotify.com/album/5qEemj4rNywiEnzQnAA1Nu,7qKMNwlACMZOUdMG3acwst,And So I Watch You from Afar,Megafauna,2024-08-09,day,album,9.0,https://i.scdn.co/image/ab67616d0000b27390c3407c5ae73620215d2766,,,,matched,https://i.scdn.co/image/ab6761610000e5eb99aee64117d3a009808efbf6,https://open.spotify.com/artist/7qKMNwlACMZOUdMG3acwst
"August 08, 2024",Freedom At Last,Freedom,Rock,BYG Records,"London, UK",Jim Allen,matched,5v8Aa6H20QBatRwdnjBZ8L,https://open.spotify.com/album/5v8Aa6H20QBatRwdnjBZ8L,1oD2lV4JlIYQV1fI5DHfJr,Freedom,Freedom At Last,1970-01-31,day,album,12.0,https://i.scdn.co/image/ab67616d0000b2736aacdc4abc0d8b06d678f58f,,,,matched,https://i.scdn.co/image/ab67616d0000b2737b95d46a86bdf8aab81b67a7,https://open.spotify.com/artist/1oD2lV4JlIYQV1fI5DHfJr
"August 07, 2024",Gb​ɛ​fal​ɔ​i (Travelers),Accra Quartet,Experimental,FPE Records,"Oak Park, Illinois",Ted Davis,no_match,,,,,,,,,,,,,,,,
"August 06, 2024",Flores para Verene / Cantos para Caramina,Tomin,Jazz,International Anthem,"Chicago, Illinois",Michael J. West,matched,1WunpH86EFckM57Fm5eoOf,https://open.spotify.com/album/1WunpH86EFckM57Fm5eoOf,0YMLTyB0Y3pZLxKK2tXcTj,Tomin,Flores para Verene / Cantos para Caramina,2024-08-20,day,album,24.0,https://i.scdn.co/image/ab67616d0000b27342ab0e46ee18d7171589184d,,,,matched,https://i.scdn.co/image/ab6761610000e5eb368fdc995d85625bd1eddc7b,https://open.spotify.com/artist/0YMLTyB0Y3pZLxKK2tXcTj
"August 05, 2024",The Kingdom Is Ours,Erang,Ambient,Independent Artist,France,Robert Newsome,matched,4aOaskwVBcIs1XjTdxLsgJ,https://open.spotify.com/album/4aOaskwVBcIs1XjTdxLsgJ,084f5VMGkCRs4mV96QhJUM,Erang,The Kingdom is Ours,2024-08-16,day,album,13.0,https://i.scdn.co/image/ab67616d0000b273676a0d700d2823c130a9cb6b,,,,matched,https://i.scdn.co/image/ab6761610000e5ebc9cb4f17db5f0daf7268c6f8,https://open.spotify.com/artist/084f5VMGkCRs4mV96QhJUM
"August 02, 2024",Grim Iconic​.​.​.​(​Sadistic Mantra),J.R.C.G.,Punk,Independent Artist,"Tacoma, Washington",Jennifer Kelly,matched,52pJsduEFqmGnR6u9T2b8r,https://open.spotify.com/album/52pJsduEFqmGnR6u9T2b8r,4aNwMw5llWDwwA67i4sO7J,J.R.C.G.,Grim Iconic...(Sadistic Mantra),2024-08-02,day,album,9.0,https://i.scdn.co/image/ab67616d0000b273c31f0834db36ab2450ef6f1c,,,,matched,https://i.scdn.co/image/ab6761610000e5eb62dfd9bad19df76501e6f2d8,https://open.spotify.com/artist/4aNwMw5llWDwwA67i4sO7J
"August 01, 2024",Shadow Knell,Shadow Knell,Electronic,Independent Artist,"Philadelphia, Pennsylvania",Robert Newsome,matched,07jr64QtO7MAF8fv2OawRc,https://open.spotify.com/album/07jr64QtO7MAF8fv2OawRc,5FtVRR9Ht6OvritIsgHW6z,Shadow Knell,Shadow Knell,2024-08-02,day,album,8.0,https://i.scdn.co/image/ab67616d0000b273908a8cb978ed8d3a3e30ace0,,,,matched,https://i.scdn.co/image/ab6761610000e5eba11d2bd3481ac4977e273d07,https://open.spotify.com/artist/5FtVRR9Ht6OvritIsgHW6z
"July 31, 2024",Wishing Well,Aaberg,Rock,Independent Artist,UK,Ted Davis,matched,759WMisE7ceUdQK2TZNPbr,https://open.spotify.com/album/759WMisE7ceUdQK2TZNPbr,40T8hiKdPVMOmPWV4uraUA,Aaberg,Wishing Well,2024-08-02,day,album,10.0,https://i.scdn.co/image/ab67616d0000b273c21e1c2cf773ec091bbaa641,,,,matched,https://i.scdn.co/image/ab6761610000e5ebb5998d588d0e8a2831d6c0ba,https://open.spotify.com/artist/40T8hiKdPVMOmPWV4uraUA
"July 30, 2024",Antologia Vol. 2,África Negra,World,Independent Artist,"Sao Tome, São Tomé and Príncipe",Michael J. West,matched,0ZkuTpUVEkX6Kny8WHJu9J,https://open.spotify.com/album/0ZkuTpUVEkX6Kny8WHJu9J,1pEC7prcIelHH0enQml4eC,África Negra,Antologia Vol. 2,2024-08-02,day,album,13.0,https://i.scdn.co/image/ab67616d0000b2731a5bc7fdf9829e2290e41231,,,,matched,https://i.scdn.co/image/ab67616d0000b27313320829fb639987488edd4a,https://open.spotify.com/artist/1pEC7prcIelHH0enQml4eC
"July 29, 2024",Wild Guess,Robber Robber,Alternative,Independent Artist,"Burlington, Vermont",Elle Carroll,matched,6Uv1WXllevEM4Ci8AGpAO6,https://open.spotify.com/album/6Uv1WXllevEM4Ci8AGpAO6,7kXZ3iTr0blml9QgUdfwGM,Robber Robber,Wild Guess,2024-07-26,day,album,9.0,https://i.scdn.co/image/ab67616d0000b273b41cf28b56099c5b27423c2b,,,,matched,https://i.scdn.co/image/ab6761610000e5eb4fd35509d60e67ae74e680d2,https://open.spotify.com/artist/7kXZ3iTr0blml9QgUdfwGM
"July 26, 2024",marked,Klein,Experimental,Independent Artist,"London, UK",Eli Schoop,matched,4lWw809nFEpvDghgjBwpW7,https://open.spotify.com/album/4lWw809nFEpvDghgjBwpW7,6chuFWw4BmHxOc3X0cC8Ct,Klein,marked,2024-07-26,day,album,17.0,https://i.scdn.co/image/ab67616d0000b273c8678b9f2062543004718c60,,,,matched,https://i.scdn.co/image/ab6761610000e5eb4d10f0aa572b02595e7befcd,https://open.spotify.com/artist/6chuFWw4BmHxOc3X0cC8Ct
"July 25, 2024",From Memory,Clothing,Pop,Independent Artist,"New York, New York",Elle Carroll,matched,6hqUhTZDdHEsp30syMdOKp,https://open.spotify.com/album/6hqUhTZDdHEsp30syMdOKp,5EHcF3h1NIxCuuvhFJP08H,Clothing,From Memory,2024-07-26,day,album,8.0,https://i.scdn.co/image/ab67616d0000b2735cb20dfe7f9fbf0c92c63720,,,,matched,https://i.scdn.co/image/ab6761610000e5eb6dfd6148ad2fddfeb3a52515,https://open.spotify.com/artist/5EHcF3h1NIxCuuvhFJP08H
"July 24, 2024",Isthmus,Throwing Snow,Electronic,Independent Artist,"DL, Ireland",Joe Muggs,matched,1xfDWJsi1OPdJ0qn2yfiwA,https://open.spotify.com/album/1xfDWJsi1OPdJ0qn2yfiwA,0Qur5LqqAVVunjY2PnjhUp,Throwing Snow,Isthmus,2024-07-26,day,album,13.0,https://i.scdn.co/image/ab67616d0000b273522dd1671c4c07b55b6752d5,,,,matched,https://i.scdn.co/image/d20e90d8f88d9dae4152f1564cf8d25b168f2c8f,https://open.spotify.com/artist/0Qur5LqqAVVunjY2PnjhUp
"July 23, 2024",Silver Shadow,Slowly Rolling Camera,Jazz,Independent Artist,"Cardiff, UK",Andy Thomas,matched,77D07PWUVtGQXMW2nBStG2,https://open.spotify.com/album/77D07PWUVtGQXMW2nBStG2,5kH36nIamlV0iSe6ESDWvb,Slowly Rolling Camera,Silver Shadow,2024-07-26,day,album,8.0,https://i.scdn.co/image/ab67616d0000b273583a66291241d0d522265601,,,,matched,https://i.scdn.co/image/ab6761610000e5ebab796e9949bfc8994d29f69b,https://open.spotify.com/artist/5kH36nIamlV0iSe6ESDWvb
"July 22, 2024",Ancient​/​/​Future,Mourning [A] BLKstar,Experimental,Independent Artist,"Cleveland, Ohio",Jesse Bernard,matched,1gAkj5DaAlkkYrF5G6CHK1,https://open.spotify.com/album/1gAkj5DaAlkkYrF5G6CHK1,3d7JKcEcThVS0eNAMvsmtY,Mourning [A] BLKstar,Ancient//Future,2024-07-19,day,album,7.0,https://i.scdn.co/image/ab67616d0000b273db2574b9f747fce54161743a,,,,matched,https://i.scdn.co/image/ab6772690000c46c27d0d6af21785855da5d2e6f,https://open.spotify.com/artist/3d7JKcEcThVS0eNAMvsmtY
"July 19, 2024",STARFACE,Lava La Rue,Alternative,Independent Artist,"London, UK",Eli Schoop,matched,2ygz2yoIAR5S9WWIxnvkAL,https://open.spotify.com/album/2ygz2yoIAR5S9WWIxnvkAL,271bbpX3pdCi56ZJA1jQ43,Lava La Rue,STARFACE,2024-07-19,day,album,17.0,https://i.scdn.co/image/ab67616d0000b2732e975b1e2113c800d86e02fd,,,,matched,https://i.scdn.co/image/ab6761610000e5eb03131b820f18337f9feab1df,https://open.spotify.com/artist/271bbpX3pdCi56ZJA1jQ43
"July 18, 2024",Drifts and Surfaces,Elori Saxl,Electronic,Independent Artist,"New York, New York",Grayson Haver Currin,matched,6CRaegrVWfzQ6wneCbUoxA,https://open.spotify.com/album/6CRaegrVWfzQ6wneCbUoxA,6ToGjPfiUS10Zds9xirvm0,Elori Saxl,Drifts and Surfaces,2024-07-19,day,single,3.0,https://i.scdn.co/image/ab67616d0000b273df119e48f242b77f8f171378,,,,matched,https://i.scdn.co/image/ab6761610000e5ebf7811ddc136eb81f4448aed6,https://open.spotify.com/artist/6ToGjPfiUS10Zds9xirvm0
"July 17, 2024",Fantasy World,Lilacs & Champagne,Electronic,Lilacs &amp; Champagne,"Malmö, Sweden",Casey Jarman,matched,3F9Zi9eQtRCdTf13oaWitP,https://open.spotify.com/album/3F9Zi9eQtRCdTf13oaWitP,3RLmwfhrVzVSdo82pagPjd,Lilacs & Champagne,Fantasy World,2024-07-19,day,album,14.0,https://i.scdn.co/image/ab67616d0000b273df84f10f9af3bb785bdfb092,,,,matched,https://i.scdn.co/image/ab6761610000e5eb7260307f1a80a317f943980a,https://open.spotify.com/artist/3RLmwfhrVzVSdo82pagPjd
"July 16, 2024",King Of The Mischievous South Vol. 2,Denzel Curry,Hip-Hop/Rap,Independent Artist,"Miami, Florida",Dash Lewis,matched,6LoDd1G8en4TcqdSg7yqrV,https://open.spotify.com/album/6LoDd1G8en4TcqdSg7yqrV,6fxyWrfmjcbj5d12gXeiNV,Denzel Curry,King Of The Mischievous South Vol. 2,2024-07-19,day,album,15.0,https://i.scdn.co/image/ab67616d0000b2733fb9700186c245ff1f85b0fc,,,,matched,https://i.scdn.co/image/ab6761610000e5eb8e265da892579da2139b659f,https://open.spotify.com/artist/6fxyWrfmjcbj5d12gXeiNV
"July 15, 2024",Macro,Brijean,Alternative,Independent Artist,"Los Angeles, California",Blake Gillespie,matched,1iAqfn9vawMhkRuQQzP3qj,https://open.spotify.com/album/1iAqfn9vawMhkRuQQzP3qj,2TRNyrjoKJnqSc9G8jCZfb,Brijean,Macro,2024-07-12,day,album,12.0,https://i.scdn.co/image/ab67616d0000b2736d46fbe006dab1d887b5163a,,,,matched,https://i.scdn.co/image/ab6761610000e5eb0ca32e88271219592f271f62,https://open.spotify.com/artist/2TRNyrjoKJnqSc9G8jCZfb
"July 12, 2024",PASSE,Oruã,Rock,Independent Artist,"Rio De Janeiro, Brazil",Brad Cohan,matched,0VZb2MWbxOqy0n6o89rvYk,https://open.spotify.com/album/0VZb2MWbxOqy0n6o89rvYk,2Wya1Moi5k4EX1dRpCf4Dm,Oruã,Passe,2024-07-19,day,album,13.0,https://i.scdn.co/image/ab67616d0000b273b68c9c515bd22965c4ec0aa1,,,,matched,https://i.scdn.co/image/ab6761610000e5eb32c16ce847de69dcf64eac1f,https://open.spotify.com/artist/2Wya1Moi5k4EX1dRpCf4Dm
"July 11, 2024",Seashell Angel Lucky Charm,Armlock,Electronic,Independent Artist,"Melbourne, Australia",Spencer Hughes,matched,5SJXPM1Haxxp4DuXoOBQIb,https://open.spotify.com/album/5SJXPM1Haxxp4DuXoOBQIb,7BoU3VkauvnYvttpymQ7pG,Armlock,Seashell Angel Lucky Charm,2024-07-12,day,album,7.0,https://i.scdn.co/image/ab67616d0000b273c2eeaa034a3b45140983797f,,,,matched,https://i.scdn.co/image/ab6761610000e5ebda074f2476d12de42ee5e548,https://open.spotify.com/artist/7BoU3VkauvnYvttpymQ7pG
"July 10, 2024",Tailem Bend,ORB,Rock,O.R.B,"Melbourne, Australia",John Morrison,matched,7fllzZfYCMpwyRIIC28JVM,https://open.spotify.com/album/7fllzZfYCMpwyRIIC28JVM,7ycDiDnCUNNpstcTwlXF8C,ORB,Tailem Bend,2024-07-12,day,album,8.0,https://i.scdn.co/image/ab67616d0000b2738753b5165c7dfe5274921bc8,,,,matched,https://i.scdn.co/image/ab6772690000c46cc8325f0b21fca89e7ea10511,https://open.spotify.com/artist/7ycDiDnCUNNpstcTwlXF8C
"July 09, 2024",Lambda,ZULI,Electronic,Independent Artist,Egypt,Joseph Francis,matched,7uzOcKlkHCj0b1hn72UGUn,https://open.spotify.com/album/7uzOcKlkHCj0b1hn72UGUn,5Kur13kkU4pOoNFAE8K0YF,ZULI,Lambda,2024-07-05,day,album,13.0,https://i.scdn.co/image/ab67616d0000b273ff6c79d287778401bce5c85f,,,,matched,https://i.scdn.co/image/ab6761610000e5eb7f3096ed0432fee1ee2a9b4c,https://open.spotify.com/artist/5Kur13kkU4pOoNFAE8K0YF
"July 08, 2024",Queen of Eyes,West of Roan,Folk,Independent Artist,Washington,Mike McGrath-Bryan,matched,64MIudUJHTC2QzMpMZituE,https://open.spotify.com/album/64MIudUJHTC2QzMpMZituE,7iLRjYXZ6KrKUYhSwrWj20,West of Roan,Queen of Eyes,2024-07-12,day,album,13.0,https://i.scdn.co/image/ab67616d0000b2737bae285ce27165c91e1d3e6b,,,,matched,https://i.scdn.co/image/ab67616d0000b2730306f81bcbe9e57733ac1af9,https://open.spotify.com/artist/7iLRjYXZ6KrKUYhSwrWj20
"July 03, 2024",Violence,Truck Violence,Punk,Independent Artist,"Montreal, Québec",Eli Schoop,matched,2BBfwqdiF0cin2q8aBTnvt,https://open.spotify.com/album/2BBfwqdiF0cin2q8aBTnvt,37hhPwqpgSJ3sVixiThL0l,Truck Violence,Violence,2024-07-05,day,album,8.0,https://i.scdn.co/image/ab67616d0000b273001b377039b7efe510d80857,,,,matched,https://i.scdn.co/image/ab6761610000e5eb578663f9a24d51a720ce1266,https://open.spotify.com/artist/37hhPwqpgSJ3sVixiThL0l
"July 02, 2024",Small Medium Large,SML,Jazz,International Anthem,"Chicago, Illinois",Michael J. West,matched,3DpHrOJuKw6QSfcvLNanRO,https://open.spotify.com/album/3DpHrOJuKw6QSfcvLNanRO,5k8cbLF5EZnAhwDvHN6Toj,SML,Small Medium Large,2024-07-09,day,album,13.0,https://i.scdn.co/image/ab67616d0000b273d26638b180dcc216c195d663,,,,matched,https://i.scdn.co/image/ab6761610000e5eb5172666e290bf372e736dcc8,https://open.spotify.com/artist/5k8cbLF5EZnAhwDvHN6Toj
"July 01, 2024",Elude the Torch,The Drin,Punk,Independent Artist,"Cincinnati, Ohio",Erick Bradshaw,matched,3G1gIyPN9pjhRHZGD0sc0f,https://open.spotify.com/album/3G1gIyPN9pjhRHZGD0sc0f,4cGPrUtNiRS7pdfiKZ1EGw,The Drin,Elude the Torch,2024-06-28,day,album,12.0,https://i.scdn.co/image/ab67616d0000b273531fb1d862cacdec8f7cf98c,,,,matched,https://i.scdn.co/image/ab67616d0000b27337d79353375cc7e416dbbe80,https://open.spotify.com/artist/4cGPrUtNiRS7pdfiKZ1EGw
"June 28, 2024",Waking Up & Choosing Violence,YUNGMORPHEUS & Alexander Spit,Hip-Hop/Rap,YUNGMORPHEUS,"Los Angeles, California",Thomas Hobbs,no_match,,,,,,,,,,,,,,,,
"June 27, 2024",Xeno,CVN,Electronic,Orange Milk Records,,James Gui,matched,3gi1O8YQLAwIw9vqveOeYG,https://open.spotify.com/album/3gi1O8YQLAwIw9vqveOeYG,19W7Iq71CaCJpLRiYp55rr,CVN,xeno,2024-06-21,day,album,10.0,https://i.scdn.co/image/ab67616d0000b2738cd6ec87094a2f98db4f555c,,,,matched,https://i.scdn.co/image/ab6761610000e5ebac50190d572a026390ce1c54,https://open.spotify.com/artist/19W7Iq71CaCJpLRiYp55rr
"June 26, 2024",Because It’s True,Laughing,Alternative,Independent Artist,"Montreal, Québec",Jim Allen,no_match,,,,,,,,,,,,,,,,
"June 25, 2024",Musique Originale De Films: Volume 2,Ahmed Malek,World,Habibi Funk Records,"Berlin, Germany",Michael J. West,no_match,,,,,,,,,,,,,,,,
"June 24, 2024",All good?,Nonkeen,Electronic,nonkeen,"Berlin, Germany",George Grella,matched,0t6tusoh1iWAYXmI4ER144,https://open.spotify.com/album/0t6tusoh1iWAYXmI4ER144,4164ldqgBP6uc3FuA1gA4b,Nonkeen,All good?,2024-06-21,day,album,8.0,https://i.scdn.co/image/ab67616d0000b27391ee478e77656d017787ed3e,,,,matched,https://i.scdn.co/image/0ed7e3316f8953d8e48650b72fee7470c879f334,https://open.spotify.com/artist/4164ldqgBP6uc3FuA1gA4b
"June 21, 2024",Reflections Vol. 2: Black Decelerant,Black Decelerant,Ambient,Independent Artist,"Charleston, South Carolina",Ted Davis,matched,4OcHdK0Om2HMi3TNqhiLVq,https://open.spotify.com/album/4OcHdK0Om2HMi3TNqhiLVq,3hDJXXTF8ZlZwrmiRuWtYo,"Black Decelerant, Contour, Omari Jazz",Reflections Vol. 2: Black Decelerant,2024-06-21,day,album,9.0,https://i.scdn.co/image/ab67616d0000b27379389bcfcc28ad6874986ee1,,,,matched,https://i.scdn.co/image/ab6761610000e5ebeabd8ed8aca492c1038cb35f,https://open.spotify.com/artist/3hDJXXTF8ZlZwrmiRuWtYo
"June 20, 2024",Why Lawd?,NxWorries,Hip-Hop/Rap,Independent Artist,"Los Angeles, California",Dash Lewis,matched,0LlzHi8Erl8zpTumqt88Qe,https://open.spotify.com/album/0LlzHi8Erl8zpTumqt88Qe,6PEMFpe3PTOksdV4ZXUpbE,"NxWorries, Anderson .Paak, Knxwledge",Why Lawd?,2024-06-14,day,album,19.0,https://i.scdn.co/image/ab67616d0000b273794bfd9705f40bfb3be95ef4,,,,matched,https://i.scdn.co/image/ab6761610000e5eb89fa062521347470d69ba4c2,https://open.spotify.com/artist/6PEMFpe3PTOksdV4ZXUpbE
"June 18, 2024",Searching,Staples Jr. Singers,R&amp;B/Soul,Independent Artist,"Aberdeen, Mississippi",Jim Allen,matched,3XzJXH6oYRE34dJOtcDIX1,https://open.spotify.com/album/3XzJXH6oYRE34dJOtcDIX1,63halKNP5I3HxmTjTfHWiN,Staples Jr. Singers,Searching,2024-06-14,day,album,8.0,https://i.scdn.co/image/ab67616d0000b273d00850e059531f815ad96863,,,,matched,https://i.scdn.co/image/ab6761610000e5ebc490ece4754621bbc23d7c7d,https://open.spotify.com/artist/63halKNP5I3HxmTjTfHWiN
"June 17, 2024",Disconnect,KRM & KMRU,Electronic,Phantom Limb,"Brighton, UK",Ted Davis,no_match,,,,,,,,,,,,,,,,
"June 14, 2024",The Stygian Rose,Crypt Sermon,Metal,Dark Descent Records,Colorado,Sam Sodomsky,matched,4OlKEXySCOjFXugxgoD9qV,https://open.spotify.com/album/4OlKEXySCOjFXugxgoD9qV,363ih5wuNGWBFcjeKFG8cc,Crypt Sermon,The Stygian Rose,2024-06-14,day,album,6.0,https://i.scdn.co/image/ab67616d0000b273897237f81771270e38d0dfc5,,,,matched,https://i.scdn.co/image/ab6761610000e5ebe9e8ce7be6f3afe6d5391640,https://open.spotify.com/artist/363ih5wuNGWBFcjeKFG8cc
"June 13, 2024",Statik,Actress,Electronic,Independent Artist,"London, UK",Phil E. Bloomfield,matched,7pkufIE73xUXW2A8qqXsid,https://open.spotify.com/album/7pkufIE73xUXW2A8qqXsid,3bg5rmICvmA8dmYVAdKGYH,Actress,Statik,2024-06-07,day,album,11.0,https://i.scdn.co/image/ab67616d0000b2731ea89417a4197ef49a3caa59,,,,matched,https://i.scdn.co/image/ab6761610000e5ebeec80df8b1890acd38a9f357,https://open.spotify.com/artist/3bg5rmICvmA8dmYVAdKGYH
"June 12, 2024",Fine Art,Kneecap,Hip-Hop/Rap,KNEECAP,"Belfast, UK",Mike McGrath-Bryan,matched,6Wt3uI8G0yhXSvC0jAl9Cg,https://open.spotify.com/album/6Wt3uI8G0yhXSvC0jAl9Cg,1ZVACPeq7ccGCoUXwtafUU,KNEECAP,Fine Art,2024-06-14,day,album,18.0,https://i.scdn.co/image/ab67616d0000b273385bd4740ec9be7ec79d6851,,,,matched,https://i.scdn.co/image/ab6761610000e5eb89e7c69a7d827bcede0f4bad,https://open.spotify.com/artist/1ZVACPeq7ccGCoUXwtafUU
"June 11, 2024",You Said You’d Hold My Hand Through The Fire,Iceboy Violet & Nueen,Hip-Hop/Rap,Iceboy Violet,"Manchester, UK",Thomas Hobbs,no_match,,,,,,,,,,,,,,,,
"June 10, 2024",I Hear You,Peggy Gou,Electronic,Independent Artist,"Berlin, Germany",Will Ainsley,matched,5pnr4GOQkBuGuYPeiLw1T6,https://open.spotify.com/album/5pnr4GOQkBuGuYPeiLw1T6,2mLA48B366zkELXYx7hcDN,Peggy Gou,I Hear You,2024-06-07,day,album,10.0,https://i.scdn.co/image/ab67616d0000b273b58857b06c0d9ebf76458dc1,,,,matched,https://i.scdn.co/image/ab6761610000e5ebffbd43b1e54eb09a8c824f53,https://open.spotify.com/artist/2mLA48B366zkELXYx7hcDN
"June 07, 2024",Message To Our Folks,Art Ensemble of Chicago,Jazz,BYG Records,"London, UK",Michael J. West,matched,1umxUFL0bkvqojIGw1f0dh,https://open.spotify.com/album/1umxUFL0bkvqojIGw1f0dh,0LTIwNcvI31Zf5wwFVRHyu,Art Ensemble Of Chicago,Message to Our Folks,1969-10-03,day,album,4.0,https://i.scdn.co/image/ab67616d0000b273a3493ffa666b63cb2eeb033f,,,,matched,https://i.scdn.co/image/01f6fb02c824b9c39d8014c27e73116a544e418b,https://open.spotify.com/artist/0LTIwNcvI31Zf5wwFVRHyu
"June 06, 2024",New Virginity,Nat Harvie,Pop,Independent Artist,"Minneapolis, Minnesota",Jim Allen,matched,2rkcEePzRLCiu0j6wdWssk,https://open.spotify.com/album/2rkcEePzRLCiu0j6wdWssk,7exj5BWKe1UEJrt1MPZINh,Nat Harvie,New Virginity,2024-06-07,day,album,8.0,https://i.scdn.co/image/ab67616d0000b27308148927d158037cc973856e,,,,matched,https://i.scdn.co/image/ab6761610000e5ebb4fac157eac79ca3c7ccf3ed,https://open.spotify.com/artist/7exj5BWKe1UEJrt1MPZINh
"June 05, 2024",Blackgrass: From West Virginia to 125th St,Swamp Dogg,Country,Independent Artist,,John Morrison,matched,54SnjhBk1E4JIAq1yytXYf,https://open.spotify.com/album/54SnjhBk1E4JIAq1yytXYf,6ZEUa75BqZkvpjhuVzCsdX,Swamp Dogg,Blackgrass: From West Virginia to 125th St,2024-05-31,day,album,12.0,https://i.scdn.co/image/ab67616d0000b273de11dab3b6fe9a68481d31b9,,,,matched,https://i.scdn.co/image/ab6761610000e5eb11b8b0214d8dcbdf40ff8f50,https://open.spotify.com/artist/6ZEUa75BqZkvpjhuVzCsdX
"June 04, 2024",ONEZ,Suzi Analogue,Hip-Hop/Rap,Independent Artist,"Miami, Florida",Dash Lewis,matched,7zriAnpj3gGZ4d6vaep2Sn,https://open.spotify.com/album/7zriAnpj3gGZ4d6vaep2Sn,0hNK7ZdOjiUJd2C17JAjK8,Suzi Analogue,ONEZ,2024-05-31,day,album,12.0,https://i.scdn.co/image/ab67616d0000b2739822ebf47c4c4fe64d0c5829,,,,matched,https://i.scdn.co/image/ab6761610000e5ebbfbe3f06289b566d9da79cc6,https://open.spotify.com/artist/0hNK7ZdOjiUJd2C17JAjK8
"June 03, 2024",Joy Machine,Dizraeli,Hip-Hop/Rap,Diz Undone (fka Dizraeli),"Bristol, UK",Blake Gillespie,matched,21yZgiyW6174TObtXc1MoG,https://open.spotify.com/album/21yZgiyW6174TObtXc1MoG,3xjNFu3aAWJie7LQzDoYNa,"Dizraeli, Joy Machine",Joy Machine,2024-05-31,day,album,9.0,https://i.scdn.co/image/ab67616d0000b27388245f0db5ca901f180c9a0f,,,,matched,https://i.scdn.co/image/ab6761610000e5eb66be6836d5d074236d8587e0,https://open.spotify.com/artist/3xjNFu3aAWJie7LQzDoYNa
"May 31, 2024","Where I’ve Been, Isn’t Where I’m Going",Shaboozey,Country,Independent Artist,Virginia,Ben Salmon,no_match,,,,,,,,,,,,,,,,
"May 30, 2024",S/T,Bed Maker,Punk,Independent Artist,"Washington, D.C.",Jennifer Kelly,no_match,,,,,,,,,,,,,,,,
"May 29, 2024",3FOR82,Machinedrum,Hip-Hop/Rap,Independent Artist,North Carolina,Joe Muggs,matched,5bOzaa9qvH7q8rEl3fg5nE,https://open.spotify.com/album/5bOzaa9qvH7q8rEl3fg5nE,06xa1OLBsMQJFXcl2tQkH4,Machinedrum,3FOR82,2024-05-24,day,album,12.0,https://i.scdn.co/image/ab67616d0000b2732e30da6ca874a2c25f7a3908,,,,matched,https://i.scdn.co/image/ab6761610000e5eb98a550ec93aaeba40973ac1c,https://open.spotify.com/artist/06xa1OLBsMQJFXcl2tQkH4
"May 28, 2024",Placenta,Carlos Niño & Friends,Jazz,International Anthem,"Chicago, Illinois",Andy Thomas,matched,7DeEHr0n3yZGJPBGv2NrgP,https://open.spotify.com/album/7DeEHr0n3yZGJPBGv2NrgP,5Vp9z1lRUNMLQCXbwrIbDK,Carlos Niño & Friends,Placenta,2024-06-12,day,album,13.0,https://i.scdn.co/image/ab67616d0000b2731fde42dee88bde117cd986d0,,,,matched,https://i.scdn.co/image/ab6761610000e5eb95cf343066618e2510c8336b,https://open.spotify.com/artist/5Vp9z1lRUNMLQCXbwrIbDK
"May 24, 2024",Camembert Electrique,Gong,Rock,BYG Records,"London, UK",Jim Allen,matched,0QWmqw8ui1akXCQmfUplsf,https://open.spotify.com/album/0QWmqw8ui1akXCQmfUplsf,47yvARr7dCOKqvjDVwfbf3,Gong,Camembert Electrique,1971,year,album,11.0,https://i.scdn.co/image/ab67616d0000b273744345f46a46d849956c165c,,,,matched,https://i.scdn.co/image/ab6761610000e5eb5a0069e1fbc0e15bf454cd86,https://open.spotify.com/artist/47yvARr7dCOKqvjDVwfbf3
"May 23, 2024",Dark Superstition,Gatecreeper,Metal,Independent Artist,Arizona,Sam Sodomsky,matched,7BhpoTy951vKzT7xeQJg9e,https://open.spotify.com/album/7BhpoTy951vKzT7xeQJg9e,0eCB2pwtPnLywA4rxe4i4N,Gatecreeper,Dark Superstition,2024-05-17,day,album,10.0,https://i.scdn.co/image/ab67616d0000b273bd97a95f0caca0cf2e1574a1,,,,matched,https://i.scdn.co/image/ab6761610000e5ebf91b7e8f7a3eab6403396b4e,https://open.spotify.com/artist/0eCB2pwtPnLywA4rxe4i4N
"May 22, 2024",Fully Beat,Aluminum,Rock,Independent Artist,"San Francisco, California",Julie Landers,matched,2FcEPPM88y8dLYOfQy2ZaI,https://open.spotify.com/album/2FcEPPM88y8dLYOfQy2ZaI,6vLZIOiIW8QwSBWBLB4Zpa,Aluminum,Fully Beat,2024-05-24,day,album,10.0,https://i.scdn.co/image/ab67616d0000b27371bffa5c0c6a7b700c580b0d,,,,matched,https://i.scdn.co/image/ab6761610000e5eb6fa9ff7a7cda95c1c3181314,https://open.spotify.com/artist/6vLZIOiIW8QwSBWBLB4Zpa
"May 21, 2024",That’s What I Been Sayin’,Rami Gabriel,Alternative,Independent Artist,"Chicago, Illinois",Eli Schoop,matched,7a3LxakyPGlhItvt7fHgcT,https://open.spotify.com/album/7a3LxakyPGlhItvt7fHgcT,6MbJytcVWWwSviMbzVO9JA,Rami Gabriel,That's what I been sayin',2024-05-24,day,album,11.0,https://i.scdn.co/image/ab67616d0000b2736725e3ad69f08a243e7eb7d2,,,,matched,https://i.scdn.co/image/ab6761610000e5eb1b21f52ae3ebb00d998f612b,https://open.spotify.com/artist/6MbJytcVWWwSviMbzVO9JA
"May 20, 2024",Combustible Gems,Lightheaded,Pop,lightheaded,New Jersey,Hayden Merrick,matched,44462odwE01esAUWaV6EUO,https://open.spotify.com/album/44462odwE01esAUWaV6EUO,7oTLtwUXWjKQqJhHTDT3lF,Lightheaded,Combustible Gems,2024-05-17,day,album,8.0,https://i.scdn.co/image/ab67616d0000b273b274c84f4fe3f4626dc6913f,,,,matched,https://i.scdn.co/image/ab6761610000e5eb312ef3e87c7131dd73368fbc,https://open.spotify.com/artist/7oTLtwUXWjKQqJhHTDT3lF
"May 17, 2024",Los manantiales,Daga Voladora,Rock,Independent Artist,"Madrid, Spain",Richard Villegas,matched,1DeO39I57XjQRWHED7GckT,https://open.spotify.com/album/1DeO39I57XjQRWHED7GckT,0HkkrjqypBf5EUrsCZNxca,Daga Voladora,Los Manantiales,2024-05-17,day,album,9.0,https://i.scdn.co/image/ab67616d0000b2732d2d1e8717ee8c1226e918b2,,,,matched,https://i.scdn.co/image/ab6761610000e5eba1d3fb69e8758363231223b0,https://open.spotify.com/artist/0HkkrjqypBf5EUrsCZNxca
"May 16, 2024",M​ố​i L​ư​ơ​ng Duy​ê​n,Saigon Soul Revival,Rock,Independent Artist,"Ho Chi Minh City, Vietnam",Megan Iacobini de Fazio,no_match,,,,,,,,,,,,,,,,
"May 15, 2024",Ukouk: Round Singing Voices of the Ainu 2012–2024,MAREWREW,World,Independent Artist,"Hokkaido, Japan",Matthew Blackwell,matched,7EbEMw3mxWKC2n0K5ltfmg,https://open.spotify.com/album/7EbEMw3mxWKC2n0K5ltfmg,6FxJGmdxsJCoHaEOJZ6fIJ,MAREWREW,Ukouk. Round Singing Voices of the Ainu 2012-2024,2024-05-10,day,compilation,16.0,https://i.scdn.co/image/ab67616d0000b27393665b239769414d475f3541,,,,matched,https://i.scdn.co/image/ab67616d0000b273f6591192461f3a7113563fbd,https://open.spotify.com/artist/6FxJGmdxsJCoHaEOJZ6fIJ
"May 14, 2024",Repertoire,Shane Parish,Acoustic,Independent Artist,"Athens, Georgia",Stewart Smith,matched,2OGU4OghyaSBJAYsBVwiFj,https://open.spotify.com/album/2OGU4OghyaSBJAYsBVwiFj,3cvqyc36Wu2EbRd2Wf8dgr,Shane Parish,Repertoire,2024-05-17,day,album,14.0,https://i.scdn.co/image/ab67616d0000b273cb4963ed1517d50ad683d4de,,,,matched,https://i.scdn.co/image/ab6761610000e5ebe23492739a7a8872ac2c1f95,https://open.spotify.com/artist/3cvqyc36Wu2EbRd2Wf8dgr
"May 13, 2024",Eat Your Heart Out,Potatohead People,Hip-Hop/Rap,Independent Artist,"Vancouver, British Columbia",John Morrison,matched,3k1hN6nSeOyz9InTfJnoFT,https://open.spotify.com/album/3k1hN6nSeOyz9InTfJnoFT,2lmWYYMM80tsoDES4aUB1m,Potatohead People,Eat Your Heart Out,2024-05-10,day,album,11.0,https://i.scdn.co/image/ab67616d0000b2738f421db7c115614627a306f5,,,,matched,https://i.scdn.co/image/ab6761610000e5ebb43f7d04f4cef96acd2e9757,https://open.spotify.com/artist/2lmWYYMM80tsoDES4aUB1m
"May 10, 2024",I’m totally fine with it 👍 don’t give a fuck anymore 👍,Arab Strap,Alternative,Independent Artist,"Scotland, UK",Mike McGrath-Bryan,no_match,,,,,,,,,,,,,,,,
"May 09, 2024",Find Your Flame,Nubiyan Twist,Jazz,Independent Artist,"London, UK",John Morrison,matched,7dkkrLhrHCTPsmc7JucvgL,https://open.spotify.com/album/7dkkrLhrHCTPsmc7JucvgL,5HNkGissAKlCv88sus7rVO,Nubiyan Twist,Find Your Flame,2024-05-03,day,album,12.0,https://i.scdn.co/image/ab67616d0000b2732e7d91d0758556e5fdcf1c1e,,,,matched,https://i.scdn.co/image/ab6761610000e5eb4217f9689f738a294181a9d6,https://open.spotify.com/artist/5HNkGissAKlCv88sus7rVO
"May 08, 2024",Ship to Shore,Richard Thompson,Folk,Independent Artist,"London, UK",Jon Dale,matched,1QSfjie17LKOoVroxZeuMV,https://open.spotify.com/album/1QSfjie17LKOoVroxZeuMV,5w75MoT8FfcGOMgjgrj1cz,Richard Thompson,Ship To Shore,2024-05-31,day,album,12.0,https://i.scdn.co/image/ab67616d0000b27320062b28f714d416b24c465a,,,,matched,https://i.scdn.co/image/ab6761610000e5ebdac2ff3f3bb9b0211bba5168,https://open.spotify.com/artist/5w75MoT8FfcGOMgjgrj1cz
"May 07, 2024",I AM JORDAN,I. JORDAN,Electronic,Independent Artist,"London, UK",Becca Inglis,matched,5FpECE3Ow4HGUEhnGN58yU,https://open.spotify.com/album/5FpECE3Ow4HGUEhnGN58yU,5RMLpCv3ic2KtGnqJ7eMG4,I. JORDAN,I AM JORDAN,2024-05-10,day,album,12.0,https://i.scdn.co/image/ab67616d0000b2739fe55a19d621dfcb8667ad5e,,,,matched,https://i.scdn.co/image/ab6761610000e5ebef71b64af39e8fd2e67546ac,https://open.spotify.com/artist/5RMLpCv3ic2KtGnqJ7eMG4
"May 06, 2024",Romanticism,hana vu,Pop,Independent Artist,"Los Angeles, California",Spencer Hughes,matched,6I7Al2K8HxKvyJcook1ZR8,https://open.spotify.com/album/6I7Al2K8HxKvyJcook1ZR8,3diDUq8QMCCtx8a4Jy42aO,Hana Vu,Romanticism,2024-05-03,day,album,12.0,https://i.scdn.co/image/ab67616d0000b2739da1f916fbec7a704385aab6,,,,matched,https://i.scdn.co/image/ab6761610000e5ebc4ee27d4262635b082669771,https://open.spotify.com/artist/3diDUq8QMCCtx8a4Jy42aO
"May 03, 2024",Big Hotel,Winged Wheel,Acoustic,Winged Wheel,"Detroit, Michigan",Jennifer Kelly,matched,17Z5o7NqM8378JDCunS6ae,https://open.spotify.com/album/17Z5o7NqM8378JDCunS6ae,3oxlQvJbiZ8bioc2884tIn,Winged Wheel,Big Hotel,2024-05-03,day,album,9.0,https://i.scdn.co/image/ab67616d0000b2734abbf7304ad6753fd1f8b5bc,,,,matched,https://i.scdn.co/image/ab67616d0000b2732a82a771635e7d302fb864a6,https://open.spotify.com/artist/3oxlQvJbiZ8bioc2884tIn
"May 02, 2024",Pull the Rope,Ibibio Sound Machine,Electronic,Independent Artist,UK,Jesse Locke,matched,3I4RKOGCEEg8hrFpgyLW73,https://open.spotify.com/album/3I4RKOGCEEg8hrFpgyLW73,4J6CnIqPEtWYn3la2YYj2c,Ibibio Sound Machine,Pull the Rope,2024-05-03,day,album,10.0,https://i.scdn.co/image/ab67616d0000b273c52cfa6963debaefa15e7ab8,,,,matched,https://i.scdn.co/image/ab6761610000e5eb623013c295e33d19c512ba28,https://open.spotify.com/artist/4J6CnIqPEtWYn3la2YYj2c
"May 01, 2024",Spine,Kee Avil,Experimental,Independent Artist,"Montreal, Québec",Ted Davis,matched,13yeaCJ3IKOoA4w3YjNrvV,https://open.spotify.com/album/13yeaCJ3IKOoA4w3YjNrvV,178F3Nm61BKsUtDP3egSoR,Kee Avil,Spine,2024-05-03,day,album,10.0,https://i.scdn.co/image/ab67616d0000b2735d351f774d22f1cc899ee597,,,,matched,https://i.scdn.co/image/ab6761610000e5eb1819de6c2222757907a40972,https://open.spotify.com/artist/178F3Nm61BKsUtDP3egSoR
"April 30, 2024",The Cool Cloud of Okayness,Tara Jane O’Neil,Alternative,Tara Jane O&#39;Neil,California,Peter Margasak,no_match,,,,,,,,,,,,,,,,
"April 29, 2024",So Sorry So Slow,Adult Jazz,Rock,Independent Artist,UK,Ted Davis,matched,3k35lYkLtyXCQQYQiNM3H1,https://open.spotify.com/album/3k35lYkLtyXCQQYQiNM3H1,5as7SW1R7ACUdkVtmcG7TG,Adult Jazz,So Sorry So Slow,2024-04-26,day,album,12.0,https://i.scdn.co/image/ab67616d0000b273e06cf528b34882193f90b4c7,,,,matched,https://i.scdn.co/image/ab6761610000e5eb29bd5a72fa5fadbe11cb2191,https://open.spotify.com/artist/5as7SW1R7ACUdkVtmcG7TG
"April 26, 2024",New Heaven,Inter Arma,Metal,Independent Artist,"Richmond, Virginia",J. Bennett,matched,0HB3RzsvBPT3s0MzSjbdU7,https://open.spotify.com/album/0HB3RzsvBPT3s0MzSjbdU7,5ZG7r3Jg0Y1hGQRMQ8hdRs,Inter Arma,New Heaven,2024-04-26,day,album,8.0,https://i.scdn.co/image/ab67616d0000b273ab7f8b5573150d524f152b5b,,,,matched,https://i.scdn.co/image/ab6761610000e5ebe8e80c20a59cb01a204c38c7,https://open.spotify.com/artist/5ZG7r3Jg0Y1hGQRMQ8hdRs
"April 25, 2024",Out of Body,Geo,Punk,Independent Artist,Netherlands,Will Ainsley,matched,0U3dgM7vbVVMgPATRte0Dt,https://open.spotify.com/album/0U3dgM7vbVVMgPATRte0Dt,0wTVDaW8R9u4fayJrhjscL,Geo,Out of Body,2024-04-26,day,album,10.0,https://i.scdn.co/image/ab67616d0000b273c1d1b66ac29384afaa56a6d5,,,,matched,https://i.scdn.co/image/ab6761610000e5ebdda02ec2cd3671b3480635dd,https://open.spotify.com/artist/0wTVDaW8R9u4fayJrhjscL
"April 24, 2024",Threnody for the KhoiSan,Garth Erasmus,World,garth erasmus,South Africa,Matthew Blackwell,matched,3XjlBt1YemeHTUEoCLFuTE,https://open.spotify.com/album/3XjlBt1YemeHTUEoCLFuTE,6o6fEkg1iCri464vBTiplW,Garth Erasmus,Threnody for the KhoiSan,2024-04-26,day,album,14.0,https://i.scdn.co/image/ab67616d0000b2731c057e144bf17f1711395d29,,,,matched,https://i.scdn.co/image/ab67616d0000b2731c057e144bf17f1711395d29,https://open.spotify.com/artist/6o6fEkg1iCri464vBTiplW
"April 23, 2024",sleep paralysis,bbymutha,Hip-Hop/Rap,BIGMUTHA,"Chattanooga, Tennessee",Dash Lewis,matched,7Eo5evnGzQDXdRUIOFbsYt,https://open.spotify.com/album/7Eo5evnGzQDXdRUIOFbsYt,21C9Dbg9CD3Dv8NaD7iW8e,BbyMutha,sleep paralysis,2024-04-19,day,album,11.0,https://i.scdn.co/image/ab67616d0000b2731f0526a8e7c9a05265f8b041,,,,matched,https://i.scdn.co/image/ab6761610000e5ebb12c347360117b2bbc73d433,https://open.spotify.com/artist/21C9Dbg9CD3Dv8NaD7iW8e
"April 22, 2024",sentiment,claire rousay,Experimental,Independent Artist,"Los Angeles, California",Lewis Gordon,matched,0QhdOeubTOElMLAVK52uQu,https://open.spotify.com/album/0QhdOeubTOElMLAVK52uQu,24KMaDNklCLuxhzamE6tmq,claire rousay,sentiment,2024-04-19,day,album,10.0,https://i.scdn.co/image/ab67616d0000b273f9f5c08a2a72ae1252e73651,,,,matched,https://i.scdn.co/image/ab6761610000e5eb2b6f6b6f99ba0adcebf9d6e7,https://open.spotify.com/artist/24KMaDNklCLuxhzamE6tmq
"April 19, 2024",Perseids,somesurprises,Rock,Independent Artist,"Seattle, Washington",Ben Salmon,matched,1cJFxAaBlQdxnJKuDM20Dn,https://open.spotify.com/album/1cJFxAaBlQdxnJKuDM20Dn,0qgRfYHnkX1aRKmlWOEJZV,Somesurprises,Perseids,2024-04-19,day,album,9.0,https://i.scdn.co/image/ab67616d0000b273b4f322187a34c73ba7d1fb13,,,,matched,https://i.scdn.co/image/ab6761610000e5eb427f53e6eae302b6fe208dc6,https://open.spotify.com/artist/0qgRfYHnkX1aRKmlWOEJZV
"April 18, 2024",Standing on Giant Shoulders,Seafood Sam,Hip-Hop/Rap,Independent Artist,"Long Beach, California",Dash Lewis,matched,5sGHMWrkuqwwJTFDa5mN3a,https://open.spotify.com/album/5sGHMWrkuqwwJTFDa5mN3a,42i1K4n41jrf6DuIOQW1BY,Seafood Sam,Standing on Giant Shoulders,2024-04-19,day,album,15.0,https://i.scdn.co/image/ab67616d0000b27392829e02089a60315dbc47b6,,,,matched,https://i.scdn.co/image/ab6761610000e5eb86de29a8478e8fc09776cc4b,https://open.spotify.com/artist/42i1K4n41jrf6DuIOQW1BY
"April 17, 2024",Talitakum,Avalanche Kaito,Punk,Independent Artist,"Brussels, Belgium",Megan Iacobini de Fazio,matched,1kdMMqwEiobYHqyYzqh7D5,https://open.spotify.com/album/1kdMMqwEiobYHqyYzqh7D5,7CDHjhMMF91Lielq9ANGzg,Avalanche Kaito,Talitakum,2024-04-12,day,album,9.0,https://i.scdn.co/image/ab67616d0000b273b0743cb5a83fe74bfae5b2c3,,,,matched,https://i.scdn.co/image/ab6761610000e5eb9dc78d2297825959cbff64c7,https://open.spotify.com/artist/7CDHjhMMF91Lielq9ANGzg
"April 16, 2024",Airdrop,Low End Activist,Electronic,Independent Artist,"Bristol, UK",Joe Muggs,matched,0c5N4Q7SLkpK7akjGaNjgw,https://open.spotify.com/album/0c5N4Q7SLkpK7akjGaNjgw,72oF97JtpHOAEYBMLzKKDg,Low End Activist,Airdrop II,2025-11-14,day,album,10.0,https://i.scdn.co/image/ab67616d0000b27355a9ce9d0ab7af4fc622fd5e,,,,matched,https://i.scdn.co/image/ab6761610000e5eb24acede7e168687eddb7de65,https://open.spotify.com/artist/72oF97JtpHOAEYBMLzKKDg
"April 15, 2024",Thema Maboneng,Abacothozi,Rock,Independent Artist,"London, UK",Peter Margasak,matched,5mXLvcZ34Cx7gnnbfQBspS,https://open.spotify.com/album/5mXLvcZ34Cx7gnnbfQBspS,6q0RdUllgGK6vkvHhQ98S1,Abacothozi,Thema Maboneng,1975-12-29,day,album,6.0,https://i.scdn.co/image/ab67616d0000b273861e830daa841c962c757453,,,,matched,https://i.scdn.co/image/ab67616d0000b273861e830daa841c962c757453,https://open.spotify.com/artist/6q0RdUllgGK6vkvHhQ98S1
"April 12, 2024",Up On Gravity Hill,Metz,Rock,METZ,"Toronto, Ontario",Will Ainsley,matched,7hvDQ45VsXZiWMOLtK6QtN,https://open.spotify.com/album/7hvDQ45VsXZiWMOLtK6QtN,18TNVFTJ6WfeicsMRrdJHI,Metz,Up On Gravity Hill,2024-04-12,day,album,8.0,https://i.scdn.co/image/ab67616d0000b273b15e888bbab2fcd2eea43f2d,,,,matched,https://i.scdn.co/image/ab6761610000e5eb5d2f255b5f3e19ede32a3cc6,https://open.spotify.com/artist/18TNVFTJ6WfeicsMRrdJHI
"April 11, 2024",Congo Funk!: Sound Madness From The Shores Of The Mighty Congo River (Kinshasa​/​Brazzaville 1969​–1982),Various Artists,Funk,Analog Africa,Germany,Megan Iacobini de Fazio,matched,5Fol8lbqQ41Hx7fF1w2gwk,https://open.spotify.com/album/5Fol8lbqQ41Hx7fF1w2gwk,0LyfQWJT6nXafLPZqxe9Of,Various Artists,Congo Funk! - Sound Madness From The Shores Of The Mighty Congo River (Kinshasa/Brazzaville 1969-1982) (Analog Africa No.38),2024-04-05,day,compilation,14.0,https://i.scdn.co/image/ab67616d0000b273751cf8ceb62ef97d48fa4303,,,,matched,https://i.scdn.co/image/ab6761610000e5eb6b134287e3095d2c84b7932a,https://open.spotify.com/artist/0LyfQWJT6nXafLPZqxe9Of
"April 09, 2024","If I don​’​t make it, I love u",Still House Plants,Rock,Independent Artist,"London, UK",Jesse Locke,no_match,,,,,,,,,,,,,,,,
"April 08, 2024",Violent Violins Exposed,Babak Ahteshamipour,Electronic,Independent Artist,"Athens, Greece",Joe Muggs,no_match,,,,,,,,,,,,,,,,
"April 05, 2024",The Garden Dream,gglum,Pop,Independent Artist,"London, UK",Elle Carroll,matched,6ZaWKnLc8g4KDily8uOC9R,https://open.spotify.com/album/6ZaWKnLc8g4KDily8uOC9R,3AYjDTXEMqJP0h1iXq8eYO,gglum,The Garden Dream,2024-03-29,day,album,13.0,https://i.scdn.co/image/ab67616d0000b273cbc92cc3e5fa7271fc475875,,,,matched,https://i.scdn.co/image/ab6761610000e5eb2ca5a2f8c27beaf058560680,https://open.spotify.com/artist/3AYjDTXEMqJP0h1iXq8eYO
"April 04, 2024",One Million Love Songs,Bnny,Rock,Independent Artist,"Chicago, Illinois",Spencer Hughes,matched,6ktuNkWlfl4kh4Nf6GLBDP,https://open.spotify.com/album/6ktuNkWlfl4kh4Nf6GLBDP,5WrIiG2BnDY2kouJxzQPsh,Bnny,One Million Love Songs,2024-04-05,day,album,11.0,https://i.scdn.co/image/ab67616d0000b2738909cf77b8aa501887f3e9f7,,,,matched,https://i.scdn.co/image/ab6761610000e5ebcd6ea5a60e99854cd0d1bb92,https://open.spotify.com/artist/5WrIiG2BnDY2kouJxzQPsh
"April 03, 2024",Quintela,Carme López,World,Independent Artist,"GA, Spain",Matthew Blackwell,no_match,,,,,,,,,,,,,,,,
"April 02, 2024",Heart Fresh,Kopy,Electronic,Independent Artist,"Osaka, Japan",Jon Dale,matched,3kSWc8cyp1v07K6ZveBh4m,https://open.spotify.com/album/3kSWc8cyp1v07K6ZveBh4m,5CKkkXj7Shx7nYRWkY2GmB,Kopy,Heart Fresh,2024-03-29,day,album,10.0,https://i.scdn.co/image/ab67616d0000b273394d82e5713c08cdfd6f8eeb,,,,matched,https://i.scdn.co/image/ab67616d0000b27344167c1df3cb9fbeb6566174,https://open.spotify.com/artist/5CKkkXj7Shx7nYRWkY2GmB
"April 01, 2024",Temple Needs Water. Village Needs Peace.,Real Bad Man & Lukah,Hip-Hop/Rap,Real Bad Man,"Los Angeles, California",Blake Gillespie,no_match,,,,,,,,,,,,,,,,
"March 29, 2024",Moves In the Field,Kelly Moran,Experimental,kelly moran,"New York, New York",Ted Davis,matched,1z0KCPqug2XNK68UyPT4zz,https://open.spotify.com/album/1z0KCPqug2XNK68UyPT4zz,1SFqXNEGetmMW6VPZseNqy,Kelly Moran,Moves in the Field,2024-03-29,day,album,10.0,https://i.scdn.co/image/ab67616d0000b2732812b09d8746d71fd90e8fd3,,,,matched,https://i.scdn.co/image/ab6761610000e5eb19c7444a94639ab31c87a69d,https://open.spotify.com/artist/1SFqXNEGetmMW6VPZseNqy
"March 28, 2024",Forest Scenes,MIZU,Experimental,Independent Artist,"New York, New York",James Gui,matched,05xtEKZd5rZOh84vCpBOI7,https://open.spotify.com/album/05xtEKZd5rZOh84vCpBOI7,1ocXUwcqDsN6p6zRpAXOl6,MIZU,Forest Scenes,2024-03-22,day,album,8.0,https://i.scdn.co/image/ab67616d0000b273d66c13ef67c8f6821e4e31ad,,,,matched,https://i.scdn.co/image/ab6761610000e5eb7da5a9881b10cbdf04395a47,https://open.spotify.com/artist/1ocXUwcqDsN6p6zRpAXOl6
"March 27, 2024",Black Sheep,Cakes Da Killa,Hip-Hop/Rap,Independent Artist,"Brooklyn, New York",Dash Lewis,matched,53oR2UVkw0JyoVQDNQWyof,https://open.spotify.com/album/53oR2UVkw0JyoVQDNQWyof,6MoQZOH2KnQrJhVtO9VoXC,Cakes da Killa,Black Sheep,2024-04-26,day,album,16.0,https://i.scdn.co/image/ab67616d0000b273883ed27f1185553b096ccd9f,,,,matched,https://i.scdn.co/image/ab6761610000e5ebda8205a40d690ffb728d6eb9,https://open.spotify.com/artist/6MoQZOH2KnQrJhVtO9VoXC
"March 26, 2024",affinity,Fears,Pop,Independent Artist,"Dublin, Ireland",Vrinda Jagota,matched,22jnUck6FXtxajMtLCQssd,https://open.spotify.com/album/22jnUck6FXtxajMtLCQssd,5W0ueLIhRR6IvnyPbnXQlT,Fears,affinity,2024-03-22,day,album,10.0,https://i.scdn.co/image/ab67616d0000b27319ce87f221feb1f67d01cb3a,,,,matched,https://i.scdn.co/image/ab6761610000e5ebe11e536f7af6301e0fc4442f,https://open.spotify.com/artist/5W0ueLIhRR6IvnyPbnXQlT
"March 25, 2024",The Liminality Of Her,Amanda Whiting,Jazz,Independent Artist,UK,Michael J. West,matched,3tNvEZnLV5OAnOmII0jTiU,https://open.spotify.com/album/3tNvEZnLV5OAnOmII0jTiU,6PGBkPJLeNHQQTM3wvlVv5,Amanda Whiting,The Liminality of Her,2024-03-22,day,album,10.0,https://i.scdn.co/image/ab67616d0000b2734368fc04bd37079af6bbafdb,,,,matched,https://i.scdn.co/image/ab6761610000e5ebb307e296c6d32619d207a5eb,https://open.spotify.com/artist/6PGBkPJLeNHQQTM3wvlVv5
"March 22, 2024",Akoma,Jlin,Electronic,Independent Artist,"Gary, Indiana",James Gui,matched,4N8CfMDL60vLQamW30qZAE,https://open.spotify.com/album/4N8CfMDL60vLQamW30qZAE,23QKqAkKwti9zBiac6RFBA,Jlin,Akoma,2024-03-22,day,album,11.0,https://i.scdn.co/image/ab67616d0000b2731fea0f97fa92aa773e884312,,,,matched,https://i.scdn.co/image/ab6761610000e5ebff2eee5d6eb0fd9f2c8d0039,https://open.spotify.com/artist/23QKqAkKwti9zBiac6RFBA
"March 21, 2024",Unleash,Heavee,Electronic,Independent Artist,"Chicago, Illinois",Nadine Smith,matched,1WO89Z7AUdGMP4Zu57ESP0,https://open.spotify.com/album/1WO89Z7AUdGMP4Zu57ESP0,3bTrwZAKTLYI9zozCH6zxw,Heavee,Unleash,2024-03-15,day,album,14.0,https://i.scdn.co/image/ab67616d0000b2739094d445d9671963da34d8cb,,,,matched,https://i.scdn.co/image/ab6761610000e5ebc39f56724bdac97d9de95352,https://open.spotify.com/artist/3bTrwZAKTLYI9zozCH6zxw
"March 20, 2024",Funk Tide: Tokyo Jazz​-​Funk From Electric Bird 1978​–87,Various Artists,Jazz,WEWANTSOUNDS,"Paris, France",Shy Clara Thompson,no_match,,,,,,,,,,,,,,,,
"March 19, 2024",En La Conquista Del Mundo Latino,Salsa Suprema,World,Independent Artist,"Caracas, Venezuela",Richard Villegas,matched,22qMaifyCxNuuzu41udF78,https://open.spotify.com/album/22qMaifyCxNuuzu41udF78,6ZsktULsdRcTrqAshpc7I1,Salsa Suprema,En la Conquista del Mundo Latino,2024-03-29,day,album,10.0,https://i.scdn.co/image/ab67616d0000b273a00370893bae9dd8d325631e,,,,matched,https://i.scdn.co/image/ab6761610000e5ebdf68a0bd2c72acac00989e43,https://open.spotify.com/artist/6ZsktULsdRcTrqAshpc7I1
"March 18, 2024",Read the Air,Marbled Eye,Punk,MARBLED EYE,"Oakland, California",Jennifer Kelly,matched,7KxW0m59zkwJbvZGDNAx58,https://open.spotify.com/album/7KxW0m59zkwJbvZGDNAx58,3V6GV39cSmmExOhjdcM60D,Marbled Eye,Read the Air,2024-03-22,day,album,10.0,https://i.scdn.co/image/ab67616d0000b2731dd40ad96647ae8556e12978,,,,matched,https://i.scdn.co/image/ab6761610000e5eb09d9da197cc4cf1b7d123846,https://open.spotify.com/artist/3V6GV39cSmmExOhjdcM60D
"March 14, 2024",New Monuments,Amirtha Kidambi’s Elder Ones,Jazz,Amirtha Kidambi,"New York, New York",Michael J. West,no_match,,,,,,,,,,,,,,,,
"March 13, 2024",A Forsaken Lover’s Plea,Chuck Strangers,Hip-Hop/Rap,Independent Artist,New York,Dylan Green,no_match,,,,,,,,,,,,,,,,
"March 12, 2024",Dabrye Super Cassette,Dabrye,Electronic,Independent Artist,"Ann Arbor, Michigan",Andrew Parks,no_match,,,,,,,,,,,,,,,,
"March 11, 2024",Bodies,Various Artists,Electronic,foundation.fm records,"London, UK",Joe Muggs,matched,1YvQvkG7v9sYKU8AEdfBSQ,https://open.spotify.com/album/1YvQvkG7v9sYKU8AEdfBSQ,0LyfQWJT6nXafLPZqxe9Of,Various Artists,Water Bodies,2025-06-27,day,compilation,21.0,https://i.scdn.co/image/ab67616d0000b27363c1eb92ddac22899016b7a3,,,,matched,https://i.scdn.co/image/ab6761610000e5eb6b134287e3095d2c84b7932a,https://open.spotify.com/artist/0LyfQWJT6nXafLPZqxe9Of
"March 08, 2024",Torrey,Torrey,Rock,Independent Artist,"Oakland, California",Shy Clara Thompson,matched,3gnxJ35PCnoFiy30fiC1XZ,https://open.spotify.com/album/3gnxJ35PCnoFiy30fiC1XZ,4nutAUcCBEahYFSL2olXIa,Torrey,Torrey,2024-03-08,day,album,12.0,https://i.scdn.co/image/ab67616d0000b2738adbef438c10904b6ed1551e,,,,matched,https://i.scdn.co/image/ab6761610000e5ebfd0c99747d8d6dc2e8743f43,https://open.spotify.com/artist/4nutAUcCBEahYFSL2olXIa
"March 07, 2024",Chytridiomycosis Relinquished,Slimelord,Metal,20 Buck Spin,"Pittsburgh, Pennsylvania",Brad Sanders,matched,59htiEOknLAKuGr6dgdpVg,https://open.spotify.com/album/59htiEOknLAKuGr6dgdpVg,1xy6wgaYzFudJPtaNESVKg,Slimelord,Chytridiomycosis Relinquished,2024-03-08,day,album,7.0,https://i.scdn.co/image/ab67616d0000b27330827ed6d0b9f32d99b5ffc9,,,,matched,https://i.scdn.co/image/ab6761610000e5eb2a9bb93fcd3e03645dad9e6b,https://open.spotify.com/artist/1xy6wgaYzFudJPtaNESVKg
"March 06, 2024","Open Me, A Higher Consciousness of Sound and Spirit",Kahil El’Zabar’s Ethnic Heritage Ensemble,Jazz,Ethnic Heritage Ensemble,"Chicago, Illinois",Michael J. West,no_match,,,,,,,,,,,,,,,,
"March 05, 2024",A Single Sunbeam,Daniel Herskedal,Classical,Independent Artist,"Oslo, Norway",Peter Margasak,matched,4VHSLUzVpXjg4Tnu5C3D0p,https://open.spotify.com/album/4VHSLUzVpXjg4Tnu5C3D0p,3zz8PxJE0tBfUqcZbf3SZS,Daniel Herskedal,A Single Sunbeam,2024-03-01,day,album,8.0,https://i.scdn.co/image/ab67616d0000b27343c0297efb69a985a8668aee,,,,matched,https://i.scdn.co/image/ab6761610000e5ebcf4e42814ce71b8f25f564e7,https://open.spotify.com/artist/3zz8PxJE0tBfUqcZbf3SZS
"March 04, 2024",Infants Under The Bulb,Uranium Club,Punk,Static Shock Records,"London, UK",Jennifer Kelly,matched,6gB6BLeNZBlP4uy7DloZQI,https://open.spotify.com/album/6gB6BLeNZBlP4uy7DloZQI,0EfPKjhywHpqUo1jIQNiVI,Uranium Club,Infants Under The Bulb,2024-03-01,day,album,11.0,https://i.scdn.co/image/ab67616d0000b273cdd8baeb4bd7392762a93b8b,,,,matched,https://i.scdn.co/image/ab6772690000c46c01b03200db1a72008732d5d0,https://open.spotify.com/artist/0EfPKjhywHpqUo1jIQNiVI
"March 01, 2024",Alkemi,Daymé Arocena,Pop,Independent Artist,"London, UK",Rebecca Bodenheimer,matched,1BDQjKr3G3qEkYwPJo8ETg,https://open.spotify.com/album/1BDQjKr3G3qEkYwPJo8ETg,6LcWO77VeIUPqNY22N3fI0,Daymé Arocena,Alkemi,2024-02-23,day,album,10.0,https://i.scdn.co/image/ab67616d0000b273eb07b9d6c8a4a0a74661d4a2,,,,matched,https://i.scdn.co/image/ab6761610000e5eb106be0dd68e81bb6fa863966,https://open.spotify.com/artist/6LcWO77VeIUPqNY22N3fI0
"February 29, 2024",Nothing Else Matters & I So Liked Spring,Linda Smith,Pop,Independent Artist,"Baltimore, Maryland",Jude Noel,no_match,,,,,,,,,,,,,,,,
"February 28, 2024",Dying,The Narcotix,R&amp;B/Soul,Independent Artist,"Brooklyn, New York",Nadine Smith,matched,6Lu3BWPmfNreYAvGXdgKHI,https://open.spotify.com/album/6Lu3BWPmfNreYAvGXdgKHI,3wC6DE9C6U4WxgstG9ofI2,The Narcotix,Dying,2024-03-01,day,album,9.0,https://i.scdn.co/image/ab67616d0000b2733764800f5f038057197ec351,,,,matched,https://i.scdn.co/image/ab6761610000e5eb320b862aa65eb7c48c01a411,https://open.spotify.com/artist/3wC6DE9C6U4WxgstG9ofI2
"February 27, 2024",Scope Neglect,Ben Frost,Electronic,Independent Artist,,Grayson Haver Currin,matched,35D3l5jRShkmApZIRaGyM3,https://open.spotify.com/album/35D3l5jRShkmApZIRaGyM3,6qEM4txXHvfMbOUOK9L7pl,Ben Frost,Scope Neglect,2024-03-01,day,album,8.0,https://i.scdn.co/image/ab67616d0000b273323983de43203fa1a1aeaeeb,,,,matched,https://i.scdn.co/image/ab6761610000e5eb34337c6e2c7674b7d9e63459,https://open.spotify.com/artist/6qEM4txXHvfMbOUOK9L7pl
"February 26, 2024",Too Hot To Sleep,Daniel Romano,Rock,Independent Artist,"Welland, Ontario",Casey Jarman,matched,0bbGGeVylC56xMaOfqRZX1,https://open.spotify.com/album/0bbGGeVylC56xMaOfqRZX1,2kTXvMOmrHVjVewErG5kHD,"Daniel Romano, The Outfit",Too Hot To Sleep,2024-03-01,day,album,10.0,https://i.scdn.co/image/ab67616d0000b2739e20fa77f39bcf944a4d93d3,,,,matched,https://i.scdn.co/image/ab6761610000e5eb5163953f9361745f1ea7f3b2,https://open.spotify.com/artist/2kTXvMOmrHVjVewErG5kHD
"February 23, 2024",Orchards of a Futile Heaven,The Body & Dis Fig,Metal,the body,"Portland, Oregon",Shane Burley,no_match,,,,,,,,,,,,,,,,
"February 22, 2024",Sheer Humanity,Tosser,Punk,Independent Artist,"Washington, D.C.",Pat Pilch,matched,62F0S9bkzNv2IXQezInhvG,https://open.spotify.com/album/62F0S9bkzNv2IXQezInhvG,0dktK7w6Wo7cnJaLqxWEcK,Tosser,Sheer Humanity,2024-03-15,day,album,9.0,https://i.scdn.co/image/ab67616d0000b273c743cd6bbea2055dff2ded20,,,,matched,https://i.scdn.co/image/ab6761610000e5eb2765d33c64c2e22eb24509d2,https://open.spotify.com/artist/0dktK7w6Wo7cnJaLqxWEcK
"February 21, 2024",Oblivion Theater,Sadistik,Hip-Hop/Rap,Independent Artist,"Los Angeles, California",Phillip Mlynar,matched,6FdcIAczvPYl9WeooIUF7j,https://open.spotify.com/album/6FdcIAczvPYl9WeooIUF7j,3qgsChODA5iJM6AdA0rr21,"Sadistik, Maulskull",Oblivion Theater,2024-02-23,day,album,13.0,https://i.scdn.co/image/ab67616d0000b2739325216b9d5100d4e595005f,,,,matched,https://i.scdn.co/image/ab6761610000e5ebc017e8f2962c2d54b2685c5e,https://open.spotify.com/artist/3qgsChODA5iJM6AdA0rr21
"February 20, 2024",Untame the Tiger,Mary Timony,Alternative,Independent Artist,"Washington, D.C.",Elle Carroll,matched,3GOL8cjQWIfRmAIGmaPgtT,https://open.spotify.com/album/3GOL8cjQWIfRmAIGmaPgtT,1FFaHFtnhdnHuY0xGZcnD1,Mary Timony,Untame the Tiger,2024-02-23,day,album,9.0,https://i.scdn.co/image/ab67616d0000b273e5f423fabb42a313111f7609,,,,matched,https://i.scdn.co/image/ab6761610000e5eb090794c42a48d9b9fadfc9d0,https://open.spotify.com/artist/1FFaHFtnhdnHuY0xGZcnD1
"February 16, 2024",Psychedelic Anxiety,Frances Chang,Experimental,frances chang,New York,Jude Noel,matched,3kWeEXca8CIZKRlits5Ggh,https://open.spotify.com/album/3kWeEXca8CIZKRlits5Ggh,4mGbLmr9tmgnWFM4CaFJRe,Frances Chang,Psychedelic Anxiety,2024-02-16,day,album,8.0,https://i.scdn.co/image/ab67616d0000b273ab00a033bf8e246c5f681853,,,,matched,https://i.scdn.co/image/ab6761610000e5eb1a254d09d04c8ed75df5e93c,https://open.spotify.com/artist/4mGbLmr9tmgnWFM4CaFJRe
"February 15, 2024",Imitation of War,Itasca,Folk,Independent Artist,"Los Angeles, California",Jim Allen,matched,1gkcRYYNtYbgVBJp8r6b0Z,https://open.spotify.com/album/1gkcRYYNtYbgVBJp8r6b0Z,38fAj11eMUqp1hTaDaLkyZ,Itasca,Imitation of War,2024-02-09,day,album,10.0,https://i.scdn.co/image/ab67616d0000b273351873674d101317cab344b4,,,,matched,https://i.scdn.co/image/ab6761610000e5ebc302d63bf3e1d077c9147947,https://open.spotify.com/artist/38fAj11eMUqp1hTaDaLkyZ
"February 14, 2024",Big Anonymous,El Perro del Mar,Alternative,Independent Artist,Sweden,Elle Carroll,matched,6B1TpyCZ28bpZaF0wKRree,https://open.spotify.com/album/6B1TpyCZ28bpZaF0wKRree,0bnwha8WPTU2sf4Q4P6vE0,El Perro del Mar,Big Anonymous,2024-02-16,day,album,10.0,https://i.scdn.co/image/ab67616d0000b273ee1df7a1e4af7815b2e02f0b,,,,matched,https://i.scdn.co/image/ab6761610000e5ebd459e7df30c5b16376da39d0,https://open.spotify.com/artist/0bnwha8WPTU2sf4Q4P6vE0
"February 13, 2024",Merengue Típico: Nueva Generación!,Various Artists,Latin,Les Disques Bongo Joe,"Geneva, Switzerland",Richard Villegas,matched,5h9FeHRnet7pXbt93CNJvr,https://open.spotify.com/album/5h9FeHRnet7pXbt93CNJvr,0LyfQWJT6nXafLPZqxe9Of,Various Artists,Merengue Típico: Nueva Generación!,2024-02-09,day,compilation,10.0,https://i.scdn.co/image/ab67616d0000b273bf30c593a494b3ace5472865,,,,matched,https://i.scdn.co/image/ab6761610000e5eb6b134287e3095d2c84b7932a,https://open.spotify.com/artist/0LyfQWJT6nXafLPZqxe9Of
"February 12, 2024",Request Stop,Various Artists,Experimental,Brachliegen Tapes ☽,"Deal, UK",James Gui,no_match,,,,,,,,,,,,,,,,
"February 09, 2024",David Nance & Mowed Sound,David Nance,Rock,Independent Artist,"Omaha, Nebraska",Jennifer Kelly,matched,21TfocGa5C80fvSVZcrVAv,https://open.spotify.com/album/21TfocGa5C80fvSVZcrVAv,7p4c2nwJAhBa8pV0tvBRr9,David Nance,David Nance & Mowed Sound,2024-02-09,day,album,10.0,https://i.scdn.co/image/ab67616d0000b2732b5677972189087fa3358c0b,,,,matched,https://i.scdn.co/image/ab6761610000e5ebdfb40a51e0f1c4ff5d602354,https://open.spotify.com/artist/7p4c2nwJAhBa8pV0tvBRr9
"February 08, 2024","Hello, I’m Britti.",Britti,R&amp;B/Soul,Independent Artist,"New Orleans, Louisiana",Amaya Garcia,no_match,,,,,,,,,,,,,,,,
"February 07, 2024",Rainbow,Champagne Dub,Alternative,Betamax Super hi-Max Vision Catalogue (Champagne Dub),"London, UK",Andy Thomas,matched,7tp0XIrYWqF4gm05QlmTqw,https://open.spotify.com/album/7tp0XIrYWqF4gm05QlmTqw,5vnJuj2LadkkPZ0Tr4XiHT,Champagne Dub,Rainbow,2024-02-09,day,album,8.0,https://i.scdn.co/image/ab67616d0000b273c78c62884bd37ffa71ee5d99,,,,matched,https://i.scdn.co/image/ab67616d0000b273047f4aee89eed0c5aac44010,https://open.spotify.com/artist/5vnJuj2LadkkPZ0Tr4XiHT
"February 06, 2024",Acid Tab Vocab (The Definitive Edition),Tame One & Parallel Thought,Hip-Hop/Rap,Parallel Thought,"Freehold Township, New Jersey",Dash Lewis,no_match,,,,,,,,,,,,,,,,
"February 05, 2024",Walls Have Ears,Sonic Youth,Alternative,Independent Artist,"New York, New York",Jesse Locke,matched,5DVmXtb5RwDQjuQkydYZwl,https://open.spotify.com/album/5DVmXtb5RwDQjuQkydYZwl,5UqTO8smerMvxHYA5xsXb6,Sonic Youth,Walls Have Ears,2024-02-09,day,album,17.0,https://i.scdn.co/image/ab67616d0000b273e0d21489abd99ec9abd70a38,,,,matched,https://i.scdn.co/image/af335c11a73e9311516bb28800be58311410d1be,https://open.spotify.com/artist/5UqTO8smerMvxHYA5xsXb6
"February 02, 2024",Basilisk,J. Robbins,Punk,Independent Artist,"Baltimore, Maryland",Jesse Locke,matched,19RKCMs2mIgoLuOKNmrtIA,https://open.spotify.com/album/19RKCMs2mIgoLuOKNmrtIA,7oYW3vYjdqYo2Qy5IA8ad1,J. Robbins,Basilisk,2024-02-02,day,album,11.0,https://i.scdn.co/image/ab67616d0000b2736b1363d9ea31d556b7943d10,,,,matched,https://i.scdn.co/image/ab6761610000e5eb1c39abed4dffa29cd581f1e1,https://open.spotify.com/artist/7oYW3vYjdqYo2Qy5IA8ad1
"February 01, 2024",Eye Flys,Eye Flys,Punk,Independent Artist,"Philadelphia, Pennsylvania",Saby Reyes-Kulkarni,matched,5GYDrwpAmpT7dzbiglVapl,https://open.spotify.com/album/5GYDrwpAmpT7dzbiglVapl,7GzM51BvYYlZ6Hdef6fM41,Eye Flys,Eye Flys,2024-01-26,day,album,8.0,https://i.scdn.co/image/ab67616d0000b273b9430b916e04dc4217db7363,,,,matched,https://i.scdn.co/image/ab6761610000e5ebc2dfce7c176993bc26200150,https://open.spotify.com/artist/7GzM51BvYYlZ6Hdef6fM41
"January 31, 2024",Agustin Pereyra Lucena,Agustín Pereyra Lucena,World,Independent Artist,"Buenos Aires, Argentina",Richard Villegas,matched,5s9wor1NCDNvKC2IouWtdy,https://open.spotify.com/album/5s9wor1NCDNvKC2IouWtdy,6lYTMu0moMkmypdvatWgYh,Agustin Pereyra Lucena,Agustin Pereyra Lucena,2023-12-15,day,album,10.0,https://i.scdn.co/image/ab67616d0000b2734569b6d19b56cbf1494b2ff6,,,,matched,https://i.scdn.co/image/ab6761610000e5eb7b6d3d2b795b14cbf4ceb7ef,https://open.spotify.com/artist/6lYTMu0moMkmypdvatWgYh
"January 30, 2024",Era,Ratigan Era,,HAKUNA KULALA,"Kampala, Uganda",Megan Iacobini de Fazio,matched,6mD9NSyC8fgGuP4KveDcvz,https://open.spotify.com/album/6mD9NSyC8fgGuP4KveDcvz,6XmSsmTptfw1G2FtpQfXe0,Ratigan Era,Era,2024-02-02,day,album,12.0,https://i.scdn.co/image/ab67616d0000b273fc061b024a4d19039544c10f,,,,matched,https://i.scdn.co/image/ab6761610000e5eb5cba58cb21a180a70b661cef,https://open.spotify.com/artist/6XmSsmTptfw1G2FtpQfXe0
"January 29, 2024",The First Fist to Make Contact When We Dap,R.A.P. Ferreira & Fumitake Tamura,,R.A.P. Ferreira,"Nashville, Tennessee",Blake Gillespie,no_match,,,,,,,,,,,,,,,,
"January 26, 2024",Obsidian Wreath,Infant Island,Punk,Independent Artist,"Fredericksburg, Virginia",Brad Cohan,matched,5KV2TIucWQfU954VB5hF1y,https://open.spotify.com/album/5KV2TIucWQfU954VB5hF1y,34ZIRrOiowNWuyJYt5crZM,Infant Island,Obsidian Wreath,2024-01-12,day,album,10.0,https://i.scdn.co/image/ab67616d0000b273d2eb3a38673be91803f0f5b1,,,,matched,https://i.scdn.co/image/ab6761610000e5ebdd931113e903115e18b91972,https://open.spotify.com/artist/34ZIRrOiowNWuyJYt5crZM
"January 25, 2024",Nippon Acid Folk 1970​-​1980,Various Artists,Folk,Time Capsule,"London, UK",Will Ainsley,no_match,,,,,,,,,,,,,,,,
"January 24, 2024",Fairweather Friend,The Umbrellas,Punk,Independent Artist,"San Francisco, California",Hayden Merrick,matched,375T40s0gZee5plvhlbns9,https://open.spotify.com/album/375T40s0gZee5plvhlbns9,13qLXVHwUqLFWPYdNOyZwZ,The Umbrellas,Fairweather Friend,2024-01-26,day,album,10.0,https://i.scdn.co/image/ab67616d0000b273814783a73b287d6657b05ff6,,,,matched,https://i.scdn.co/image/ab6761610000e5eb9aadb5b29fb9c46d82bb5458,https://open.spotify.com/artist/13qLXVHwUqLFWPYdNOyZwZ
"January 23, 2024",Junk,Brion Gysin,Experimental,WEWANTSOUNDS,"Paris, France",John Morrison,matched,1uPpg3aVjYVf6EEPh68ZLW,https://open.spotify.com/album/1uPpg3aVjYVf6EEPh68ZLW,5u9XTaNPsK03x6gCn2E54U,Brion Gysin,Junk,1995,year,album,10.0,https://i.scdn.co/image/ab67616d0000b273f9149a54dda0e9d7a9417722,,,,matched,https://i.scdn.co/image/ab67616d0000b273f9149a54dda0e9d7a9417722,https://open.spotify.com/artist/5u9XTaNPsK03x6gCn2E54U
"January 22, 2024",The Audacity of Free Thought,Delasi,Hip-Hop/Rap,Independent Artist,Ghana,Megan Iacobini de Fazio,no_match,,,,,,,,,,,,,,,,
"January 19, 2024",Les Grandes Vacances,Cosmic Analog Ensemble,R&amp;B/Soul,Hisstology,Lebanon,Blake Gillespie,matched,5Gl9GrhhceCwPE5lRWh2TV,https://open.spotify.com/album/5Gl9GrhhceCwPE5lRWh2TV,477PPCXcCS9mi3lRRnudCq,Cosmic Analog Ensemble,Les Grandes Vacances,2024-01-19,day,album,21.0,https://i.scdn.co/image/ab67616d0000b2736bbc3c8f5dc5a31e4a161369,,,,matched,https://i.scdn.co/image/ab6761610000e5eb631413bf4bd4b2be8451739c,https://open.spotify.com/artist/477PPCXcCS9mi3lRRnudCq
"January 18, 2024",Cloudward,Mary Halvorson,,Independent Artist,"New York, New York",Peter Margasak,matched,7pyMVbIw7GW24pEge8ufbC,https://open.spotify.com/album/7pyMVbIw7GW24pEge8ufbC,5tCfZ8dYbzaq6auQeSAsRl,Mary Halvorson,Cloudward,2024-01-19,day,album,8.0,https://i.scdn.co/image/ab67616d0000b273fd97e3ca5e757c6db97d6475,,,,matched,https://i.scdn.co/image/ab6761610000e5ebc7ff02897f68fffcf54bcb5d,https://open.spotify.com/artist/5tCfZ8dYbzaq6auQeSAsRl
"January 17, 2024",Selected Jambient Works Vol. 1,Cowboy Sadness,Ambient,Independent Artist,"Kingston, New York",Will Ainsley,matched,06L5BvN5YEPJnlmyGil8KB,https://open.spotify.com/album/06L5BvN5YEPJnlmyGil8KB,1hKVCGjW7QQWoCdctMWLrV,Cowboy Sadness,"Selected Jambient Works, Vol. 1",2024-01-19,day,album,10.0,https://i.scdn.co/image/ab67616d0000b273c9e1e4f8883a380b1905ea5f,,,,matched,https://i.scdn.co/image/ab67616d0000b273c9e1e4f8883a380b1905ea5f,https://open.spotify.com/artist/1hKVCGjW7QQWoCdctMWLrV
"January 16, 2024",ILION,SLIFT,Metal,Independent Artist,"Toulouse, France",Grayson Haver Currin,matched,13eFPkUHYAhYQ7uSSm9It3,https://open.spotify.com/album/13eFPkUHYAhYQ7uSSm9It3,0x9HCT7ZZlOEfLSVCDi5SO,SLIFT,ILION,2024-01-19,day,album,8.0,https://i.scdn.co/image/ab67616d0000b2739c225c975a394c627f75d07b,,,,matched,https://i.scdn.co/image/ab6761610000e5eb657b4ad5316520b9a39cb602,https://open.spotify.com/artist/0x9HCT7ZZlOEfLSVCDi5SO
"January 12, 2024",F_X_M_X_L_Y v2,Various Artists,Electronic,Black Techno Matters,"Washington, D.C.",John Morrison,matched,0LEZKymSBTIfnmaOPEO5Pb,https://open.spotify.com/album/0LEZKymSBTIfnmaOPEO5Pb,0LyfQWJT6nXafLPZqxe9Of,Various Artists,F_X_M_X_L_Y v2,2024-01-12,day,compilation,20.0,https://i.scdn.co/image/ab67616d0000b273bde0bb8e2db8b0977bce7881,,,,matched,https://i.scdn.co/image/ab6761610000e5eb6b134287e3095d2c84b7932a,https://open.spotify.com/artist/0LyfQWJT6nXafLPZqxe9Of
"January 11, 2024",RAT WARS,HEALTH,,Independent Artist,"Los Angeles, California",Saby Reyes-Kulkarni,matched,6tkuHFo0hTGGkWEGjdKOjz,https://open.spotify.com/album/6tkuHFo0hTGGkWEGjdKOjz,6FfjnGXMhxSsJTuGLWBDth,HEALTH,RAT WARS,2023-12-07,day,album,12.0,https://i.scdn.co/image/ab67616d0000b273bef783d554e7e1c4b1486ac3,,,,matched,https://i.scdn.co/image/ab6761610000e5eb5b2bf033db0073228084edb4,https://open.spotify.com/artist/6FfjnGXMhxSsJTuGLWBDth
"January 10, 2024","Bill Frisell, & Herlin Riley, Owl Song",Ambrose Akinmusire,Jazz,Independent Artist,"Berkeley, California",Peter Margasak,no_match,,,,,,,,,,,,,,,,
"January 09, 2024",Palermo,Conway the Machine & Wun Two,Hip-Hop/Rap,wun two,Germany,Dash Lewis,no_match,,,,,,,,,,,,,,,,
"January 08, 2024",Letter to Self,SPRINTS,Punk,Independent Artist,"Dublin, Ireland",Spencer Hughes,matched,1PTPBDLcqveMGkymgIqZoZ,https://open.spotify.com/album/1PTPBDLcqveMGkymgIqZoZ,27nD8P491xX8UzG3j01eIY,SPRINTS,Letter to Self,2024-01-05,day,album,11.0,https://i.scdn.co/image/ab67616d0000b273d3abdd263a314cfcb62e7b29,,,,matched,https://i.scdn.co/image/ab6761610000e5ebc58b55ceabfb9169030ec452,https://open.spotify.com/artist/27nD8P491xX8UzG3j01eIY
"December 01, 2023",Of Shadow and Substance,Lea Bertucci,Experimental,Independent Artist,"New York, New York",Arielle Gordon,no_match,,,,,,,,,,,,,,,,
"November 30, 2023",i​/​o,Peter Gabriel,Rock,Independent Artist,"England, UK",Brad Sanders,matched,2Rr46ynx6lOJnkbF2s9VXB,https://open.spotify.com/album/2Rr46ynx6lOJnkbF2s9VXB,7C4sUpWGlTy7IANjruj02I,Peter Gabriel,i/o,2023-12-01,day,compilation,24.0,https://i.scdn.co/image/ab67616d0000b2733b59552a3ff3cf0a897d894e,,,,matched,https://i.scdn.co/image/ab6761610000e5eb8e88ceb31181a33025007fd1,https://open.spotify.com/artist/7C4sUpWGlTy7IANjruj02I
"November 29, 2023",Albion,Harp,Folk,Independent Artist,North Carolina,Patrick King,matched,3WiW1suHzsswq7fLWoN5z4,https://open.spotify.com/album/3WiW1suHzsswq7fLWoN5z4,3y80fftQVDjecHmMRfwgOU,Harp,Albion,2023-12-01,day,album,12.0,https://i.scdn.co/image/ab67616d0000b2739cc86d3bd6331f1055b09199,,,,matched,https://i.scdn.co/image/ab6761610000e5eb3e48c61a07787de68284219c,https://open.spotify.com/artist/3y80fftQVDjecHmMRfwgOU
"November 28, 2023",Beyond the Midnight Sun,Don Leisure & Amanda Whiting,Jazz,Don Leisure,"Cardiff, UK",Blake Gillespie,no_match,,,,,,,,,,,,,,,,
"November 27, 2023",Illuminated 1989,The Veldt,Alternative,Independent Artist,"Raleigh, North Carolina",John Morrison,no_match,,,,,,,,,,,,,,,,
"November 22, 2023",When The Roses Come Again,Daniel Bachman,Experimental,Independent Artist,"Madison, Virginia",Katie Kurtz,no_match,,,,,,,,,,,,,,,,
"November 21, 2023",Hypnotized,DJ Manny,Electronic,Dj Manny,"Chicago, Illinois",Lewis Gordon,matched,55WvosDdf63tlS27lhHuAh,https://open.spotify.com/album/55WvosDdf63tlS27lhHuAh,5whJkWAzwCYfeetVpUJKn7,DJ Manny,Hypnotized,2023-11-17,day,album,12.0,https://i.scdn.co/image/ab67616d0000b273627fc75fb830f531a404f445,,,,matched,https://i.scdn.co/image/ab6761610000e5ebe06d5a4fe812e219adc74cb1,https://open.spotify.com/artist/5whJkWAzwCYfeetVpUJKn7
"November 20, 2023",Dimanche à Bamako,Bounaly,World,Independent Artist,"Bamako, Mali",Will Ainsley,matched,7tYcbXQreA6ujvtQMFtuz4,https://open.spotify.com/album/7tYcbXQreA6ujvtQMFtuz4,27SjHTyOiOMr4PUAjKC0b6,Bounaly,Dimanche à Bamako,2023-11-17,day,album,6.0,https://i.scdn.co/image/ab67616d0000b27332ebb3dd2aced9f44124e6ab,,,,matched,https://i.scdn.co/image/ab6761610000e5ebaab7e0bbc9f5dd33b7406328,https://open.spotify.com/artist/27SjHTyOiOMr4PUAjKC0b6
"November 17, 2023",Quaranta,Danny Brown,Hip-Hop/Rap,Independent Artist,"Detroit, Michigan",Dash Lewis,matched,2aswMmRN4vXGalI39pDsMb,https://open.spotify.com/album/2aswMmRN4vXGalI39pDsMb,7aA592KWirLsnfb5ulGWvU,Danny Brown,Quaranta,2023-11-17,day,album,11.0,https://i.scdn.co/image/ab67616d0000b273e9dddb75e4b6844ad5f8b4e5,,,,matched,https://i.scdn.co/image/ab6761610000e5eb3ed06c602b351dc33a30f018,https://open.spotify.com/artist/7aA592KWirLsnfb5ulGWvU
"November 16, 2023",Cash Corridos 3,Cash Bently,Latin,Independent Artist,"Los Angeles, California",Maria Barrios,matched,6iWSFTtmdFhvdvJs0lwM2r,https://open.spotify.com/album/6iWSFTtmdFhvdvJs0lwM2r,6yjpnGMq2yiLvJCSIVBwzd,Cash Bently,Cash Corridos 3,2023-11-10,day,album,12.0,https://i.scdn.co/image/ab67616d0000b273a448e4512a50a8130c9855fd,,,,matched,https://i.scdn.co/image/ab6761610000e5eb3dc5a0a69381d6f1f4de0de0,https://open.spotify.com/artist/6yjpnGMq2yiLvJCSIVBwzd
"November 15, 2023",Imagine My Surprise,Roy Werner,Electronic,Independent Artist,"Los Angeles, California",Ted Davis,matched,1SneFuDJwA349JGgvky9H8,https://open.spotify.com/album/1SneFuDJwA349JGgvky9H8,4G73yafMiNaSAAqjfSIVH9,Roy Werner,Imagine My Surprise,2023-11-17,day,album,10.0,https://i.scdn.co/image/ab67616d0000b273b8780a73fa521aec97d69a89,,,,matched,https://i.scdn.co/image/ab6761610000e5eb21ca4f26a3ec180ca5230314,https://open.spotify.com/artist/4G73yafMiNaSAAqjfSIVH9
"November 14, 2023",Nacre,Quade,Experimental,Independent Artist,"Bristol, UK",Ted Davis,matched,1AeV4Xx6W0YVwJDhLfxdnK,https://open.spotify.com/album/1AeV4Xx6W0YVwJDhLfxdnK,3jRUNsEZI2Zb06hF326tBX,Quade,Nacre,2023-11-17,day,album,7.0,https://i.scdn.co/image/ab67616d0000b2738f019bc8f9a14f7fe198c92f,,,,matched,https://i.scdn.co/image/ab6761610000e5ebad822fb2a573186ef6c99770,https://open.spotify.com/artist/3jRUNsEZI2Zb06hF326tBX
"November 13, 2023",Magg Tekki,Assiko Golden Band de Grand Yoff,World,Mississippi Records,"New York, New York",Megan Iacobini de Fazio,matched,0jHhkCOOijoTJ01LvZcjdY,https://open.spotify.com/album/0jHhkCOOijoTJ01LvZcjdY,6WSeOPXOMlKhILrwhQ1KXs,Assiko Golden Band De Grand Yoff,Magg Tekki,2023-11-10,day,album,10.0,https://i.scdn.co/image/ab67616d0000b273de67c1e62cb2f4a57239315f,,,,matched,https://i.scdn.co/image/ab6761610000e5ebbe4c6613c011bf8fd537f190,https://open.spotify.com/artist/6WSeOPXOMlKhILrwhQ1KXs
"November 10, 2023",Integrated Tech Solutions,Aesop Rock,Hip-Hop/Rap,Independent Artist,,Phillip Mlynar,matched,64L1urQKsuPJQMteCZX6pX,https://open.spotify.com/album/64L1urQKsuPJQMteCZX6pX,2fSaE6BXtQy0x7R7v9IOmZ,Aesop Rock,Integrated Tech Solutions,2023-11-10,day,album,18.0,https://i.scdn.co/image/ab67616d0000b2731946b068576319d7cc903adc,,,,matched,https://i.scdn.co/image/ab6761610000e5eb4398e5393ffcb2ed10b8075e,https://open.spotify.com/artist/2fSaE6BXtQy0x7R7v9IOmZ
"November 09, 2023",I was too young to hear silence,Patrick Shiroishi,Experimental,Independent Artist,"Los Angeles, California",James Gui,matched,0dafGYFOuBylwp0nVrh7CH,https://open.spotify.com/album/0dafGYFOuBylwp0nVrh7CH,2lHGXQLY8KwPpuxBRsINR2,Patrick Shiroishi,I Was Too Young To Hear Silence,2023-11-10,day,album,9.0,https://i.scdn.co/image/ab67616d0000b2734f070664466b26255bde156d,,,,matched,https://i.scdn.co/image/ab6761610000e5ebe42f49520e942bbf24ad3841,https://open.spotify.com/artist/2lHGXQLY8KwPpuxBRsINR2
"November 08, 2023",Whiplash,Asha Sheshadri,Experimental,Recital,"Glendale, California",Will Ainsley,matched,3Z5dn97NvbRgDUj7qygDsX,https://open.spotify.com/album/3Z5dn97NvbRgDUj7qygDsX,4tU3mZEQpsd5c1kEmAeU3D,Asha Sheshadri,Whiplash,2023-11-10,day,album,9.0,https://i.scdn.co/image/ab67616d0000b273b717d24a35e94c5e181731fb,,,,matched,https://i.scdn.co/image/ab67616d0000b273b717d24a35e94c5e181731fb,https://open.spotify.com/artist/4tU3mZEQpsd5c1kEmAeU3D
"November 07, 2023",Diagnosis,Sen Morimoto,Alternative,Independent Artist,"Chicago, Illinois",Spencer Hughes,matched,5fHr8JbVLdLHNJa91q9EUd,https://open.spotify.com/album/5fHr8JbVLdLHNJa91q9EUd,3zlWvRPwLwGSi2v6ltrhOl,Sen Morimoto,Diagnosis,2023-11-03,day,album,13.0,https://i.scdn.co/image/ab67616d0000b273367969556e3c27996892cfe5,,,,matched,https://i.scdn.co/image/ab6761610000e5ebb8f5770bf8172517ed62aa5a,https://open.spotify.com/artist/3zlWvRPwLwGSi2v6ltrhOl
"November 06, 2023",The Comeback Kid,Marnie Stern,Rock,Independent Artist,"New York, New York",Andrew Parks,matched,01N4unxNczwSNsrHDFMIg2,https://open.spotify.com/album/01N4unxNczwSNsrHDFMIg2,7CHNUgkepqsMm9tYnwtVDt,Marnie Stern,The Comeback Kid,2023-11-03,day,album,12.0,https://i.scdn.co/image/ab67616d0000b2734f64d401525284a676b2f35e,,,,matched,https://i.scdn.co/image/ab6761610000e5ebf32d820213642502937b18ce,https://open.spotify.com/artist/7CHNUgkepqsMm9tYnwtVDt
"November 03, 2023",Access To The Lonely,Rid of Me,Rock,Rid Of Me,"Philadelphia, Pennsylvania",Brad Cohan,no_match,,,,,,,,,,,,,,,,
"November 02, 2023",Strata,El Búho,Electronic,Independent Artist,"Toulouse, France",Richard Villegas,matched,51yOcD8pr3bLVy6oxBroXN,https://open.spotify.com/album/51yOcD8pr3bLVy6oxBroXN,1I7FVmvisCtSFzmm87mbLR,El Búho,Strata,2023-11-03,day,album,9.0,https://i.scdn.co/image/ab67616d0000b27326ca508ea1e6c358992f390a,,,,matched,https://i.scdn.co/image/ab6761610000e5ebf49a914f44abb00910c99cca,https://open.spotify.com/artist/1I7FVmvisCtSFzmm87mbLR
"November 01, 2023",LXXXVIII,Actress,Electronic,Independent Artist,"London, UK",Joe Muggs,matched,4jMtRqpTc30H2oEPDbnKC4,https://open.spotify.com/album/4jMtRqpTc30H2oEPDbnKC4,3bg5rmICvmA8dmYVAdKGYH,Actress,LXXXVIII,2023-11-03,day,album,13.0,https://i.scdn.co/image/ab67616d0000b273989e0b71fad7f7b27a1c7dcd,,,,matched,https://i.scdn.co/image/ab6761610000e5ebeec80df8b1890acd38a9f357,https://open.spotify.com/artist/3bg5rmICvmA8dmYVAdKGYH
"October 31, 2023",Hard Light,Drop Nineteens,Alternative,Independent Artist,"Boston, Massachusetts",Jesse Locke,matched,3GzUPre1YjcoEjvV3cv6kB,https://open.spotify.com/album/3GzUPre1YjcoEjvV3cv6kB,1s5mUpjVtK0XAScRqlErSE,Drop Nineteens,Hard Light,2023-11-03,day,album,11.0,https://i.scdn.co/image/ab67616d0000b27396ac58dd7b9164cab1f9e0ad,,,,matched,https://i.scdn.co/image/ab6761610000e5eb03d4ebe16e781d87e6e7ca0b,https://open.spotify.com/artist/1s5mUpjVtK0XAScRqlErSE
"October 30, 2023",KUANTALAENG,Pisitakun,Electronic,CHINABOT,"London, UK",James Gui,matched,0QWfuLsJFLyoBpWPjYs4c5,https://open.spotify.com/album/0QWfuLsJFLyoBpWPjYs4c5,6p4iVlfFI2sIYlxmoPynVE,Pisitakun,KUANTALAENG,2023-11-01,day,album,8.0,https://i.scdn.co/image/ab67616d0000b2735babb74c18a30af8fb4ac0c9,,,,matched,https://i.scdn.co/image/ab67616d0000b27332e59e2859624d30e8335af4,https://open.spotify.com/artist/6p4iVlfFI2sIYlxmoPynVE
"October 27, 2023",Mehmet Aslan Presents ‘Senza Decoro: Liebe + Anarchia/Switzerland 1980​-​1990’,Various Artists,Alternative,Strut,"London, UK",Shy Clara Thompson,no_match,,,,,,,,,,,,,,,,
"October 26, 2023",Half Eaten By Dogs,The Serfs,Rock,Independent Artist,"Cincinnati, Ohio",Will Ainsley,matched,5Idbd6ZQJUtjEGzU37ss0T,https://open.spotify.com/album/5Idbd6ZQJUtjEGzU37ss0T,4hGBPA9OiMmKdflu3mJO8o,The Serfs,Half Eaten By Dogs,2023-10-27,day,album,10.0,https://i.scdn.co/image/ab67616d0000b27306a6aa58c073b57d33216f9b,,,,matched,https://i.scdn.co/image/ab6761610000e5ebb9ee273ccebaeb8ff3e11437,https://open.spotify.com/artist/4hGBPA9OiMmKdflu3mJO8o
"October 25, 2023",Robed In Rareness,Shabazz Palaces,Hip-Hop/Rap,Independent Artist,"Seattle, Washington",Phillip Mlynar,matched,2ayrWnruBeS1vI4fPawoNk,https://open.spotify.com/album/2ayrWnruBeS1vI4fPawoNk,6C403AR4y6PjN0xNNGh42m,Shabazz Palaces,Robed in Rareness,2023-10-27,day,album,7.0,https://i.scdn.co/image/ab67616d0000b273c98af3b02c1e9f27924a3b6e,,,,matched,https://i.scdn.co/image/ab6761610000e5eb3533ae416f92932247cc67dd,https://open.spotify.com/artist/6C403AR4y6PjN0xNNGh42m
"October 24, 2023",Welcome To Hell,Joseph Shabason,Jazz,Independent Artist,"Toronto, Ontario",Jared Proudfoot,matched,6CX2ZlLVDePdI6CBHrWUEs,https://open.spotify.com/album/6CX2ZlLVDePdI6CBHrWUEs,7xoTSPGUr9u8FWR4G8AWoS,Joseph Shabason,Welcome to Hell,2023-10-20,day,album,10.0,https://i.scdn.co/image/ab67616d0000b2737224a7c480e7a6245949cd68,,,,matched,https://i.scdn.co/image/ab6772690000c46c0b87b6812105e32b02b53f2e,https://open.spotify.com/artist/7xoTSPGUr9u8FWR4G8AWoS
"October 23, 2023",Fourth Album,Markus Floats,Electronic,Independent Artist,,Jesse Locke,matched,3tByAKxYGMen0sXtjbxbPX,https://open.spotify.com/album/3tByAKxYGMen0sXtjbxbPX,4pK3XAPHEKPWwwEGpqwP1Z,Markus Floats,Fourth Album,2023-10-20,day,album,12.0,https://i.scdn.co/image/ab67616d0000b2731bf3886f44816f072aaed9d4,,,,matched,https://i.scdn.co/image/ab6761610000e5eb97a967aa12f13a5006fcb83c,https://open.spotify.com/artist/4pK3XAPHEKPWwwEGpqwP1Z
"October 20, 2023",Death is Home,Aïsha Devi,Electronic,Aisha Devi,Switzerland,Joe Muggs,matched,21YilFbUeimMwA8bK50VD9,https://open.spotify.com/album/21YilFbUeimMwA8bK50VD9,4RtrEYqj2bINZ2HXWUG3j4,Aïsha Devi,Death Is Home,2023-11-10,day,album,10.0,https://i.scdn.co/image/ab67616d0000b273517dae3b5e402c86d6c60646,,,,matched,https://i.scdn.co/image/ab6761610000e5eb3c6ab8b8e86ebc5f20902ccd,https://open.spotify.com/artist/4RtrEYqj2bINZ2HXWUG3j4
"October 19, 2023",Spike Field,Maria BC,Experimental,Independent Artist,,Maria Barrios,matched,3FDF939z2WYQtXCh8OlE3L,https://open.spotify.com/album/3FDF939z2WYQtXCh8OlE3L,1GRdVyqsikMsJrvHskjwry,Maria BC,Spike Field,2023-10-20,day,album,12.0,https://i.scdn.co/image/ab67616d0000b273ff2d38dcd21bf9b3e0f26776,,,,matched,https://i.scdn.co/image/ab6761610000e5ebc7e88b4a7d32fcb1076dc850,https://open.spotify.com/artist/1GRdVyqsikMsJrvHskjwry
"October 18, 2023",I Killed Your Dog,L’Rain,Experimental,L&#39;Rain,"Brooklyn, New York",Ann-Derrick Gaillot,no_match,,,,,,,,,,,,,,,,
"October 17, 2023",Sound of Blue,White Poppy,Alternative,Independent Artist,,April Clare Welsh,matched,1dgW3tzdSPIUIo4uPBsEF1,https://open.spotify.com/album/1dgW3tzdSPIUIo4uPBsEF1,65BcicEkX7VQAJ1Cl9fgxM,White Poppy,Sound of Blue,2023-10-06,day,album,9.0,https://i.scdn.co/image/ab67616d0000b273ec60ee7995c48e2fc1274242,,,,matched,https://i.scdn.co/image/ab6761610000e5ebc7ef7c59f68cbf35a6873af3,https://open.spotify.com/artist/65BcicEkX7VQAJ1Cl9fgxM
"October 16, 2023",A Stranger That You Met Before,A Day Without Love,Alternative,Independent Artist,"Boston, Massachusetts",John Morrison,matched,6imgl29tJGnbdrjnj3f5Sp,https://open.spotify.com/album/6imgl29tJGnbdrjnj3f5Sp,09JoYdZo9cekYMqyN1bsGD,A Day Without Love,A Stranger That You Met Before,2023-10-13,day,album,15.0,https://i.scdn.co/image/ab67616d0000b27304964fdadd58f5a6da58e62c,,,,matched,https://i.scdn.co/image/ab6761610000e5eb72bc53e2a78acd98a31030f5,https://open.spotify.com/artist/09JoYdZo9cekYMqyN1bsGD
"October 13, 2023",Water Made Us,Jamila Woods,R&amp;B/Soul,Independent Artist,"Chicago, Illinois",John Morrison,matched,5L24axiCil1SiY0kHV4S2T,https://open.spotify.com/album/5L24axiCil1SiY0kHV4S2T,4UodukR17NIQfNu5uaqm9B,Jamila Woods,Water Made Us,2023-10-13,day,album,17.0,https://i.scdn.co/image/ab67616d0000b273f1f3565be61026105af4d05e,,,,matched,https://i.scdn.co/image/ab6761610000e5eb56fa3ca08b34ab710c18cde1,https://open.spotify.com/artist/4UodukR17NIQfNu5uaqm9B
"October 12, 2023",The Father of Libyan Reggae,Ibrahim Hesnawi,Reggae,Habibi Funk Records,"Berlin, Germany",Maria Barrios,matched,622AyQhhpX9DQzJI9lt3rl,https://open.spotify.com/album/622AyQhhpX9DQzJI9lt3rl,6tPa6NxEdaNHWKupImT46F,Ibrahim Hesnawi,The Father of Libyan Reggae (Habibi Funk 024),2023-10-06,day,album,9.0,https://i.scdn.co/image/ab67616d0000b27316f759fcb4372bff7f146652,,,,matched,https://i.scdn.co/image/ab6761610000e5ebda6c48f546eac77e619e9d68,https://open.spotify.com/artist/6tPa6NxEdaNHWKupImT46F
"October 11, 2023",Errors,Capra,,CAPRA,"Lafayette, Louisiana",Saby Reyes-Kulkarni,matched,3fCRAPxbNpZP9qzDXiblCI,https://open.spotify.com/album/3fCRAPxbNpZP9qzDXiblCI,4jfu3bxtFywqyCRuTcsve4,Capra,Errors,2023-10-06,day,album,10.0,https://i.scdn.co/image/ab67616d0000b273984d90dfee79966f1b934c11,,,,matched,https://i.scdn.co/image/ab6761610000e5eb8589af8b20b48cc9a92825cb,https://open.spotify.com/artist/4jfu3bxtFywqyCRuTcsve4
"October 10, 2023",Buy This Now!,Uni Boys,Rock,Independent Artist,"Los Angeles, California",Jude Noel,matched,7BzChig5Ob1y2gcL6v3Ric,https://open.spotify.com/album/7BzChig5Ob1y2gcL6v3Ric,1xsSuFDTwn49CqWKpHF6HQ,Uni Boys,Buy This Now!,2023-10-13,day,album,12.0,https://i.scdn.co/image/ab67616d0000b2738e5af7cd9825b77f65858474,,,,matched,https://i.scdn.co/image/ab6761610000e5ebe2f0885f5e1ba33e126a52c4,https://open.spotify.com/artist/1xsSuFDTwn49CqWKpHF6HQ
"October 09, 2023",Afternoon X,Vanishing Twin,Alternative,Independent Artist,"London, UK",Will Ainsley,matched,6yUptnHXA1lRp48hWzXsUl,https://open.spotify.com/album/6yUptnHXA1lRp48hWzXsUl,4idG41ELGGRKuiHLc3VLc5,Vanishing Twin,Afternoon X,2023-10-06,day,album,8.0,https://i.scdn.co/image/ab67616d0000b273e3597e15a6d85bff8e60713d,,,,matched,https://i.scdn.co/image/ab6761610000e5eb3547a450b031bbca01d1b1b0,https://open.spotify.com/artist/4idG41ELGGRKuiHLc3VLc5
"October 05, 2023",Golden Apples of the Sun,Suzanne Ciani & Jonathan Fitoussi,Electronic,Transversales Disques,"Paris, France",Ted Davis,no_match,,,,,,,,,,,,,,,,
"October 04, 2023",Perfect Picture,Hannah Diamond,Pop,Independent Artist,"London, UK",April Clare Welsh,matched,1ChwZuPoRvA8Z5uprRsO2P,https://open.spotify.com/album/1ChwZuPoRvA8Z5uprRsO2P,3sXErEOw7EmO6Sj7EgjHdU,Hannah Diamond,Perfect Picture,2023-10-06,day,album,12.0,https://i.scdn.co/image/ab67616d0000b273cdadd1b7d10dce136854e8be,,,,matched,https://i.scdn.co/image/ab6761610000e5eb5942210e435aea99f6be681e,https://open.spotify.com/artist/3sXErEOw7EmO6Sj7EgjHdU
"October 03, 2023",Javelin,Sufjan Stevens,Alternative,Independent Artist,"New York, New York",Elle Carroll,matched,2KqSL3vLfyVO7rrZJL9tUs,https://open.spotify.com/album/2KqSL3vLfyVO7rrZJL9tUs,4MXUO7sVCaFgFjoTI5ox5c,Sufjan Stevens,Javelin,2023-10-06,day,album,10.0,https://i.scdn.co/image/ab67616d0000b27332a8498ea892ccd4fcf3f6cf,,,,matched,https://i.scdn.co/image/ab6761610000e5ebe70700c1329d2f26971c3914,https://open.spotify.com/artist/4MXUO7sVCaFgFjoTI5ox5c
"September 29, 2023",Dissolution Grip,KMRU,Ambient,Independent Artist,"Nairobi, Kenya",Eli Schoop,matched,5KJ6knuB1IVgxIsYTNX6dd,https://open.spotify.com/album/5KJ6knuB1IVgxIsYTNX6dd,5blZUSGq0z7HhuSldSXV3a,KMRU,Dissolution Grip,2023-09-29,day,album,3.0,https://i.scdn.co/image/ab67616d0000b273eeab5be46822e747fb914a2e,,,,matched,https://i.scdn.co/image/ab6761610000e5eb7c61e9840d75ab0899633666,https://open.spotify.com/artist/5blZUSGq0z7HhuSldSXV3a
"September 29, 2023",Tender,zzzahara,,Independent Artist,"Los Angeles, California",Elle Carroll,matched,46PzRhIkx2y6EUkd7YFnFl,https://open.spotify.com/album/46PzRhIkx2y6EUkd7YFnFl,26j38hvhD7PjC0a4EqdaSn,zzzahara,Tender,2023-09-22,day,album,10.0,https://i.scdn.co/image/ab67616d0000b273d9f65261b6514f1ea5cf6cbb,,,,matched,https://i.scdn.co/image/ab6761610000e5eb8400a2bd8fededc0331ad386,https://open.spotify.com/artist/26j38hvhD7PjC0a4EqdaSn
"September 28, 2023",Find Out,Filth Is Eternal,Punk,Filth is Eternal,"Seattle, Washington",Brad Sanders,matched,7LWzYlSZrZywjVQndLDjUS,https://open.spotify.com/album/7LWzYlSZrZywjVQndLDjUS,0BqcFG3uqS8l59OsCtIiH0,Filth is Eternal,Find Out,2023-09-29,day,album,14.0,https://i.scdn.co/image/ab67616d0000b273a8d02731cc74560015214111,,,,matched,https://i.scdn.co/image/ab6761610000e5eb4a739b12233f654c1fcf39d1,https://open.spotify.com/artist/0BqcFG3uqS8l59OsCtIiH0
"September 27, 2023",We Buy Diabetic Test Strips,Armand Hammer,Hip-Hop/Rap,Independent Artist,New York,Dash Lewis,matched,74vN8W3NHvyM69AnrL5Arp,https://open.spotify.com/album/74vN8W3NHvyM69AnrL5Arp,3SCI7sXHUZIeDKMWC5NT9C,"Armand Hammer, billy woods, E L U C I D",We Buy Diabetic Test Strips,2024-02-27,day,album,16.0,https://i.scdn.co/image/ab67616d0000b273e1d0067ee82182b2264c3783,,,,matched,https://i.scdn.co/image/ab6761610000e5eb36540146e6771f3508d8032a,https://open.spotify.com/artist/3SCI7sXHUZIeDKMWC5NT9C
"September 26, 2023",Sit Down For Dinner,Blonde Redhead,Alternative,Independent Artist,"New York, New York",Elle Carroll,matched,3gsfmWwzdFZSJUC4L5zrEw,https://open.spotify.com/album/3gsfmWwzdFZSJUC4L5zrEw,5isqImG0rLfAgBJSPMEVXF,Blonde Redhead,Sit Down for Dinner,2023-09-29,day,album,11.0,https://i.scdn.co/image/ab67616d0000b273856eb96d591b7b4ead22a4e7,,,,matched,https://i.scdn.co/image/ab6761610000e5eb6f63ec3b0dd0c229ed8459a9,https://open.spotify.com/artist/5isqImG0rLfAgBJSPMEVXF
"September 25, 2023",The Enduring Spirit,Tomb Mold,Metal,20 Buck Spin,"Pittsburgh, Pennsylvania",Ben Salmon,matched,27vpwk5EXUilPRY06umtHv,https://open.spotify.com/album/27vpwk5EXUilPRY06umtHv,1zFGR4NaBbCDBGwifPKGfM,Tomb Mold,The Enduring Spirit,2023-09-15,day,album,7.0,https://i.scdn.co/image/ab67616d0000b2738741191cc40dc87ffdde6288,,,,matched,https://i.scdn.co/image/ab67616d0000b273aa257ff5813873ffe87ec4f9,https://open.spotify.com/artist/1zFGR4NaBbCDBGwifPKGfM
"September 22, 2023",Gentle Confrontation,Loraine James,,Independent Artist,"London, UK",John Morrison,matched,6t8EEPPBUhJiYucv3zsIKx,https://open.spotify.com/album/6t8EEPPBUhJiYucv3zsIKx,536qHynzDH1QviwhWY9dE3,Loraine James,Gentle Confrontation,2023-09-22,day,album,16.0,https://i.scdn.co/image/ab67616d0000b273ceb2b7a878b3c346aa1e6cd5,,,,matched,https://i.scdn.co/image/ab6761610000e5eb404b3e80d99a4ba201cd889e,https://open.spotify.com/artist/536qHynzDH1QviwhWY9dE3
"September 21, 2023",Sorry I Haven’t Called,Vagabon,,Independent Artist,"New York, New York",Ann-Derrick Gaillot,no_match,,,,,,,,,,,,,,,,
"September 20, 2023",No Ordinary Crown,Will Johnson,Folk,Independent Artist,"Austin, Texas",Josh Feola,matched,00bWfP8ZnnLbpvSCEc7ItO,https://open.spotify.com/album/00bWfP8ZnnLbpvSCEc7ItO,0GkLlslI4LMVTTuUkyQp57,Will Johnson,No Ordinary Crown,2023-09-15,day,album,10.0,https://i.scdn.co/image/ab67616d0000b27399f9e01d0a6a3e3b63bf03ea,,,,matched,https://i.scdn.co/image/ab6772690000c46ce45499f8d4ea9f7930010785,https://open.spotify.com/artist/0GkLlslI4LMVTTuUkyQp57
"September 19, 2023",Circus Underwater,Circus Underwater,Electronic,Soundway Records,UK,Will Ainsley,matched,6YchcDMpRksUZoA0F3KU6q,https://open.spotify.com/album/6YchcDMpRksUZoA0F3KU6q,6hWyDvqELzRc5bwYWFD9qO,Circus Underwater,Circus Underwater,2023-09-15,day,album,13.0,https://i.scdn.co/image/ab67616d0000b273e602dc62340cf1f53011ce72,,,,matched,https://i.scdn.co/image/ab67616d0000b273e602dc62340cf1f53011ce72,https://open.spotify.com/artist/6hWyDvqELzRc5bwYWFD9qO
"September 18, 2023",Powders,Eartheater,Alternative,Independent Artist,"Queens, New York",Andrew Parks,matched,3zjvJv9tqkQ5kdX9pOpT6U,https://open.spotify.com/album/3zjvJv9tqkQ5kdX9pOpT6U,18ca9d5EU5R1AhVKPR1cm0,Eartheater,Powders,2023-09-20,day,album,9.0,https://i.scdn.co/image/ab67616d0000b2736c22b071b85b6599997b7bb6,,,,matched,https://i.scdn.co/image/ab6761610000e5eb8c370bf15ef44b7227381ac3,https://open.spotify.com/artist/18ca9d5EU5R1AhVKPR1cm0
"September 15, 2023",All Around You,Subsonic Eye,Alternative,Independent Artist,Singapore,Will Ainsley,matched,0V1dIAje2IVpyBQp6byOwi,https://open.spotify.com/album/0V1dIAje2IVpyBQp6byOwi,6nRhwtv2bwuDvPijPCjcie,Subsonic Eye,All Around You,2023-09-13,day,album,10.0,https://i.scdn.co/image/ab67616d0000b2733ecaf4508b999928f2310e2d,,,,matched,https://i.scdn.co/image/ab6761610000e5eb8780bf2fea93beb9c1496b79,https://open.spotify.com/artist/6nRhwtv2bwuDvPijPCjcie
"September 14, 2023","¡Con Piano, Sublime!: Early Recordings from the Caribbean 1907​-​1921",Various Artists,World,Magnificent Sounds Records,"Buffalo, New York",Shy Clara Thompson,no_match,,,,,,,,,,,,,,,,
"September 13, 2023",Buddy’s Magic Toy Box,Mega Ran,Hip-Hop/Rap,Independent Artist,"Phoenix, Arizona",Casey Jarman,no_match,,,,,,,,,,,,,,,,
"September 12, 2023",DEATH AWAITS,Blind Equation,Metal,Independent Artist,"Chicago, Illinois",Colin Williams,matched,35VF7WrrpbK6IbUpeVsurN,https://open.spotify.com/album/35VF7WrrpbK6IbUpeVsurN,0tPLXpO9Br4cvdm2EF8lWS,Blind Equation,DEATH AWAITS,2023-09-15,day,album,10.0,https://i.scdn.co/image/ab67616d0000b27360c648ecddf8adb4c3327066,,,,matched,https://i.scdn.co/image/ab6761610000e5ebe543d4fe7728bca6381387a5,https://open.spotify.com/artist/0tPLXpO9Br4cvdm2EF8lWS
"September 11, 2023",Techxodus,Speaker Music,Electronic,Independent Artist,,John Morrison,matched,5dnnPG3uXELIZ6a09Z79Tv,https://open.spotify.com/album/5dnnPG3uXELIZ6a09Z79Tv,1H0aWZUg7aOHQmo5h09xso,Speaker Music,Techxodus,2023-09-08,day,album,9.0,https://i.scdn.co/image/ab67616d0000b273096a89f5b9bf59b6a6f1f547,,,,matched,https://i.scdn.co/image/ab6761610000e5eb104b7c29033e9a67b8b43e5c,https://open.spotify.com/artist/1H0aWZUg7aOHQmo5h09xso
"September 08, 2023",66689 BLVD Prequel,Kipp Stone,,Independent Artist,"Cleveland, Ohio",John Morrison,matched,3wUw6sLHN6Y4WMYMU6ZoCZ,https://open.spotify.com/album/3wUw6sLHN6Y4WMYMU6ZoCZ,3KSsoLvVR3TTJpzRReIs3X,Kipp Stone,66689 BLVD Prequel,2023-09-15,day,album,10.0,https://i.scdn.co/image/ab67616d0000b273cfcad9c2a20032b3cb714566,,,,matched,https://i.scdn.co/image/ab6761610000e5eb01657b623c6b0ae9fe80d5ec,https://open.spotify.com/artist/3KSsoLvVR3TTJpzRReIs3X
"September 07, 2023",Careful!,Deeper,Punk,Independent Artist,"Chicago, Illinois",Will Ainsley,matched,4y7SBeyt5aznj46pLCxddm,https://open.spotify.com/album/4y7SBeyt5aznj46pLCxddm,2OdkcNnvSRbVRcziM3OK2S,Deeper,Careful!,2023-09-08,day,album,13.0,https://i.scdn.co/image/ab67616d0000b2738aa56c2134973bf2a2591a6d,,,,matched,https://i.scdn.co/image/ab6761610000e5ebcd5da4192712fbae87fc16a1,https://open.spotify.com/artist/2OdkcNnvSRbVRcziM3OK2S
"September 06, 2023","Private Recordings, August 1970",Sylvester,Devotional,Independent Artist,"San Francisco, California",Niko Stratis,matched,5YLu92PsoPcTz37PLjtuXK,https://open.spotify.com/album/5YLu92PsoPcTz37PLjtuXK,5TGTpu4g8siFOIctZuQO7y,Sylvester,"Private Recordings, August 1970",2023-09-06,day,album,9.0,https://i.scdn.co/image/ab67616d0000b27309f628fc0e17ede2fd9a5e81,,,,matched,https://i.scdn.co/image/ab6761610000e5eb224edfd4e7b8101c4d217134,https://open.spotify.com/artist/5TGTpu4g8siFOIctZuQO7y
"September 05, 2023",Come Around And Love Me,Jalen Ngonda,,Independent Artist,"London, UK",John Morrison,matched,7Fy0ZdCb6q5RC0J6y0PN8t,https://open.spotify.com/album/7Fy0ZdCb6q5RC0J6y0PN8t,2kEDso93O2hDgCbnuiSkkZ,Jalen Ngonda,Come Around And Love Me,2023-06-29,day,single,3.0,https://i.scdn.co/image/ab67616d0000b273012d8d1e3d65b29962039aa8,,,,matched,https://i.scdn.co/image/ab6761610000e5eb42b3620fa149f037543ceacd,https://open.spotify.com/artist/2kEDso93O2hDgCbnuiSkkZ
"September 01, 2023",HELLMODE,Jeff Rosenstock,Rock,Independent Artist,New York,Arielle Gordon,matched,7Gw4NIOgnylpbryrOJksn9,https://open.spotify.com/album/7Gw4NIOgnylpbryrOJksn9,0wNZvrIMNUCs24G0wFg2D6,Jeff Rosenstock,HELLMODE,2023-08-31,day,album,11.0,https://i.scdn.co/image/ab67616d0000b27362d8e5c46ef0809534e687a6,,,,matched,https://i.scdn.co/image/ab6761610000e5ebf8d7a27045c5a56b817e7421,https://open.spotify.com/artist/0wNZvrIMNUCs24G0wFg2D6
"August 31, 2023",SUM,위댄스 (Wedance),Pop,Independent Artist,"Seoul, South Korea",James Gui,matched,7vVvr1XSdm4D0YKF7krPvf,https://open.spotify.com/album/7vVvr1XSdm4D0YKF7krPvf,70GGUtoiE6D1EAgpsbntuG,위댄스 Wedance,SUM,2023-07-13,day,single,1.0,https://i.scdn.co/image/ab67616d0000b273c640882aea1856cec88d47ca,,,,matched,https://i.scdn.co/image/ab6761610000e5ebca2023476899789d50a971f6,https://open.spotify.com/artist/70GGUtoiE6D1EAgpsbntuG
"August 30, 2023",Poppa Zesque,Josh Caffe,,Independent Artist,"London, UK",John Morrison,matched,6EW1u8G8ZAMKgDYrLVAEpg,https://open.spotify.com/album/6EW1u8G8ZAMKgDYrLVAEpg,3JOct1LuzqDQHeCHuHjpM2,Josh Caffé,Poppa Zesque,2023-09-08,day,album,11.0,https://i.scdn.co/image/ab67616d0000b2734dc79f17f0298dabc1822947,,,,matched,https://i.scdn.co/image/ab6761610000e5eb7443f8df224c8c66781e86ba,https://open.spotify.com/artist/3JOct1LuzqDQHeCHuHjpM2
"August 29, 2023",Perceptions,Jamma-Dee,Funk,Independent Artist,"Los Angeles, California",John Morrison,matched,72Owrtk5GPHED4sMrcDhdA,https://open.spotify.com/album/72Owrtk5GPHED4sMrcDhdA,2qIdgfyoBJ60s1O55LOmiH,Jamma-Dee,Perceptions,2023-09-05,day,album,15.0,https://i.scdn.co/image/ab67616d0000b2737045d97b1d7c9fe3d16c7744,,,,matched,https://i.scdn.co/image/ab67616d0000b273489c0a602eb475c908cab551,https://open.spotify.com/artist/2qIdgfyoBJ60s1O55LOmiH
"August 28, 2023",I Will Make A Baby In This Damn Economy,Fat Tony and Taydex,Hip-Hop/Rap,Fat Tony,"Houston, Texas",Dash Lewis,no_match,,,,,,,,,,,,,,,,
"August 25, 2023",Songs for Children,Mr. Greg & Cass McCombs,Kids,Mr. Greg &amp; Cass McCombs,"San Francisco, California",Maria Barrios,no_match,,,,,,,,,,,,,,,,
"August 24, 2023",Blackity Black Black is Beautiful,Fay Victor,Jazz,Independent Artist,"Brooklyn, New York",John Morrison,matched,405nvTmgrNIUsyUM2cY2Lw,https://open.spotify.com/album/405nvTmgrNIUsyUM2cY2Lw,1accqTJkw5p0YV3jodn3qr,Fay Victor,Blackity Black Black Is Beautiful,2023-08-25,day,album,9.0,https://i.scdn.co/image/ab67616d0000b27342fd7373dd2729a722a70b87,,,,matched,https://i.scdn.co/image/ab6761610000e5eb9aa0c85c31257fa70e5f9b90,https://open.spotify.com/artist/1accqTJkw5p0YV3jodn3qr
"August 23, 2023",Away Back In,Raw Poetic Feat. Damu the Fudgemunk,Hip-Hop/Rap,Damu The Fudgemunk,"Washington, D.C.",John Morrison,no_match,,,,,,,,,,,,,,,,
"August 22, 2023",Yonder,Dabda / 다브다,Rock,Independent Artist,"Seoul, South Korea",Jesse Locke,no_match,,,,,,,,,,,,,,,,
"August 21, 2023",SPELLLING & the Mystery School,SPELLLING,Experimental,Independent Artist,"Oakland, California",Richard Villegas,matched,0d698aE88j1wf4cbEIL0NM,https://open.spotify.com/album/0d698aE88j1wf4cbEIL0NM,7rlAAAiWScpsT1hmgURAmh,SPELLLING,SPELLLING & The Mystery School,2023-08-25,day,album,11.0,https://i.scdn.co/image/ab67616d0000b2738919727abfbaf0cbf01a2885,,,,matched,https://i.scdn.co/image/ab6761610000e5eba12c0b0e81e459e426cfd52c,https://open.spotify.com/artist/7rlAAAiWScpsT1hmgURAmh
"August 18, 2023",Festering Grotesqueries,Dripping Decay,Metal,Independent Artist,"Portland, Oregon",Saby Reyes-Kulkarni,matched,2KFGc31qNQw9pSqF00fVNP,https://open.spotify.com/album/2KFGc31qNQw9pSqF00fVNP,5D7UJcHPKqPJbFEQDflK85,Dripping Decay,Festering Grotesqueries,2023-08-18,day,album,14.0,https://i.scdn.co/image/ab67616d0000b2734fcb63224dddb439e0d3cb02,,,,matched,https://i.scdn.co/image/ab67616d0000b2734fcb63224dddb439e0d3cb02,https://open.spotify.com/artist/5D7UJcHPKqPJbFEQDflK85
"August 17, 2023",Homo Anxietatem,Shamir,,Independent Artist,"Philadelphia, Pennsylvania",Ann-Derrick Gaillot,matched,251HBDHJ3Mr9XFucQNSYpQ,https://open.spotify.com/album/251HBDHJ3Mr9XFucQNSYpQ,7JgXEHI1oEiQICAMeCsKTj,Shamir,Homo Anxietatem,2023-08-18,day,album,11.0,https://i.scdn.co/image/ab67616d0000b2739d23fc769ca53c84ebfae768,,,,matched,https://i.scdn.co/image/ab6761610000e5ebef064fa741ce235b6b53b248,https://open.spotify.com/artist/7JgXEHI1oEiQICAMeCsKTj
"August 16, 2023",Crazy Trip,Tomu DJ,,Independent Artist,,Andra Nikolayi,matched,2D7N8UYjBa2IGcM5TK3cpr,https://open.spotify.com/album/2D7N8UYjBa2IGcM5TK3cpr,3IkZulWyXacENlNykgnmwh,Tomu DJ,Crazy Trip,2023-08-11,day,album,7.0,https://i.scdn.co/image/ab67616d0000b2731cf4a7e16bd114d3e44a463b,,,,matched,https://i.scdn.co/image/ab6761610000e5ebf0d207606c3af2b6216946fc,https://open.spotify.com/artist/3IkZulWyXacENlNykgnmwh
"August 15, 2023",Resolve,Arnold Dreyblatt and the Orchestra of Excited Strings,Classical,adlabels,"Berlin, Germany",Marc Masters,no_match,,,,,,,,,,,,,,,,
"August 14, 2023",The Katechon and the Unending Fire,Pyrkagion,Metal,PYRKAGION,,Colin Williams,matched,74XupOdnpKSDif3eoL5M50,https://open.spotify.com/album/74XupOdnpKSDif3eoL5M50,2VUSKQ6XWfBri5NHKNXlIj,Pyrkagion,The Katechon and the Unending Fire,2023-08-18,day,single,2.0,https://i.scdn.co/image/ab67616d0000b27361838cc31ea73e7193646067,,,,matched,https://i.scdn.co/image/ab67616d0000b27361838cc31ea73e7193646067,https://open.spotify.com/artist/2VUSKQ6XWfBri5NHKNXlIj
"August 11, 2023",We’ll Hide Away: Complete Recordings 1993​-​1995,Grain,Punk,Independent Artist,"Cleveland, Ohio",Brad Cohan,no_match,,,,,,,,,,,,,,,,
"August 10, 2023",DJs Di Guetto,DJs Di Guetto,Electronic,Príncipe,"Lisbon, Portugal",Eli Schoop,matched,0JePTRlRhHFNmgONLq6D9x,https://open.spotify.com/album/0JePTRlRhHFNmgONLq6D9x,1tju2wJHQhhsFORnF2PZdI,DJs Di Guetto,DJs Di Guetto II,2026-03-06,day,album,9.0,https://i.scdn.co/image/ab67616d0000b2732aa38bc871bfd4f2843550f0,,,,matched,https://i.scdn.co/image/ab67616d0000b2732aa38bc871bfd4f2843550f0,https://open.spotify.com/artist/1tju2wJHQhhsFORnF2PZdI
"August 09, 2023",Non-Stop Healing Frequency,Ruth Mascelli,Experimental,Independent Artist,New York,Marc Masters,matched,7aMe7WxRvY40nq5awKViEg,https://open.spotify.com/album/7aMe7WxRvY40nq5awKViEg,6wPVVMuhVWvJFrfBoiX0Zr,Ruth Mascelli,Non-Stop Healing Frequency,2023-07-28,day,album,11.0,https://i.scdn.co/image/ab67616d0000b273909b4b152eefa4b068bea0c4,,,,matched,https://i.scdn.co/image/ab6761610000e5ebb5111cf4776420f2c6c9075b,https://open.spotify.com/artist/6wPVVMuhVWvJFrfBoiX0Zr
"August 08, 2023",And Southern Star,Mikaela Davis,Country,Independent Artist,"Catskill, New York",Ben Salmon,matched,0voCdR4wCB2koeAvpxhXS7,https://open.spotify.com/album/0voCdR4wCB2koeAvpxhXS7,6CbL78A3tB1CPFoduF7UM5,Mikaela Davis,And Southern Star,2023-08-04,day,album,9.0,https://i.scdn.co/image/ab67616d0000b273c65ef9e75a9a72d1fb455038,,,,matched,https://i.scdn.co/image/ab6761610000e5eba9e4bfbf8f31a03118aba7c2,https://open.spotify.com/artist/6CbL78A3tB1CPFoduF7UM5
"August 07, 2023",Chthonic,Lawrence English & Lea Bertucci,Experimental,Lawrence English &amp; Lea Bertucci,"Sydney, Australia",Ted Davis,no_match,,,,,,,,,,,,,,,,
"August 04, 2023",Prestige,Girl Ray,Pop,Independent Artist,"London, UK",Elle Carroll,matched,3vAzZOMM1BvxtVfKjyQI78,https://open.spotify.com/album/3vAzZOMM1BvxtVfKjyQI78,0MoDfakkeeD4FwftxAXwEd,Girl Ray,Prestige,2023-08-04,day,album,12.0,https://i.scdn.co/image/ab67616d0000b2738ac8f00f4f94458fe4ac5cbf,,,,matched,https://i.scdn.co/image/ab6761610000e5ebbf594fb4207a1d4780a091e6,https://open.spotify.com/artist/0MoDfakkeeD4FwftxAXwEd
"August 03, 2023",They Live in My Head,Bush Tetras,Punk,Independent Artist,"New York, New York",Sims Hardin,matched,0R5IClV92QzCHZotQkYDP5,https://open.spotify.com/album/0R5IClV92QzCHZotQkYDP5,2X2Q1fpEwW7WtZxXb4acYb,Bush Tetras,They Live in My Head,2023-07-28,day,album,11.0,https://i.scdn.co/image/ab67616d0000b27312885d1940f8c4521459a50b,,,,matched,https://i.scdn.co/image/ab6761610000e5ebc8d69a0407362f542485dd64,https://open.spotify.com/artist/2X2Q1fpEwW7WtZxXb4acYb
"August 02, 2023",Love Hallucination,Jessy Lanza,,Independent Artist,"Hamilton, Ontario",April Clare Welsh,matched,0nNTcdbzi1dqnNZcJR6uS2,https://open.spotify.com/album/0nNTcdbzi1dqnNZcJR6uS2,4b99uGDv75xD1n2QHuPRDN,Jessy Lanza,Love Hallucination,2023-07-28,day,album,11.0,https://i.scdn.co/image/ab67616d0000b27326a0309eeb706a6fe045d8d8,,,,matched,https://i.scdn.co/image/ab6761610000e5eb8de05201b4e6b05c72ff7153,https://open.spotify.com/artist/4b99uGDv75xD1n2QHuPRDN
"August 01, 2023",Vol. II,Silicone Prairie,Punk,Independent Artist,"Kansas City, Missouri",Kerry Cardoza,matched,73YNaAGxipWa1Lqe3Y2Qf5,https://open.spotify.com/album/73YNaAGxipWa1Lqe3Y2Qf5,41Cb0AUOB1YtrPLiDffzb0,Silicone Prairie,Vol. II,2023-07-28,day,album,10.0,https://i.scdn.co/image/ab67616d0000b273f40df5d1d468fb514e9f3030,,,,matched,https://i.scdn.co/image/ab6761610000e5eba2884ce5ea5d1770017c945f,https://open.spotify.com/artist/41Cb0AUOB1YtrPLiDffzb0
"July 31, 2023",An​á​sana,Maroulita de Kol,Folk,Independent Artist,"Berlin, Germany",James Gui,no_match,,,,,,,,,,,,,,,,
"July 27, 2023","Bark Out Thunder, Roar Out Lightning",Chief Adjuah,,Independent Artist,"New Orleans, Louisiana",John Morrison,no_match,,,,,,,,,,,,,,,,
"July 27, 2023",Nos Habet Caramel | نص ح​ب​ة ك​ر​ا​م​ي​ل,El Kontessa,Electronic,Bilna&#39;es بالناقص,Palestine,James Gui,no_match,,,,,,,,,,,,,,,,
"July 26, 2023",Decay,Fatboi Sharif,Hip-Hop/Rap,Independent Artist,New Jersey,J. Edward Keyes,matched,6qX8K8OnqxLFlMB28z4wO6,https://open.spotify.com/album/6qX8K8OnqxLFlMB28z4wO6,5HJ4w3pMArwtZi7xywAEWj,"Fatboi Sharif, Steel Tipped Dove",Decay,2023-07-21,day,album,17.0,https://i.scdn.co/image/ab67616d0000b273dd455faebde204d6da361e48,,,,matched,https://i.scdn.co/image/ab6761610000e5eb0b55ca105e763c412f0b55f8,https://open.spotify.com/artist/5HJ4w3pMArwtZi7xywAEWj
"July 25, 2023",Sot Wa Sada,Almaazz,,Independent Artist,"Vancouver, British Columbia",Andra Nikolayi,matched,4r9mNzWnZmpfVEWAwaOxer,https://open.spotify.com/album/4r9mNzWnZmpfVEWAwaOxer,6XBauqUBSlap8C7Hgjw9Zv,"Almaazz, x/o",Sot Wa Sada,2023-07-20,day,single,5.0,https://i.scdn.co/image/ab67616d0000b2733cf2a4b97c33a0754ffa9722,,,,matched,https://i.scdn.co/image/ab6761610000e5ebf6a9587f045621c09bc6839d,https://open.spotify.com/artist/6XBauqUBSlap8C7Hgjw9Zv
"July 24, 2023",Journey to the Moon and Beyond,Mort Garson,Experimental,Independent Artist,"Los Angeles, California",Ted Davis,matched,6xaioaJ2ndCnEK8Zz5uOD7,https://open.spotify.com/album/6xaioaJ2ndCnEK8Zz5uOD7,0WmzT6tMLhdST5BfYagbha,Mort Garson,Journey to the Moon and Beyond,2023-07-21,day,album,15.0,https://i.scdn.co/image/ab67616d0000b273f72b5ee250bf845b56b4d885,,,,matched,https://i.scdn.co/image/ab6772690000c46cdb966fe52d2de3313d8d10e0,https://open.spotify.com/artist/0WmzT6tMLhdST5BfYagbha
"July 21, 2023",Black Weirdo,Kilamanzego,Electronic,Independent Artist,"Philadelphia, Pennsylvania",John Morrison,matched,6aIvrUPpanm7pI0Xb48ZCR,https://open.spotify.com/album/6aIvrUPpanm7pI0Xb48ZCR,14tWfD2wOEhMgqZ3A4PfKT,Kilamanzego,Black Weirdo,2020-06-24,day,single,1.0,https://i.scdn.co/image/ab67616d0000b273460471e86a30fca9630f5952,,,,matched,https://i.scdn.co/image/ab6761610000e5eb6ddbb5b2f2a4ab6743a66ef6,https://open.spotify.com/artist/14tWfD2wOEhMgqZ3A4PfKT
"July 20, 2023",Infinite Psychic Depths,Outer Heaven,Metal,Independent Artist,"Douglassville, Pennsylvania",Brad Sanders,matched,0lMl71P95JvckQzY0Tppsw,https://open.spotify.com/album/0lMl71P95JvckQzY0Tppsw,1JsmMPIpC3NY8JUcUj8AbU,Outer Heaven,Infinite Psychic Depths,2023-07-21,day,album,11.0,https://i.scdn.co/image/ab67616d0000b273d6195be58503bcae73937359,,,,matched,https://i.scdn.co/image/ab6761610000e5eb7ead4b17f180b25420eb369c,https://open.spotify.com/artist/1JsmMPIpC3NY8JUcUj8AbU
"July 19, 2023",New Future City Radio,Damon Locks and Rob Mazurek,Electronic,International Anthem,"Chicago, Illinois",John Morrison,no_match,,,,,,,,,,,,,,,,
"July 18, 2023",Agriculture,Agriculture,Metal,Independent Artist,"Los Angeles, California",Ben Salmon,matched,12vzq91UrxC2r3zcHnhaiX,https://open.spotify.com/album/12vzq91UrxC2r3zcHnhaiX,23Skjj6LyKEVkNIUFrLBUY,Agriculture,Agriculture,2023-07-21,day,album,6.0,https://i.scdn.co/image/ab67616d0000b2737418c8b1fa436c331a37e758,,,,matched,https://i.scdn.co/image/ab6761610000e5ebd6c75d98fd1cbdc2275a9bcd,https://open.spotify.com/artist/23Skjj6LyKEVkNIUFrLBUY
"July 17, 2023",Marzipan,Charif Megarbane,World,Habibi Funk Records,"Berlin, Germany",Dean Van Nguyen,matched,24gikrQsuL6djhOAaBtesY,https://open.spotify.com/album/24gikrQsuL6djhOAaBtesY,3251WMUEVLhM2xvYlpkyG4,Charif Megarbane,Marzipan (Habibi Funk 023),2023-07-14,day,album,18.0,https://i.scdn.co/image/ab67616d0000b27332a11f29a222ae1dfb8e83d3,,,,matched,https://i.scdn.co/image/ab6761610000e5ebb9e6c824a829aa188ec27c56,https://open.spotify.com/artist/3251WMUEVLhM2xvYlpkyG4
"July 14, 2023",Coh B​â​le,Marc Richter,Experimental,BLACK TO COMM,"Hamburg, Germany",Marc Masters,no_match,,,,,,,,,,,,,,,,
"July 13, 2023",The Ones Ahead,Beverly Glenn-Copeland,Experimental,Independent Artist,"Hamilton, Ontario",Vanessa Ague,matched,0AdkBNWEM8uprSOb2ah8aD,https://open.spotify.com/album/0AdkBNWEM8uprSOb2ah8aD,2bN5hXtWZXEIfnHO34eXfe,Beverly Glenn-Copeland,The Ones Ahead,2023-07-28,day,album,9.0,https://i.scdn.co/image/ab67616d0000b27319a3a36c6fb6eb69fa1a95fa,,,,matched,https://i.scdn.co/image/ab6761610000e5eb07b3234ab7b108c79cee6a2f,https://open.spotify.com/artist/2bN5hXtWZXEIfnHO34eXfe
"July 12, 2023",Natural Wonder Beauty Concept,Natural Wonder Beauty Concept,,Independent Artist,"Queens, New York",Ann-Derrick Gaillot,matched,0W8AIAf0mUGX4VZ0jH31FX,https://open.spotify.com/album/0W8AIAf0mUGX4VZ0jH31FX,5fuCjaj3t1OkkrMH7EjuLu,Natural Wonder Beauty Concept,Natural Wonder Beauty Concept,2023-07-14,day,album,10.0,https://i.scdn.co/image/ab67616d0000b2737a5327795bc273051cfd97ab,,,,matched,https://i.scdn.co/image/ab6761610000e5eb05f1140e857df218aa1c90a2,https://open.spotify.com/artist/5fuCjaj3t1OkkrMH7EjuLu
"July 11, 2023",Absurd Matter,Shapednoise,Electronic,Independent Artist,"Berlin, Germany",Eli Schoop,matched,039jNSVnhFi2ScPnjvR7Dx,https://open.spotify.com/album/039jNSVnhFi2ScPnjvR7Dx,18U1MCeHH1JAqRMHp3aPuv,Shapednoise,Absurd Matter,2023-07-14,day,album,10.0,https://i.scdn.co/image/ab67616d0000b273148f8029a33a30ffb3bfbbd6,,,,matched,https://i.scdn.co/image/ab6761610000e5ebb287b07dec6b6945ddcbe951,https://open.spotify.com/artist/18U1MCeHH1JAqRMHp3aPuv
"July 10, 2023",Natural Internet,Will Sprott,Rock,Independent Artist,"Grass Valley, California",Will Ainsley,matched,0KozWCU0qNhtDvbifqIzdn,https://open.spotify.com/album/0KozWCU0qNhtDvbifqIzdn,2s5RkxF2TelEbqqQsLj9cY,Will Sprott,Natural Internet,2023-07-05,day,album,11.0,https://i.scdn.co/image/ab67616d0000b273288849d9964c950e00be3670,,,,matched,https://i.scdn.co/image/ab6761610000e5ebc9000aa4d141575f29c0fb78,https://open.spotify.com/artist/2s5RkxF2TelEbqqQsLj9cY
"July 07, 2023",Calling,Cherise,,CHERISE,"London, UK",Jaelani Turner-Williams,matched,6GmQbbAubfdTePHW6edf93,https://open.spotify.com/album/6GmQbbAubfdTePHW6edf93,36J979CZNAI4GsrElYFUOC,CHERISE,Calling,2023-07-07,day,album,12.0,https://i.scdn.co/image/ab67616d0000b2734b282266cfc840e8850cd37e,,,,matched,https://i.scdn.co/image/ab6761610000e5ebc616781989eeaa97358e1b0a,https://open.spotify.com/artist/36J979CZNAI4GsrElYFUOC
"July 06, 2023",Adultish,Substantial,Hip-Hop/Rap,Independent Artist,"Alexandria, Virginia",Phillip Mlynar,matched,5F0lGEBCqviXiv7YKinLBR,https://open.spotify.com/album/5F0lGEBCqviXiv7YKinLBR,5FmThJ74ycmeBdQnu4Cfcw,Substantial,Adultish,2023-07-28,day,album,15.0,https://i.scdn.co/image/ab67616d0000b273d3b39ac3a5f755f82f482b06,,,,matched,https://i.scdn.co/image/ab6761610000e5eb5f9767766dbe75e9a9e91a17,https://open.spotify.com/artist/5FmThJ74ycmeBdQnu4Cfcw
"July 05, 2023",Canyon,Saloli,Electronic,Independent Artist,"Portland, Oregon",Casey Jarman,matched,1GoDkBDJmaYAO1lDarIj3b,https://open.spotify.com/album/1GoDkBDJmaYAO1lDarIj3b,6tZ3TVCfSW7ZuoPovDYKWj,Saloli,Canyon,2023-07-07,day,album,8.0,https://i.scdn.co/image/ab67616d0000b273c8aa0542fb9e559aad11f075,,,,matched,https://i.scdn.co/image/ab6761610000e5eb8a556f342f326de1772c7216,https://open.spotify.com/artist/6tZ3TVCfSW7ZuoPovDYKWj
"July 04, 2023",Far From the Rhythm,Fit of Body,Electronic,Independent Artist,"Atlanta, Georgia",James Gui,matched,6Dql0hDxyqCGyqqyOqpkv0,https://open.spotify.com/album/6Dql0hDxyqCGyqqyOqpkv0,4odLPnuUiRJYPFn8o4vfrw,Fit Of Body,Far From The Rhythm,2023-07-07,day,album,10.0,https://i.scdn.co/image/ab67616d0000b2734caa2becb0a22c24de4a374c,,,,matched,https://i.scdn.co/image/ab6761610000e5ebb09b7c58293ebc3266063253,https://open.spotify.com/artist/4odLPnuUiRJYPFn8o4vfrw
"July 03, 2023",Fake Is Real,SDH,Electronic,Independent Artist,"Barcelona, Spain",Andi Harriman,matched,3PcWmcmH2uVsLzEe4oVKCK,https://open.spotify.com/album/3PcWmcmH2uVsLzEe4oVKCK,2RA8ReKDkqwdnz1SSkWikD,SDH (Semiotics Department of Heteronyms),Fake Is Real,2023-06-30,day,album,9.0,https://i.scdn.co/image/ab67616d0000b273bd277606649752fa11c9ee01,,,,matched,https://i.scdn.co/image/ab6761610000e5eb1983e1e4ca9118f969051de2,https://open.spotify.com/artist/2RA8ReKDkqwdnz1SSkWikD
"June 30, 2023",Yebo! Rare Mzansi Party Beats from Apartheid’s Dying Years,Various Artists,Pop,BBE,"London, UK",Andy Thomas,no_match,,,,,,,,,,,,,,,,
"June 29, 2023",Systemic,Divide and Dissolve,Metal,Independent Artist,"Melbourne, Australia",Ned Raggett,matched,1d2G0souL1gl0smNF37GXN,https://open.spotify.com/album/1d2G0souL1gl0smNF37GXN,4YmPo9Zke9OYNmV5WW7CMS,Divide And Dissolve,Systemic,2023-06-30,day,album,9.0,https://i.scdn.co/image/ab67616d0000b273643e60dcc3234286086613bc,,,,matched,https://i.scdn.co/image/ab6761610000e5eb99d27fadcd302005d945aa17,https://open.spotify.com/artist/4YmPo9Zke9OYNmV5WW7CMS
"June 28, 2023",Figura de Cristal,Estrella del Sol,,Independent Artist,"Mexico City, Mexico",Maria Barrios,matched,7Fj3Ex7rvD1rjHJMYPPoVH,https://open.spotify.com/album/7Fj3Ex7rvD1rjHJMYPPoVH,5oQPWni89oK2A4pM3TLFh0,Estrella del Sol,Figura de Cristal,2023-06-30,day,album,9.0,https://i.scdn.co/image/ab67616d0000b27389064dd46082ed24210d32dc,,,,matched,https://i.scdn.co/image/ab6761610000e5ebe66d3e0862055afda36839b6,https://open.spotify.com/artist/5oQPWni89oK2A4pM3TLFh0
"June 27, 2023",Drum Money,Ekiti Sound,Electronic,Independent Artist,"Lagos, Nigeria",Joe Muggs,matched,2eR72DDsJdPlzPZI1loqsX,https://open.spotify.com/album/2eR72DDsJdPlzPZI1loqsX,4iIuf2xQjhx2pfyCBodPwa,Ekiti Sound,Drum Money,2023-06-23,day,album,17.0,https://i.scdn.co/image/ab67616d0000b2737fd42a393bdf7980bdcd22a3,,,,matched,https://i.scdn.co/image/ab6761610000e5eb290f10544297eeabbcb09bf2,https://open.spotify.com/artist/4iIuf2xQjhx2pfyCBodPwa
"June 26, 2023",Tao Fire 道火,Mong Tong 夢東,Experimental,Mong Tong,Taiwan,Josh Feola,no_match,,,,,,,,,,,,,,,,
"June 23, 2023",Death’s Toll,DeathCollector,Metal,DeathCollectorUK,"Birmingham, UK",Colin Williams,no_match,,,,,,,,,,,,,,,,
"June 22, 2023",Control Center,BusCrates,,Independent Artist,Pittsburgh,Blake Gillespie,matched,0hP9J7Xjovt8lj2nn3IZzV,https://open.spotify.com/album/0hP9J7Xjovt8lj2nn3IZzV,2xVtLMwf4oZwJT5d1J5289,BusCrates,Control Center,2023-06-23,day,album,10.0,https://i.scdn.co/image/ab67616d0000b2738d22a9b656972f0a78747f75,,,,matched,https://i.scdn.co/image/ab6761610000e5eb27c71ca42106079188196dea,https://open.spotify.com/artist/2xVtLMwf4oZwJT5d1J5289
"June 21, 2023",RBGxDD,Abderraouf B Grissa & Dan Drohan,Jazz,Uno Loop,,John Morrison,no_match,,,,,,,,,,,,,,,,
"June 20, 2023",MICHAEL,Killer Mike,Hip-Hop/Rap,Independent Artist,,Dash Lewis,matched,2mBH7RhAS6vRKkSlA7IRIJ,https://open.spotify.com/album/2mBH7RhAS6vRKkSlA7IRIJ,2N4EYkIlG1kv25g6Wv8LGI,Killer Mike,MICHAEL,2023-06-16,day,album,14.0,https://i.scdn.co/image/ab67616d0000b2730df6fde15c74b41449275c44,,,,matched,https://i.scdn.co/image/ab6761610000e5eb529dee5aaa5b6d45813f93d9,https://open.spotify.com/artist/2N4EYkIlG1kv25g6Wv8LGI
"June 16, 2023","Julius Eastman Vol. 3: If You’re So Smart, Why Aren’t You Rich?",Wild Up,,Independent Artist,"Los Angeles, California",Shy Clara Thompson,no_match,,,,,,,,,,,,,,,,
"June 15, 2023",Synthesized Sudan: Astro​-​Nubian Electronic Jaglara Dance Sounds from the Fashaga Underground,Jantra,Electronic,Ostinato Records,"New York, New York",Megan Iacobini de Fazio,matched,5bIPJ4G0LcX4UgUohtiMOF,https://open.spotify.com/album/5bIPJ4G0LcX4UgUohtiMOF,3MxZN1bBa3Skcr8qR22mNN,Jantra,Synthesized Sudan: Astro-Nubian Electronic Jaglara Dance Sounds from the Fashaga Underground,2023-06-16,day,album,10.0,https://i.scdn.co/image/ab67616d0000b2730573503c963bea52a805282e,,,,matched,https://i.scdn.co/image/ab67616d0000b2730573503c963bea52a805282e,https://open.spotify.com/artist/3MxZN1bBa3Skcr8qR22mNN
"June 14, 2023",Currency // Castration,GELD,,Independent Artist,"Melbourne, Australia",Alex Deller,no_match,,,,,,,,,,,,,,,,
"June 13, 2023","Late, Late Show",pel mel,Alternative,Efficient Space,"Melbourne, Australia",Andi Harriman,matched,2mZCpwMsqjDqDMTSYph1pI,https://open.spotify.com/album/2mZCpwMsqjDqDMTSYph1pI,0rkYiWK2Mk3h35dxO56t7Z,Pel Mel,"Late, Late Show",1985,year,single,6.0,https://i.scdn.co/image/ab67616d0000b2739208f83100380a2a2717863d,,,,matched,https://i.scdn.co/image/ab67616d0000b2739b99ea204a0b1bbb4ea0aeaa,https://open.spotify.com/artist/0rkYiWK2Mk3h35dxO56t7Z
"June 12, 2023",O Yinne!,Alogte Oho and his Sounds of Joy,World,Independent Artist,"Bolgatanga, Ghana",Andy Thomas,matched,44sQZjLg99YdsNsPAkBNXj,https://open.spotify.com/album/44sQZjLg99YdsNsPAkBNXj,4rGa6nIVxUyi8xWSwkHDE1,Alogte Oho & His Sounds of Joy,O Yinne!,2023-06-02,day,album,8.0,https://i.scdn.co/image/ab67616d0000b2739a4b33a922a91d7dc30e0ff2,,,,matched,https://i.scdn.co/image/ab6761610000e5eb9599aacd9cf54cf9085074bd,https://open.spotify.com/artist/4rGa6nIVxUyi8xWSwkHDE1
"June 09, 2023",Guy,Jayda G,,Independent Artist,"London, UK",April Clare Welsh,matched,1yGK2fGDPhaZ3O9AhGrkRS,https://open.spotify.com/album/1yGK2fGDPhaZ3O9AhGrkRS,3NKVm2Jedcf6ibJr6pMUVx,Jayda G,Guy,2023-06-09,day,album,13.0,https://i.scdn.co/image/ab67616d0000b273c98c4f0fd9f25c4ae22a726f,,,,matched,https://i.scdn.co/image/ab6761610000e5ebb1c7f85b0224e0a79e3fbec8,https://open.spotify.com/artist/3NKVm2Jedcf6ibJr6pMUVx
"June 08, 2023",Tabaco: Compiled by El Drag​​​ó​​​n Criollo & El Palmas,Tabaco,Latin,Independent Artist,"Caracas, Venezuela",Phillipe Roberts,matched,0Bnl0Dkifg7KrUvXlFoZj0,https://open.spotify.com/album/0Bnl0Dkifg7KrUvXlFoZj0,5fOsE0msWkyhFpJMLg76VE,"Tabaco, El Palmas, El Dragón Criollo",Tabaco (Compiled By el Dragón Criollo & El Palmas),2023-06-09,day,album,12.0,https://i.scdn.co/image/ab67616d0000b273a19358e807b263d1894f69e9,,,,matched,https://i.scdn.co/image/ab6761610000e5eb61f1920e88c6cf7a99c6e022,https://open.spotify.com/artist/5fOsE0msWkyhFpJMLg76VE
"June 07, 2023",Ang Pagdaloy,Pantayo,,Independent Artist,"Toronto, Ontario",James Gui,no_match,,,,,,,,,,,,,,,,
"June 06, 2023",Brain Worms,RVG,Alternative,Independent Artist,"Preston, Australia",Shannon Nico Shreibak,matched,5qAcUPxM27DFP7xvO4nHho,https://open.spotify.com/album/5qAcUPxM27DFP7xvO4nHho,4a2c6VZMfp0CdNg1JgSPR9,RVG,Brain Worms,2023-06-02,day,album,10.0,https://i.scdn.co/image/ab67616d0000b273b6786117a6736ee10dbc10e4,,,,matched,https://i.scdn.co/image/ab6761610000e5ebe97637b27f9109b4f8e8afac,https://open.spotify.com/artist/4a2c6VZMfp0CdNg1JgSPR9
"June 05, 2023",Zango,WITCH,Rock,Independent Artist,Zambia,Ana Leorne,matched,3UAsIlnVNCfZc2HwYjAZKx,https://open.spotify.com/album/3UAsIlnVNCfZc2HwYjAZKx,0LMkPoi2xIgpOPUSJMftqM,WITCH,Zango,2023-06-02,day,album,10.0,https://i.scdn.co/image/ab67616d0000b273764eb99053d9ab1cf53910cb,,,,matched,https://i.scdn.co/image/ab6761610000e5eb0661c14b524b544322897887,https://open.spotify.com/artist/0LMkPoi2xIgpOPUSJMftqM
"June 02, 2023",Lucky For You,Bully,Alternative,Independent Artist,"Nashville, Tennessee",Elle Carroll,matched,0Wl5Z73DtV3cgqf0MLXgxz,https://open.spotify.com/album/0Wl5Z73DtV3cgqf0MLXgxz,34LdbFt5sVXKTJOzf1iExQ,Bully,Lucky For You,2023-06-02,day,album,10.0,https://i.scdn.co/image/ab67616d0000b2730e10e3ce5c735a10b665a7d5,,,,matched,https://i.scdn.co/image/ab6761610000e5eb295620325f5525560d83f2e8,https://open.spotify.com/artist/34LdbFt5sVXKTJOzf1iExQ
"June 01, 2023",Starling,Katherine Kyu Hyeon Lim,Classical,Independent Artist,"New York, New York",Vanessa Ague,matched,5gY4lMfkdFEbCVvtEImLkc,https://open.spotify.com/album/5gY4lMfkdFEbCVvtEImLkc,7sQBkMwTwuEA1N9dTsQKHj,Katherine Kyu Hyeon Lim,Starling,2023-06-02,day,album,9.0,https://i.scdn.co/image/ab67616d0000b273da1da0295f1b15f30f62ac88,,,,matched,https://i.scdn.co/image/ab6761610000e5ebaa65e02c3dd0b79ca8756819,https://open.spotify.com/artist/7sQBkMwTwuEA1N9dTsQKHj
"May 31, 2023",brutalovechamp,Brandon Seabrook’s Epic Proportions,Experimental,Brandon Seabrook,"Brooklyn, New York",Brad Cohan,no_match,,,,,,,,,,,,,,,,
"May 30, 2023",Romantic Piano,Gia Margaret,,Independent Artist,"Chicago, Illinois",Arielle Gordon,matched,4TFQoPpiHkSsYDbhfXMqCM,https://open.spotify.com/album/4TFQoPpiHkSsYDbhfXMqCM,7fnMav7xXJwwjbyWbSjF4C,Gia Margaret,Romantic Piano,2023-05-26,day,album,12.0,https://i.scdn.co/image/ab67616d0000b2736a7b47d1f0c64d6bcb56fdfa,,,,matched,https://i.scdn.co/image/ab6761610000e5eb3bedf9e7fb912e9e59fbaf75,https://open.spotify.com/artist/7fnMav7xXJwwjbyWbSjF4C
"May 26, 2023",My Soft Machine,Arlo Parks,,Independent Artist,"London, UK",Jaelani Turner-Williams,matched,4YCScpRHPfvu81qmsIGGmn,https://open.spotify.com/album/4YCScpRHPfvu81qmsIGGmn,4kIwETcbpuFgRukE8o7Opx,Arlo Parks,My Soft Machine,2023-05-26,day,album,12.0,https://i.scdn.co/image/ab67616d0000b273a3873d9a6b28f0c77801478d,,,,matched,https://i.scdn.co/image/ab6761610000e5ebd0c1a13a2710aef33ee5f819,https://open.spotify.com/artist/4kIwETcbpuFgRukE8o7Opx
"May 25, 2023",REAL B*TCHES DON’T DIE!,Kari Faux,Hip-Hop/Rap,Independent Artist,"Little Rock, Arkansas",Dash Lewis,matched,2man3aalGPUqaZqKrTBdDX,https://open.spotify.com/album/2man3aalGPUqaZqKrTBdDX,4c2ighP1wj8E5dVGJDCOiB,Kari Faux,REAL B*TCHES DON'T DIE!,2023-05-26,day,album,13.0,https://i.scdn.co/image/ab67616d0000b2736b31039eeb0bb2e1d6c6932b,,,,matched,https://i.scdn.co/image/ab6761610000e5ebaa4761ff01e686afe6f9dc21,https://open.spotify.com/artist/4c2ighP1wj8E5dVGJDCOiB
"May 24, 2023",Akousmatikous,Salami Rose Joe Louis,Alternative,salami rose joe louis,California,John Morrison,matched,2rIjJDL6c2IlN8rrWOhwGD,https://open.spotify.com/album/2rIjJDL6c2IlN8rrWOhwGD,6EHS9kZ9PpeXaJ4wZO3FSX,Salami Rose Joe Louis,Akousmatikous,2023-05-19,day,album,16.0,https://i.scdn.co/image/ab67616d0000b27349eab52eb66d8eeb9f927515,,,,matched,https://i.scdn.co/image/ab6761610000e5eb5f2307c96e58f8acda662274,https://open.spotify.com/artist/6EHS9kZ9PpeXaJ4wZO3FSX
"May 23, 2023",Calm Ya Farm,The Murlocs,Rock,Independent Artist,"Melbourne, Australia",Saby Reyes-Kulkarni,no_match,,,,,,,,,,,,,,,,
"May 22, 2023","Indiana, i’ve seen a way",Mandy,,"Mandy, Indiana","Manchester, UK",Ted Davis,no_match,,,,,,,,,,,,,,,,
"May 19, 2023",Dog Dreams (​개​꿈​),Lucy Liyou,Experimental,Independent Artist,"San Francisco, California",James Gui,no_match,,,,,,,,,,,,,,,,
"May 18, 2023",Great Big Open Sky,Daisies,Electronic,Independent Artist,"Olympia, Washington",Sims Hardin,matched,05Q7OrLLh77W2mjiDadqm1,https://open.spotify.com/album/05Q7OrLLh77W2mjiDadqm1,1blgyRhlGKEz9giyB0Pejv,Daisies,Great Big Open Sky,2023-05-12,day,album,8.0,https://i.scdn.co/image/ab67616d0000b2731099343476f66bc615bcb836,,,,matched,https://i.scdn.co/image/ab6761610000e5eba1fc71d9d36946f47fcabb84,https://open.spotify.com/artist/1blgyRhlGKEz9giyB0Pejv
"May 17, 2023",BIZCAS10: Ten Years of Business Casual,Various Artists,Electronic,business casual,,Sam Goldner,no_match,,,,,,,,,,,,,,,,
"May 16, 2023",Position,PANGAR,Electronic,Independent Artist,Réunion,Joe Muggs,matched,649AtNZKDkTOPquRWoH3bH,https://open.spotify.com/album/649AtNZKDkTOPquRWoH3bH,62rNxONP3TTWka8ZBNlVkx,PANGAR,POSITION,2023-06-02,day,album,10.0,https://i.scdn.co/image/ab67616d0000b273e4896394f0d95bd7ee6cabd2,,,,matched,https://i.scdn.co/image/ab6761610000e5ebbe6a649412cbe92586de60ff,https://open.spotify.com/artist/62rNxONP3TTWka8ZBNlVkx
"May 15, 2023",Orbweaving,Midwife & Vyva Melinkolya,Alternative,Vyva Melinkolya,"Louisville, Kentucky",Arielle Gordon,no_match,,,,,,,,,,,,,,,,
"May 11, 2023",Flowers At Your Feet,Rahill,,Independent Artist,"New York, New York",Elle Carroll,matched,2SAtIfz2jFRAn36xCUT8xd,https://open.spotify.com/album/2SAtIfz2jFRAn36xCUT8xd,0a0L1YLGhMT64hsSh9M9aM,Rahill,Flowers At Your Feet,2023-05-12,day,album,14.0,https://i.scdn.co/image/ab67616d0000b2730a6b496ea0d09b24b9be6be7,,,,matched,https://i.scdn.co/image/ab6761610000e5ebea98a8ba8751752808323ca8,https://open.spotify.com/artist/0a0L1YLGhMT64hsSh9M9aM
"May 10, 2023",Ilgrain,Sequoyah Murray,Electronic,Real Blue Love Rips,"Brooklyn, New York",Amaya Garcia,no_match,,,,,,,,,,,,,,,,
"May 09, 2023",Maps,billy woods & Kenny Segal,,billy woods,"New York, New York",Nadine Smith,no_match,,,,,,,,,,,,,,,,
"May 08, 2023",Turbulence and Pulse,Asher Gamedze,Jazz,International Anthem,"Chicago, Illinois",John Morrison,matched,09P4xEQuIgveCiY4vGQHrZ,https://open.spotify.com/album/09P4xEQuIgveCiY4vGQHrZ,0seHw20kF6a8af3qsufKyQ,Asher Gamedze,Turbulence and Pulse,2023-05-05,day,album,10.0,https://i.scdn.co/image/ab67616d0000b2736c2ebc702383cddb8343d0ce,,,,matched,https://i.scdn.co/image/ab6761610000e5ebf95cff787c6e76c87868e5d6,https://open.spotify.com/artist/0seHw20kF6a8af3qsufKyQ
"May 05, 2023",Gateway Experience,Witch Prophet,,Independent Artist,"Toronto, Ontario",Nadine Smith,matched,6Kir4PBQBZRRgOHRhcr3Eh,https://open.spotify.com/album/6Kir4PBQBZRRgOHRhcr3Eh,5AkXlAsYDGWVZIYOhboeSM,Witch Prophet,Gateway Experience,2023-05-01,day,album,11.0,https://i.scdn.co/image/ab67616d0000b273e1703821bd55c3b56d22ec41,,,,matched,https://i.scdn.co/image/ab6761610000e5ebf0440f2f1a3bbea2aa2de661,https://open.spotify.com/artist/5AkXlAsYDGWVZIYOhboeSM
"May 04, 2023",Silver Haze,SQÜRL,Experimental,Independent Artist,"New York, New York",Colin Joyce,matched,3WOwQhN4cfhQ5hpExRheWz,https://open.spotify.com/album/3WOwQhN4cfhQ5hpExRheWz,1UXCB5V3DpKjiTGkVodQYA,SQÜRL,Silver Haze,2023-05-05,day,album,8.0,https://i.scdn.co/image/ab67616d0000b273ff1dcbce24854a1915c368e9,,,,matched,https://i.scdn.co/image/ab6761610000e5ebaf16062447f6b5fe5b3dcb58,https://open.spotify.com/artist/1UXCB5V3DpKjiTGkVodQYA
"May 03, 2023",CBD Reiki Moonbeam,Neggy Gemmy,Electronic,Independent Artist,"Los Angeles, California",Natalie Marlin,matched,00ar1ctC3Xe2Wm4jguerZR,https://open.spotify.com/album/00ar1ctC3Xe2Wm4jguerZR,3SU7pCbOPCUMboKnxMvHVW,Neggy Gemmy,CBD Reiki Moonbeam,2023-04-28,day,album,15.0,https://i.scdn.co/image/ab67616d0000b2734bc61f73fac6dc64e1d177a3,,,,matched,https://i.scdn.co/image/ab6761610000e5eb47b372fd36ae0c49f0a0fe0d,https://open.spotify.com/artist/3SU7pCbOPCUMboKnxMvHVW
"May 02, 2023",Karma 業,P.H.0,Electronic,Independent Artist,"New York, New York",James Gui,no_match,,,,,,,,,,,,,,,,
"May 01, 2023",DREAMER,Nabihah Iqbal,Electronic,Independent Artist,"London, UK",Elle Carroll,"error: Rate limited on GET https://api.spotify.com/v1/search: Spotify asked us to wait 86111s, above the 60s cap. Stopping instead of blocking — let it cool down before retrying.",,,,,,,,,,,,,,,,
"April 28, 2023",From Whence It Came,YUNGMORPHEUS,,Independent Artist,"Los Angeles, California",Michael Penn,"error: Rate limited on GET https://api.spotify.com/v1/search: Spotify asked us to wait 86111s, above the 60s cap. Stopping instead of blocking — let it cool down before retrying.",,,,,,,,,,,,,,,,
"April 27, 2023","Slowly Forgetting, Barely Remembering",Martyna Basta,Experimental,Independent Artist,"Kraków, Poland",Shy Clara Thompson,"error: Rate limited on GET https://api.spotify.com/v1/search: Spotify asked us to wait 86111s, above the 60s cap. Stopping instead of blocking — let it cool down before retrying.",,,,,,,,,,,,,,,,
"April 26, 2023",I Want To Leave This Earth Behind,Stefana Fratila,Ambient,Independent Artist,"Toronto, Ontario",Maria Barrios,"error: Rate limited on GET https://api.spotify.com/v1/search: Spotify asked us to wait 86110s, above the 60s cap. Stopping instead of blocking — let it cool down before retrying.",,,,,,,,,,,,,,,,
"April 25, 2023",Paved With Good Intentions,SolarFive and Custom Made,Hip-Hop/Rap,SoLaRfIvE,"Chicago, Illinois",Dash Lewis,"error: Rate limited on GET https://api.spotify.com/v1/search: Spotify asked us to wait 86110s, above the 60s cap. Stopping instead of blocking — let it cool down before retrying.",,,,,,,,,,,,,,,,
"April 24, 2023",Death Folk Country,Dorthia Cottrell,Folk,Independent Artist,"Richmond, Virginia",Ben Salmon,"error: Rate limited on GET https://api.spotify.com/v1/search: Spotify asked us to wait 86110s, above the 60s cap. Stopping instead of blocking — let it cool down before retrying.",,,,,,,,,,,,,,,,
"April 21, 2023",I Came From Love,Dave Okumu & The 7 Generations,,Dave Okumu,"London, UK",John Morrison,"error: Rate limited on GET https://api.spotify.com/v1/search: Spotify asked us to wait 86110s, above the 60s cap. Stopping instead of blocking — let it cool down before retrying.",,,,,,,,,,,,,,,,
"April 20, 2023",MotherFather,Petite Noir,Experimental,Independent Artist,"Cape Town, South Africa",Amaya Garcia,"error: Rate limited on GET https://api.spotify.com/v1/search: Spotify asked us to wait 86109s, above the 60s cap. Stopping instead of blocking — let it cool down before retrying.",,,,,,,,,,,,,,,,
"April 19, 2023",Vandalized Statue To Be Replaced With Shrine,Monde UFO,Ambient,monde ufo,"Los Angeles, California",Sam Goldner,"error: Rate limited on GET https://api.spotify.com/v1/search: Spotify asked us to wait 86109s, above the 60s cap. Stopping instead of blocking — let it cool down before retrying.",,,,,,,,,,,,,,,,
"April 18, 2023",Yallah Beibe,MC Yallah,Hip-Hop/Rap,HAKUNA KULALA,"Kampala, Uganda",James Gui,"error: Rate limited on GET https://api.spotify.com/v1/search: Spotify asked us to wait 86109s, above the 60s cap. Stopping instead of blocking — let it cool down before retrying.",,,,,,,,,,,,,,,,
"April 17, 2023",Why Does the Earth Give Us People to Love?,Kara Jackson,,Independent Artist,"Oak Park, Illinois",Ann-Derrick Gaillot,"error: Rate limited on GET https://api.spotify.com/v1/search: Spotify asked us to wait 86109s, above the 60s cap. Stopping instead of blocking — let it cool down before retrying.",,,,,,,,,,,,,,,,
"April 14, 2023",Since Time is Gravity,Natural Information Society,Jazz,eremite records,Hawaii,Philip Freeman,"error: Rate limited on GET https://api.spotify.com/v1/search: Spotify asked us to wait 86109s, above the 60s cap. Stopping instead of blocking — let it cool down before retrying.",,,,,,,,,,,,,,,,
"April 13, 2023",Heavenly Spheres,Penelope Trappes,Electronic,Independent Artist,"Brighton, UK",Ted Davis,"error: Rate limited on GET https://api.spotify.com/v1/search: Spotify asked us to wait 86108s, above the 60s cap. Stopping instead of blocking — let it cool down before retrying.",,,,,,,,,,,,,,,,
"April 12, 2023",Call Me Terry,Terry,Punk,Upset The Rhythm,"London, UK",Jude Noel,"error: Rate limited on GET https://api.spotify.com/v1/search: Spotify asked us to wait 86108s, above the 60s cap. Stopping instead of blocking — let it cool down before retrying.",,,,,,,,,,,,,,,,
"April 11, 2023",Music Inferno: The Indestructible Beat Tour 1988​-​89,Mahlathini and the Mahotella Queens,World,Umsakazo Records,UK,Dean Van Nguyen,"error: Rate limited on GET https://api.spotify.com/v1/search: Spotify asked us to wait 86108s, above the 60s cap. Stopping instead of blocking — let it cool down before retrying.",,,,,,,,,,,,,,,,
"April 10, 2023",Still Life in Decay,FACS,Alternative,Independent Artist,"Chicago, Illinois",Shannon Nico Shreibak,"error: Rate limited on GET https://api.spotify.com/v1/search: Spotify asked us to wait 86108s, above the 60s cap. Stopping instead of blocking — let it cool down before retrying.",,,,,,,,,,,,,,,,
"April 07, 2023",On The Romance Of Being,Desire Marea,,Independent Artist,"KZN, South Africa",Megan Iacobini de Fazio,"error: Rate limited on GET https://api.spotify.com/v1/search: Spotify asked us to wait 86108s, above the 60s cap. Stopping instead of blocking — let it cool down before retrying.",,,,,,,,,,,,,,,,
"April 06, 2023",Distant Intervals,Issei Herr,Classical,MIZU,"New York, New York",Vanessa Ague,"error: Rate limited on GET https://api.spotify.com/v1/search: Spotify asked us to wait 86107s, above the 60s cap. Stopping instead of blocking — let it cool down before retrying.",,,,,,,,,,,,,,,,
"April 05, 2023",We’re Still Here,HIRS,Punk,Independent Artist,"Philadelphia, Pennsylvania",Leah B. Levinson,"error: Rate limited on GET https://api.spotify.com/v1/search: Spotify asked us to wait 86107s, above the 60s cap. Stopping instead of blocking — let it cool down before retrying.",,,,,,,,,,,,,,,,
"April 04, 2023",Humid Sun,Masahiro Takahashi,Electronic,Independent Artist,"Toronto, Ontario",Piotr Orlov,"error: Rate limited on GET https://api.spotify.com/v1/search: Spotify asked us to wait 86107s, above the 60s cap. Stopping instead of blocking — let it cool down before retrying.",,,,,,,,,,,,,,,,
"April 03, 2023",Leather Blvd.,B. Cool-Aid,,Independent Artist,"Los Angeles, California",John Morrison,"error: Rate limited on GET https://api.spotify.com/v1/search: Spotify asked us to wait 86107s, above the 60s cap. Stopping instead of blocking — let it cool down before retrying.",,,,,,,,,,,,,,,,
"March 31, 2023",A​ş​k,Altın Gün,Rock,Altin Gün,"Amsterdam, Netherlands",Joshua Minsoo Kim,"error: Rate limited on GET https://api.spotify.com/v1/search: Spotify asked us to wait 86107s, above the 60s cap. Stopping instead of blocking — let it cool down before retrying.",,,,,,,,,,,,,,,,
"March 30, 2023",绿帽 Green Hat,Tzusing,Electronic,Independent Artist,"Shanghai, China",James Gui,"error: Rate limited on GET https://api.spotify.com/v1/search: Spotify asked us to wait 86106s, above the 60s cap. Stopping instead of blocking — let it cool down before retrying.",,,,,,,,,,,,,,,,
"March 29, 2023",Fawn/Brute,Katie Gately,Alternative,Independent Artist,"Pasadena, California",Joe Muggs,"error: Rate limited on GET https://api.spotify.com/v1/search: Spotify asked us to wait 86106s, above the 60s cap. Stopping instead of blocking — let it cool down before retrying.",,,,,,,,,,,,,,,,
"March 28, 2023",Fractured Whole,Cruel Diagonals,Experimental,Independent Artist,"Los Angeles, California",Vanessa Ague,"error: Rate limited on GET https://api.spotify.com/v1/search: Spotify asked us to wait 86106s, above the 60s cap. Stopping instead of blocking — let it cool down before retrying.",,,,,,,,,,,,,,,,
"March 27, 2023",Saturnian Bloodstorm,Lamp of Murmuur,Metal,Lamp Of Murmuur,"Los Angeles, California",Colin Williams,"error: Rate limited on GET https://api.spotify.com/v1/search: Spotify asked us to wait 86106s, above the 60s cap. Stopping instead of blocking — let it cool down before retrying.",,,,,,,,,,,,,,,,
"March 24, 2023",The Art of Forgetting,Caroline Rose,Pop,Independent Artist,"Los Angeles, California",Mariana Timony,"error: Rate limited on GET https://api.spotify.com/v1/search: Spotify asked us to wait 86106s, above the 60s cap. Stopping instead of blocking — let it cool down before retrying.",,,,,,,,,,,,,,,,
"March 23, 2023",Raw Lessons,Spectacular Diagnostics,Hip-Hop/Rap,Independent Artist,"Chicago, Illinois",Phillip Mlynar,"error: Rate limited on GET https://api.spotify.com/v1/search: Spotify asked us to wait 86105s, above the 60s cap. Stopping instead of blocking — let it cool down before retrying.",,,,,,,,,,,,,,,,
"March 22, 2023",Post-American,MSPAINT,Punk,Independent Artist,"Hattiesburg, Mississippi",Spencer Hughes,"error: Rate limited on GET https://api.spotify.com/v1/search: Spotify asked us to wait 86105s, above the 60s cap. Stopping instead of blocking — let it cool down before retrying.",,,,,,,,,,,,,,,,
"March 21, 2023",Birds (in my mind anyway),Doc Sleep,Electronic,DOC SLEEP,Washington,Andra Nikolayi,"error: Rate limited on GET https://api.spotify.com/v1/search: Spotify asked us to wait 86105s, above the 60s cap. Stopping instead of blocking — let it cool down before retrying.",,,,,,,,,,,,,,,,
"March 20, 2023","Praise A Lord Who Chews But Which Does Not Consume; (Or Simply, Hot Between Worlds)",Yves Tumor,,Independent Artist,,Andy Beta,"error: Rate limited on GET https://api.spotify.com/v1/search: Spotify asked us to wait 86105s, above the 60s cap. Stopping instead of blocking — let it cool down before retrying.",,,,,,,,,,,,,,,,
"March 17, 2023",Impumelelo,DJ Black Low,Electronic,Independent Artist,"Pretoria, South Africa",Dean Van Nguyen,"error: Rate limited on GET https://api.spotify.com/v1/search: Spotify asked us to wait 86104s, above the 60s cap. Stopping instead of blocking — let it cool down before retrying.",,,,,,,,,,,,,,,,
"March 16, 2023",Tokyo,Bodikhuu,Hip-Hop/Rap,Mississippi Records,"New York, New York",Eli Schoop,"error: Rate limited on GET https://api.spotify.com/v1/search: Spotify asked us to wait 86104s, above the 60s cap. Stopping instead of blocking — let it cool down before retrying.",,,,,,,,,,,,,,,,
"March 15, 2023",Crash Recoil,Surgeon,Electronic,Independent Artist,"Birmingham, UK",Henry Ivry,"error: Rate limited on GET https://api.spotify.com/v1/search: Spotify asked us to wait 86104s, above the 60s cap. Stopping instead of blocking — let it cool down before retrying.",,,,,,,,,,,,,,,,
"March 14, 2023",Love As Projection,Frankie Rose,Alternative,Independent Artist,New York,Andrew Parks,"error: Rate limited on GET https://api.spotify.com/v1/search: Spotify asked us to wait 86104s, above the 60s cap. Stopping instead of blocking — let it cool down before retrying.",,,,,,,,,,,,,,,,
"March 13, 2023",Manzanita,Shana Cleveland,Folk,Independent Artist,California,Mariana Timony,"error: Rate limited on GET https://api.spotify.com/v1/search: Spotify asked us to wait 86104s, above the 60s cap. Stopping instead of blocking — let it cool down before retrying.",,,,,,,,,,,,,,,,
"March 10, 2023",Walk the Wheel,Truth Cult,Punk,Independent Artist,"Baltimore, Maryland",Spencer Hughes,"error: Rate limited on GET https://api.spotify.com/v1/search: Spotify asked us to wait 86103s, above the 60s cap. Stopping instead of blocking — let it cool down before retrying.",,,,,,,,,,,,,,,,
"March 09, 2023",Lotus Glow,Adi Oasis,,Independent Artist,New York,John Morrison,"error: Rate limited on GET https://api.spotify.com/v1/search: Spotify asked us to wait 86103s, above the 60s cap. Stopping instead of blocking — let it cool down before retrying.",,,,,,,,,,,,,,,,
"March 08, 2023",White Space,Youniss,Experimental,Independent Artist,"Antwerp, Belgium",James Gui,"error: Rate limited on GET https://api.spotify.com/v1/search: Spotify asked us to wait 86103s, above the 60s cap. Stopping instead of blocking — let it cool down before retrying.",,,,,,,,,,,,,,,,
"March 07, 2023",Galaxia de Emociones,Jackie Mendoza,Pop,Independent Artist,"San Diego, California",Maria Barrios,"error: Rate limited on GET https://api.spotify.com/v1/search: Spotify asked us to wait 86103s, above the 60s cap. Stopping instead of blocking — let it cool down before retrying.",,,,,,,,,,,,,,,,
"March 06, 2023",Al Hadr,Sabrina Bellaouel,R&amp;B/Soul,Independent Artist,"Paris, France",Richard Villegas,"error: Rate limited on GET https://api.spotify.com/v1/search: Spotify asked us to wait 86103s, above the 60s cap. Stopping instead of blocking — let it cool down before retrying.",,,,,,,,,,,,,,,,
"March 03, 2023",Feeling Body,Nyokabi Kariũki,,Independent Artist,"Nairobi, Kenya",Vanessa Ague,"error: Rate limited on GET https://api.spotify.com/v1/search: Spotify asked us to wait 86102s, above the 60s cap. Stopping instead of blocking — let it cool down before retrying.",,,,,,,,,,,,,,,,
"March 02, 2023",Flower of Life,Taleen Kali,Alternative,Independent Artist,"Los Angeles, California",Elle Carroll,"error: Rate limited on GET https://api.spotify.com/v1/search: Spotify asked us to wait 86102s, above the 60s cap. Stopping instead of blocking — let it cool down before retrying.",,,,,,,,,,,,,,,,
"March 01, 2023",Dogsbody,Model/Actriz,Alternative,Independent Artist,"Brooklyn, New York",J. Edward Keyes,"error: Rate limited on GET https://api.spotify.com/v1/search: Spotify asked us to wait 86102s, above the 60s cap. Stopping instead of blocking — let it cool down before retrying.",,,,,,,,,,,,,,,,
"February 28, 2023",A New Tomorrow,Zulu,Punk,Flatspot Records,"Baltimore, Maryland",John Morrison,"error: Rate limited on GET https://api.spotify.com/v1/search: Spotify asked us to wait 86102s, above the 60s cap. Stopping instead of blocking — let it cool down before retrying.",,,,,,,,,,,,,,,,
"February 27, 2023",Evicted In The Morning,Saint Abdullah & Jason Nazary,Experimental,Saint Abdullah,"New York, New York",James Gui,"error: Rate limited on GET https://api.spotify.com/v1/search: Spotify asked us to wait 86102s, above the 60s cap. Stopping instead of blocking — let it cool down before retrying.",,,,,,,,,,,,,,,,
"February 23, 2023",Girl In the Half Pearl,Liv.e,,(Liv).e,"Dallas, Texas",Mercy Kassa,"error: Rate limited on GET https://api.spotify.com/v1/search: Spotify asked us to wait 86101s, above the 60s cap. Stopping instead of blocking — let it cool down before retrying.",,,,,,,,,,,,,,,,
"February 22, 2023",I Don’t Wanna Be Too Cool (Expanded Edition),Kate Fagan,Punk,Independent Artist,"Chicago, Illinois",Andi Harriman,"error: Rate limited on GET https://api.spotify.com/v1/search: Spotify asked us to wait 86101s, above the 60s cap. Stopping instead of blocking — let it cool down before retrying.",,,,,,,,,,,,,,,,
"February 21, 2023",Abri Cyclonique,Polobi & the Gwo Ka Masters,World,Polobi &amp; the Gwo Ka Masters,Guadeloupe,Andy Beta,"error: Rate limited on GET https://api.spotify.com/v1/search: Spotify asked us to wait 86101s, above the 60s cap. Stopping instead of blocking — let it cool down before retrying.",,,,,,,,,,,,,,,,
"February 17, 2023",Mute the Charm,Unwed Sailor,Alternative,Independent Artist,"Tulsa, Oklahoma",Andrew Parks,"error: Rate limited on GET https://api.spotify.com/v1/search: Spotify asked us to wait 86101s, above the 60s cap. Stopping instead of blocking — let it cool down before retrying.",,,,,,,,,,,,,,,,
"February 16, 2023",Nivraym (Revisited),Koenjihyakkei,Experimental,SKiN GRAFT Records,"St. Louis, Missouri",Jim Allen,"error: Rate limited on GET https://api.spotify.com/v1/search: Spotify asked us to wait 86101s, above the 60s cap. Stopping instead of blocking — let it cool down before retrying.",,,,,,,,,,,,,,,,
"February 15, 2023",Mourning Due,Nappy Nina,,Independent Artist,"Brooklyn, New York",Mercy Kassa,"error: Rate limited on GET https://api.spotify.com/v1/search: Spotify asked us to wait 86100s, above the 60s cap. Stopping instead of blocking — let it cool down before retrying.",,,,,,,,,,,,,,,,
"February 14, 2023",All in Good Time,Blues Lawyer,Rock,Independent Artist,"Oakland, California",Ethan Beck,"error: Rate limited on GET https://api.spotify.com/v1/search: Spotify asked us to wait 86100s, above the 60s cap. Stopping instead of blocking — let it cool down before retrying.",,,,,,,,,,,,,,,,
"February 13, 2023",Raven,Kelela,Electronic,Independent Artist,,Richard Villegas,"error: Rate limited on GET https://api.spotify.com/v1/search: Spotify asked us to wait 86100s, above the 60s cap. Stopping instead of blocking — let it cool down before retrying.",,,,,,,,,,,,,,,,
"February 10, 2023","The Land, The Water, The Sky",Black Belt Eagle Scout,Alternative,Independent Artist,"Portland, Oregon",Jude Noel,"error: Rate limited on GET https://api.spotify.com/v1/search: Spotify asked us to wait 86100s, above the 60s cap. Stopping instead of blocking — let it cool down before retrying.",,,,,,,,,,,,,,,,
"February 09, 2023",Szabads​​​á​​​g,Adela Mede,Experimental,Night School,"Glasgow, UK",Matthew Blackwell,"error: Rate limited on GET https://api.spotify.com/v1/search: Spotify asked us to wait 86100s, above the 60s cap. Stopping instead of blocking — let it cool down before retrying.",,,,,,,,,,,,,,,,
"February 08, 2023",Somewhere Over the Mystic Moon,India Sky,R&amp;B/Soul,Ratskin Records,"Oakland, California",Amaya Garcia,"error: Rate limited on GET https://api.spotify.com/v1/search: Spotify asked us to wait 86099s, above the 60s cap. Stopping instead of blocking — let it cool down before retrying.",,,,,,,,,,,,,,,,
"February 07, 2023",Spandrel?,Evita Manji,Electronic,Independent Artist,Greece,James Gui,"error: Rate limited on GET https://api.spotify.com/v1/search: Spotify asked us to wait 86099s, above the 60s cap. Stopping instead of blocking — let it cool down before retrying.",,,,,,,,,,,,,,,,
"February 06, 2023",Eye Of I,James Brandon Lewis,,Independent Artist,"New York, New York",John Morrison,"error: Rate limited on GET https://api.spotify.com/v1/search: Spotify asked us to wait 86099s, above the 60s cap. Stopping instead of blocking — let it cool down before retrying.",,,,,,,,,,,,,,,,
"February 03, 2023",Anarchist Gospel,Sunny War,Folk,Independent Artist,"Los Angeles, California",John Morrison,"error: Rate limited on GET https://api.spotify.com/v1/search: Spotify asked us to wait 86099s, above the 60s cap. Stopping instead of blocking — let it cool down before retrying.",,,,,,,,,,,,,,,,
"February 02, 2023",We Cater To Cowards,Oozing Wound,Punk,Independent Artist,"Chicago, Illinois",Saby Reyes-Kulkarni,"error: Rate limited on GET https://api.spotify.com/v1/search: Spotify asked us to wait 86098s, above the 60s cap. Stopping instead of blocking — let it cool down before retrying.",,,,,,,,,,,,,,,,
"February 01, 2023",Today My Friend You Drunk The Venom,The Drin,Punk,Independent Artist,"Cincinnati, Ohio",Kerry Cardoza,"error: Rate limited on GET https://api.spotify.com/v1/search: Spotify asked us to wait 86098s, above the 60s cap. Stopping instead of blocking — let it cool down before retrying.",,,,,,,,,,,,,,,,
"January 31, 2023",Compositions,Deathprod,Electronic,Independent Artist,"Oslo, Norway",Louis Pattison,"error: Rate limited on GET https://api.spotify.com/v1/search: Spotify asked us to wait 86098s, above the 60s cap. Stopping instead of blocking — let it cool down before retrying.",,,,,,,,,,,,,,,,
"January 30, 2023",Lockstep Bloodwar,Sightless Pit,Electronic,Independent Artist,Rhode Island,Brad Sanders,"error: Rate limited on GET https://api.spotify.com/v1/search: Spotify asked us to wait 86098s, above the 60s cap. Stopping instead of blocking — let it cool down before retrying.",,,,,,,,,,,,,,,,
"January 27, 2023",Honey,Samia,,Independent Artist,"New York, New York",Ruth Jiang,"error: Rate limited on GET https://api.spotify.com/v1/search: Spotify asked us to wait 86098s, above the 60s cap. Stopping instead of blocking — let it cool down before retrying.",,,,,,,,,,,,,,,,
"January 26, 2023",Dilijans,Ayizan,Jazz,Independent Artist,"New York, New York",John Morrison,"error: Rate limited on GET https://api.spotify.com/v1/search: Spotify asked us to wait 86097s, above the 60s cap. Stopping instead of blocking — let it cool down before retrying.",,,,,,,,,,,,,,,,
"January 24, 2023",Noise à Noise 23: Noise vs. Silence (Vol. I​-​IV),Various Artists,Experimental,Noise à Noise,"Tehran, Iran",Andra Nikolayi,"error: Rate limited on GET https://api.spotify.com/v1/search: Spotify asked us to wait 86097s, above the 60s cap. Stopping instead of blocking — let it cool down before retrying.",,,,,,,,,,,,,,,,
"January 23, 2023",Keeper Is The Heart,Nighttime,Folk,Independent Artist,"Los Angeles, California",Hayden Merrick,"error: Rate limited on GET https://api.spotify.com/v1/search: Spotify asked us to wait 86097s, above the 60s cap. Stopping instead of blocking — let it cool down before retrying.",,,,,,,,,,,,,,,,
"January 20, 2023",To What End,Oddisee,,Independent Artist,"Washington, D.C.",John Morrison,"error: Rate limited on GET https://api.spotify.com/v1/search: Spotify asked us to wait 86097s, above the 60s cap. Stopping instead of blocking — let it cool down before retrying.",,,,,,,,,,,,,,,,
"January 19, 2023",Courts or Wars,Second Layer,Punk,Independent Artist,"London, UK",Alex Deller,"error: Rate limited on GET https://api.spotify.com/v1/search: Spotify asked us to wait 86097s, above the 60s cap. Stopping instead of blocking — let it cool down before retrying.",,,,,,,,,,,,,,,,
"January 18, 2023",Big World,Grim Beazley,Electronic,Constellation Tatsu,"Oakland, California",Andrew Parks,"error: Rate limited on GET https://api.spotify.com/v1/search: Spotify asked us to wait 86096s, above the 60s cap. Stopping instead of blocking — let it cool down before retrying.",,,,,,,,,,,,,,,,
"January 17, 2023",Blue Period,Beauty Pill,Rock,Independent Artist,"Washington, D.C.",Patrick King,"error: Rate limited on GET https://api.spotify.com/v1/search: Spotify asked us to wait 86096s, above the 60s cap. Stopping instead of blocking — let it cool down before retrying.",,,,,,,,,,,,,,,,
"January 13, 2023",The Weight Of Remembrance,Tribunal,Metal,20 Buck Spin,"Pittsburgh, Pennsylvania",Jon Wiederhorn,"error: Rate limited on GET https://api.spotify.com/v1/search: Spotify asked us to wait 86096s, above the 60s cap. Stopping instead of blocking — let it cool down before retrying.",,,,,,,,,,,,,,,,
"January 12, 2023","Nina Persson & The Second Hand Orchestra, The Great White Sea Eagle",James Yorkston,Folk,Independent Artist,"Scotland, UK",Ben Salmon,"error: Rate limited on GET https://api.spotify.com/v1/search: Spotify asked us to wait 86096s, above the 60s cap. Stopping instead of blocking — let it cool down before retrying.",,,,,,,,,,,,,,,,
"January 11, 2023",mole,poolblood,,Independent Artist,"Toronto, Ontario",Amaya Garcia,"error: Rate limited on GET https://api.spotify.com/v1/search: Spotify asked us to wait 86096s, above the 60s cap. Stopping instead of blocking — let it cool down before retrying.",,,,,,,,,,,,,,,,
"January 10, 2023",I’M NOT SURE AT ALL,Marlody,Alternative,Independent Artist,"England, UK",Elle Carroll,"error: Rate limited on GET https://api.spotify.com/v1/search: Spotify asked us to wait 86095s, above the 60s cap. Stopping instead of blocking — let it cool down before retrying.",,,,,,,,,,,,,,,,
"January 09, 2023",You Will Love Again,Kate Ferencz,Alternative,Independent Artist,"Philadelphia, Pennsylvania",Andi Harriman,"error: Rate limited on GET https://api.spotify.com/v1/search: Spotify asked us to wait 86095s, above the 60s cap. Stopping instead of blocking — let it cool down before retrying.",,,,,,,,,,,,,,,,
"December 09, 2022",Common Ground Vol. 2,Various Artists,Ambient,Safe Ground Rec.,"Brussels, Belgium",Ted Davis,"error: Rate limited on GET https://api.spotify.com/v1/search: Spotify asked us to wait 86095s, above the 60s cap. Stopping instead of blocking — let it cool down before retrying.",,,,,,,,,,,,,,,,
"December 08, 2022",Unsettling Scores,Lamin Fofana,,Independent Artist,"New York, New York",John Morrison,"error: Rate limited on GET https://api.spotify.com/v1/search: Spotify asked us to wait 86095s, above the 60s cap. Stopping instead of blocking — let it cool down before retrying.",,,,,,,,,,,,,,,,
"December 07, 2022",Homecore! Miami All-Stars,Various Artists,Electronic,Omnidisc,"Miami, Florida",James Gui,"error: Rate limited on GET https://api.spotify.com/v1/search: Spotify asked us to wait 86095s, above the 60s cap. Stopping instead of blocking — let it cool down before retrying.",,,,,,,,,,,,,,,,
"December 06, 2022",Que Bellas Son,Moncho y Su Banda,World,Independent Artist,"Charallave, Venezuela",Elle Carroll,"error: Rate limited on GET https://api.spotify.com/v1/search: Spotify asked us to wait 86094s, above the 60s cap. Stopping instead of blocking — let it cool down before retrying.",,,,,,,,,,,,,,,,
"December 05, 2022",Overtaker,Hammers of Misfortune,Metal,Hammers Of Misfortune,montana,Brad Sanders,"error: Rate limited on GET https://api.spotify.com/v1/search: Spotify asked us to wait 86094s, above the 60s cap. Stopping instead of blocking — let it cool down before retrying.",,,,,,,,,,,,,,,,
"December 02, 2022",Memoirs of a Dream,The Sea Ensemble,Jazz,Independent Artist,"New York, New York",John Morrison,"error: Rate limited on GET https://api.spotify.com/v1/search: Spotify asked us to wait 86094s, above the 60s cap. Stopping instead of blocking — let it cool down before retrying.",,,,,,,,,,,,,,,,
"December 01, 2022",Everything Returns,Black Ox Orkestar,Folk,Independent Artist,"Montreal, Québec",Yoni Kroll,"error: Rate limited on GET https://api.spotify.com/v1/search: Spotify asked us to wait 86094s, above the 60s cap. Stopping instead of blocking — let it cool down before retrying.",,,,,,,,,,,,,,,,
"November 30, 2022",I Turned Myself Into Myself,Shirt,Hip-Hop/Rap,Mello Music Group,"Tucson, Arizona",Blake Gillespie,"error: Rate limited on GET https://api.spotify.com/v1/search: Spotify asked us to wait 86093s, above the 60s cap. Stopping instead of blocking — let it cool down before retrying.",,,,,,,,,,,,,,,,
"November 29, 2022",Fireside Stories (Hebden Bridge circa 1971-1974),Trevor Beales,Folk,Independent Artist,"Hebden Bridge, UK",Elle Carroll,"error: Rate limited on GET https://api.spotify.com/v1/search: Spotify asked us to wait 86093s, above the 60s cap. Stopping instead of blocking — let it cool down before retrying.",,,,,,,,,,,,,,,,
"November 28, 2022",Flaming Swords,Fievel Is Glauque,Alternative,Independent Artist,"Brooklyn, New York",Miles Bowe,"error: Rate limited on GET https://api.spotify.com/v1/search: Spotify asked us to wait 86093s, above the 60s cap. Stopping instead of blocking — let it cool down before retrying.",,,,,,,,,,,,,,,,
"November 23, 2022",Genes,Lee Clarke,Electronic,Independent Artist,"Philadelphia, Pennsylvania",Ben Salmon,"error: Rate limited on GET https://api.spotify.com/v1/search: Spotify asked us to wait 86093s, above the 60s cap. Stopping instead of blocking — let it cool down before retrying.",,,,,,,,,,,,,,,,
"November 22, 2022",Alessandroni Proibito (Music from Red Light Films 1977​-​1980),Alessandro Alessandroni,Soundtrack,Four Flies Records,Italy,Elle Carroll,"error: Rate limited on GET https://api.spotify.com/v1/search: Spotify asked us to wait 86093s, above the 60s cap. Stopping instead of blocking — let it cool down before retrying.",,,,,,,,,,,,,,,,
"November 21, 2022",isomonstrosity,isomonstrosity,,Independent Artist,"New York, New York",John Morrison,"error: Rate limited on GET https://api.spotify.com/v1/search: Spotify asked us to wait 86092s, above the 60s cap. Stopping instead of blocking — let it cool down before retrying.",,,,,,,,,,,,,,,,
"November 18, 2022",Mirrored,Vanessa Wagner,Classical,Independent Artist,"Montreuil, France",Vanessa Ague,"error: Rate limited on GET https://api.spotify.com/v1/search: Spotify asked us to wait 86092s, above the 60s cap. Stopping instead of blocking — let it cool down before retrying.",,,,,,,,,,,,,,,,
"November 17, 2022",Atalaya,Dezron Douglas,,International Anthem,"Chicago, Illinois",John Morrison,"error: Rate limited on GET https://api.spotify.com/v1/search: Spotify asked us to wait 86092s, above the 60s cap. Stopping instead of blocking — let it cool down before retrying.",,,,,,,,,,,,,,,,
"November 16, 2022",Memoirs of Hi-Tech Jazz,Waajeed,Electronic,Independent Artist,"Detroit, Michigan",Piotr Orlov,"error: Rate limited on GET https://api.spotify.com/v1/search: Spotify asked us to wait 86092s, above the 60s cap. Stopping instead of blocking — let it cool down before retrying.",,,,,,,,,,,,,,,,
"November 15, 2022",Almanac Behind,Daniel Bachman,Experimental,Independent Artist,"Madison, Virginia",Katie Kurtz,"error: Rate limited on GET https://api.spotify.com/v1/search: Spotify asked us to wait 86092s, above the 60s cap. Stopping instead of blocking — let it cool down before retrying.",,,,,,,,,,,,,,,,
"November 14, 2022",Mariage,Wau Wau Collectif,World,Independent Artist,"Toubab Dialao, Senegal",Andy Beta,"error: Rate limited on GET https://api.spotify.com/v1/search: Spotify asked us to wait 86091s, above the 60s cap. Stopping instead of blocking — let it cool down before retrying.",,,,,,,,,,,,,,,,
"November 10, 2022",Pray 4 Tomorrow,Dumb,Rock,dumb,"Vancouver, British Columbia",Chloe Liebenthal,"error: Rate limited on GET https://api.spotify.com/v1/search: Spotify asked us to wait 86091s, above the 60s cap. Stopping instead of blocking — let it cool down before retrying.",,,,,,,,,,,,,,,,
"November 09, 2022",Endure,Special Interest,Punk,SPECIAL INTEREST,,Kerry Cardoza,"error: Rate limited on GET https://api.spotify.com/v1/search: Spotify asked us to wait 86091s, above the 60s cap. Stopping instead of blocking — let it cool down before retrying.",,,,,,,,,,,,,,,,
"November 08, 2022",The Living World’s Demands,Ami Dang,Experimental,Independent Artist,"Baltimore, Maryland",Vanessa Ague,"error: Rate limited on GET https://api.spotify.com/v1/search: Spotify asked us to wait 86091s, above the 60s cap. Stopping instead of blocking — let it cool down before retrying.",,,,,,,,,,,,,,,,
"November 07, 2022",Please Don’t Take Me Back,Martha,Punk,Independent Artist,"Durham, UK",Alex Deller,"error: Rate limited on GET https://api.spotify.com/v1/search: Spotify asked us to wait 86091s, above the 60s cap. Stopping instead of blocking — let it cool down before retrying.",,,,,,,,,,,,,,,,
"November 04, 2022",Comradely Objects,Horse Lords,Experimental,Independent Artist,"Baltimore, Maryland",Vanessa Ague,"error: Rate limited on GET https://api.spotify.com/v1/search: Spotify asked us to wait 86090s, above the 60s cap. Stopping instead of blocking — let it cool down before retrying.",,,,,,,,,,,,,,,,
"November 03, 2022",Marvin Tate’s D-Settlement,Marvin Tate’s D-Settlement,Rock,Marvin Tate&#39;s D-Settlement,"Chicago, Illinois",John Morrison,"error: Rate limited on GET https://api.spotify.com/v1/search: Spotify asked us to wait 86090s, above the 60s cap. Stopping instead of blocking — let it cool down before retrying.",,,,,,,,,,,,,,,,
"November 02, 2022",Meeting with a Judas Tree,Duval Timothy,,Independent Artist,"England, UK",John Morrison,"error: Rate limited on GET https://api.spotify.com/v1/search: Spotify asked us to wait 86090s, above the 60s cap. Stopping instead of blocking — let it cool down before retrying.",,,,,,,,,,,,,,,,
"November 01, 2022",Autumn Fair,Autumn Fair,Experimental,Recital,"Glendale, California",Shy Clara Thompson,"error: Rate limited on GET https://api.spotify.com/v1/search: Spotify asked us to wait 86090s, above the 60s cap. Stopping instead of blocking — let it cool down before retrying.",,,,,,,,,,,,,,,,
"October 31, 2022",Autonomy,Secret Shame,Rock,Independent Artist,"Asheville, North Carolina",Brad Cohan,"error: Rate limited on GET https://api.spotify.com/v1/search: Spotify asked us to wait 86090s, above the 60s cap. Stopping instead of blocking — let it cool down before retrying.",,,,,,,,,,,,,,,,
"October 28, 2022",yield,cktrl,,Independent Artist,"London, UK",Megan Iacobini de Fazio,"error: Rate limited on GET https://api.spotify.com/v1/search: Spotify asked us to wait 86089s, above the 60s cap. Stopping instead of blocking — let it cool down before retrying.",,,,,,,,,,,,,,,,
"October 27, 2022",Hit With The Most,Ribbon Stage,Punk,Independent Artist,"New York, New York",Ben Salmon,"error: Rate limited on GET https://api.spotify.com/v1/search: Spotify asked us to wait 86089s, above the 60s cap. Stopping instead of blocking — let it cool down before retrying.",,,,,,,,,,,,,,,,
"October 26, 2022",Síntesis Moderna: An Alternative Vision Of Argentinian Music 1980-1990,Various Artists,Electronic,Soundway Records,UK,Richard Villegas,"error: Rate limited on GET https://api.spotify.com/v1/search: Spotify asked us to wait 86089s, above the 60s cap. Stopping instead of blocking — let it cool down before retrying.",,,,,,,,,,,,,,,,
"October 25, 2022",N’Djila Wa Mudujimu,Lady Aicha & Pisko Crane’s Original Fulu Miziki of Kinshasa,,Nyege Nyege Tapes,"Kampala, Uganda",James Gui,"error: Rate limited on GET https://api.spotify.com/v1/search: Spotify asked us to wait 86089s, above the 60s cap. Stopping instead of blocking — let it cool down before retrying.",,,,,,,,,,,,,,,,
"October 24, 2022",Spells of Silence,Mt Fog,Alternative,Independent Artist,"Seattle, Washington",Patrick King,"error: Rate limited on GET https://api.spotify.com/v1/search: Spotify asked us to wait 86089s, above the 60s cap. Stopping instead of blocking — let it cool down before retrying.",,,,,,,,,,,,,,,,
"October 21, 2022",Pigments,Dawn Richard & Spencer Zahn,Ambient,DAWN,"Los Angeles, California",Ted Davis,"error: Rate limited on GET https://api.spotify.com/v1/search: Spotify asked us to wait 86088s, above the 60s cap. Stopping instead of blocking — let it cool down before retrying.",,,,,,,,,,,,,,,,
"October 20, 2022",劇變 (Jubian),Ripped to Shreds,Metal,Independent Artist,"San Jose, California",Colin Williams,"error: Rate limited on GET https://api.spotify.com/v1/search: Spotify asked us to wait 86088s, above the 60s cap. Stopping instead of blocking — let it cool down before retrying.",,,,,,,,,,,,,,,,
"October 19, 2022",Cyclorama,Ariel Zetina,Electronic,Independent Artist,"Chicago, Illinois",James Gui,"error: Rate limited on GET https://api.spotify.com/v1/search: Spotify asked us to wait 86088s, above the 60s cap. Stopping instead of blocking — let it cool down before retrying.",,,,,,,,,,,,,,,,
"October 18, 2022",YTI​⅃​A​Ǝ​Я,Bill Callahan,Alternative,Independent Artist,"Austin, Texas",Charlie Zaillian,"error: Rate limited on GET https://api.spotify.com/v1/search: Spotify asked us to wait 86088s, above the 60s cap. Stopping instead of blocking — let it cool down before retrying.",,,,,,,,,,,,,,,,
"October 17, 2022",COMETA,Nick Hakim,,Independent Artist,New York,John Morrison,"error: Rate limited on GET https://api.spotify.com/v1/search: Spotify asked us to wait 86088s, above the 60s cap. Stopping instead of blocking — let it cool down before retrying.",,,,,,,,,,,,,,,,
"October 14, 2022",Njyhi,Nok Cultural Ensemble,Jazz,Nok Cultural Ensemble,"London, UK",John Morrison,"error: Rate limited on GET https://api.spotify.com/v1/search: Spotify asked us to wait 86087s, above the 60s cap. Stopping instead of blocking — let it cool down before retrying.",,,,,,,,,,,,,,,,
"October 13, 2022",Building Something Beautiful For Me,Loraine James,,Independent Artist,"London, UK",John Morrison,"error: Rate limited on GET https://api.spotify.com/v1/search: Spotify asked us to wait 86087s, above the 60s cap. Stopping instead of blocking — let it cool down before retrying.",,,,,,,,,,,,,,,,
"October 12, 2022",Se Ve Desde Aquí,Mabe Fratti,Experimental,TAR / MM / UOH,,Vanessa Ague,"error: Rate limited on GET https://api.spotify.com/v1/search: Spotify asked us to wait 86087s, above the 60s cap. Stopping instead of blocking — let it cool down before retrying.",,,,,,,,,,,,,,,,
"October 11, 2022",a tape called component system with the auto reverse,Open Mike Eagle,Hip-Hop/Rap,Independent Artist,Los Angeles,Phillip Mlynar,"error: Rate limited on GET https://api.spotify.com/v1/search: Spotify asked us to wait 86087s, above the 60s cap. Stopping instead of blocking — let it cool down before retrying.",,,,,,,,,,,,,,,,
"October 10, 2022",A Square is a Shape of Power,Courtney and Brad,Rock,Independent Artist,"Providence, Rhode Island",Shy Clara Thompson,"error: Rate limited on GET https://api.spotify.com/v1/search: Spotify asked us to wait 86086s, above the 60s cap. Stopping instead of blocking — let it cool down before retrying.",,,,,,,,,,,,,,,,
"October 07, 2022",Capricorn Sun,TSHA,,Independent Artist,"London, UK",Amaya Garcia,"error: Rate limited on GET https://api.spotify.com/v1/search: Spotify asked us to wait 86086s, above the 60s cap. Stopping instead of blocking — let it cool down before retrying.",,,,,,,,,,,,,,,,
"October 06, 2022",Please Have a Seat,NNAMDÏ,,Independent Artist,"Chicago, Illinois",Anna White,"error: Rate limited on GET https://api.spotify.com/v1/search: Spotify asked us to wait 86086s, above the 60s cap. Stopping instead of blocking — let it cool down before retrying.",,,,,,,,,,,,,,,,
"October 05, 2022",An Orange Colored Day,Arima Ederra,,Independent Artist,"Los Angeles, California",Mercy Kassa,"error: Rate limited on GET https://api.spotify.com/v1/search: Spotify asked us to wait 86086s, above the 60s cap. Stopping instead of blocking — let it cool down before retrying.",,,,,,,,,,,,,,,,
"October 04, 2022",Blood In My Eye (A Soul Insurgent Guide),Konjur Collective,Experimental,Independent Artist,"Baltimore, Maryland",John Morrison,"error: Rate limited on GET https://api.spotify.com/v1/search: Spotify asked us to wait 86086s, above the 60s cap. Stopping instead of blocking — let it cool down before retrying.",,,,,,,,,,,,,,,,
"October 03, 2022",BodyLepsis,Gutterring,Electronic,gutterring,"London, UK",Joe Muggs,"error: Rate limited on GET https://api.spotify.com/v1/search: Spotify asked us to wait 86085s, above the 60s cap. Stopping instead of blocking — let it cool down before retrying.",,,,,,,,,,,,,,,,
"September 30, 2022",Living Sky,Sun Ra Arkestra,Jazz,Independent Artist,Alabama,Michael J. West,"error: Rate limited on GET https://api.spotify.com/v1/search: Spotify asked us to wait 86085s, above the 60s cap. Stopping instead of blocking — let it cool down before retrying.",,,,,,,,,,,,,,,,
"September 29, 2022",Patience of a Traitor,Saint Abdullah and Eomac,Experimental,Other People,"New York, New York",James Gui,"error: Rate limited on GET https://api.spotify.com/v1/search: Spotify asked us to wait 86085s, above the 60s cap. Stopping instead of blocking — let it cool down before retrying.",,,,,,,,,,,,,,,,
"September 28, 2022",The Muslim Highlife of Alhaji Waziri Oshomah,Alhaji Waziri Oshomah,World,Independent Artist,"Auchi, Nigeria",Andy Beta,"error: Rate limited on GET https://api.spotify.com/v1/search: Spotify asked us to wait 86085s, above the 60s cap. Stopping instead of blocking — let it cool down before retrying.",,,,,,,,,,,,,,,,
"September 27, 2022",Bourbonese Qualk,Bourbonese Qualk,Alternative,Mannequin Records,Germany,Michael Lawson,"error: Rate limited on GET https://api.spotify.com/v1/search: Spotify asked us to wait 86085s, above the 60s cap. Stopping instead of blocking — let it cool down before retrying.",,,,,,,,,,,,,,,,
"September 26, 2022",Searching in Grenoble: The 1978 Solo Piano Concert,Mal Waldron,Jazz,Tompkins Square,"San Francisco, California",Michael J. West,"error: Rate limited on GET https://api.spotify.com/v1/search: Spotify asked us to wait 86084s, above the 60s cap. Stopping instead of blocking — let it cool down before retrying.",,,,,,,,,,,,,,,,
"September 23, 2022",Weather Alive,Beth Orton,Alternative,Independent Artist,"London, UK",Will Pritchard,"error: Rate limited on GET https://api.spotify.com/v1/search: Spotify asked us to wait 86084s, above the 60s cap. Stopping instead of blocking — let it cool down before retrying.",,,,,,,,,,,,,,,,
"September 22, 2022",In These Times,Makaya McCraven,Jazz,International Anthem,"Chicago, Illinois",Stewart Smith,"error: Rate limited on GET https://api.spotify.com/v1/search: Spotify asked us to wait 86084s, above the 60s cap. Stopping instead of blocking — let it cool down before retrying.",,,,,,,,,,,,,,,,
"September 21, 2022",Conduit,Coby Sey,,Independent Artist,"London, UK",Mercy Kassa,"error: Rate limited on GET https://api.spotify.com/v1/search: Spotify asked us to wait 86084s, above the 60s cap. Stopping instead of blocking — let it cool down before retrying.",,,,,,,,,,,,,,,,
"September 20, 2022",In Paris,Star Feminine Band,World,STAR FEMININE BAND,"Natitingou, Benin",Megan Iacobini de Fazio,"error: Rate limited on GET https://api.spotify.com/v1/search: Spotify asked us to wait 86084s, above the 60s cap. Stopping instead of blocking — let it cool down before retrying.",,,,,,,,,,,,,,,,
"September 19, 2022",Last Spa on Earth,Divino Niño,Electronic,Independent Artist,"Chicago, Illinois",Richard Villegas,"error: Rate limited on GET https://api.spotify.com/v1/search: Spotify asked us to wait 86083s, above the 60s cap. Stopping instead of blocking — let it cool down before retrying.",,,,,,,,,,,,,,,,
"September 16, 2022",Energy Bar,Heaven For Real,Punk,Independent Artist,"Halifax, Nova Scotia",Hayden Merrick,"error: Rate limited on GET https://api.spotify.com/v1/search: Spotify asked us to wait 86083s, above the 60s cap. Stopping instead of blocking — let it cool down before retrying.",,,,,,,,,,,,,,,,
"September 15, 2022",Dreamkiller,Sumerlands,Metal,Independent Artist,"Philadelphia, Pennsylvania",Brad Sanders,"error: Rate limited on GET https://api.spotify.com/v1/search: Spotify asked us to wait 86083s, above the 60s cap. Stopping instead of blocking — let it cool down before retrying.",,,,,,,,,,,,,,,,
"September 14, 2022",Expert in a Dying Field,The Beths,Alternative,Independent Artist,"Auckland, New Zealand",Elle Carroll,"error: Rate limited on GET https://api.spotify.com/v1/search: Spotify asked us to wait 86083s, above the 60s cap. Stopping instead of blocking — let it cool down before retrying.",,,,,,,,,,,,,,,,
"September 13, 2022",Raw Space,Authentically Plastic,Electronic,HAKUNA KULALA,"Kampala, Uganda",James Gui,"error: Rate limited on GET https://api.spotify.com/v1/search: Spotify asked us to wait 86082s, above the 60s cap. Stopping instead of blocking — let it cool down before retrying.",,,,,,,,,,,,,,,,
"September 12, 2022",Infinite Zonez,Suzi Analogue,,Independent Artist,"Miami, Florida",Amaya Garcia,"error: Rate limited on GET https://api.spotify.com/v1/search: Spotify asked us to wait 86082s, above the 60s cap. Stopping instead of blocking — let it cool down before retrying.",,,,,,,,,,,,,,,,
"September 09, 2022",Natural Brown Prom Queen,Sudan Archives,R&amp;B/Soul,Independent Artist,"Los Angeles, California",Tasha Viets-VanLear,"error: Rate limited on GET https://api.spotify.com/v1/search: Spotify asked us to wait 86082s, above the 60s cap. Stopping instead of blocking — let it cool down before retrying.",,,,,,,,,,,,,,,,
"September 08, 2022",I Like it When You Smile,S. Raekwon,,Independent Artist,"New York, New York",Antoinette Isama,"error: Rate limited on GET https://api.spotify.com/v1/search: Spotify asked us to wait 86082s, above the 60s cap. Stopping instead of blocking — let it cool down before retrying.",,,,,,,,,,,,,,,,
"September 07, 2022",Whipped Stream and Other Earthly Delights,Moth Cock,Experimental,Independent Artist,"Kent, Ohio",Leah B. Levinson,"error: Rate limited on GET https://api.spotify.com/v1/search: Spotify asked us to wait 86082s, above the 60s cap. Stopping instead of blocking — let it cool down before retrying.",,,,,,,,,,,,,,,,
"September 06, 2022",Like Neptune,Son Little,,Independent Artist,"Philadelphia, Pennsylvania",John Morrison,"error: Rate limited on GET https://api.spotify.com/v1/search: Spotify asked us to wait 86081s, above the 60s cap. Stopping instead of blocking — let it cool down before retrying.",,,,,,,,,,,,,,,,
"September 02, 2022",Dreaming Kind,The Orchids,Punk,Independent Artist,"Glasgow, UK",Jude Noel,"error: Rate limited on GET https://api.spotify.com/v1/search: Spotify asked us to wait 86081s, above the 60s cap. Stopping instead of blocking — let it cool down before retrying.",,,,,,,,,,,,,,,,
"September 01, 2022",Heaven Come Crashing,Rachika Nayar,,Independent Artist,"Los Angeles, California",Amaya Garcia,"error: Rate limited on GET https://api.spotify.com/v1/search: Spotify asked us to wait 86081s, above the 60s cap. Stopping instead of blocking — let it cool down before retrying.",,,,,,,,,,,,,,,,
"August 31, 2022",Lion Piss + Arm Vulnerability,Genital Shame,Metal,Independent Artist,"Los Angeles, California",Leah B. Levinson,"error: Rate limited on GET https://api.spotify.com/v1/search: Spotify asked us to wait 86081s, above the 60s cap. Stopping instead of blocking — let it cool down before retrying.",,,,,,,,,,,,,,,,
"August 30, 2022",Xia Ye,Night Swimmer,Electronic,Independent Artist,"Wuhan, China",Andy Beta,"error: Rate limited on GET https://api.spotify.com/v1/search: Spotify asked us to wait 86080s, above the 60s cap. Stopping instead of blocking — let it cool down before retrying.",,,,,,,,,,,,,,,,
"August 29, 2022",S3RP3NT,Mona Demone,,Ratskin Records,"Oakland, California",Andi Harriman,"error: Rate limited on GET https://api.spotify.com/v1/search: Spotify asked us to wait 86080s, above the 60s cap. Stopping instead of blocking — let it cool down before retrying.",,,,,,,,,,,,,,,,
"August 26, 2022",Rest,Thanya Iyer,,Independent Artist,"Montreal, Québec",Ruth Jiang,"error: Rate limited on GET https://api.spotify.com/v1/search: Spotify asked us to wait 86080s, above the 60s cap. Stopping instead of blocking — let it cool down before retrying.",,,,,,,,,,,,,,,,
"August 25, 2022",First of the Brooklyn Cowgirls,Mimi Roman,Country,Independent Artist,"Brooklyn, New York",Ben Salmon,"error: Rate limited on GET https://api.spotify.com/v1/search: Spotify asked us to wait 86080s, above the 60s cap. Stopping instead of blocking — let it cool down before retrying.",,,,,,,,,,,,,,,,
"August 24, 2022",Vortex,Terence Etc.,Experimental,Independent Artist,"Brooklyn, New York",Nicolas-Tyrell Scott,"error: Rate limited on GET https://api.spotify.com/v1/search: Spotify asked us to wait 86080s, above the 60s cap. Stopping instead of blocking — let it cool down before retrying.",,,,,,,,,,,,,,,,
"August 23, 2022",Let’s Turn It Into Sound,Kaitlyn Aurelia Smith,Electronic,Independent Artist,"Los Angeles, California",Ted Davis,"error: Rate limited on GET https://api.spotify.com/v1/search: Spotify asked us to wait 86079s, above the 60s cap. Stopping instead of blocking — let it cool down before retrying.",,,,,,,,,,,,,,,,
"August 22, 2022",Green of Winter,Battle Trance,Classical,Independent Artist,New York,Alex Heigl,"error: Rate limited on GET https://api.spotify.com/v1/search: Spotify asked us to wait 86079s, above the 60s cap. Stopping instead of blocking — let it cool down before retrying.",,,,,,,,,,,,,,,,
"August 19, 2022",Recordar É Viver: Antologia Vol​.​1,Pedro Lima,World,Independent Artist,"Sao Tome, São Tomé and Príncipe",Andy Beta,"error: Rate limited on GET https://api.spotify.com/v1/search: Spotify asked us to wait 86079s, above the 60s cap. Stopping instead of blocking — let it cool down before retrying.",,,,,,,,,,,,,,,,
"August 18, 2022",In The Fade,Tony Molina,Rock,Independent Artist,"San Francisco, California",Charlie Zaillian,"error: Rate limited on GET https://api.spotify.com/v1/search: Spotify asked us to wait 86079s, above the 60s cap. Stopping instead of blocking — let it cool down before retrying.",,,,,,,,,,,,,,,,
"August 17, 2022",Hypnotic Guitar of John Ondolo,John Ondolo,Acoustic,Mississippi Records,"New York, New York",Andy Beta,"error: Rate limited on GET https://api.spotify.com/v1/search: Spotify asked us to wait 86079s, above the 60s cap. Stopping instead of blocking — let it cool down before retrying.",,,,,,,,,,,,,,,,
"August 16, 2022",Ever Crashing,SRSQ,Alternative,Independent Artist,"Los Angeles, California",Jude Noel,"error: Rate limited on GET https://api.spotify.com/v1/search: Spotify asked us to wait 86078s, above the 60s cap. Stopping instead of blocking — let it cool down before retrying.",,,,,,,,,,,,,,,,
"August 15, 2022",Mutualism,SAUL,Electronic,Rhythm Section International,"London, UK",John Morrison,"error: Rate limited on GET https://api.spotify.com/v1/search: Spotify asked us to wait 86078s, above the 60s cap. Stopping instead of blocking — let it cool down before retrying.",,,,,,,,,,,,,,,,
"August 12, 2022",Up Against The Wall; A Degree Of Lunacy,YUNGMORPHEUS & THERAVADA,Hip-Hop/Rap,YUNGMORPHEUS,"Los Angeles, California",Phillip Mlynar,"error: Rate limited on GET https://api.spotify.com/v1/search: Spotify asked us to wait 86078s, above the 60s cap. Stopping instead of blocking — let it cool down before retrying.",,,,,,,,,,,,,,,,
"August 11, 2022",a lot’s gonna change,Claude,Pop,Independent Artist,"Chicago, Illinois",Elle Carroll,"error: Rate limited on GET https://api.spotify.com/v1/search: Spotify asked us to wait 86078s, above the 60s cap. Stopping instead of blocking — let it cool down before retrying.",,,,,,,,,,,,,,,,
"August 10, 2022","I Survived, It’s Over",Rich Ruth,Ambient,Independent Artist,"Nashville, Tennessee",Piotr Orlov,"error: Rate limited on GET https://api.spotify.com/v1/search: Spotify asked us to wait 86077s, above the 60s cap. Stopping instead of blocking — let it cool down before retrying.",,,,,,,,,,,,,,,,
"August 09, 2022",Morir y Renacer,Conjunto Primitivo,Electronic,Chicago Research,"Chicago, Illinois",Richard Villegas,"error: Rate limited on GET https://api.spotify.com/v1/search: Spotify asked us to wait 86077s, above the 60s cap. Stopping instead of blocking — let it cool down before retrying.",,,,,,,,,,,,,,,,
"August 08, 2022",American Rituals,Cheri Knight,Experimental,Independent Artist,"Olympia, Washington",Erin Margaret Day,"error: Rate limited on GET https://api.spotify.com/v1/search: Spotify asked us to wait 86077s, above the 60s cap. Stopping instead of blocking — let it cool down before retrying.",,,,,,,,,,,,,,,,
"August 05, 2022",Marci,Marci,Pop,Independent Artist,"Montreal, Québec",Tasha Viets-VanLear,"error: Rate limited on GET https://api.spotify.com/v1/search: Spotify asked us to wait 86077s, above the 60s cap. Stopping instead of blocking — let it cool down before retrying.",,,,,,,,,,,,,,,,
"August 04, 2022",Crowd Can Talk,Lifeguard,Rock,Independent Artist,"Chicago, Illinois",Erin Margaret Day,"error: Rate limited on GET https://api.spotify.com/v1/search: Spotify asked us to wait 86077s, above the 60s cap. Stopping instead of blocking — let it cool down before retrying.",,,,,,,,,,,,,,,,
"August 03, 2022",Soothsayer,Kyle Kidd,R&amp;B/Soul,Independent Artist,"Cleveland, Ohio",Erin Margaret Day,"error: Rate limited on GET https://api.spotify.com/v1/search: Spotify asked us to wait 86076s, above the 60s cap. Stopping instead of blocking — let it cool down before retrying.",,,,,,,,,,,,,,,,
"August 02, 2022",Chopper,Kiwi Jr.,Rock,Kiwi jr,"Toronto, Ontario",Hayden Merrick,"error: Rate limited on GET https://api.spotify.com/v1/search: Spotify asked us to wait 86076s, above the 60s cap. Stopping instead of blocking — let it cool down before retrying.",,,,,,,,,,,,,,,,
"August 01, 2022",Mental Picture,Sarah Bethe Nelson,Rock,Independent Artist,"San Francisco, California",Elle Carroll,"error: Rate limited on GET https://api.spotify.com/v1/search: Spotify asked us to wait 86076s, above the 60s cap. Stopping instead of blocking — let it cool down before retrying.",,,,,,,,,,,,,,,,
"July 29, 2022",P​.​O​.​C (Proof of Concept),Zenizen,R&amp;B/Soul,Independent Artist,"Brooklyn, New York",Tasha Viets-VanLear,"error: Rate limited on GET https://api.spotify.com/v1/search: Spotify asked us to wait 86076s, above the 60s cap. Stopping instead of blocking — let it cool down before retrying.",,,,,,,,,,,,,,,,
"July 28, 2022",Summons,Heart of the Ghost,Jazz,Independent Artist,"Washington, D.C.",John Morrison,"error: Rate limited on GET https://api.spotify.com/v1/search: Spotify asked us to wait 86076s, above the 60s cap. Stopping instead of blocking — let it cool down before retrying.",,,,,,,,,,,,,,,,
"July 27, 2022",Sons Of,Sam Prekop and John McEntire,Experimental,Sam Prekop,"Chicago, Illinois",Piotr Orlov,"error: Rate limited on GET https://api.spotify.com/v1/search: Spotify asked us to wait 86075s, above the 60s cap. Stopping instead of blocking — let it cool down before retrying.",,,,,,,,,,,,,,,,
"July 26, 2022",Sedale Threat,Wrecking Crew,Hip-Hop/Rap,Independent Artist,"Philadelphia, Pennsylvania",Blake Gillespie,"error: Rate limited on GET https://api.spotify.com/v1/search: Spotify asked us to wait 86075s, above the 60s cap. Stopping instead of blocking — let it cool down before retrying.",,,,,,,,,,,,,,,,
"July 25, 2022",Hiss,Wormrot,Metal,Independent Artist,Singapore,Colin Williams,"error: Rate limited on GET https://api.spotify.com/v1/search: Spotify asked us to wait 86075s, above the 60s cap. Stopping instead of blocking — let it cool down before retrying.",,,,,,,,,,,,,,,,
"July 22, 2022",The Antidote Suite,JoVia Armstrong & Eunoia Society,Jazz,JoVia Armstrong &amp; Eunoia Society,"Detroit, Michigan",Piotr Orlov,"error: Rate limited on GET https://api.spotify.com/v1/search: Spotify asked us to wait 86075s, above the 60s cap. Stopping instead of blocking — let it cool down before retrying.",,,,,,,,,,,,,,,,
"July 21, 2022",Emahoy Tsege Mariam Gebru,Emahoy Tsege Mariam Gebru,Classical,Independent Artist,"Addis Ababa, Ethiopia",Mercy Kassa,"error: Rate limited on GET https://api.spotify.com/v1/search: Spotify asked us to wait 86075s, above the 60s cap. Stopping instead of blocking — let it cool down before retrying.",,,,,,,,,,,,,,,,
"July 20, 2022",Belief,Belief,Electronic,Independent Artist,"Los Angeles, California",James Gui,"error: Rate limited on GET https://api.spotify.com/v1/search: Spotify asked us to wait 86074s, above the 60s cap. Stopping instead of blocking — let it cool down before retrying.",,,,,,,,,,,,,,,,
"July 19, 2022","Hello, Hi",Ty Segall,Rock,Independent Artist,"Los Angeles, California",Elle Carroll,"error: Rate limited on GET https://api.spotify.com/v1/search: Spotify asked us to wait 86074s, above the 60s cap. Stopping instead of blocking — let it cool down before retrying.",,,,,,,,,,,,,,,,
"July 18, 2022",Ima ایما,Tegh & Adel Poursamadi,Ambient,Tegh,"Tehran, Iran",Will Pritchard,"error: Rate limited on GET https://api.spotify.com/v1/search: Spotify asked us to wait 86074s, above the 60s cap. Stopping instead of blocking — let it cool down before retrying.",,,,,,,,,,,,,,,,
"July 15, 2022",Spectral,Madeline Cocolas,Ambient,Madeleine Cocolas,"Tokyo, Japan",Ted Davis,"error: Rate limited on GET https://api.spotify.com/v1/search: Spotify asked us to wait 86074s, above the 60s cap. Stopping instead of blocking — let it cool down before retrying.",,,,,,,,,,,,,,,,
"July 14, 2022",Connection,The Maghreban,Electronic,Independent Artist,"London, UK",Andy Beta,"error: Rate limited on GET https://api.spotify.com/v1/search: Spotify asked us to wait 86073s, above the 60s cap. Stopping instead of blocking — let it cool down before retrying.",,,,,,,,,,,,,,,,
"July 13, 2022",Renaissance,DoomCannon,Jazz,Independent Artist,"London, UK",John Morrison,"error: Rate limited on GET https://api.spotify.com/v1/search: Spotify asked us to wait 86073s, above the 60s cap. Stopping instead of blocking — let it cool down before retrying.",,,,,,,,,,,,,,,,
"July 12, 2022",Bigger Sprout,Lawn,Rock,Independent Artist,"New Orleans, Louisiana",Charlie Zaillian,"error: Rate limited on GET https://api.spotify.com/v1/search: Spotify asked us to wait 86073s, above the 60s cap. Stopping instead of blocking — let it cool down before retrying.",,,,,,,,,,,,,,,,
"July 11, 2022",LOGGERHEAD,Wu-Lu,Alternative,Independent Artist,"London, UK",Joe Muggs,"error: Rate limited on GET https://api.spotify.com/v1/search: Spotify asked us to wait 86073s, above the 60s cap. Stopping instead of blocking — let it cool down before retrying.",,,,,,,,,,,,,,,,
"July 08, 2022",Spirit Exit,Caterina Barbieri,Ambient,caterina barbieri,"Berlin, Germany",Vanessa Ague,"error: Rate limited on GET https://api.spotify.com/v1/search: Spotify asked us to wait 86073s, above the 60s cap. Stopping instead of blocking — let it cool down before retrying.",,,,,,,,,,,,,,,,
"July 07, 2022",The Real Work,Party Dozen,Rock,Independent Artist,"Sydney, Australia",Brad Cohan,"error: Rate limited on GET https://api.spotify.com/v1/search: Spotify asked us to wait 86072s, above the 60s cap. Stopping instead of blocking — let it cool down before retrying.",,,,,,,,,,,,,,,,
"July 06, 2022",Beanna,Mejiwahn,Experimental,mejiwahn,"Oakland, California",Tasha Viets-VanLear,"error: Rate limited on GET https://api.spotify.com/v1/search: Spotify asked us to wait 86072s, above the 60s cap. Stopping instead of blocking — let it cool down before retrying.",,,,,,,,,,,,,,,,
"July 05, 2022",Human Capital,Bad Breeding,Punk,Independent Artist,"Stevenage, UK",Kerry Cardoza,"error: Rate limited on GET https://api.spotify.com/v1/search: Spotify asked us to wait 86072s, above the 60s cap. Stopping instead of blocking — let it cool down before retrying.",,,,,,,,,,,,,,,,
"July 01, 2022",Killed By Mock Execution,Mock Execution,Punk,LA VIDA ES UN MUS DISCOS,"London, UK",Kerry Cardoza,"error: Rate limited on GET https://api.spotify.com/v1/search: Spotify asked us to wait 86072s, above the 60s cap. Stopping instead of blocking — let it cool down before retrying.",,,,,,,,,,,,,,,,
"June 30, 2022",Páthos,Conjurer,Metal,Independent Artist,"Rugby, UK",Colin Williams,"error: Rate limited on GET https://api.spotify.com/v1/search: Spotify asked us to wait 86071s, above the 60s cap. Stopping instead of blocking — let it cool down before retrying.",,,,,,,,,,,,,,,,
"June 28, 2022",The Spur,Joan Shelley,Folk,Independent Artist,"Louisville, Kentucky",Peter Margasak,"error: Rate limited on GET https://api.spotify.com/v1/search: Spotify asked us to wait 86071s, above the 60s cap. Stopping instead of blocking — let it cool down before retrying.",,,,,,,,,,,,,,,,
"June 27, 2022",The Evil One,Nervus,Rock,Independent Artist,"Watford, UK",Charlie Zaillian,"error: Rate limited on GET https://api.spotify.com/v1/search: Spotify asked us to wait 86071s, above the 60s cap. Stopping instead of blocking — let it cool down before retrying.",,,,,,,,,,,,,,,,
"June 24, 2022",Heaven Is Here,Candy,Metal,Independent Artist,,Spencer Hughes,"error: Rate limited on GET https://api.spotify.com/v1/search: Spotify asked us to wait 86071s, above the 60s cap. Stopping instead of blocking — let it cool down before retrying.",,,,,,,,,,,,,,,,
"June 23, 2022",Aura,Hatis Noit,Experimental,Independent Artist,"London, UK",James Gui,"error: Rate limited on GET https://api.spotify.com/v1/search: Spotify asked us to wait 86071s, above the 60s cap. Stopping instead of blocking — let it cool down before retrying.",,,,,,,,,,,,,,,,
"June 22, 2022",King Cobra,Infinity Knives & Brian Ennals,Hip-Hop/Rap,INFINITY KNIVES,"Baltimore, Maryland",Phillip Mlynar,"error: Rate limited on GET https://api.spotify.com/v1/search: Spotify asked us to wait 86070s, above the 60s cap. Stopping instead of blocking — let it cool down before retrying.",,,,,,,,,,,,,,,,
"June 21, 2022",Seabed​-​Sunbath,Loris S. Sarid,Ambient,Loris S Sarid,"Glasgow, UK",Eli Schoop,"error: Rate limited on GET https://api.spotify.com/v1/search: Spotify asked us to wait 86070s, above the 60s cap. Stopping instead of blocking — let it cool down before retrying.",,,,,,,,,,,,,,,,
"June 20, 2022",Color Me Country: 2022 Remaster,Linda Martell,Country,Independent Artist,"Batesburg Leesville, South Carolina",Jim Allen,"error: Rate limited on GET https://api.spotify.com/v1/search: Spotify asked us to wait 86070s, above the 60s cap. Stopping instead of blocking — let it cool down before retrying.",,,,,,,,,,,,,,,,
"June 17, 2022",Pink Dolphins,Anteloper,Jazz,International Anthem,"Chicago, Illinois",Michael J. West,"error: Rate limited on GET https://api.spotify.com/v1/search: Spotify asked us to wait 86070s, above the 60s cap. Stopping instead of blocking — let it cool down before retrying.",,,,,,,,,,,,,,,,
"June 16, 2022",Love Is Yours,Flasher,Rock,Independent Artist,"Washington, D.C.",Charlie Zaillian,"error: Rate limited on GET https://api.spotify.com/v1/search: Spotify asked us to wait 86069s, above the 60s cap. Stopping instead of blocking — let it cool down before retrying.",,,,,,,,,,,,,,,,
"June 15, 2022",I Told Bessie,ELUCID,Hip-Hop/Rap,E L U C I D,New York,Nadine Smith,"error: Rate limited on GET https://api.spotify.com/v1/search: Spotify asked us to wait 86069s, above the 60s cap. Stopping instead of blocking — let it cool down before retrying.",,,,,,,,,,,,,,,,
"June 14, 2022",Ndikho Xaba and the Natives,Ndikho Xaba and the Natives,Jazz,Mississippi Records,"New York, New York",John Morrison,"error: Rate limited on GET https://api.spotify.com/v1/search: Spotify asked us to wait 86069s, above the 60s cap. Stopping instead of blocking — let it cool down before retrying.",,,,,,,,,,,,,,,,
"June 13, 2022",Kind Blade,MJ Noble,Experimental,Independent Artist,"Los Angeles, California",Elle Carroll,"error: Rate limited on GET https://api.spotify.com/v1/search: Spotify asked us to wait 86069s, above the 60s cap. Stopping instead of blocking — let it cool down before retrying.",,,,,,,,,,,,,,,,
"June 10, 2022",Persecution of the Living,Grave Infestation,Metal,Invictus Productions,"Dublin, Ireland",Sarah Kitteringham,"error: Rate limited on GET https://api.spotify.com/v1/search: Spotify asked us to wait 86068s, above the 60s cap. Stopping instead of blocking — let it cool down before retrying.",,,,,,,,,,,,,,,,
"June 09, 2022",BRC Vol. 2,Black Rave Culture,Electronic,Independent Artist,"Washington, D.C.",James Gui,"error: Rate limited on GET https://api.spotify.com/v1/search: Spotify asked us to wait 86068s, above the 60s cap. Stopping instead of blocking — let it cool down before retrying.",,,,,,,,,,,,,,,,
"June 08, 2022",Justice – The Vocal Works of Oliver Lake,Sonic Liberation Front,Jazz,High Two,"Philadelphia, Pennsylvania",John Morrison,"error: Rate limited on GET https://api.spotify.com/v1/search: Spotify asked us to wait 86068s, above the 60s cap. Stopping instead of blocking — let it cool down before retrying.",,,,,,,,,,,,,,,,
"June 07, 2022",Beja Power! Electric Soul & Brass from Sudan’s Red Sea Coast,Noori & His Dorpa Band,World,Ostinato Records,"New York, New York",Joshua Minsoo Kim,"error: Rate limited on GET https://api.spotify.com/v1/search: Spotify asked us to wait 86068s, above the 60s cap. Stopping instead of blocking — let it cool down before retrying.",,,,,,,,,,,,,,,,
"June 06, 2022",SUKISTAN,EMÆNUEL,Experimental,Independent Artist,"London, UK",Andy Beta,"error: Rate limited on GET https://api.spotify.com/v1/search: Spotify asked us to wait 86068s, above the 60s cap. Stopping instead of blocking — let it cool down before retrying.",,,,,,,,,,,,,,,,
"June 03, 2022",Síntomas de Techno: Ondas Electrónicas Subterráneas desde Perú (1985​-​1991),Various Artists,Experimental,Buh Records,"Lima, Peru",Jinhyung Kim,"error: Rate limited on GET https://api.spotify.com/v1/search: Spotify asked us to wait 86067s, above the 60s cap. Stopping instead of blocking — let it cool down before retrying.",,,,,,,,,,,,,,,,
"June 02, 2022",Flying Doesn’t Help,Anthony Moore,Experimental,Independent Artist,"Saint Leonards, UK",Sunik Kim,"error: Rate limited on GET https://api.spotify.com/v1/search: Spotify asked us to wait 86067s, above the 60s cap. Stopping instead of blocking — let it cool down before retrying.",,,,,,,,,,,,,,,,
"June 01, 2022",The Afrorack,Afrorack,Electronic,HAKUNA KULALA,"Kampala, Uganda",John Morrison,"error: Rate limited on GET https://api.spotify.com/v1/search: Spotify asked us to wait 86067s, above the 60s cap. Stopping instead of blocking — let it cool down before retrying.",,,,,,,,,,,,,,,,
"May 31, 2022",Hyaline,Maria BC,Ambient,Independent Artist,,Ted Davis,"error: Rate limited on GET https://api.spotify.com/v1/search: Spotify asked us to wait 86067s, above the 60s cap. Stopping instead of blocking — let it cool down before retrying.",,,,,,,,,,,,,,,,
"May 27, 2022",Gone Girl,Magi Merlin,R&amp;B/Soul,Independent Artist,"Montreal, Québec",Brittny Pierre,"error: Rate limited on GET https://api.spotify.com/v1/search: Spotify asked us to wait 86066s, above the 60s cap. Stopping instead of blocking — let it cool down before retrying.",,,,,,,,,,,,,,,,
"May 25, 2022",Pripyat,Marina Herlop,Experimental,Independent Artist,"Barcelona, Spain",Sam McLemore,"error: Rate limited on GET https://api.spotify.com/v1/search: Spotify asked us to wait 86066s, above the 60s cap. Stopping instead of blocking — let it cool down before retrying.",,,,,,,,,,,,,,,,
"May 24, 2022",Inside Out,Tourist,Electronic,Independent Artist,"London, UK",Will Pritchard,"error: Rate limited on GET https://api.spotify.com/v1/search: Spotify asked us to wait 86066s, above the 60s cap. Stopping instead of blocking — let it cool down before retrying.",,,,,,,,,,,,,,,,
"May 23, 2022",Personal Computer,Master Boot Record,Metal,MASTER BOOT RECORD,"Rome, Italy",Andrew Parks,"error: Rate limited on GET https://api.spotify.com/v1/search: Spotify asked us to wait 86066s, above the 60s cap. Stopping instead of blocking — let it cool down before retrying.",,,,,,,,,,,,,,,,
"May 20, 2022",Face the Wall,Jordana,Alternative,Independent Artist,"Los Angeles, California",Ruth Jiang,"error: Rate limited on GET https://api.spotify.com/v1/search: Spotify asked us to wait 86065s, above the 60s cap. Stopping instead of blocking — let it cool down before retrying.",,,,,,,,,,,,,,,,
"May 19, 2022",DEATHFAME,Quelle Chris,Hip-Hop/Rap,Independent Artist,"Detroit, Michigan",Phillip Mlynar,"error: Rate limited on GET https://api.spotify.com/v1/search: Spotify asked us to wait 86065s, above the 60s cap. Stopping instead of blocking — let it cool down before retrying.",,,,,,,,,,,,,,,,
"May 18, 2022",EG2: Dowsing Voice,Emma Ruth Rundle,Experimental,Independent Artist,"Portland, Oregon",Amaya Garcia,"error: Rate limited on GET https://api.spotify.com/v1/search: Spotify asked us to wait 86065s, above the 60s cap. Stopping instead of blocking — let it cool down before retrying.",,,,,,,,,,,,,,,,
"May 17, 2022",A Light for Attracting Attention,The Smile,Alternative,Independent Artist,"Oxford, UK",Andy Beta,"error: Rate limited on GET https://api.spotify.com/v1/search: Spotify asked us to wait 86065s, above the 60s cap. Stopping instead of blocking — let it cool down before retrying.",,,,,,,,,,,,,,,,
"May 16, 2022",Bi Cinnete Bakar,Lalalar,Funk,Independent Artist,"İstanbul, Turkey",Joshua Minsoo Kim,"error: Rate limited on GET https://api.spotify.com/v1/search: Spotify asked us to wait 86065s, above the 60s cap. Stopping instead of blocking — let it cool down before retrying.",,,,,,,,,,,,,,,,
"May 13, 2022",The Last Thing Left,Say Sue Me,Rock,Say Sue Me 세이수미,"Busan, South Korea",Jude Noel,"error: Rate limited on GET https://api.spotify.com/v1/search: Spotify asked us to wait 86064s, above the 60s cap. Stopping instead of blocking — let it cool down before retrying.",,,,,,,,,,,,,,,,
"May 12, 2022",Phototroph,Moon Tooth,Rock,Independent Artist,,Brad Sanders,"error: Rate limited on GET https://api.spotify.com/v1/search: Spotify asked us to wait 86064s, above the 60s cap. Stopping instead of blocking — let it cool down before retrying.",,,,,,,,,,,,,,,,
"May 11, 2022",The Rise & Fall Of Jaymie Silk & Rave Culture,Jaymie Silk,Electronic,Independent Artist,"Paris, France",Joe Muggs,"error: Rate limited on GET https://api.spotify.com/v1/search: Spotify asked us to wait 86064s, above the 60s cap. Stopping instead of blocking — let it cool down before retrying.",,,,,,,,,,,,,,,,
"May 10, 2022",Regrowth,Kalia Vandever,Classical,Independent Artist,"Brooklyn, New York",Vanessa Ague,"error: Rate limited on GET https://api.spotify.com/v1/search: Spotify asked us to wait 86064s, above the 60s cap. Stopping instead of blocking — let it cool down before retrying.",,,,,,,,,,,,,,,,
"May 09, 2022",Hydroplane,Hydroplane,Alternative,Independent Artist,"Melbourne, Australia",Shy Clara Thompson,"error: Rate limited on GET https://api.spotify.com/v1/search: Spotify asked us to wait 86064s, above the 60s cap. Stopping instead of blocking — let it cool down before retrying.",,,,,,,,,,,,,,,,
"May 06, 2022",A Bit of Previous,Belle & Sebastian,Alternative,Belle and Sebastian,"Glasgow, UK",Charlie Zaillian,"error: Rate limited on GET https://api.spotify.com/v1/search: Spotify asked us to wait 86063s, above the 60s cap. Stopping instead of blocking — let it cool down before retrying.",,,,,,,,,,,,,,,,
"May 05, 2022",A Chant About the Beauty of the Moon at Night: Hawaiian Steel Guitar Masters 1913-1921,Various Artists,,Magnificent Sounds Records,"Buffalo, New York",Shy Clara Thompson,"error: Rate limited on GET https://api.spotify.com/v1/search: Spotify asked us to wait 86063s, above the 60s cap. Stopping instead of blocking — let it cool down before retrying.",,,,,,,,,,,,,,,,
"May 04, 2022",Air Born,Varnrable,Alternative,Independent Artist,"Copenhagen, Denmark",Elle Carroll,"error: Rate limited on GET https://api.spotify.com/v1/search: Spotify asked us to wait 86063s, above the 60s cap. Stopping instead of blocking — let it cool down before retrying.",,,,,,,,,,,,,,,,
"May 03, 2022",Where’s The One?,Congotronics International,Rock,Independent Artist,,Andy Beta,"error: Rate limited on GET https://api.spotify.com/v1/search: Spotify asked us to wait 86063s, above the 60s cap. Stopping instead of blocking — let it cool down before retrying.",,,,,,,,,,,,,,,,
"May 02, 2022",No Island,Winged Wheel,Experimental,Winged Wheel,"Detroit, Michigan",Erin Margaret Day,"error: Rate limited on GET https://api.spotify.com/v1/search: Spotify asked us to wait 86063s, above the 60s cap. Stopping instead of blocking — let it cool down before retrying.",,,,,,,,,,,,,,,,
"April 29, 2022",… y que Calvos!,Los Calvos,Latin,Independent Artist,"Caracas, Venezuela",Richard Villegas,"error: Rate limited on GET https://api.spotify.com/v1/search: Spotify asked us to wait 86062s, above the 60s cap. Stopping instead of blocking — let it cool down before retrying.",,,,,,,,,,,,,,,,
"April 28, 2022",Void,SCALPING,Electronic,SCALER,"Bristol, UK",Colin Joyce,"error: Rate limited on GET https://api.spotify.com/v1/search: Spotify asked us to wait 86062s, above the 60s cap. Stopping instead of blocking — let it cool down before retrying.",,,,,,,,,,,,,,,,
"April 27, 2022",WEMA,WEMA,World,Independent Artist,"London, UK",Piotr Orlov,"error: Rate limited on GET https://api.spotify.com/v1/search: Spotify asked us to wait 86062s, above the 60s cap. Stopping instead of blocking — let it cool down before retrying.",,,,,,,,,,,,,,,,
"April 26, 2022",everything perfect is already here,claire rousay,Experimental,Independent Artist,"Los Angeles, California",Miles Bowe,"error: Rate limited on GET https://api.spotify.com/v1/search: Spotify asked us to wait 86061s, above the 60s cap. Stopping instead of blocking — let it cool down before retrying.",,,,,,,,,,,,,,,,
"April 25, 2022",Crime of Passing,Crime of Passing,Punk,Independent Artist,"Cincinnati, Ohio",Kerry Cardoza,"error: Rate limited on GET https://api.spotify.com/v1/search: Spotify asked us to wait 86061s, above the 60s cap. Stopping instead of blocking — let it cool down before retrying.",,,,,,,,,,,,,,,,
"April 22, 2022",HOP HOP,Tigris,Funk,Independent Artist,"Tel Aviv, Israel",Dave Jenkins,"error: Rate limited on GET https://api.spotify.com/v1/search: Spotify asked us to wait 86061s, above the 60s cap. Stopping instead of blocking — let it cool down before retrying.",,,,,,,,,,,,,,,,
"April 21, 2022",imagine naked!,OHYUNG,Ambient,Independent Artist,"New York, New York",Ruth Jiang,"error: Rate limited on GET https://api.spotify.com/v1/search: Spotify asked us to wait 86061s, above the 60s cap. Stopping instead of blocking — let it cool down before retrying.",,,,,,,,,,,,,,,,
"April 20, 2022",Incubator,Primer,Alternative,Independent Artist,"Los Angeles, California",Tasha Viets-VanLear,"error: Rate limited on GET https://api.spotify.com/v1/search: Spotify asked us to wait 86061s, above the 60s cap. Stopping instead of blocking — let it cool down before retrying.",,,,,,,,,,,,,,,,
"April 19, 2022",SOS,Straw Man Army,Punk,LA VIDA ES UN MUS DISCOS,"London, UK",JJ Skolnik,"error: Rate limited on GET https://api.spotify.com/v1/search: Spotify asked us to wait 86060s, above the 60s cap. Stopping instead of blocking — let it cool down before retrying.",,,,,,,,,,,,,,,,
"April 18, 2022",Dreams Drenched in Static,Cremation Lily,Metal,Independent Artist,"England, UK",Louis Pattison,"error: Rate limited on GET https://api.spotify.com/v1/search: Spotify asked us to wait 86060s, above the 60s cap. Stopping instead of blocking — let it cool down before retrying.",,,,,,,,,,,,,,,,
"April 15, 2022",Aethiopes,billy woods,Hip-Hop/Rap,Independent Artist,"New York, New York",Phillip Mlynar,"error: Rate limited on GET https://api.spotify.com/v1/search: Spotify asked us to wait 86060s, above the 60s cap. Stopping instead of blocking — let it cool down before retrying.",,,,,,,,,,,,,,,,
"April 14, 2022",Papillon de Nuit: The Night Butterfly,Tanika Charles,R&amp;B/Soul,Independent Artist,Toronto,Piotr Orlov,"error: Rate limited on GET https://api.spotify.com/v1/search: Spotify asked us to wait 86060s, above the 60s cap. Stopping instead of blocking — let it cool down before retrying.",,,,,,,,,,,,,,,,
"April 13, 2022","Live in New York City, February 8, 1975",Alan Braufman,Jazz,Independent Artist,"New York, New York",Britt Robson,"error: Rate limited on GET https://api.spotify.com/v1/search: Spotify asked us to wait 86059s, above the 60s cap. Stopping instead of blocking — let it cool down before retrying.",,,,,,,,,,,,,,,,
"April 12, 2022",Other Ways of Living,Local Tourist,Rock,Independent Artist,Virginia,Annie Zaleski,"error: Rate limited on GET https://api.spotify.com/v1/search: Spotify asked us to wait 86059s, above the 60s cap. Stopping instead of blocking — let it cool down before retrying.",,,,,,,,,,,,,,,,
"April 11, 2022",Viento Sur,Various Artists,Experimental,Vampisoul,"Madrid, Spain",Andy Beta,"error: Rate limited on GET https://api.spotify.com/v1/search: Spotify asked us to wait 86059s, above the 60s cap. Stopping instead of blocking — let it cool down before retrying.",,,,,,,,,,,,,,,,
"April 08, 2022",Tuqoos | طُقُوس,Julmud,Electronic,Bilna&#39;es بالناقص,Palestine,James Gui,"error: Rate limited on GET https://api.spotify.com/v1/search: Spotify asked us to wait 86059s, above the 60s cap. Stopping instead of blocking — let it cool down before retrying.",,,,,,,,,,,,,,,,
"April 07, 2022",Nothing’s Ever Fine,Oceanator,Alternative,Independent Artist,New York,Elle Carroll,"error: Rate limited on GET https://api.spotify.com/v1/search: Spotify asked us to wait 86059s, above the 60s cap. Stopping instead of blocking — let it cool down before retrying.",,,,,,,,,,,,,,,,
"April 06, 2022",I Just Want To Be A Good Man,Pastor Champion,Devotional,Independent Artist,"Oakland, California",John Morrison,"error: Rate limited on GET https://api.spotify.com/v1/search: Spotify asked us to wait 86058s, above the 60s cap. Stopping instead of blocking — let it cool down before retrying.",,,,,,,,,,,,,,,,
"April 05, 2022",THE UNRAVELING OF PUPTHEBAND,PUP,Punk,Independent Artist,"Toronto, Ontario",Charlie Zaillian,"error: Rate limited on GET https://api.spotify.com/v1/search: Spotify asked us to wait 86058s, above the 60s cap. Stopping instead of blocking — let it cool down before retrying.",,,,,,,,,,,,,,,,
"April 04, 2022",Midnight Rocker,Horace Andy,Reggae,Independent Artist,"Kingston, Jamaica",John Morrison,"error: Rate limited on GET https://api.spotify.com/v1/search: Spotify asked us to wait 86058s, above the 60s cap. Stopping instead of blocking — let it cool down before retrying.",,,,,,,,,,,,,,,,
"April 01, 2022",The Leather Lemon,P.E.,Alternative,Independent Artist,"Brooklyn, New York",Andrew Parks,"error: Rate limited on GET https://api.spotify.com/v1/search: Spotify asked us to wait 86058s, above the 60s cap. Stopping instead of blocking — let it cool down before retrying.",,,,,,,,,,,,,,,,
"March 31, 2022",Key to a Vanishing Future,Falls of Rauros,Metal,Gilead Media,"Oshkosh, Wisconsin",Ben Salmon,"error: Rate limited on GET https://api.spotify.com/v1/search: Spotify asked us to wait 86058s, above the 60s cap. Stopping instead of blocking — let it cool down before retrying.",,,,,,,,,,,,,,,,
"March 30, 2022",Whatever The Weather,Whatever The Weather,Ambient,Independent Artist,"London, UK",Ted Davis,"error: Rate limited on GET https://api.spotify.com/v1/search: Spotify asked us to wait 86057s, above the 60s cap. Stopping instead of blocking — let it cool down before retrying.",,,,,,,,,,,,,,,,
"March 29, 2022",Mabanzo,Juanita Euka,Latin,Independent Artist,"London, UK",Amaya Garcia,"error: Rate limited on GET https://api.spotify.com/v1/search: Spotify asked us to wait 86057s, above the 60s cap. Stopping instead of blocking — let it cool down before retrying.",,,,,,,,,,,,,,,,
"March 28, 2022",Electricity,Ibibio Sound Machine,World,Independent Artist,UK,Saby Reyes-Kulkarni,"error: Rate limited on GET https://api.spotify.com/v1/search: Spotify asked us to wait 86057s, above the 60s cap. Stopping instead of blocking — let it cool down before retrying.",,,,,,,,,,,,,,,,
"March 25, 2022",Warm Chris,Aldous Harding,Folk,Independent Artist,New Zealand,Mariana Timony,"error: Rate limited on GET https://api.spotify.com/v1/search: Spotify asked us to wait 86057s, above the 60s cap. Stopping instead of blocking — let it cool down before retrying.",,,,,,,,,,,,,,,,
"March 24, 2022",Medhead,Cosmo Vitelli,Electronic,Independent Artist,"Berlin, Germany",Miles Bowe,"error: Rate limited on GET https://api.spotify.com/v1/search: Spotify asked us to wait 86057s, above the 60s cap. Stopping instead of blocking — let it cool down before retrying.",,,,,,,,,,,,,,,,
"March 23, 2022",Laminated Skies,Raw Poetic and Damu The Fudgemunk,Hip-Hop/Rap,Raw Poetic,"Washington, D.C.",John Morrison,"error: Rate limited on GET https://api.spotify.com/v1/search: Spotify asked us to wait 86056s, above the 60s cap. Stopping instead of blocking — let it cool down before retrying.",,,,,,,,,,,,,,,,
"March 22, 2022",Between Two Worlds / Entre Dos Mundos,Amaru Tribe,Latin,Independent Artist,"Melbourne, Australia",Rebecca Bodenheimer,"error: Rate limited on GET https://api.spotify.com/v1/search: Spotify asked us to wait 86056s, above the 60s cap. Stopping instead of blocking — let it cool down before retrying.",,,,,,,,,,,,,,,,
"March 21, 2022",The Art of Flight: For Alvin Fielder,Survival Unit III,Jazz,Independent Artist,"Poughkeepsie, New York",Peter Margasak,"error: Rate limited on GET https://api.spotify.com/v1/search: Spotify asked us to wait 86056s, above the 60s cap. Stopping instead of blocking — let it cool down before retrying.",,,,,,,,,,,,,,,,
"March 18, 2022",Holy Body Roll,A. Billi Free & The Lasso,Funk,The Lasso,Michigan,Amaya Garcia,"error: Rate limited on GET https://api.spotify.com/v1/search: Spotify asked us to wait 86056s, above the 60s cap. Stopping instead of blocking — let it cool down before retrying.",,,,,,,,,,,,,,,,
"March 17, 2022",Yayoyanoh,Yayoyanoh,Electronic,Precious Metals,"London, UK",John Morrison,"error: Rate limited on GET https://api.spotify.com/v1/search: Spotify asked us to wait 86056s, above the 60s cap. Stopping instead of blocking — let it cool down before retrying.",,,,,,,,,,,,,,,,
"March 16, 2022",V4 Visions: Of Love & Androids,Various Artists,R&amp;B/Soul,V4 Visions,"London, UK",Blake Gillespie,"error: Rate limited on GET https://api.spotify.com/v1/search: Spotify asked us to wait 86055s, above the 60s cap. Stopping instead of blocking — let it cool down before retrying.",,,,,,,,,,,,,,,,
"March 15, 2022",Crease,Kee Avil,Experimental,Independent Artist,"Montreal, Québec",Miles Bowe,"error: Rate limited on GET https://api.spotify.com/v1/search: Spotify asked us to wait 86055s, above the 60s cap. Stopping instead of blocking — let it cool down before retrying.",,,,,,,,,,,,,,,,
"March 14, 2022",ONDAMICUNDERDACOZMICLYTZ,NAPPYNAPPA,Hip-Hop/Rap,Independent Artist,"Washington, D.C.",Jonathan Williger,"error: Rate limited on GET https://api.spotify.com/v1/search: Spotify asked us to wait 86055s, above the 60s cap. Stopping instead of blocking — let it cool down before retrying.",,,,,,,,,,,,,,,,
"March 11, 2022",Meadow Flower,Star Party,Punk,Independent Artist,"Seattle, Washington",Ben Salmon,"error: Rate limited on GET https://api.spotify.com/v1/search: Spotify asked us to wait 86055s, above the 60s cap. Stopping instead of blocking — let it cool down before retrying.",,,,,,,,,,,,,,,,
"March 10, 2022",Too Small to Be a Plain,Lia Kohl,Experimental,SHINKOYO / ARTIST POOL,,Shy Clara Thompson,"error: Rate limited on GET https://api.spotify.com/v1/search: Spotify asked us to wait 86055s, above the 60s cap. Stopping instead of blocking — let it cool down before retrying.",,,,,,,,,,,,,,,,
"March 09, 2022",IV,Letting Up Despite Great Faults,Alternative,Independent Artist,"Los Angeles, California",Jude Noel,"error: Rate limited on GET https://api.spotify.com/v1/search: Spotify asked us to wait 86054s, above the 60s cap. Stopping instead of blocking — let it cool down before retrying.",,,,,,,,,,,,,,,,
"March 08, 2022","The Tunnel, The Well, Holy Bedlam",JIRM,Rock,Ripple Music,"San Ramon, California",Jeff Terich,"error: Rate limited on GET https://api.spotify.com/v1/search: Spotify asked us to wait 86054s, above the 60s cap. Stopping instead of blocking — let it cool down before retrying.",,,,,,,,,,,,,,,,
"March 07, 2022",Maloo,Maylee Todd,,Independent Artist,"Los Angeles, California",Tasha Viets-VanLear,"error: Rate limited on GET https://api.spotify.com/v1/search: Spotify asked us to wait 86054s, above the 60s cap. Stopping instead of blocking — let it cool down before retrying.",,,,,,,,,,,,,,,,
"March 04, 2022",It Was a Home,KAINA,R&amp;B/Soul,Independent Artist,"Chicago, Illinois",Amaya Garcia,"error: Rate limited on GET https://api.spotify.com/v1/search: Spotify asked us to wait 86054s, above the 60s cap. Stopping instead of blocking — let it cool down before retrying.",,,,,,,,,,,,,,,,
"March 03, 2022","Fiscal, Remote, Distilled",Blanche Blanche Blanche,Experimental,Fievel Is Glauque,"Brooklyn, New York",Miles Bowe,"error: Rate limited on GET https://api.spotify.com/v1/search: Spotify asked us to wait 86054s, above the 60s cap. Stopping instead of blocking — let it cool down before retrying.",,,,,,,,,,,,,,,,
"March 02, 2022",Jupiter’s Purse,MATTIE,R&amp;B/Soul,Independent Artist,"Dallas, Texas",Tasha Viets-VanLear,"error: Rate limited on GET https://api.spotify.com/v1/search: Spotify asked us to wait 86053s, above the 60s cap. Stopping instead of blocking — let it cool down before retrying.",,,,,,,,,,,,,,,,
"March 01, 2022",Strawberry,Caroline Loveglow,Pop,Independent Artist,"Los Angeles, California",Ed Blair,"error: Rate limited on GET https://api.spotify.com/v1/search: Spotify asked us to wait 86053s, above the 60s cap. Stopping instead of blocking — let it cool down before retrying.",,,,,,,,,,,,,,,,
"February 28, 2022",Camino Al Mar,Acid Coco,Latin,Independent Artist,Switzerland,Richard Villegas,"error: Rate limited on GET https://api.spotify.com/v1/search: Spotify asked us to wait 86053s, above the 60s cap. Stopping instead of blocking — let it cool down before retrying.",,,,,,,,,,,,,,,,
"February 25, 2022",Mechanical Sweetness,Alyssa Gengos,Pop,Independent Artist,"Los Angeles, California",Ben Salmon,"error: Rate limited on GET https://api.spotify.com/v1/search: Spotify asked us to wait 86053s, above the 60s cap. Stopping instead of blocking — let it cool down before retrying.",,,,,,,,,,,,,,,,
"February 24, 2022",Plonk,Huerco S.,Electronic,Independent Artist,"Philadelphia, Pennsylvania",Andy Beta,"error: Rate limited on GET https://api.spotify.com/v1/search: Spotify asked us to wait 86052s, above the 60s cap. Stopping instead of blocking — let it cool down before retrying.",,,,,,,,,,,,,,,,
"February 23, 2022",Here Comes The Sunset,Cheer-Accident,Rock,Independent Artist,"Chicago, Illinois",Peter Margasak,"error: Rate limited on GET https://api.spotify.com/v1/search: Spotify asked us to wait 86052s, above the 60s cap. Stopping instead of blocking — let it cool down before retrying.",,,,,,,,,,,,,,,,
"February 22, 2022",Texas Moon,Khruangbin and Leon Bridges,Rock,Khruangbin,"Houston, Texas",Ann-Derrick Gaillot,"error: Rate limited on GET https://api.spotify.com/v1/search: Spotify asked us to wait 86052s, above the 60s cap. Stopping instead of blocking — let it cool down before retrying.",,,,,,,,,,,,,,,,
"February 18, 2022",Soundtrack [313] + 6,The Detroit Escalator Company,Electronic,Mental Groove Records / Musique Pour La Danse,Switzerland,Arielle Gordon,"error: Rate limited on GET https://api.spotify.com/v1/search: Spotify asked us to wait 86052s, above the 60s cap. Stopping instead of blocking — let it cool down before retrying.",,,,,,,,,,,,,,,,
"February 17, 2022",Agadez,Etran de L’Aïr,World,Etran de L&#39;Aïr,"Agadez, Niger",Shy Clara Thompson,"error: Rate limited on GET https://api.spotify.com/v1/search: Spotify asked us to wait 86052s, above the 60s cap. Stopping instead of blocking — let it cool down before retrying.",,,,,,,,,,,,,,,,
"February 16, 2022",Nine Lives,Kendra Morris,R&amp;B/Soul,Independent Artist,"New York, New York",Blake Gillespie,"error: Rate limited on GET https://api.spotify.com/v1/search: Spotify asked us to wait 86051s, above the 60s cap. Stopping instead of blocking — let it cool down before retrying.",,,,,,,,,,,,,,,,
"February 15, 2022",BAMANAN,Rokia Koné & Jacknife Lee,World,Rokia Koné,"Bamako, Mali",Andy Beta,"error: Rate limited on GET https://api.spotify.com/v1/search: Spotify asked us to wait 86051s, above the 60s cap. Stopping instead of blocking — let it cool down before retrying.",,,,,,,,,,,,,,,,
"February 14, 2022",Visitor,Empath,Alternative,empath,"Philadelphia, Pennsylvania",Kerry Cardoza,"error: Rate limited on GET https://api.spotify.com/v1/search: Spotify asked us to wait 86051s, above the 60s cap. Stopping instead of blocking — let it cool down before retrying.",,,,,,,,,,,,,,,,
"February 11, 2022",Armed To The Teeth L​.​M​.​O​.​M​.​M.,Kill Alters,Experimental,Hausu Mountain Records,"Chicago, Illinois",Miles Bowe,"error: Rate limited on GET https://api.spotify.com/v1/search: Spotify asked us to wait 86051s, above the 60s cap. Stopping instead of blocking — let it cool down before retrying.",,,,,,,,,,,,,,,,
"February 10, 2022",lotus deluxe,LANNDS,Alternative,Independent Artist,"Los Angeles, California",Tasha Viets-VanLear,"error: Rate limited on GET https://api.spotify.com/v1/search: Spotify asked us to wait 86051s, above the 60s cap. Stopping instead of blocking — let it cool down before retrying.",,,,,,,,,,,,,,,,
"February 09, 2022",Gold Arc,Tomato Flower,Pop,Independent Artist,"Baltimore, Maryland",Jude Noel,"error: Rate limited on GET https://api.spotify.com/v1/search: Spotify asked us to wait 86050s, above the 60s cap. Stopping instead of blocking — let it cool down before retrying.",,,,,,,,,,,,,,,,
"February 08, 2022",A Time For Healing,Kahil El’Zabar Quartet,Jazz,Kahil El&#39;Zabar,"Chicago, Illinois",Britt Robson,"error: Rate limited on GET https://api.spotify.com/v1/search: Spotify asked us to wait 86050s, above the 60s cap. Stopping instead of blocking — let it cool down before retrying.",,,,,,,,,,,,,,,,
"February 07, 2022",Lore Of The Land,The Order Of The 12,Folk,Richard Norris,"London, UK",Joe Muggs,"error: Rate limited on GET https://api.spotify.com/v1/search: Spotify asked us to wait 86050s, above the 60s cap. Stopping instead of blocking — let it cool down before retrying.",,,,,,,,,,,,,,,,
"February 04, 2022",Where You Are,Teno Afrika,World,Independent Artist,"Pretoria, South Africa",Megan Iacobini de Fazio,"error: Rate limited on GET https://api.spotify.com/v1/search: Spotify asked us to wait 86050s, above the 60s cap. Stopping instead of blocking — let it cool down before retrying.",,,,,,,,,,,,,,,,
"February 03, 2022",Where Myth Becomes Memory,Rolo Tomassi,Metal,Independent Artist,UK,Colin Williams,"error: Rate limited on GET https://api.spotify.com/v1/search: Spotify asked us to wait 86050s, above the 60s cap. Stopping instead of blocking — let it cool down before retrying.",,,,,,,,,,,,,,,,
"February 02, 2022",Pompeii,Cate Le Bon,Alternative,Independent Artist,UK,Elle Carroll,"error: Rate limited on GET https://api.spotify.com/v1/search: Spotify asked us to wait 86049s, above the 60s cap. Stopping instead of blocking — let it cool down before retrying.",,,,,,,,,,,,,,,,
"February 01, 2022","Mainstream Funk: Funk, Soul, & Spiritual Jazz 1971-75",Various Artists,R&amp;B/Soul,WEWANTSOUNDS,"Paris, France",Andy Beta,"error: Rate limited on GET https://api.spotify.com/v1/search: Spotify asked us to wait 86049s, above the 60s cap. Stopping instead of blocking — let it cool down before retrying.",,,,,,,,,,,,,,,,
"January 31, 2022",Soul Connection,John Patton,Jazz,Independent Artist,"London, UK",John Morrison,"error: Rate limited on GET https://api.spotify.com/v1/search: Spotify asked us to wait 86049s, above the 60s cap. Stopping instead of blocking — let it cool down before retrying.",,,,,,,,,,,,,,,,
"January 28, 2022","Pinks & Purples, Summer At Land’s End",The Reds,Pop,"The Reds, Pinks &amp; Purples","San Francisco, California",Ben Salmon,"error: Rate limited on GET https://api.spotify.com/v1/search: Spotify asked us to wait 86049s, above the 60s cap. Stopping instead of blocking — let it cool down before retrying.",,,,,,,,,,,,,,,,
"January 27, 2022",Dissolution Wave,Cloakroom,Rock,Independent Artist,"Northwest, Indiana",Saby Reyes-Kulkarni,"error: Rate limited on GET https://api.spotify.com/v1/search: Spotify asked us to wait 86049s, above the 60s cap. Stopping instead of blocking — let it cool down before retrying.",,,,,,,,,,,,,,,,
"January 26, 2022",IRE,Combo Chimbita,Latin,Independent Artist,"New York, New York",Amaya Garcia,"error: Rate limited on GET https://api.spotify.com/v1/search: Spotify asked us to wait 86048s, above the 60s cap. Stopping instead of blocking — let it cool down before retrying.",,,,,,,,,,,,,,,,
"January 25, 2022",Tissues,Pan Daijing,Experimental,Independent Artist,"Berlin, Germany",James Gui,"error: Rate limited on GET https://api.spotify.com/v1/search: Spotify asked us to wait 86048s, above the 60s cap. Stopping instead of blocking — let it cool down before retrying.",,,,,,,,,,,,,,,,
"January 24, 2022",Rough and Beautiful Place,Mydreamfever,Electronic,Independent Artist,"Seoul, South Korea",CJ Simonson,"error: Rate limited on GET https://api.spotify.com/v1/search: Spotify asked us to wait 86048s, above the 60s cap. Stopping instead of blocking — let it cool down before retrying.",,,,,,,,,,,,,,,,
"January 21, 2022","Henry Kaiser and Alex Varty, Pacifica Koral Reef",Wadada Leo Smith,Jazz,577 Records,"Brooklyn, New York",John Morrison,"error: Rate limited on GET https://api.spotify.com/v1/search: Spotify asked us to wait 86048s, above the 60s cap. Stopping instead of blocking — let it cool down before retrying.",,,,,,,,,,,,,,,,
"January 20, 2022",Fingers Crossed,Artsick,Punk,Independent Artist,"Oakland, California",Jude Noel,"error: Rate limited on GET https://api.spotify.com/v1/search: Spotify asked us to wait 86048s, above the 60s cap. Stopping instead of blocking — let it cool down before retrying.",,,,,,,,,,,,,,,,
"January 19, 2022",Wit’s End,Mizmor,Metal,Independent Artist,"Portland, Oregon",Ben Salmon,"error: Rate limited on GET https://api.spotify.com/v1/search: Spotify asked us to wait 86047s, above the 60s cap. Stopping instead of blocking — let it cool down before retrying.",,,,,,,,,,,,,,,,
"January 18, 2022",Optimism,Jana Horn,Folk,Independent Artist,"Austin, Texas",Jim Allen,"error: Rate limited on GET https://api.spotify.com/v1/search: Spotify asked us to wait 86047s, above the 60s cap. Stopping instead of blocking — let it cool down before retrying.",,,,,,,,,,,,,,,,
"January 14, 2022",The D​-​Vine Spirituals Story: Volume 1,Various Artists,R&amp;B/Soul,D-Vine Spirituals,"Memphis, Tennessee",John Morrison,"error: Rate limited on GET https://api.spotify.com/v1/search: Spotify asked us to wait 86047s, above the 60s cap. Stopping instead of blocking — let it cool down before retrying.",,,,,,,,,,,,,,,,
"January 12, 2022",Asakusa Light,Soichi Terada,Electronic,Independent Artist,"Tokyo, Japan",Samuel Tornow,"error: Rate limited on GET https://api.spotify.com/v1/search: Spotify asked us to wait 86047s, above the 60s cap. Stopping instead of blocking — let it cool down before retrying.",,,,,,,,,,,,,,,,
"January 11, 2022",Muerte de un Salvaje,Observe Since ‘98,Hip-Hop/Rap,Observe since ‘98,"Madison, Wisconsin",J. Edward Keyes,"error: Rate limited on GET https://api.spotify.com/v1/search: Spotify asked us to wait 86046s, above the 60s cap. Stopping instead of blocking — let it cool down before retrying.",,,,,,,,,,,,,,,,
"January 10, 2022",Antidawn,Burial,Electronic,Independent Artist,"London, UK",Andy Beta,"error: Rate limited on GET https://api.spotify.com/v1/search: Spotify asked us to wait 86046s, above the 60s cap. Stopping instead of blocking — let it cool down before retrying.",,,,,,,,,,,,,,,,
"January 06, 2022",Gratitude,Abiodun Oyewole,Hip-Hop/Rap,Independent Artist,"New York, New York",Piotr Orlov,"error: Rate limited on GET https://api.spotify.com/v1/search: Spotify asked us to wait 86046s, above the 60s cap. Stopping instead of blocking — let it cool down before retrying.",,,,,,,,,,,,,,,,
"January 05, 2022",Archive Material,Silverbacks,Punk,Independent Artist,"Dublin, Ireland",Charlie Zaillian,"error: Rate limited on GET https://api.spotify.com/v1/search: Spotify asked us to wait 86046s, above the 60s cap. Stopping instead of blocking — let it cool down before retrying.",,,,,,,,,,,,,,,,
"December 17, 2021",The Time Of The Foxgloves,Michael Hurley,Folk,Independent Artist,"Astoria, Oregon",Marc Masters,"error: Rate limited on GET https://api.spotify.com/v1/search: Spotify asked us to wait 86045s, above the 60s cap. Stopping instead of blocking — let it cool down before retrying.",,,,,,,,,,,,,,,,
"December 16, 2021",Joltjacket,Ehiorobo,Alternative,Independent Artist,"Jersey City, New Jersey",Ann-Derrick Gaillot,"error: Rate limited on GET https://api.spotify.com/v1/search: Spotify asked us to wait 86045s, above the 60s cap. Stopping instead of blocking — let it cool down before retrying.",,,,,,,,,,,,,,,,
"December 15, 2021",Azure,SKY H1,Ambient,Independent Artist,"Brussels, Belgium",Joe Muggs,"error: Rate limited on GET https://api.spotify.com/v1/search: Spotify asked us to wait 86045s, above the 60s cap. Stopping instead of blocking — let it cool down before retrying.",,,,,,,,,,,,,,,,
"December 14, 2021",Think of the Lie,Home Front,Punk,LA VIDA ES UN MUS DISCOS,"London, UK",JJ Skolnik,"error: Rate limited on GET https://api.spotify.com/v1/search: Spotify asked us to wait 86045s, above the 60s cap. Stopping instead of blocking — let it cool down before retrying.",,,,,,,,,,,,,,,,
"December 13, 2021",Samba in Seattle: Live at the Penthouse 1966​-​1968,Bola Sete,World,Tompkins Square,"San Francisco, California",Andy Beta,"error: Rate limited on GET https://api.spotify.com/v1/search: Spotify asked us to wait 86045s, above the 60s cap. Stopping instead of blocking — let it cool down before retrying.",,,,,,,,,,,,,,,,
"December 10, 2021",SHIFTING,Beatrice Deer,Pop,Independent Artist,"Montreal, Québec",Jude Noel,"error: Rate limited on GET https://api.spotify.com/v1/search: Spotify asked us to wait 86044s, above the 60s cap. Stopping instead of blocking — let it cool down before retrying.",,,,,,,,,,,,,,,,
"December 09, 2021",Unsubtle Magic,Ziemba,Pop,Independent Artist,"Los Angeles, California",Matt Mitchell,"error: Rate limited on GET https://api.spotify.com/v1/search: Spotify asked us to wait 86044s, above the 60s cap. Stopping instead of blocking — let it cool down before retrying.",,,,,,,,,,,,,,,,
"December 08, 2021",Genocide Pact,Genocide Pact,Metal,Independent Artist,"Washington, D.C., D.C.",Ben Salmon,"error: Rate limited on GET https://api.spotify.com/v1/search: Spotify asked us to wait 86044s, above the 60s cap. Stopping instead of blocking — let it cool down before retrying.",,,,,,,,,,,,,,,,
"December 07, 2021",Forfolks,Jeff Parker,Jazz,International Anthem,"Chicago, Illinois",Michael J. West,"error: Rate limited on GET https://api.spotify.com/v1/search: Spotify asked us to wait 86044s, above the 60s cap. Stopping instead of blocking — let it cool down before retrying.",,,,,,,,,,,,,,,,
"December 06, 2021",Open Arms to Open Us,Ben LaMar Gay,Jazz,International Anthem,"Chicago, Illinois",Michael J. West,"error: Rate limited on GET https://api.spotify.com/v1/search: Spotify asked us to wait 86044s, above the 60s cap. Stopping instead of blocking — let it cool down before retrying.",,,,,,,,,,,,,,,,
"December 03, 2021",Before The Baby,Samia,Alternative,Independent Artist,"New York, New York",Ruth Jiang,"error: Rate limited on GET https://api.spotify.com/v1/search: Spotify asked us to wait 86043s, above the 60s cap. Stopping instead of blocking — let it cool down before retrying.",,,,,,,,,,,,,,,,
"December 02, 2021",Aunt Sally,Aunt Sally,Punk,Independent Artist,"Kobe, Japan",Shy Clara Thompson,"error: Rate limited on GET https://api.spotify.com/v1/search: Spotify asked us to wait 86043s, above the 60s cap. Stopping instead of blocking — let it cool down before retrying.",,,,,,,,,,,,,,,,
"December 01, 2021",ELDOVAR: A Story of Darkness & Light,Elder & Kadavar,Metal,Elder,"Berlin, Germany",Ben Salmon,"error: Rate limited on GET https://api.spotify.com/v1/search: Spotify asked us to wait 86043s, above the 60s cap. Stopping instead of blocking — let it cool down before retrying.",,,,,,,,,,,,,,,,
"November 30, 2021",Quitter,Weakened Friends,Alternative,Independent Artist,"Portland, Maine",Brad Sanders,"error: Rate limited on GET https://api.spotify.com/v1/search: Spotify asked us to wait 86043s, above the 60s cap. Stopping instead of blocking — let it cool down before retrying.",,,,,,,,,,,,,,,,
"November 29, 2021","Ritmo Fantasia: Balearic Spanish Synth​-​Pop, Boogie and House (1982​-​1992)",Various Artists,Electronic,Soundway Records,UK,Andy Beta,"error: Rate limited on GET https://api.spotify.com/v1/search: Spotify asked us to wait 86043s, above the 60s cap. Stopping instead of blocking — let it cool down before retrying.",,,,,,,,,,,,,,,,
"November 24, 2021",Le Cirque de Consolation,Léonie Pernet,Alternative,Independent Artist,"Paris, France",Ann-Derrick Gaillot,"error: Rate limited on GET https://api.spotify.com/v1/search: Spotify asked us to wait 86042s, above the 60s cap. Stopping instead of blocking — let it cool down before retrying.",,,,,,,,,,,,,,,,
"November 23, 2021",Henki,Richard Dawson & Circle,Rock,Richard Dawson,"Newcastle Upon Tyne, UK",Jim Allen,"error: Rate limited on GET https://api.spotify.com/v1/search: Spotify asked us to wait 86042s, above the 60s cap. Stopping instead of blocking — let it cool down before retrying.",,,,,,,,,,,,,,,,
"November 22, 2021",This New Heaven,Fine Place,Alternative,Independent Artist,"New York, New York",Andrew Parks,"error: Rate limited on GET https://api.spotify.com/v1/search: Spotify asked us to wait 86042s, above the 60s cap. Stopping instead of blocking — let it cool down before retrying.",,,,,,,,,,,,,,,,
"November 19, 2021",Innocent Passage in the Territorial Sea,Olivia Block,Experimental,Independent Artist,"Chicago, Illinois",Marc Masters,"error: Rate limited on GET https://api.spotify.com/v1/search: Spotify asked us to wait 86042s, above the 60s cap. Stopping instead of blocking — let it cool down before retrying.",,,,,,,,,,,,,,,,
"November 18, 2021",Almost Blue,Tama Gucci,Alternative,tama gucci,"Miami, Florida",Ann-Derrick Gaillot,"error: Rate limited on GET https://api.spotify.com/v1/search: Spotify asked us to wait 86041s, above the 60s cap. Stopping instead of blocking — let it cool down before retrying.",,,,,,,,,,,,,,,,
"November 17, 2021",XVI,Seafoam Walls,Alternative,Daydream Library Series,Florida,Brad Cohan,"error: Rate limited on GET https://api.spotify.com/v1/search: Spotify asked us to wait 86041s, above the 60s cap. Stopping instead of blocking — let it cool down before retrying.",,,,,,,,,,,,,,,,
"November 16, 2021",The Age of Saucers,Hollywood Burns,Electronic,Independent Artist,"Paris, France",Andrew Parks,"error: Rate limited on GET https://api.spotify.com/v1/search: Spotify asked us to wait 86041s, above the 60s cap. Stopping instead of blocking — let it cool down before retrying.",,,,,,,,,,,,,,,,
"November 15, 2021",Glass Lit Dream,Dawuna,Electronic,Independent Artist,"Baltimore, Maryland",Amaya Garcia,"error: Rate limited on GET https://api.spotify.com/v1/search: Spotify asked us to wait 86041s, above the 60s cap. Stopping instead of blocking — let it cool down before retrying.",,,,,,,,,,,,,,,,
"November 12, 2021",both feet en th infinite,model home,Hip-Hop/Rap,Independent Artist,"Washington, D.C.",John Morrison,"error: Rate limited on GET https://api.spotify.com/v1/search: Spotify asked us to wait 86041s, above the 60s cap. Stopping instead of blocking — let it cool down before retrying.",,,,,,,,,,,,,,,,
"November 11, 2021",Strange Paradise,Sarah La Puerta,Pop,Perpetual Doom,"New Hope, Pennsylvania",Elle Carroll,"error: Rate limited on GET https://api.spotify.com/v1/search: Spotify asked us to wait 86040s, above the 60s cap. Stopping instead of blocking — let it cool down before retrying.",,,,,,,,,,,,,,,,
"November 10, 2021",Quivering In Time,Eris Drew,Electronic,Independent Artist,,Andra Nikolayi,"error: Rate limited on GET https://api.spotify.com/v1/search: Spotify asked us to wait 86040s, above the 60s cap. Stopping instead of blocking — let it cool down before retrying.",,,,,,,,,,,,,,,,
"November 09, 2021",Doran,Doran,Folk,Independent Artist,"Bellingham, Washington",Matt Mitchell,"error: Rate limited on GET https://api.spotify.com/v1/search: Spotify asked us to wait 86040s, above the 60s cap. Stopping instead of blocking — let it cool down before retrying.",,,,,,,,,,,,,,,,
"November 08, 2021",Lee ‘Scratch’ Perry’s Guide to the Universe,New Age Doom & Lee “Scratch” Perry,Experimental,New Age Doom,"Vancouver, British Columbia",Brad Cohan,"error: Rate limited on GET https://api.spotify.com/v1/search: Spotify asked us to wait 86040s, above the 60s cap. Stopping instead of blocking — let it cool down before retrying.",,,,,,,,,,,,,,,,
"November 05, 2021",Tell Me What You Miss the Most,Tasha,Folk,Independent Artist,"New York, New York",Ann-Derrick Gaillot,"error: Rate limited on GET https://api.spotify.com/v1/search: Spotify asked us to wait 86039s, above the 60s cap. Stopping instead of blocking — let it cool down before retrying.",,,,,,,,,,,,,,,,
"November 04, 2021",The Clearing,JJJJJerome Ellis,Experimental,Independent Artist,"Norfolk, Virginia",Marcus J. Moore,"error: Rate limited on GET https://api.spotify.com/v1/search: Spotify asked us to wait 86039s, above the 60s cap. Stopping instead of blocking — let it cool down before retrying.",,,,,,,,,,,,,,,,
"November 03, 2021",Princess Wiko,FPA,Alternative,Independent Artist,"Minneapolis, Minnesota",Matt Mitchell,"error: Rate limited on GET https://api.spotify.com/v1/search: Spotify asked us to wait 86039s, above the 60s cap. Stopping instead of blocking — let it cool down before retrying.",,,,,,,,,,,,,,,,
"November 02, 2021",Frank y Sus Inquietos,Frank y Sus Inquietos,Latin,Independent Artist,"Caracas, Venezuela",Richard Villegas,"error: Rate limited on GET https://api.spotify.com/v1/search: Spotify asked us to wait 86039s, above the 60s cap. Stopping instead of blocking — let it cool down before retrying.",,,,,,,,,,,,,,,,
"November 01, 2021",Water,Lotic,Electronic,Independent Artist,"Berlin, Germany",Miles Bowe,"error: Rate limited on GET https://api.spotify.com/v1/search: Spotify asked us to wait 86039s, above the 60s cap. Stopping instead of blocking — let it cool down before retrying.",,,,,,,,,,,,,,,,
"October 29, 2021",The Path of the Clouds,Marissa Nadler,Alternative,Independent Artist,"Nashville, Tennessee",Jim Allen,"error: Rate limited on GET https://api.spotify.com/v1/search: Spotify asked us to wait 86038s, above the 60s cap. Stopping instead of blocking — let it cool down before retrying.",,,,,,,,,,,,,,,,
"October 28, 2021",But Only After You Have Suffered,Jamire Williams,Jazz,International Anthem,"Chicago, Illinois",John Morrison,"error: Rate limited on GET https://api.spotify.com/v1/search: Spotify asked us to wait 86038s, above the 60s cap. Stopping instead of blocking — let it cool down before retrying.",,,,,,,,,,,,,,,,
"October 27, 2021",Pluperfect Mind,Dear Laika,Experimental,Independent Artist,"Cold Ash, UK",Sasha Geffen,"error: Rate limited on GET https://api.spotify.com/v1/search: Spotify asked us to wait 86038s, above the 60s cap. Stopping instead of blocking — let it cool down before retrying.",,,,,,,,,,,,,,,,
"October 26, 2021",Far In,Helado Negro,Alternative,Independent Artist,"Brooklyn, New York",Caitlin Donohue,"error: Rate limited on GET https://api.spotify.com/v1/search: Spotify asked us to wait 86038s, above the 60s cap. Stopping instead of blocking — let it cool down before retrying.",,,,,,,,,,,,,,,,
"October 25, 2021",The Last Wave,Ibukun Sunday,Experimental,Ibukun sunday,"Lagos, Nigeria",Arielle Gordon,"error: Rate limited on GET https://api.spotify.com/v1/search: Spotify asked us to wait 86038s, above the 60s cap. Stopping instead of blocking — let it cool down before retrying.",,,,,,,,,,,,,,,,
"October 22, 2021",-io,Circuit des Yeux,Alternative,Independent Artist,"Chicago, Illinois",Miles Bowe,"error: Rate limited on GET https://api.spotify.com/v1/search: Spotify asked us to wait 86037s, above the 60s cap. Stopping instead of blocking — let it cool down before retrying.",,,,,,,,,,,,,,,,
"October 21, 2021",Petunia,Tonstartssbandht,Rock,Independent Artist,Florida,Jude Noel,"error: Rate limited on GET https://api.spotify.com/v1/search: Spotify asked us to wait 86037s, above the 60s cap. Stopping instead of blocking — let it cool down before retrying.",,,,,,,,,,,,,,,,
"October 20, 2021",Balancers,Lena Platonos,Experimental,Independent Artist,"Athens, Greece",Maria Barrios,"error: Rate limited on GET https://api.spotify.com/v1/search: Spotify asked us to wait 86037s, above the 60s cap. Stopping instead of blocking — let it cool down before retrying.",,,,,,,,,,,,,,,,
"October 19, 2021",Talk Memory,BADBADNOTGOOD,Jazz,Independent Artist,"Toronto, Ontario",Blake Gillespie,"error: Rate limited on GET https://api.spotify.com/v1/search: Spotify asked us to wait 86037s, above the 60s cap. Stopping instead of blocking — let it cool down before retrying.",,,,,,,,,,,,,,,,
"October 18, 2021",Echo Eléctrico,Angélica Garcia,Pop,Independent Artist,"Los Angeles, California",Ashley Bardhan,"error: Rate limited on GET https://api.spotify.com/v1/search: Spotify asked us to wait 86036s, above the 60s cap. Stopping instead of blocking — let it cool down before retrying.",,,,,,,,,,,,,,,,
"October 15, 2021",Ookii Gekkou,Vanishing Twin,Rock,Independent Artist,"London, UK",Matthew Schnipper,"error: Rate limited on GET https://api.spotify.com/v1/search: Spotify asked us to wait 86036s, above the 60s cap. Stopping instead of blocking — let it cool down before retrying.",,,,,,,,,,,,,,,,
"October 14, 2021",City of Mirrors,Dos Santos,Jazz,International Anthem,"Chicago, Illinois",Richard Villegas,"error: Rate limited on GET https://api.spotify.com/v1/search: Spotify asked us to wait 86036s, above the 60s cap. Stopping instead of blocking — let it cool down before retrying.",,,,,,,,,,,,,,,,
"October 13, 2021",Little Body In Orbit,Alice TM,Pop,Independent Artist,"Brooklyn, New York",Andra Nikolayi,"error: Rate limited on GET https://api.spotify.com/v1/search: Spotify asked us to wait 86036s, above the 60s cap. Stopping instead of blocking — let it cool down before retrying.",,,,,,,,,,,,,,,,
"October 12, 2021",I Want the Door to Open,Lala Lala,Alternative,Independent Artist,"Los Angeles, California",Shy Clara Thompson,"error: Rate limited on GET https://api.spotify.com/v1/search: Spotify asked us to wait 86036s, above the 60s cap. Stopping instead of blocking — let it cool down before retrying.",,,,,,,,,,,,,,,,
"October 11, 2021",Vanities,W.H. Lung,Alternative,W. H. Lung,"Manchester, UK",Zach Lipez,"error: Rate limited on GET https://api.spotify.com/v1/search: Spotify asked us to wait 86035s, above the 60s cap. Stopping instead of blocking — let it cool down before retrying.",,,,,,,,,,,,,,,,
"October 08, 2021",Welcome to Paradise Lost,Taraka,Rock,Independent Artist,"New York, New York",Elle Carroll,"error: Rate limited on GET https://api.spotify.com/v1/search: Spotify asked us to wait 86035s, above the 60s cap. Stopping instead of blocking — let it cool down before retrying.",,,,,,,,,,,,,,,,
"October 07, 2021",Qalaq,Jerusalem In My Heart,Experimental,Independent Artist,"Montreal, Québec",Miles Bowe,"error: Rate limited on GET https://api.spotify.com/v1/search: Spotify asked us to wait 86035s, above the 60s cap. Stopping instead of blocking — let it cool down before retrying.",,,,,,,,,,,,,,,,
"October 06, 2021",Liminal Soul,Kedr Livanskiy,Electronic,Independent Artist,"Moscow, Russia",Tayyab Amin,"error: Rate limited on GET https://api.spotify.com/v1/search: Spotify asked us to wait 86035s, above the 60s cap. Stopping instead of blocking — let it cool down before retrying.",,,,,,,,,,,,,,,,
"October 05, 2021",Drum Message,Okyerema Asante feat. Plunky,World,Black Fire,"Washington, D.C.",John Morrison,"error: Rate limited on GET https://api.spotify.com/v1/search: Spotify asked us to wait 86035s, above the 60s cap. Stopping instead of blocking — let it cool down before retrying.",,,,,,,,,,,,,,,,
"October 04, 2021",Mod Prog Sic,Black Dice,Experimental,Independent Artist,"New York, New York",Miles Bowe,"error: Rate limited on GET https://api.spotify.com/v1/search: Spotify asked us to wait 86034s, above the 60s cap. Stopping instead of blocking — let it cool down before retrying.",,,,,,,,,,,,,,,,
"October 01, 2021",Back Up: Mexican Tecno Pop 1980–1989,Various Artists,Alternative,Dark Entries Records,"San Francisco, California",Richard Villegas,"error: Rate limited on GET https://api.spotify.com/v1/search: Spotify asked us to wait 86034s, above the 60s cap. Stopping instead of blocking — let it cool down before retrying.",,,,,,,,,,,,,,,,
"September 30, 2021",Delta,Lyra Pramuk,Electronic,Independent Artist,"Berlin, Germany",Andra Nikolayi,"error: Rate limited on GET https://api.spotify.com/v1/search: Spotify asked us to wait 86034s, above the 60s cap. Stopping instead of blocking — let it cool down before retrying.",,,,,,,,,,,,,,,,
"September 29, 2021",Letting Go,Hayden Pedigo,Folk,Independent Artist,"Amarillo, Texas",Josh Feola,"error: Rate limited on GET https://api.spotify.com/v1/search: Spotify asked us to wait 86034s, above the 60s cap. Stopping instead of blocking — let it cool down before retrying.",,,,,,,,,,,,,,,,
"September 28, 2021",XXI,Succumb,Metal,Independent Artist,"San Francisco, California",Ben Salmon,"error: Rate limited on GET https://api.spotify.com/v1/search: Spotify asked us to wait 86034s, above the 60s cap. Stopping instead of blocking — let it cool down before retrying.",,,,,,,,,,,,,,,,
"September 27, 2021",1:2,Cindy,Alternative,Independent Artist,"San Francisco, California",Shy Clara Thompson,"error: Rate limited on GET https://api.spotify.com/v1/search: Spotify asked us to wait 86033s, above the 60s cap. Stopping instead of blocking — let it cool down before retrying.",,,,,,,,,,,,,,,,
"September 24, 2021",one hand on the steering wheel the other sewing a garden,Ada Lea,Alternative,Independent Artist,"Montreal, Québec",Alex Westfall,"error: Rate limited on GET https://api.spotify.com/v1/search: Spotify asked us to wait 86033s, above the 60s cap. Stopping instead of blocking — let it cool down before retrying.",,,,,,,,,,,,,,,,
"September 23, 2021","Le Maestro, WHIP MUSIC",K,Hip-Hop/Rap,"K, Le Maestro","London, UK",Max Bell,"error: Rate limited on GET https://api.spotify.com/v1/search: Spotify asked us to wait 86033s, above the 60s cap. Stopping instead of blocking — let it cool down before retrying.",,,,,,,,,,,,,,,,
"September 22, 2021",Leaving None But Small Birds,The Body and BIG|BRAVE,Experimental,BIG BRAVE,"Montreal, Québec",Alex Deller,"error: Rate limited on GET https://api.spotify.com/v1/search: Spotify asked us to wait 86033s, above the 60s cap. Stopping instead of blocking — let it cool down before retrying.",,,,,,,,,,,,,,,,
"September 21, 2021",Black Encyclopedia of the Air,Moor Mother,Experimental,Independent Artist,"Philadelphia, Pennsylvania",Nadine Smith,"error: Rate limited on GET https://api.spotify.com/v1/search: Spotify asked us to wait 86033s, above the 60s cap. Stopping instead of blocking — let it cool down before retrying.",,,,,,,,,,,,,,,,
"September 20, 2021",Wyspa,Pejzaż,Electronic,The Very Polish Cut Outs,Poland,Sam McLemore,"error: Rate limited on GET https://api.spotify.com/v1/search: Spotify asked us to wait 86032s, above the 60s cap. Stopping instead of blocking — let it cool down before retrying.",,,,,,,,,,,,,,,,
"September 17, 2021",We Famous,The Kondi Band,Electronic,Independent Artist,"Freetown, Sierra Leone",Andy Thomas,"error: Rate limited on GET https://api.spotify.com/v1/search: Spotify asked us to wait 86032s, above the 60s cap. Stopping instead of blocking — let it cool down before retrying.",,,,,,,,,,,,,,,,
"September 16, 2021",By the Time I Get to Phoenix,Injury Reserve,Hip-Hop/Rap,Independent Artist,"Phoenix, Arizona",Vance Brinkley,"error: Rate limited on GET https://api.spotify.com/v1/search: Spotify asked us to wait 86032s, above the 60s cap. Stopping instead of blocking — let it cool down before retrying.",,,,,,,,,,,,,,,,
"September 15, 2021",War Garden,Cold Beat,Punk,Independent Artist,California,Elle Carroll,"error: Rate limited on GET https://api.spotify.com/v1/search: Spotify asked us to wait 86032s, above the 60s cap. Stopping instead of blocking — let it cool down before retrying.",,,,,,,,,,,,,,,,
"September 14, 2021",A Beautiful Revolution (Pt 2),Common,Hip-Hop/Rap,Independent Artist,"Chicago, Illinois",Dean Van Nguyen,"error: Rate limited on GET https://api.spotify.com/v1/search: Spotify asked us to wait 86032s, above the 60s cap. Stopping instead of blocking — let it cool down before retrying.",,,,,,,,,,,,,,,,
"September 13, 2021",Parallel Timeline,Slothrust,Rock,SLOTHRUST,"Los Angeles, California",Elle Carroll,"error: Rate limited on GET https://api.spotify.com/v1/search: Spotify asked us to wait 86031s, above the 60s cap. Stopping instead of blocking — let it cool down before retrying.",,,,,,,,,,,,,,,,
"September 10, 2021",Before I Die,박혜진 Park Hye Jin,Electronic,Independent Artist,"Los Angeles, California",Ruth Jiang,"error: Rate limited on GET https://api.spotify.com/v1/search: Spotify asked us to wait 86031s, above the 60s cap. Stopping instead of blocking — let it cool down before retrying.",,,,,,,,,,,,,,,,
"September 09, 2021",Madremonte,Jaguar,Electronic,Independent Artist,Switzerland,Rebecca Bodenheimer,"error: Rate limited on GET https://api.spotify.com/v1/search: Spotify asked us to wait 86031s, above the 60s cap. Stopping instead of blocking — let it cool down before retrying.",,,,,,,,,,,,,,,,
"September 08, 2021",White Buffalo Roam,Toner,Rock,TONER,"Oakland, California",Alex Heigl,"error: Rate limited on GET https://api.spotify.com/v1/search: Spotify asked us to wait 86031s, above the 60s cap. Stopping instead of blocking — let it cool down before retrying.",,,,,,,,,,,,,,,,
"September 07, 2021",Heartbeats​/​Heartbreaks,caro♡,Pop,ultra caro,"London, UK",Ed Blair,"error: Rate limited on GET https://api.spotify.com/v1/search: Spotify asked us to wait 86031s, above the 60s cap. Stopping instead of blocking — let it cool down before retrying.",,,,,,,,,,,,,,,,
"September 03, 2021",Doing Our Thing With Pride,Al-Dos Band,R&amp;B/Soul,Kalita Records,"London, UK",John Morrison,"error: Rate limited on GET https://api.spotify.com/v1/search: Spotify asked us to wait 86030s, above the 60s cap. Stopping instead of blocking — let it cool down before retrying.",,,,,,,,,,,,,,,,
"September 02, 2021",Flowerland,Pearl & The Oysters,Pop,Pearl &amp; The Oysters,"Los Angeles, California",Maria Barrios,"error: Rate limited on GET https://api.spotify.com/v1/search: Spotify asked us to wait 86030s, above the 60s cap. Stopping instead of blocking — let it cool down before retrying.",,,,,,,,,,,,,,,,
"September 01, 2021",Quinto Relatório Anual,Pandit Pam Pam,Electronic,Independent Artist,"São Paulo, Brazil",Miles Bowe,"error: Rate limited on GET https://api.spotify.com/v1/search: Spotify asked us to wait 86030s, above the 60s cap. Stopping instead of blocking — let it cool down before retrying.",,,,,,,,,,,,,,,,
"August 31, 2021",Alternate Endings,Snowy Band,Rock,Snowy,"Melbourne, Australia",Ben Salmon,"error: Rate limited on GET https://api.spotify.com/v1/search: Spotify asked us to wait 86030s, above the 60s cap. Stopping instead of blocking — let it cool down before retrying.",,,,,,,,,,,,,,,,
"August 30, 2021",The Ballad of Dood & Juanita,Sturgill Simpson,Country,Independent Artist,"Nashville, Tennessee",Brad Sanders,"error: Rate limited on GET https://api.spotify.com/v1/search: Spotify asked us to wait 86029s, above the 60s cap. Stopping instead of blocking — let it cool down before retrying.",,,,,,,,,,,,,,,,
"August 27, 2021",The 16 Deaths of My Master,Thief,Electronic,Independent Artist,"Los Angeles, California",Andrew Parks,"error: Rate limited on GET https://api.spotify.com/v1/search: Spotify asked us to wait 86029s, above the 60s cap. Stopping instead of blocking — let it cool down before retrying.",,,,,,,,,,,,,,,,
"August 26, 2021",Web Max,Web Web x Max Herre,Jazz,Web Web,"Munich, Germany",Britt Robson,"error: Rate limited on GET https://api.spotify.com/v1/search: Spotify asked us to wait 86029s, above the 60s cap. Stopping instead of blocking — let it cool down before retrying.",,,,,,,,,,,,,,,,
"August 25, 2021",Do You Like Salt?,BRNDA,Punk,Independent Artist,"Washington, D.C.",Erin Margaret Day,"error: Rate limited on GET https://api.spotify.com/v1/search: Spotify asked us to wait 86029s, above the 60s cap. Stopping instead of blocking — let it cool down before retrying.",,,,,,,,,,,,,,,,
"August 24, 2021",Dust of Forever,Woman is the Earth,Metal,Init Records,"Minneapolis, Minnesota",Ben Salmon,"error: Rate limited on GET https://api.spotify.com/v1/search: Spotify asked us to wait 86029s, above the 60s cap. Stopping instead of blocking — let it cool down before retrying.",,,,,,,,,,,,,,,,
"August 23, 2021",O.T.S.,Lionmilk,Electronic,Independent Artist,"Los Angeles, California",John Morrison,"error: Rate limited on GET https://api.spotify.com/v1/search: Spotify asked us to wait 86028s, above the 60s cap. Stopping instead of blocking — let it cool down before retrying.",,,,,,,,,,,,,,,,
"August 20, 2021",Brushfire,G. Brenner,R&amp;B/Soul,Independent Artist,"Los Angeles, California",Chaka V. Grier,"error: Rate limited on GET https://api.spotify.com/v1/search: Spotify asked us to wait 86028s, above the 60s cap. Stopping instead of blocking — let it cool down before retrying.",,,,,,,,,,,,,,,,
"August 19, 2021",Everything,Bnny,Rock,Independent Artist,"Chicago, Illinois",Elle Carroll,"error: Rate limited on GET https://api.spotify.com/v1/search: Spotify asked us to wait 86028s, above the 60s cap. Stopping instead of blocking — let it cool down before retrying.",,,,,,,,,,,,,,,,
"August 18, 2021",Speedstar,Justus Profitt,Rock,Justus Proffit,"Los Angeles, California",Charlie Zaillian,"error: Rate limited on GET https://api.spotify.com/v1/search: Spotify asked us to wait 86028s, above the 60s cap. Stopping instead of blocking — let it cool down before retrying.",,,,,,,,,,,,,,,,
"August 17, 2021",Soleil,Amami,Electronic,Independent Artist,"Geneva, Switzerland",John Morrison,"error: Rate limited on GET https://api.spotify.com/v1/search: Spotify asked us to wait 86028s, above the 60s cap. Stopping instead of blocking — let it cool down before retrying.",,,,,,,,,,,,,,,,
"August 16, 2021",Don and Von,Tanya Morgan,Hip-Hop/Rap,Independent Artist,"Brooklyn, New York",Phillip Mlynar,"error: Rate limited on GET https://api.spotify.com/v1/search: Spotify asked us to wait 86027s, above the 60s cap. Stopping instead of blocking — let it cool down before retrying.",,,,,,,,,,,,,,,,
"August 13, 2021",The Return of​.​.​.,Pachyman,Reggae,PACHYMAN,"Los Angeles, California",Joseph Gentile,"error: Rate limited on GET https://api.spotify.com/v1/search: Spotify asked us to wait 86027s, above the 60s cap. Stopping instead of blocking — let it cool down before retrying.",,,,,,,,,,,,,,,,
"August 12, 2021",Content That Makes You Feel Good,Stuck,Punk,Independent Artist,"Chicago, Illinois",Alex Heigl,"error: Rate limited on GET https://api.spotify.com/v1/search: Spotify asked us to wait 86027s, above the 60s cap. Stopping instead of blocking — let it cool down before retrying.",,,,,,,,,,,,,,,,
"August 11, 2021",Orca,NTsKi,Electronic,Independent Artist,"Kyoto, Japan",Andra Nikolayi,"error: Rate limited on GET https://api.spotify.com/v1/search: Spotify asked us to wait 86027s, above the 60s cap. Stopping instead of blocking — let it cool down before retrying.",,,,,,,,,,,,,,,,
"August 10, 2021",The Apple Drop,Liars,Alternative,Independent Artist,Australia,Miles Bowe,"error: Rate limited on GET https://api.spotify.com/v1/search: Spotify asked us to wait 86026s, above the 60s cap. Stopping instead of blocking — let it cool down before retrying.",,,,,,,,,,,,,,,,
"August 09, 2021",Thank You Rap Gods,Freshman Woes,Hip-Hop/Rap,Independent Artist,"Charleston, South Carolina",Phillip Mlynar,"error: Rate limited on GET https://api.spotify.com/v1/search: Spotify asked us to wait 86026s, above the 60s cap. Stopping instead of blocking — let it cool down before retrying.",,,,,,,,,,,,,,,,
"August 06, 2021",A Sky Record,Damon & Naomi,Alternative,Damon &amp; Naomi,"Boston, Massachusetts",Shy Clara Thompson,"error: Rate limited on GET https://api.spotify.com/v1/search: Spotify asked us to wait 86026s, above the 60s cap. Stopping instead of blocking — let it cool down before retrying.",,,,,,,,,,,,,,,,
"August 05, 2021",Wide Through The Eyes Of No One,The Steoples,R&amp;B/Soul,The Steoples,"Los Angeles, California",John Morrison,"error: Rate limited on GET https://api.spotify.com/v1/search: Spotify asked us to wait 86026s, above the 60s cap. Stopping instead of blocking — let it cool down before retrying.",,,,,,,,,,,,,,,,
"August 04, 2021",之 / OF,Li Yilei,Ambient,LI YILEI,"London, UK",James Gui,"error: Rate limited on GET https://api.spotify.com/v1/search: Spotify asked us to wait 86026s, above the 60s cap. Stopping instead of blocking — let it cool down before retrying.",,,,,,,,,,,,,,,,
"August 03, 2021",New Day With New Possibilities,Sonny & The Sunsets,Rock,Sonny &amp; The Sunsets,"San Francisco, California",Elle Carroll,"error: Rate limited on GET https://api.spotify.com/v1/search: Spotify asked us to wait 86025s, above the 60s cap. Stopping instead of blocking — let it cool down before retrying.",,,,,,,,,,,,,,,,
"August 02, 2021",This Far,Teamonade,Alternative,Counter Intuitive Records,Massachusetts,Nina Corcoran,"error: Rate limited on GET https://api.spotify.com/v1/search: Spotify asked us to wait 86025s, above the 60s cap. Stopping instead of blocking — let it cool down before retrying.",,,,,,,,,,,,,,,,
"July 30, 2021","K(no)w Them, K(no)w Us",Xhosa Cole,Jazz,Independent Artist,"Birmingham, UK",John Morrison,"error: Rate limited on GET https://api.spotify.com/v1/search: Spotify asked us to wait 86025s, above the 60s cap. Stopping instead of blocking — let it cool down before retrying.",,,,,,,,,,,,,,,,
"July 29, 2021",Celestial Blues,King Woman,Metal,Independent Artist,"New York, New York",Jeff Terich,"error: Rate limited on GET https://api.spotify.com/v1/search: Spotify asked us to wait 86025s, above the 60s cap. Stopping instead of blocking — let it cool down before retrying.",,,,,,,,,,,,,,,,
"July 28, 2021",Giseke,Bluestaeb,Hip-Hop/Rap,Independent Artist,"Paris, France",John Morrison,"error: Rate limited on GET https://api.spotify.com/v1/search: Spotify asked us to wait 86025s, above the 60s cap. Stopping instead of blocking — let it cool down before retrying.",,,,,,,,,,,,,,,,
"July 27, 2021",Signals In My Head,DJ Manny,Electronic,Dj Manny,"Chicago, Illinois",Miles Bowe,"error: Rate limited on GET https://api.spotify.com/v1/search: Spotify asked us to wait 86024s, above the 60s cap. Stopping instead of blocking — let it cool down before retrying.",,,,,,,,,,,,,,,,
"July 26, 2021",Expansions,Bacao Rhythm and Steel Band,Funk,Independent Artist,"Hamburg, Germany",Eli Schoop,"error: Rate limited on GET https://api.spotify.com/v1/search: Spotify asked us to wait 86024s, above the 60s cap. Stopping instead of blocking — let it cool down before retrying.",,,,,,,,,,,,,,,,
"July 23, 2021",Change,Anika,Pop,Independent Artist,"Berlin, Germany",Raphael Helfand,"error: Rate limited on GET https://api.spotify.com/v1/search: Spotify asked us to wait 86024s, above the 60s cap. Stopping instead of blocking — let it cool down before retrying.",,,,,,,,,,,,,,,,
"July 22, 2021",Vines,Damiana,Ambient,Hausu Mountain Records,"Chicago, Illinois",Arielle Gordon,"error: Rate limited on GET https://api.spotify.com/v1/search: Spotify asked us to wait 86024s, above the 60s cap. Stopping instead of blocking — let it cool down before retrying.",,,,,,,,,,,,,,,,
"July 21, 2021",Santau,Jalang,Punk,Independent Artist,"Melbourne, Australia",Kerry Cardoza,"error: Rate limited on GET https://api.spotify.com/v1/search: Spotify asked us to wait 86024s, above the 60s cap. Stopping instead of blocking — let it cool down before retrying.",,,,,,,,,,,,,,,,
"July 20, 2021",Tributaries,Jack Cooper & Jeff Tobias,Ambient,Jack Cooper,"London, UK",Jesse Locke,"error: Rate limited on GET https://api.spotify.com/v1/search: Spotify asked us to wait 86023s, above the 60s cap. Stopping instead of blocking — let it cool down before retrying.",,,,,,,,,,,,,,,,
"July 19, 2021","Jordan Hamilton & The Saxsquatch, Tri Magi",The Lasso,Jazz,Independent Artist,Michigan,Phillip Mlynar,"error: Rate limited on GET https://api.spotify.com/v1/search: Spotify asked us to wait 86023s, above the 60s cap. Stopping instead of blocking — let it cool down before retrying.",,,,,,,,,,,,,,,,
"July 16, 2021",Luminol,Midwife,Alternative,Independent Artist,Colorado,Jeff Terich,"error: Rate limited on GET https://api.spotify.com/v1/search: Spotify asked us to wait 86023s, above the 60s cap. Stopping instead of blocking — let it cool down before retrying.",,,,,,,,,,,,,,,,
"July 15, 2021",Sweet,Jason Jamal,R&amp;B/Soul,Independent Artist,"Richmond, Virginia",Chaka V. Grier,"error: Rate limited on GET https://api.spotify.com/v1/search: Spotify asked us to wait 86023s, above the 60s cap. Stopping instead of blocking — let it cool down before retrying.",,,,,,,,,,,,,,,,
"July 14, 2021",Na Zala Zala,Rey Sapienz and the Congo Techno Ensemble,Electronic,Nyege Nyege Tapes,"Kampala, Uganda",Andra Nikolayi,"error: Rate limited on GET https://api.spotify.com/v1/search: Spotify asked us to wait 86023s, above the 60s cap. Stopping instead of blocking — let it cool down before retrying.",,,,,,,,,,,,,,,,
"July 13, 2021",Yasuragi Land,Foodman,Experimental,foodman,"Nagoya, Japan",Patrick St. Michel,"error: Rate limited on GET https://api.spotify.com/v1/search: Spotify asked us to wait 86022s, above the 60s cap. Stopping instead of blocking — let it cool down before retrying.",,,,,,,,,,,,,,,,
"July 12, 2021",Alpha,Charlotte Day Wilson,R&amp;B/Soul,Independent Artist,"Toronto, Ontario",Anna White,"error: Rate limited on GET https://api.spotify.com/v1/search: Spotify asked us to wait 86022s, above the 60s cap. Stopping instead of blocking — let it cool down before retrying.",,,,,,,,,,,,,,,,
"July 09, 2021",Healing Frequencies,Deep Aztec,Electronic,Independent Artist,South Africa,Eli Schoop,"error: Rate limited on GET https://api.spotify.com/v1/search: Spotify asked us to wait 86022s, above the 60s cap. Stopping instead of blocking — let it cool down before retrying.",,,,,,,,,,,,,,,,
"July 08, 2021",Body of Water,Dolphin Midwives,Alternative,dolphin midwives,"Portland, Oregon",Robert Ham,"error: Rate limited on GET https://api.spotify.com/v1/search: Spotify asked us to wait 86022s, above the 60s cap. Stopping instead of blocking — let it cool down before retrying.",,,,,,,,,,,,,,,,
"July 07, 2021",At Pioneer Works,Les Filles de Illighadad,World,Independent Artist,"Abalak, Niger",Marshall Gu,"error: Rate limited on GET https://api.spotify.com/v1/search: Spotify asked us to wait 86021s, above the 60s cap. Stopping instead of blocking — let it cool down before retrying.",,,,,,,,,,,,,,,,
"July 06, 2021",Sankofa,Amaro Freitas,Jazz,Independent Artist,"Recife, Brazil",John Morrison,"error: Rate limited on GET https://api.spotify.com/v1/search: Spotify asked us to wait 86021s, above the 60s cap. Stopping instead of blocking — let it cool down before retrying.",,,,,,,,,,,,,,,,
"July 02, 2021",Wallahi Le Zein!,Various Artists,World,Mississippi Records,"New York, New York",Shy Clara Thompson,"error: Rate limited on GET https://api.spotify.com/v1/search: Spotify asked us to wait 86021s, above the 60s cap. Stopping instead of blocking — let it cool down before retrying.",,,,,,,,,,,,,,,,
"July 01, 2021",Spring Collection,Jason Nazary,Experimental,We Jazz Records,"Helsinki, Finland",Brad Cohan,"error: Rate limited on GET https://api.spotify.com/v1/search: Spotify asked us to wait 86021s, above the 60s cap. Stopping instead of blocking — let it cool down before retrying.",,,,,,,,,,,,,,,,
"June 30, 2021",Disco!,MIKE,Hip-Hop/Rap,Independent Artist,"New York, New York",John Morrison,"error: Rate limited on GET https://api.spotify.com/v1/search: Spotify asked us to wait 86021s, above the 60s cap. Stopping instead of blocking — let it cool down before retrying.",,,,,,,,,,,,,,,,
"June 29, 2021",I LIE HERE BURIED WITH MY RINGS AND MY DRESSES,Backxwash,Hip-Hop/Rap,Independent Artist,"Montreal, Québec",Sunik Kim,"error: Rate limited on GET https://api.spotify.com/v1/search: Spotify asked us to wait 86020s, above the 60s cap. Stopping instead of blocking — let it cool down before retrying.",,,,,,,,,,,,,,,,
"June 28, 2021",Ultra Cycle Pt. 2: Estival Growth,Prolaps,Electronic,Hausu Mountain Records,"Chicago, Illinois",Miles Bowe,"error: Rate limited on GET https://api.spotify.com/v1/search: Spotify asked us to wait 86020s, above the 60s cap. Stopping instead of blocking — let it cool down before retrying.",,,,,,,,,,,,,,,,
"June 25, 2021",The Turning Wheel,SPELLLING,Experimental,Independent Artist,"Oakland, California",Natelegé Whaley,"error: Rate limited on GET https://api.spotify.com/v1/search: Spotify asked us to wait 86020s, above the 60s cap. Stopping instead of blocking — let it cool down before retrying.",,,,,,,,,,,,,,,,
"June 24, 2021",What We Lost,Janette King,R&amp;B/Soul,Independent Artist,"Montreal, Québec",Chaka V. Grier,"error: Rate limited on GET https://api.spotify.com/v1/search: Spotify asked us to wait 86020s, above the 60s cap. Stopping instead of blocking — let it cool down before retrying.",,,,,,,,,,,,,,,,
"June 23, 2021",Flowertown,Flowertown,Rock,FLOWERTOWN,"San Francisco, California",Ben Salmon,"error: Rate limited on GET https://api.spotify.com/v1/search: Spotify asked us to wait 86020s, above the 60s cap. Stopping instead of blocking — let it cool down before retrying.",,,,,,,,,,,,,,,,
"June 22, 2021",Ekizikiza Mubwengula,Don Zilla,Electronic,HAKUNA KULALA,"Kampala, Uganda",Andra Nikolayi,"error: Rate limited on GET https://api.spotify.com/v1/search: Spotify asked us to wait 86019s, above the 60s cap. Stopping instead of blocking — let it cool down before retrying.",,,,,,,,,,,,,,,,
"June 21, 2021",Temporary Requiem,MJ Guider,Alternative,Independent Artist,"New Orleans, Louisiana",Miles Bowe,"error: Rate limited on GET https://api.spotify.com/v1/search: Spotify asked us to wait 86019s, above the 60s cap. Stopping instead of blocking — let it cool down before retrying.",,,,,,,,,,,,,,,,
"June 18, 2021",Conclave,Conclave,World,Independent Artist,"Brooklyn, New York",Matthew Ismael Ruiz,"error: Rate limited on GET https://api.spotify.com/v1/search: Spotify asked us to wait 86019s, above the 60s cap. Stopping instead of blocking — let it cool down before retrying.",,,,,,,,,,,,,,,,
"June 17, 2021",Planet X,Red Ribbon,Alternative,Independent Artist,"Los Angeles, California",Michael Rancic,"error: Rate limited on GET https://api.spotify.com/v1/search: Spotify asked us to wait 86019s, above the 60s cap. Stopping instead of blocking — let it cool down before retrying.",,,,,,,,,,,,,,,,
"June 16, 2021",MAYAHUEL,Sávila,Latin,SÁVILA,"Portland, Oregon",Maria Barrios,"error: Rate limited on GET https://api.spotify.com/v1/search: Spotify asked us to wait 86019s, above the 60s cap. Stopping instead of blocking — let it cool down before retrying.",,,,,,,,,,,,,,,,
"June 15, 2021",Dharmaland,Ìxtahuele,Jazz,Independent Artist,"Gothenburg, Sweden",Andy Beta,"error: Rate limited on GET https://api.spotify.com/v1/search: Spotify asked us to wait 86018s, above the 60s cap. Stopping instead of blocking — let it cool down before retrying.",,,,,,,,,,,,,,,,
"June 14, 2021",Mommy Issues,The Narcotix,Alternative,Independent Artist,"Brooklyn, New York",Natelegé Whaley,"error: Rate limited on GET https://api.spotify.com/v1/search: Spotify asked us to wait 86018s, above the 60s cap. Stopping instead of blocking — let it cool down before retrying.",,,,,,,,,,,,,,,,
"June 11, 2021",The Veiled Sea,Six Organs of Admittance,Alternative,Three Lobed Recordings,"Jamestown, North Carolina",Phil E. Bloomfield,"error: Rate limited on GET https://api.spotify.com/v1/search: Spotify asked us to wait 86018s, above the 60s cap. Stopping instead of blocking — let it cool down before retrying.",,,,,,,,,,,,,,,,
"June 10, 2021",Resist To Exist قاوم لِوجودك,Avon Terror Corps x Exist Festival,Electronic,Avon Terror Corps,"Bristol, UK",April Clare Welsh,"error: Rate limited on GET https://api.spotify.com/v1/search: Spotify asked us to wait 86017s, above the 60s cap. Stopping instead of blocking — let it cool down before retrying.",,,,,,,,,,,,,,,,
"June 09, 2021",Lemona and Swan Song,Giant Drag,Rock,Annie Hardy,"Los Angeles, California",Ashley Bardhan,"error: Rate limited on GET https://api.spotify.com/v1/search: Spotify asked us to wait 86017s, above the 60s cap. Stopping instead of blocking — let it cool down before retrying.",,,,,,,,,,,,,,,,
"June 08, 2021",Xardinal Coffee,Exum,Hip-Hop/Rap,EXUM,"Richmond, Virginia",Chaka V. Grier,"error: Rate limited on GET https://api.spotify.com/v1/search: Spotify asked us to wait 86017s, above the 60s cap. Stopping instead of blocking — let it cool down before retrying.",,,,,,,,,,,,,,,,
"June 07, 2021",NON-FICTION,N0V3L,Punk,Independent Artist,"Vancouver, British Columbia",Elle Carroll,"error: Rate limited on GET https://api.spotify.com/v1/search: Spotify asked us to wait 86017s, above the 60s cap. Stopping instead of blocking — let it cool down before retrying.",,,,,,,,,,,,,,,,
"June 04, 2021",Keep Me in Mind,Miriam Makeba,World,Independent Artist,"Johannesburg, South Africa",Megan Iacobini de Fazio,"error: Rate limited on GET https://api.spotify.com/v1/search: Spotify asked us to wait 86017s, above the 60s cap. Stopping instead of blocking — let it cool down before retrying.",,,,,,,,,,,,,,,,
"June 03, 2021",Balance,Children of Zeus,R&amp;B/Soul,Children Of Zeus,"Manchester, UK",J. Edward Keyes,"error: Rate limited on GET https://api.spotify.com/v1/search: Spotify asked us to wait 86016s, above the 60s cap. Stopping instead of blocking — let it cool down before retrying.",,,,,,,,,,,,,,,,
"June 02, 2021",Headbanging In The Club,W00DY,Electronic,Independent Artist,"Pittsburgh, Pennsylvania",Miles Bowe,"error: Rate limited on GET https://api.spotify.com/v1/search: Spotify asked us to wait 86016s, above the 60s cap. Stopping instead of blocking — let it cool down before retrying.",,,,,,,,,,,,,,,,
"June 01, 2021",Always Something,UV-TV,Punk,Independent Artist,"Brooklyn, New York",Charlie Zaillian,"error: Rate limited on GET https://api.spotify.com/v1/search: Spotify asked us to wait 86016s, above the 60s cap. Stopping instead of blocking — let it cool down before retrying.",,,,,,,,,,,,,,,,
"May 28, 2021",Modern Love,Various Artists,Jazz,BBE,"London, UK",Dave Sumner,"error: Rate limited on GET https://api.spotify.com/v1/search: Spotify asked us to wait 86016s, above the 60s cap. Stopping instead of blocking — let it cool down before retrying.",,,,,,,,,,,,,,,,
"May 27, 2021",Natural Mechanics,Spectacular Diagnostics,Hip-Hop/Rap,Independent Artist,"Chicago, Illinois",Phillip Mlynar,"error: Rate limited on GET https://api.spotify.com/v1/search: Spotify asked us to wait 86016s, above the 60s cap. Stopping instead of blocking — let it cool down before retrying.",,,,,,,,,,,,,,,,
"May 26, 2021",Outside Child,Allison Russell,Alternative,Independent Artist,"Nashville, Tennessee",Chaka V. Grier,"error: Rate limited on GET https://api.spotify.com/v1/search: Spotify asked us to wait 86015s, above the 60s cap. Stopping instead of blocking — let it cool down before retrying.",,,,,,,,,,,,,,,,
"May 25, 2021",Cosmonaut,Pickle Darling,Alternative,Independent Artist,"Christchurch, New Zealand",Samuel Tornow,"error: Rate limited on GET https://api.spotify.com/v1/search: Spotify asked us to wait 86015s, above the 60s cap. Stopping instead of blocking — let it cool down before retrying.",,,,,,,,,,,,,,,,
"May 24, 2021",Present Tense,FACS,Punk,Independent Artist,"Chicago, Illinois",Shannon Nico Shreibak,"error: Rate limited on GET https://api.spotify.com/v1/search: Spotify asked us to wait 86015s, above the 60s cap. Stopping instead of blocking — let it cool down before retrying.",,,,,,,,,,,,,,,,
"May 21, 2021",Mesh,Mesh,Punk,MESH,"Philadelphia, Pennsylvania",Ethan Beck,"error: Rate limited on GET https://api.spotify.com/v1/search: Spotify asked us to wait 86015s, above the 60s cap. Stopping instead of blocking — let it cool down before retrying.",,,,,,,,,,,,,,,,
"May 20, 2021",If I Fail Are We Still Cool?,Patrick Paige II,Hip-Hop/Rap,Independent Artist,"Los Angeles, California",Christina Lee,"error: Rate limited on GET https://api.spotify.com/v1/search: Spotify asked us to wait 86015s, above the 60s cap. Stopping instead of blocking — let it cool down before retrying.",,,,,,,,,,,,,,,,
"May 19, 2021",Decir,Francisco del Pino,Classical,Independent Artist,"Princeton, New Jersey",Peter Margasak,"error: Rate limited on GET https://api.spotify.com/v1/search: Spotify asked us to wait 86014s, above the 60s cap. Stopping instead of blocking — let it cool down before retrying.",,,,,,,,,,,,,,,,
"May 18, 2021",Color de Trópico Vol. 2,Various Artists,Latin,El Palmas Music,"Barcelona, Spain",Richard Villegas,"error: Rate limited on GET https://api.spotify.com/v1/search: Spotify asked us to wait 86014s, above the 60s cap. Stopping instead of blocking — let it cool down before retrying.",,,,,,,,,,,,,,,,
"May 17, 2021",Cosmic Transitions,Isaiah Collier & The Chosen Few,Jazz,DIVISION 81 RECORDS,"Chicago, Illinois",Marcus J. Moore,"error: Rate limited on GET https://api.spotify.com/v1/search: Spotify asked us to wait 86014s, above the 60s cap. Stopping instead of blocking — let it cool down before retrying.",,,,,,,,,,,,,,,,
"May 14, 2021",Came Down Different,Pardoner,Rock,Independent Artist,"San Francisco, California",Mariana Timony,"error: Rate limited on GET https://api.spotify.com/v1/search: Spotify asked us to wait 86014s, above the 60s cap. Stopping instead of blocking — let it cool down before retrying.",,,,,,,,,,,,,,,,
"May 13, 2021","Black Ants Always Fly Together, One Bangle Makes No Sound",Kasai Allstars,Alternative,Independent Artist,Democratic Republic of the Congo,Megan Iacobini de Fazio,"error: Rate limited on GET https://api.spotify.com/v1/search: Spotify asked us to wait 86013s, above the 60s cap. Stopping instead of blocking — let it cool down before retrying.",,,,,,,,,,,,,,,,
"May 12, 2021",Kataan,Kataan,Metal,Independent Artist,New Hampshire,Brad Cohan,"error: Rate limited on GET https://api.spotify.com/v1/search: Spotify asked us to wait 86013s, above the 60s cap. Stopping instead of blocking — let it cool down before retrying.",,,,,,,,,,,,,,,,
"May 11, 2021",Comme Au Moulin,Nyssa Musique,Jazz,Independent Artist,"Paris, France",Andy Beta,"error: Rate limited on GET https://api.spotify.com/v1/search: Spotify asked us to wait 86013s, above the 60s cap. Stopping instead of blocking — let it cool down before retrying.",,,,,,,,,,,,,,,,
"May 10, 2021","More Energy Fields, Current",Carlos Niño & Friends,Ambient,International Anthem,"Chicago, Illinois",Andy Thomas,"error: Rate limited on GET https://api.spotify.com/v1/search: Spotify asked us to wait 86013s, above the 60s cap. Stopping instead of blocking — let it cool down before retrying.",,,,,,,,,,,,,,,,
"May 07, 2021",For My Mama And Anyone Who Look Like Her,McKinley Dixon,Hip-Hop/Rap,Independent Artist,"Richmond, Virginia",John Morrison,"error: Rate limited on GET https://api.spotify.com/v1/search: Spotify asked us to wait 86013s, above the 60s cap. Stopping instead of blocking — let it cool down before retrying.",,,,,,,,,,,,,,,,
"May 06, 2021",Tewari,Scotch Rolex,Electronic,HAKUNA KULALA,"Kampala, Uganda",Andra Nikolayi,"error: Rate limited on GET https://api.spotify.com/v1/search: Spotify asked us to wait 86012s, above the 60s cap. Stopping instead of blocking — let it cool down before retrying.",,,,,,,,,,,,,,,,
"May 05, 2021",Arc Mountain,Hausu Mountain & Deathbomb Arc Artists in Collaboration,Experimental,Hausu Mountain Records,"Chicago, Illinois",Miles Bowe,"error: Rate limited on GET https://api.spotify.com/v1/search: Spotify asked us to wait 86012s, above the 60s cap. Stopping instead of blocking — let it cool down before retrying.",,,,,,,,,,,,,,,,
"May 04, 2021",Antifate,Ziúr,Electronic,Independent Artist,"Berlin, Germany",Lewis Gordon,"error: Rate limited on GET https://api.spotify.com/v1/search: Spotify asked us to wait 86012s, above the 60s cap. Stopping instead of blocking — let it cool down before retrying.",,,,,,,,,,,,,,,,
"May 03, 2021",Beachy Head,Beachy Head,Rock,Graveface Records &amp; Curiosities,"Savannah, Georgia",Annie Zaleski,"error: Rate limited on GET https://api.spotify.com/v1/search: Spotify asked us to wait 86012s, above the 60s cap. Stopping instead of blocking — let it cool down before retrying.",,,,,,,,,,,,,,,,
"April 30, 2021",Second Line,DAWN,Electronic,Independent Artist,"Los Angeles, California",Amaya Garcia,"error: Rate limited on GET https://api.spotify.com/v1/search: Spotify asked us to wait 86011s, above the 60s cap. Stopping instead of blocking — let it cool down before retrying.",,,,,,,,,,,,,,,,
"April 29, 2021",Earth Bow,Sarah Louise,Ambient,Independent Artist,"Asheville, North Carolina",Miles Bowe,"error: Rate limited on GET https://api.spotify.com/v1/search: Spotify asked us to wait 86011s, above the 60s cap. Stopping instead of blocking — let it cool down before retrying.",,,,,,,,,,,,,,,,
"April 28, 2021",台灣謎景 Music from Taiwan Mystery,Mong Tong,Experimental,WV Sorcerer Productions 巫唱片,France,Josh Feola,"error: Rate limited on GET https://api.spotify.com/v1/search: Spotify asked us to wait 86011s, above the 60s cap. Stopping instead of blocking — let it cool down before retrying.",,,,,,,,,,,,,,,,
"April 27, 2021",Mora!,Francisco Mora Catlett,Jazz,Independent Artist,"Detroit, Michigan",Andy Beta,"error: Rate limited on GET https://api.spotify.com/v1/search: Spotify asked us to wait 86011s, above the 60s cap. Stopping instead of blocking — let it cool down before retrying.",,,,,,,,,,,,,,,,
"April 26, 2021",Bury Me Beneath This Rotting Earth,Body Void,Metal,Independent Artist,Vermont,Ben Salmon,"error: Rate limited on GET https://api.spotify.com/v1/search: Spotify asked us to wait 86011s, above the 60s cap. Stopping instead of blocking — let it cool down before retrying.",,,,,,,,,,,,,,,,
"April 23, 2021",Bring Backs,Alfa Mist,Hip-Hop/Rap,Independent Artist,UK,John Morrison,"error: Rate limited on GET https://api.spotify.com/v1/search: Spotify asked us to wait 86010s, above the 60s cap. Stopping instead of blocking — let it cool down before retrying.",,,,,,,,,,,,,,,,
"April 22, 2021",Feel Free,Proper Nouns,Alternative,Independent Artist,"New York, New York",Charlie Zaillian,"error: Rate limited on GET https://api.spotify.com/v1/search: Spotify asked us to wait 86010s, above the 60s cap. Stopping instead of blocking — let it cool down before retrying.",,,,,,,,,,,,,,,,
"April 21, 2021",Turn My Dial: M Squared Recordings and More,Tangled Shoelaces,Pop,Independent Artist,"Brisbane, Australia",Ashley Bardhan,"error: Rate limited on GET https://api.spotify.com/v1/search: Spotify asked us to wait 86010s, above the 60s cap. Stopping instead of blocking — let it cool down before retrying.",,,,,,,,,,,,,,,,
"April 20, 2021",Vulture Prince,Arooj Aftab,Classical,Independent Artist,"Brooklyn, New York",Peter Margasak,"error: Rate limited on GET https://api.spotify.com/v1/search: Spotify asked us to wait 86010s, above the 60s cap. Stopping instead of blocking — let it cool down before retrying.",,,,,,,,,,,,,,,,
"April 19, 2021","Douglas R. Ewart, and Mike Reed, Sun Beans of Shimmering Light",Wadada Leo Smith,Jazz,Wadada Leo Smith / Douglas R. Ewart / Mike Reed,"Chicago, Illinois",John Morrison,"error: Rate limited on GET https://api.spotify.com/v1/search: Spotify asked us to wait 86010s, above the 60s cap. Stopping instead of blocking — let it cool down before retrying.",,,,,,,,,,,,,,,,
"April 16, 2021",Infinity,Khan Jamal,Jazz,Independent Artist,"Philadelphia, Pennsylvania",John Morrison,"error: Rate limited on GET https://api.spotify.com/v1/search: Spotify asked us to wait 86009s, above the 60s cap. Stopping instead of blocking — let it cool down before retrying.",,,,,,,,,,,,,,,,
"April 15, 2021",The Things I Can’t Take With Me,Yaya Bey,R&amp;B/Soul,yaya bey,"Brooklyn, New York",Chaka V. Grier,"error: Rate limited on GET https://api.spotify.com/v1/search: Spotify asked us to wait 86009s, above the 60s cap. Stopping instead of blocking — let it cool down before retrying.",,,,,,,,,,,,,,,,
"April 14, 2021",Tripomatic Fantasies,dragongirl,Electronic,Independent Artist,"Copenhagen, Denmark",J. Edward Keyes,"error: Rate limited on GET https://api.spotify.com/v1/search: Spotify asked us to wait 86009s, above the 60s cap. Stopping instead of blocking — let it cool down before retrying.",,,,,,,,,,,,,,,,
"April 13, 2021",Cracks,Eomac,Electronic,Independent Artist,"Wicklow, Ireland",Andra Nikolayi,"error: Rate limited on GET https://api.spotify.com/v1/search: Spotify asked us to wait 86009s, above the 60s cap. Stopping instead of blocking — let it cool down before retrying.",,,,,,,,,,,,,,,,
"April 12, 2021",Grateful End,Dope Purple,Rock,WV Sorcerer Productions 巫唱片,France,Josh Feola,"error: Rate limited on GET https://api.spotify.com/v1/search: Spotify asked us to wait 86008s, above the 60s cap. Stopping instead of blocking — let it cool down before retrying.",,,,,,,,,,,,,,,,
"April 09, 2021",NOW,Damon Locks & Black Monument Ensemble,Jazz,International Anthem,"Chicago, Illinois",Andy Beta,"error: Rate limited on GET https://api.spotify.com/v1/search: Spotify asked us to wait 86008s, above the 60s cap. Stopping instead of blocking — let it cool down before retrying.",,,,,,,,,,,,,,,,
"April 08, 2021",Tale of My Lost Love,Female Species,Pop,Independent Artist,"Whittier, California",Mariana Timony,"error: Rate limited on GET https://api.spotify.com/v1/search: Spotify asked us to wait 86008s, above the 60s cap. Stopping instead of blocking — let it cool down before retrying.",,,,,,,,,,,,,,,,
"April 07, 2021",Fine Anyway,Rogér Fakhr,World,Habibi Funk Records,"Berlin, Germany",Shy Clara Thompson,"error: Rate limited on GET https://api.spotify.com/v1/search: Spotify asked us to wait 86008s, above the 60s cap. Stopping instead of blocking — let it cool down before retrying.",,,,,,,,,,,,,,,,
"April 06, 2021",Missing You,Robert Cotter,R&amp;B/Soul,WEWANTSOUNDS,"Paris, France",Ashawnta Jackson,"error: Rate limited on GET https://api.spotify.com/v1/search: Spotify asked us to wait 86008s, above the 60s cap. Stopping instead of blocking — let it cool down before retrying.",,,,,,,,,,,,,,,,
"April 05, 2021",Course In Fable,Ryley Walker,Rock,Independent Artist,"New York, New York",Brad Cohan,"error: Rate limited on GET https://api.spotify.com/v1/search: Spotify asked us to wait 86007s, above the 60s cap. Stopping instead of blocking — let it cool down before retrying.",,,,,,,,,,,,,,,,
"April 02, 2021",Touch The Earth,Placid Angles,Electronic,FIGURE,"Berlin, Germany",Sunik Kim,"error: Rate limited on GET https://api.spotify.com/v1/search: Spotify asked us to wait 86007s, above the 60s cap. Stopping instead of blocking — let it cool down before retrying.",,,,,,,,,,,,,,,,
"April 01, 2021",Loving You George,George Otsuka Quintet,Jazz,WEWANTSOUNDS,"Paris, France",Marcus J. Moore,"error: Rate limited on GET https://api.spotify.com/v1/search: Spotify asked us to wait 86007s, above the 60s cap. Stopping instead of blocking — let it cool down before retrying.",,,,,,,,,,,,,,,,
"March 31, 2021",Clair de Lunarette,Lunarette,Alternative,Independent Artist,"New York, New York",Anna White,"error: Rate limited on GET https://api.spotify.com/v1/search: Spotify asked us to wait 86007s, above the 60s cap. Stopping instead of blocking — let it cool down before retrying.",,,,,,,,,,,,,,,,
"March 30, 2021",Haram,Armand Hammer & The Alchemist,Hip-Hop/Rap,Armand Hammer,New York,J. Edward Keyes,"error: Rate limited on GET https://api.spotify.com/v1/search: Spotify asked us to wait 86007s, above the 60s cap. Stopping instead of blocking — let it cool down before retrying.",,,,,,,,,,,,,,,,
"March 29, 2021",Soul-Making Theodicy,Speaker Music,Electronic,Independent Artist,,JJ Skolnik,"error: Rate limited on GET https://api.spotify.com/v1/search: Spotify asked us to wait 86006s, above the 60s cap. Stopping instead of blocking — let it cool down before retrying.",,,,,,,,,,,,,,,,
"March 26, 2021","Pharoah Sanders, & The London Symphony Orchestra, Promises",Floating Points,Jazz,Independent Artist,UK,Britt Robson,"error: Rate limited on GET https://api.spotify.com/v1/search: Spotify asked us to wait 86006s, above the 60s cap. Stopping instead of blocking — let it cool down before retrying.",,,,,,,,,,,,,,,,
"March 25, 2021",Irene,Izy,R&amp;B/Soul,Independent Artist,"Melbourne, Australia",John Morrison,"error: Rate limited on GET https://api.spotify.com/v1/search: Spotify asked us to wait 86006s, above the 60s cap. Stopping instead of blocking — let it cool down before retrying.",,,,,,,,,,,,,,,,
"March 24, 2021",Yeti Season,El Michels Affair,Alternative,Independent Artist,New York,Alan Ranta,"error: Rate limited on GET https://api.spotify.com/v1/search: Spotify asked us to wait 86006s, above the 60s cap. Stopping instead of blocking — let it cool down before retrying.",,,,,,,,,,,,,,,,
"March 23, 2021",Solar Paroxysm,Mare Cognitum,Metal,Independent Artist,"Portland, Oregon",Grayson Haver Currin,"error: Rate limited on GET https://api.spotify.com/v1/search: Spotify asked us to wait 86006s, above the 60s cap. Stopping instead of blocking — let it cool down before retrying.",,,,,,,,,,,,,,,,
"March 22, 2021",Vexillology,Guedra Guedra كدرة كدرة,Electronic,Independent Artist,"Casablanca, Morocco",Dean Van Nguyen,"error: Rate limited on GET https://api.spotify.com/v1/search: Spotify asked us to wait 86005s, above the 60s cap. Stopping instead of blocking — let it cool down before retrying.",,,,,,,,,,,,,,,,
"March 19, 2021",Visions of the Third Eye,New Life,Jazz,EARLY FUTURE RECORDS,"Atlanta, Georgia",Marcus J. Moore,"error: Rate limited on GET https://api.spotify.com/v1/search: Spotify asked us to wait 86005s, above the 60s cap. Stopping instead of blocking — let it cool down before retrying.",,,,,,,,,,,,,,,,
"March 18, 2021",Neon Genesis: Soul Into Matter²,Meemo Comma,Electronic,Independent Artist,UK,Andra Nikolayi,"error: Rate limited on GET https://api.spotify.com/v1/search: Spotify asked us to wait 86005s, above the 60s cap. Stopping instead of blocking — let it cool down before retrying.",,,,,,,,,,,,,,,,
"March 17, 2021",Number One,Jane Inc,,Jane Inc.,"Toronto, Ontario",Elle Carroll,"error: Rate limited on GET https://api.spotify.com/v1/search: Spotify asked us to wait 86005s, above the 60s cap. Stopping instead of blocking — let it cool down before retrying.",,,,,,,,,,,,,,,,
"March 16, 2021",Nature of Things,Subsonic Eye,Rock,Independent Artist,Singapore,Marc Masters,"error: Rate limited on GET https://api.spotify.com/v1/search: Spotify asked us to wait 86005s, above the 60s cap. Stopping instead of blocking — let it cool down before retrying.",,,,,,,,,,,,,,,,
"March 15, 2021",Uwami,DJ Black Low,World,Independent Artist,"Pretoria, South Africa",John Morrison,"error: Rate limited on GET https://api.spotify.com/v1/search: Spotify asked us to wait 86004s, above the 60s cap. Stopping instead of blocking — let it cool down before retrying.",,,,,,,,,,,,,,,,
"March 12, 2021",Edo Funk Explosion Volume 1,Various Artists,Funk,Analog Africa,Germany,Eli Schoop,"error: Rate limited on GET https://api.spotify.com/v1/search: Spotify asked us to wait 86004s, above the 60s cap. Stopping instead of blocking — let it cool down before retrying.",,,,,,,,,,,,,,,,
"March 11, 2021","Ali Shaheed Muhammad, Adrian Younge, Jazz Is Dead 6",Gary Bartz,Jazz,Independent Artist,"Oakland, California",Andy Beta,"error: Rate limited on GET https://api.spotify.com/v1/search: Spotify asked us to wait 86004s, above the 60s cap. Stopping instead of blocking — let it cool down before retrying.",,,,,,,,,,,,,,,,
"March 10, 2021",Limited Edition 40 Years Anniversary Box Set,Grauzone,Punk,WRWTFWW Records,"Geneva, Switzerland",Andi Harriman,"error: Rate limited on GET https://api.spotify.com/v1/search: Spotify asked us to wait 86004s, above the 60s cap. Stopping instead of blocking — let it cool down before retrying.",,,,,,,,,,,,,,,,
"March 09, 2021",Thumbing Thru Foliage,YUNGMORPHEUS & ewonee,Hip-Hop/Rap,YUNGMORPHEUS,"Los Angeles, California",Phillip Mlynar,"error: Rate limited on GET https://api.spotify.com/v1/search: Spotify asked us to wait 86003s, above the 60s cap. Stopping instead of blocking — let it cool down before retrying.",,,,,,,,,,,,,,,,
"March 08, 2021",Fake Fruit,Fake Fruit,Punk,Independent Artist,"Oakland, California",Ashley Bardhan,"error: Rate limited on GET https://api.spotify.com/v1/search: Spotify asked us to wait 86003s, above the 60s cap. Stopping instead of blocking — let it cool down before retrying.",,,,,,,,,,,,,,,,
"March 05, 2021",La Ola Interior: Spanish Ambient & Acid Exoticism 1983​-​1990,Various Artists,Ambient,Les Disques Bongo Joe,"Geneva, Switzerland",Miles Bowe,"error: Rate limited on GET https://api.spotify.com/v1/search: Spotify asked us to wait 86003s, above the 60s cap. Stopping instead of blocking — let it cool down before retrying.",,,,,,,,,,,,,,,,
"March 04, 2021",Our Hands Against The Dusk,Rachika Nayar,Ambient,Independent Artist,"Los Angeles, California",Amaya Garcia,"error: Rate limited on GET https://api.spotify.com/v1/search: Spotify asked us to wait 86002s, above the 60s cap. Stopping instead of blocking — let it cool down before retrying.",,,,,,,,,,,,,,,,
"March 03, 2021",1집,Slant,Punk,IRON LUNG Records,"Seattle, Washington",Kerry Cardoza,"error: Rate limited on GET https://api.spotify.com/v1/search: Spotify asked us to wait 86001s, above the 60s cap. Stopping instead of blocking — let it cool down before retrying.",,,,,,,,,,,,,,,,
"March 02, 2021",Yaral Sa Doom,Wau Wau Collectif,World,Independent Artist,"Toubab Dialao, Senegal",Dean Van Nguyen,"error: Rate limited on GET https://api.spotify.com/v1/search: Spotify asked us to wait 86001s, above the 60s cap. Stopping instead of blocking — let it cool down before retrying.",,,,,,,,,,,,,,,,
"March 01, 2021",Tempo,Dom La Nena,Latin,Independent Artist,Brazil,Amaya Garcia,"error: Rate limited on GET https://api.spotify.com/v1/search: Spotify asked us to wait 86001s, above the 60s cap. Stopping instead of blocking — let it cool down before retrying.",,,,,,,,,,,,,,,,
"February 26, 2021",Feelings,Brijean,Pop,Independent Artist,"Los Angeles, California",Max Savage Levenson,"error: Rate limited on GET https://api.spotify.com/v1/search: Spotify asked us to wait 86001s, above the 60s cap. Stopping instead of blocking — let it cool down before retrying.",,,,,,,,,,,,,,,,
"February 25, 2021",J Jazz Volume 3: Deep Modern Jazz from Japan,Various Artists,Jazz,BBE,"London, UK",John Morrison,"error: Rate limited on GET https://api.spotify.com/v1/search: Spotify asked us to wait 86001s, above the 60s cap. Stopping instead of blocking — let it cool down before retrying.",,,,,,,,,,,,,,,,
"February 24, 2021",Cheetah Bend,Jimmy Edgar,Hip-Hop/Rap,JIMMY EDGAR,"Detroit, Michigan",Larry Fitzmaurice,"error: Rate limited on GET https://api.spotify.com/v1/search: Spotify asked us to wait 86000s, above the 60s cap. Stopping instead of blocking — let it cool down before retrying.",,,,,,,,,,,,,,,,
"February 23, 2021",Zöe,Nightshift,Punk,Independent Artist,"Glasgow, UK",Sim Jackson,"error: Rate limited on GET https://api.spotify.com/v1/search: Spotify asked us to wait 86000s, above the 60s cap. Stopping instead of blocking — let it cool down before retrying.",,,,,,,,,,,,,,,,
"February 22, 2021",To Love Somebody,Bunny Scott,Reggae,Freestyle Records,"London, UK",Dean Van Nguyen,"error: Rate limited on GET https://api.spotify.com/v1/search: Spotify asked us to wait 86000s, above the 60s cap. Stopping instead of blocking — let it cool down before retrying.",,,,,,,,,,,,,,,,
"February 19, 2021",Alkisah,Senyawa,Experimental,Phantom Limb,"Brighton, UK",Ben Salmon,"error: Rate limited on GET https://api.spotify.com/v1/search: Spotify asked us to wait 86000s, above the 60s cap. Stopping instead of blocking — let it cool down before retrying.",,,,,,,,,,,,,,,,
"February 18, 2021",Polarity,Ivo Perelman and Nate Wooley,Jazz,Ivo Perelman/Nate Wooley,"New York, New York",John Morrison,"error: Rate limited on GET https://api.spotify.com/v1/search: Spotify asked us to wait 86000s, above the 60s cap. Stopping instead of blocking — let it cool down before retrying.",,,,,,,,,,,,,,,,
"February 17, 2021",Genesis,XIXA,Rock,Independent Artist,"Tucson, Arizona",Joshua Minsoo Kim,"error: Rate limited on GET https://api.spotify.com/v1/search: Spotify asked us to wait 85999s, above the 60s cap. Stopping instead of blocking — let it cool down before retrying.",,,,,,,,,,,,,,,,
"February 16, 2021",Tidibàbide / Turn,Kizis,Experimental,TAR / MM / UOH,,Sasha Geffen,"error: Rate limited on GET https://api.spotify.com/v1/search: Spotify asked us to wait 85999s, above the 60s cap. Stopping instead of blocking — let it cool down before retrying.",,,,,,,,,,,,,,,,
"February 12, 2021",After the House,Sun Kin,Electronic,Independent Artist,"Los Angeles, California",Amaya Garcia,"error: Rate limited on GET https://api.spotify.com/v1/search: Spotify asked us to wait 85999s, above the 60s cap. Stopping instead of blocking — let it cool down before retrying.",,,,,,,,,,,,,,,,
"February 11, 2021",Tasjan! Tasjan! Tasjan!,Aaron Lee Tasjan,Pop,Independent Artist,"Nashville, Tennessee",Elle Carroll,"error: Rate limited on GET https://api.spotify.com/v1/search: Spotify asked us to wait 85999s, above the 60s cap. Stopping instead of blocking — let it cool down before retrying.",,,,,,,,,,,,,,,,
"February 10, 2021",TYRON,Slowthai,Hip-Hop/Rap,slowthai,"Northampton, UK",Jesse Bernard,"error: Rate limited on GET https://api.spotify.com/v1/search: Spotify asked us to wait 85999s, above the 60s cap. Stopping instead of blocking — let it cool down before retrying.",,,,,,,,,,,,,,,,
"February 09, 2021",Ignorance,The Weather Station,Rock,Independent Artist,"Toronto, Ontario",J. Edward Keyes,"error: Rate limited on GET https://api.spotify.com/v1/search: Spotify asked us to wait 85998s, above the 60s cap. Stopping instead of blocking — let it cool down before retrying.",,,,,,,,,,,,,,,,
"February 08, 2021",Devil’s Rain,Maria BC,Ambient,Independent Artist,,Arielle Gordon,"error: Rate limited on GET https://api.spotify.com/v1/search: Spotify asked us to wait 85998s, above the 60s cap. Stopping instead of blocking — let it cool down before retrying.",,,,,,,,,,,,,,,,
"February 05, 2021",Merlynn Belle,Tele Novella,Rock,Independent Artist,"Austin, Texas",Mariana Timony,"error: Rate limited on GET https://api.spotify.com/v1/search: Spotify asked us to wait 85998s, above the 60s cap. Stopping instead of blocking — let it cool down before retrying.",,,,,,,,,,,,,,,,
"February 04, 2021",Boafo Ne Nyame,Star Lovers,World,Hot Casa Records,"Paris, France",Ama Adi-Dako,"error: Rate limited on GET https://api.spotify.com/v1/search: Spotify asked us to wait 85998s, above the 60s cap. Stopping instead of blocking — let it cool down before retrying.",,,,,,,,,,,,,,,,
"February 03, 2021",Фантомные Чувства,Ploho,Alternative,Independent Artist,Russia,Liz Ohanesian,"error: Rate limited on GET https://api.spotify.com/v1/search: Spotify asked us to wait 85997s, above the 60s cap. Stopping instead of blocking — let it cool down before retrying.",,,,,,,,,,,,,,,,
"February 02, 2021",I Due Evasi Di Sing Sing,Ennio Morricone,Soundtrack,Sonor Music Editions,"Rome, Italy",Dean Van Nguyen,"error: Rate limited on GET https://api.spotify.com/v1/search: Spotify asked us to wait 85997s, above the 60s cap. Stopping instead of blocking — let it cool down before retrying.",,,,,,,,,,,,,,,,
"February 01, 2021",Sound Ancestors,Madlib,Hip-Hop/Rap,Independent Artist,"Los Angeles, California",Marcus J. Moore,"error: Rate limited on GET https://api.spotify.com/v1/search: Spotify asked us to wait 85997s, above the 60s cap. Stopping instead of blocking — let it cool down before retrying.",,,,,,,,,,,,,,,,
"January 28, 2021",Palberta5000,Palberta,Alternative,Independent Artist,"New York, New York",Jesse Locke,"error: Rate limited on GET https://api.spotify.com/v1/search: Spotify asked us to wait 85997s, above the 60s cap. Stopping instead of blocking — let it cool down before retrying.",,,,,,,,,,,,,,,,
"January 27, 2021",Marcos Resende & Index,Marcos Resende & Index,Funk,Marcos Resende &amp; Index,Brazil,Dean Van Nguyen,"error: Rate limited on GET https://api.spotify.com/v1/search: Spotify asked us to wait 85997s, above the 60s cap. Stopping instead of blocking — let it cool down before retrying.",,,,,,,,,,,,,,,,
"January 26, 2021",Mountains (20th Anniversary Expanded Edition),Mary Timony,Alternative,Independent Artist,"Washington, D.C.",Erin Margaret Day,"error: Rate limited on GET https://api.spotify.com/v1/search: Spotify asked us to wait 85996s, above the 60s cap. Stopping instead of blocking — let it cool down before retrying.",,,,,,,,,,,,,,,,
"January 25, 2021",Yellow River Blue,Yu Su,Experimental,Independent Artist,"London, UK",Josh Feola,"error: Rate limited on GET https://api.spotify.com/v1/search: Spotify asked us to wait 85996s, above the 60s cap. Stopping instead of blocking — let it cool down before retrying.",,,,,,,,,,,,,,,,
"January 22, 2021",Saturday Night: South African Disco Pop Hits 1981-1987,Cultures of Soul,World,Independent Artist,"Boston, Massachusetts",John Morrison,"error: Rate limited on GET https://api.spotify.com/v1/search: Spotify asked us to wait 85996s, above the 60s cap. Stopping instead of blocking — let it cool down before retrying.",,,,,,,,,,,,,,,,
"January 21, 2021",Perpetual Chaos,Nervosa,Metal,Independent Artist,"São Paulo, Brazil",Joseph Schafer,"error: Rate limited on GET https://api.spotify.com/v1/search: Spotify asked us to wait 85996s, above the 60s cap. Stopping instead of blocking — let it cool down before retrying.",,,,,,,,,,,,,,,,
"January 20, 2021",Going to Hell,Lande Hekt,Alternative,Independent Artist,"Scarborough, UK",Kerry Cardoza,"error: Rate limited on GET https://api.spotify.com/v1/search: Spotify asked us to wait 85996s, above the 60s cap. Stopping instead of blocking — let it cool down before retrying.",,,,,,,,,,,,,,,,
"January 19, 2021",Kanawa,Nahawa Doumbia,World,Independent Artist,Mali,Megan Iacobini de Fazio,"error: Rate limited on GET https://api.spotify.com/v1/search: Spotify asked us to wait 85995s, above the 60s cap. Stopping instead of blocking — let it cool down before retrying.",,,,,,,,,,,,,,,,
"January 15, 2021",Maquishti,Patricia Brennan,Experimental,Independent Artist,"Brooklyn, New York",Vanessa Ague,"error: Rate limited on GET https://api.spotify.com/v1/search: Spotify asked us to wait 85995s, above the 60s cap. Stopping instead of blocking — let it cool down before retrying.",,,,,,,,,,,,,,,,
"January 14, 2021",Magic Mirror,Pearl Charles,Rock,Independent Artist,"Los Angeles, California",Rachel Davies,"error: Rate limited on GET https://api.spotify.com/v1/search: Spotify asked us to wait 85995s, above the 60s cap. Stopping instead of blocking — let it cool down before retrying.",,,,,,,,,,,,,,,,
"January 13, 2021",The Message,Gerry Weil,Jazz,Independent Artist,"Caracas, Venezuela",John Morrison,"error: Rate limited on GET https://api.spotify.com/v1/search: Spotify asked us to wait 85995s, above the 60s cap. Stopping instead of blocking — let it cool down before retrying.",,,,,,,,,,,,,,,,
"January 12, 2021",Love Is Where the Spirit Lies,Lon Moshe & Southern Freedom Arkestra,Jazz,Black Fire,"Washington, D.C.",John Morrison,"error: Rate limited on GET https://api.spotify.com/v1/search: Spotify asked us to wait 85995s, above the 60s cap. Stopping instead of blocking — let it cool down before retrying.",,,,,,,,,,,,,,,,
"January 11, 2021",Imagination Never Fails,Erang,Electronic,Independent Artist,France,Andrew Parks,"error: Rate limited on GET https://api.spotify.com/v1/search: Spotify asked us to wait 85994s, above the 60s cap. Stopping instead of blocking — let it cool down before retrying.",,,,,,,,,,,,,,,,
"January 08, 2021",God’s Trashmen Sent to Right the Mess,Fievel Is Glauque,Jazz,Independent Artist,"Brooklyn, New York",Miles Bowe,"error: Rate limited on GET https://api.spotify.com/v1/search: Spotify asked us to wait 85994s, above the 60s cap. Stopping instead of blocking — let it cool down before retrying.",,,,,,,,,,,,,,,,
"January 07, 2021",No Moon,Black Wing,Alternative,Independent Artist,Connecticut,Jeff Terich,"error: Rate limited on GET https://api.spotify.com/v1/search: Spotify asked us to wait 85994s, above the 60s cap. Stopping instead of blocking — let it cool down before retrying.",,,,,,,,,,,,,,,,
"January 06, 2021",Makgona Tsohle Reggi,Makgona Tsohle Band,World,Umsakazo Records,UK,Megan Iacobini de Fazio,"error: Rate limited on GET https://api.spotify.com/v1/search: Spotify asked us to wait 85994s, above the 60s cap. Stopping instead of blocking — let it cool down before retrying.",,,,,,,,,,,,,,,,
"January 05, 2021",The Further Side,Black Nile,Jazz,World Galaxy Records,"Los Angeles, California",Marcus J. Moore,"error: Rate limited on GET https://api.spotify.com/v1/search: Spotify asked us to wait 85994s, above the 60s cap. Stopping instead of blocking — let it cool down before retrying.",,,,,,,,,,,,,,,,
"January 04, 2021",No Cover: A Carpark Covers Comp,Various Artists,Alternative,Carpark Records,"Washington, D.C.",Jessica Lipsky,"error: Rate limited on GET https://api.spotify.com/v1/search: Spotify asked us to wait 85993s, above the 60s cap. Stopping instead of blocking — let it cool down before retrying.",,,,,,,,,,,,,,,,
"December 04, 2020",Color De Trópico: Compiled By El Dragón Criollo & El Palmas,Various Artists,World,El Palmas Music,"Barcelona, Spain",Richard Villegas,"error: Rate limited on GET https://api.spotify.com/v1/search: Spotify asked us to wait 85993s, above the 60s cap. Stopping instead of blocking — let it cool down before retrying.",,,,,,,,,,,,,,,,
"December 03, 2020",Corporate Cross,E-Saggila,Electronic,Hospital Productions,"New York, New York",Andrew Parks,"error: Rate limited on GET https://api.spotify.com/v1/search: Spotify asked us to wait 85993s, above the 60s cap. Stopping instead of blocking — let it cool down before retrying.",,,,,,,,,,,,,,,,
"December 02, 2020",2R0I2P0,Boris & Merzbow,Metal,Boris with Merzbow,Japan,Grayson Haver Currin,"error: Rate limited on GET https://api.spotify.com/v1/search: Spotify asked us to wait 85993s, above the 60s cap. Stopping instead of blocking — let it cool down before retrying.",,,,,,,,,,,,,,,,
"December 01, 2020",Bass + Funk & Soul,DJ Earl,Electronic,DJ EARL,"Chicago, Illinois",John Morrison,"error: Rate limited on GET https://api.spotify.com/v1/search: Spotify asked us to wait 85993s, above the 60s cap. Stopping instead of blocking — let it cool down before retrying.",,,,,,,,,,,,,,,,
"November 30, 2020",Force Majeure,Dezron Douglas and Brandee Younger,Jazz,International Anthem,"Chicago, Illinois",John Morrison,"error: Rate limited on GET https://api.spotify.com/v1/search: Spotify asked us to wait 85992s, above the 60s cap. Stopping instead of blocking — let it cool down before retrying.",,,,,,,,,,,,,,,,
"November 25, 2020",Pardon My French,Jahari Masamba Unit,Jazz,Jahari Massamba Unit,"Los Angeles, California",Marcus J. Moore,"error: Rate limited on GET https://api.spotify.com/v1/search: Spotify asked us to wait 85992s, above the 60s cap. Stopping instead of blocking — let it cool down before retrying.",,,,,,,,,,,,,,,,
"November 24, 2020",LateNightTales: Khruangbin,Khruangbin,Alternative,Independent Artist,"Houston, Texas",Richard Gehr,"error: Rate limited on GET https://api.spotify.com/v1/search: Spotify asked us to wait 85992s, above the 60s cap. Stopping instead of blocking — let it cool down before retrying.",,,,,,,,,,,,,,,,
"November 23, 2020",Plasma,Luke Titus,Experimental,luke titus,"Chicago, Illinois",Amaya Garcia,"error: Rate limited on GET https://api.spotify.com/v1/search: Spotify asked us to wait 85992s, above the 60s cap. Stopping instead of blocking — let it cool down before retrying.",,,,,,,,,,,,,,,,
"November 20, 2020",I’ll Probably Be Asleep,Hachiku,Alternative,Independent Artist,"Melbourne, Australia",Annie Zaleski,"error: Rate limited on GET https://api.spotify.com/v1/search: Spotify asked us to wait 85991s, above the 60s cap. Stopping instead of blocking — let it cool down before retrying.",,,,,,,,,,,,,,,,
"November 19, 2020",Shadow of Fear,Cabaret Voltaire,Electronic,Independent Artist,UK,Andrew Parks,"error: Rate limited on GET https://api.spotify.com/v1/search: Spotify asked us to wait 85991s, above the 60s cap. Stopping instead of blocking — let it cool down before retrying.",,,,,,,,,,,,,,,,
"November 18, 2020",Konke,Seba Kaapstad,R&amp;B/Soul,Independent Artist,South Africa,John Morrison,"error: Rate limited on GET https://api.spotify.com/v1/search: Spotify asked us to wait 85991s, above the 60s cap. Stopping instead of blocking — let it cool down before retrying.",,,,,,,,,,,,,,,,
"November 17, 2020",Everlasting,Sons of the James,R&amp;B/Soul,Fresh Selects,,John Morrison,"error: Rate limited on GET https://api.spotify.com/v1/search: Spotify asked us to wait 85991s, above the 60s cap. Stopping instead of blocking — let it cool down before retrying.",,,,,,,,,,,,,,,,
"November 16, 2020",Honey Badger,Dorcha,Alternative,Independent Artist,"Birmingham, UK",Patrick Lyons,"error: Rate limited on GET https://api.spotify.com/v1/search: Spotify asked us to wait 85991s, above the 60s cap. Stopping instead of blocking — let it cool down before retrying.",,,,,,,,,,,,,,,,
"November 13, 2020","Hill, Flower, Fog",Emily A. Sprague,Ambient,Independent Artist,New York,Lewis Gordon,"error: Rate limited on GET https://api.spotify.com/v1/search: Spotify asked us to wait 85990s, above the 60s cap. Stopping instead of blocking — let it cool down before retrying.",,,,,,,,,,,,,,,,
"November 12, 2020",Because of a Flower,Ana Roxanne,Ambient,Independent Artist,,Alex Westfall,"error: Rate limited on GET https://api.spotify.com/v1/search: Spotify asked us to wait 85990s, above the 60s cap. Stopping instead of blocking — let it cool down before retrying.",,,,,,,,,,,,,,,,
"November 11, 2020",FlySiifu’s,Pink Siifu & Fly Anakin,Hip-Hop/Rap,SIIFU,"Birmingham, Alabama",Phillip Mlynar,"error: Rate limited on GET https://api.spotify.com/v1/search: Spotify asked us to wait 85990s, above the 60s cap. Stopping instead of blocking — let it cool down before retrying.",,,,,,,,,,,,,,,,
"November 10, 2020",Lo Bueno Está Aquí,Contento,World,Independent Artist,Switzerland,Richard Villegas,"error: Rate limited on GET https://api.spotify.com/v1/search: Spotify asked us to wait 85990s, above the 60s cap. Stopping instead of blocking — let it cool down before retrying.",,,,,,,,,,,,,,,,
"November 09, 2020",Swirling,Sun Ra Arkestra,Jazz,Independent Artist,Alabama,Andy Beta,"error: Rate limited on GET https://api.spotify.com/v1/search: Spotify asked us to wait 85990s, above the 60s cap. Stopping instead of blocking — let it cool down before retrying.",,,,,,,,,,,,,,,,
"November 06, 2020",Petrichor,Heather Trost,,Independent Artist,"Albuquerque, New Mexico",Mariana Timony,"error: Rate limited on GET https://api.spotify.com/v1/search: Spotify asked us to wait 85989s, above the 60s cap. Stopping instead of blocking — let it cool down before retrying.",,,,,,,,,,,,,,,,
"November 05, 2020",Cheater,Pom Poko,Alternative,Independent Artist,"Oslo, Norway",Margaret Farrell,"error: Rate limited on GET https://api.spotify.com/v1/search: Spotify asked us to wait 85989s, above the 60s cap. Stopping instead of blocking — let it cool down before retrying.",,,,,,,,,,,,,,,,
"November 04, 2020",Ways,Xyla,Electronic,Independent Artist,"San Francisco, California",Amaya Garcia,"error: Rate limited on GET https://api.spotify.com/v1/search: Spotify asked us to wait 85989s, above the 60s cap. Stopping instead of blocking — let it cool down before retrying.",,,,,,,,,,,,,,,,
"November 03, 2020",Quakers II: The Next Wave,Quakers,Hip-Hop/Rap,Independent Artist,"Bristol, UK",John Morrison,"error: Rate limited on GET https://api.spotify.com/v1/search: Spotify asked us to wait 85989s, above the 60s cap. Stopping instead of blocking — let it cool down before retrying.",,,,,,,,,,,,,,,,
"November 02, 2020",Immersion Chamber,Lunch Money Life,Experimental,Independent Artist,"London, UK",Chal Ravens,"error: Rate limited on GET https://api.spotify.com/v1/search: Spotify asked us to wait 85989s, above the 60s cap. Stopping instead of blocking — let it cool down before retrying.",,,,,,,,,,,,,,,,
"October 30, 2020",Don’t Play It Straight,Small Bills (ELUCID & The Lasso),Hip-Hop/Rap,The Lasso,Michigan,Phillip Mlynar,"error: Rate limited on GET https://api.spotify.com/v1/search: Spotify asked us to wait 85988s, above the 60s cap. Stopping instead of blocking — let it cool down before retrying.",,,,,,,,,,,,,,,,
"October 29, 2020",Amapiano Selections,Teno Afrika,World,Independent Artist,"Pretoria, South Africa",Megan Iacobini de Fazio,"error: Rate limited on GET https://api.spotify.com/v1/search: Spotify asked us to wait 85988s, above the 60s cap. Stopping instead of blocking — let it cool down before retrying.",,,,,,,,,,,,,,,,
"October 28, 2020",Perfumes and Fripperies,The Wake,Alternative,Independent Artist,"Columbus, Ohio",Ned Raggett,"error: Rate limited on GET https://api.spotify.com/v1/search: Spotify asked us to wait 85988s, above the 60s cap. Stopping instead of blocking — let it cool down before retrying.",,,,,,,,,,,,,,,,
"October 27, 2020",Don’t Shy Away,Loma,Alternative,LOMA,"Dripping Springs, Texas",Jesse Locke,"error: Rate limited on GET https://api.spotify.com/v1/search: Spotify asked us to wait 85988s, above the 60s cap. Stopping instead of blocking — let it cool down before retrying.",,,,,,,,,,,,,,,,
"October 26, 2020",Enlightened In Eternity,Spirit Adrift,,20 Buck Spin,"Pittsburgh, Pennsylvania",Grayson Haver Currin,"error: Rate limited on GET https://api.spotify.com/v1/search: Spotify asked us to wait 85988s, above the 60s cap. Stopping instead of blocking — let it cool down before retrying.",,,,,,,,,,,,,,,,
"October 23, 2020",Nereïd,Rïcïnn,Alternative,Independent Artist,France,Andi Harriman,"error: Rate limited on GET https://api.spotify.com/v1/search: Spotify asked us to wait 85987s, above the 60s cap. Stopping instead of blocking — let it cool down before retrying.",,,,,,,,,,,,,,,,
"October 22, 2020",Bichos,Raúl Monsalve y los Forajidos,World,Raul Monsalve y Los Forajidos,"Caracas, Venezuela",Megan Iacobini de Fazio,"error: Rate limited on GET https://api.spotify.com/v1/search: Spotify asked us to wait 85987s, above the 60s cap. Stopping instead of blocking — let it cool down before retrying.",,,,,,,,,,,,,,,,
"October 21, 2020",Heritage of the Invisible II,Aquiles Navarro & Tcheser Holmes,Jazz,International Anthem,"Chicago, Illinois",Marcus J. Moore,"error: Rate limited on GET https://api.spotify.com/v1/search: Spotify asked us to wait 85987s, above the 60s cap. Stopping instead of blocking — let it cool down before retrying.",,,,,,,,,,,,,,,,
"October 20, 2020",Sen Morimoto,Sen Morimoto,Experimental,Independent Artist,"Chicago, Illinois",Tara C. Mahadevan,"error: Rate limited on GET https://api.spotify.com/v1/search: Spotify asked us to wait 85987s, above the 60s cap. Stopping instead of blocking — let it cool down before retrying.",,,,,,,,,,,,,,,,
"October 19, 2020",skins n slime,Oliver Coates,Experimental,Independent Artist,"Glasgow, UK",Louis Pattison,"error: Rate limited on GET https://api.spotify.com/v1/search: Spotify asked us to wait 85987s, above the 60s cap. Stopping instead of blocking — let it cool down before retrying.",,,,,,,,,,,,,,,,
"October 16, 2020",Silver Ladders,Mary Lattimore,Ambient,Independent Artist,"Los Angeles, California",Claire Lobenfeld,"error: Rate limited on GET https://api.spotify.com/v1/search: Spotify asked us to wait 85986s, above the 60s cap. Stopping instead of blocking — let it cool down before retrying.",,,,,,,,,,,,,,,,
"October 15, 2020",Auto,Wendy Eisenberg,Alternative,Ba Da Bing Records,"Providence, Rhode Island",Grayson Haver Currin,"error: Rate limited on GET https://api.spotify.com/v1/search: Spotify asked us to wait 85986s, above the 60s cap. Stopping instead of blocking — let it cool down before retrying.",,,,,,,,,,,,,,,,
"October 14, 2020",Vari​-​Colored Songs: A Tribute to Langston Hughes,Leyla McCalla,Folk,Independent Artist,"New Orleans, Louisiana",Chaka V. Grier,"error: Rate limited on GET https://api.spotify.com/v1/search: Spotify asked us to wait 85986s, above the 60s cap. Stopping instead of blocking — let it cool down before retrying.",,,,,,,,,,,,,,,,
"October 13, 2020",Phoenix: Flames Are Dew Upon My Skin,Eartheater,Experimental,Independent Artist,"Queens, New York",Miles Bowe,"error: Rate limited on GET https://api.spotify.com/v1/search: Spotify asked us to wait 85986s, above the 60s cap. Stopping instead of blocking — let it cool down before retrying.",,,,,,,,,,,,,,,,
"October 12, 2020",Yogo Yogo,Penny Penny,,Independent Artist,South Africa,Marcus J. Moore,"error: Rate limited on GET https://api.spotify.com/v1/search: Spotify asked us to wait 85985s, above the 60s cap. Stopping instead of blocking — let it cool down before retrying.",,,,,,,,,,,,,,,,
"October 09, 2020",Nobody Lives Here Anymore,Cut Worms,Alternative,Independent Artist,"Brooklyn, New York",Mariana Timony,"error: Rate limited on GET https://api.spotify.com/v1/search: Spotify asked us to wait 85985s, above the 60s cap. Stopping instead of blocking — let it cool down before retrying.",,,,,,,,,,,,,,,,
"October 08, 2020",Project:00,Cryostasium feat. MEIKO (メイコ),Experimental,Fish Prints,"Boston, Massachusetts",Max Cohen,"error: Rate limited on GET https://api.spotify.com/v1/search: Spotify asked us to wait 85985s, above the 60s cap. Stopping instead of blocking — let it cool down before retrying.",,,,,,,,,,,,,,,,
"October 07, 2020",Nothing,Loraine James,Electronic,Independent Artist,"London, UK",John Morrison,"error: Rate limited on GET https://api.spotify.com/v1/search: Spotify asked us to wait 85985s, above the 60s cap. Stopping instead of blocking — let it cool down before retrying.",,,,,,,,,,,,,,,,
"October 06, 2020",HA Chu,Pan Amsterdam,Hip-Hop/Rap,Independent Artist,"New York, New York",Blake Gillespie,"error: Rate limited on GET https://api.spotify.com/v1/search: Spotify asked us to wait 85985s, above the 60s cap. Stopping instead of blocking — let it cool down before retrying.",,,,,,,,,,,,,,,,
"October 05, 2020",True Romantic,Ziemba,Pop,Independent Artist,"Los Angeles, California",Arielle Gordon,"error: Rate limited on GET https://api.spotify.com/v1/search: Spotify asked us to wait 85984s, above the 60s cap. Stopping instead of blocking — let it cool down before retrying.",,,,,,,,,,,,,,,,
"October 02, 2020",Agüita,Gabriel Garzón-Montano,R&amp;B/Soul,Independent Artist,"Brooklyn, New York",Amaya Garcia,"error: Rate limited on GET https://api.spotify.com/v1/search: Spotify asked us to wait 85984s, above the 60s cap. Stopping instead of blocking — let it cool down before retrying.",,,,,,,,,,,,,,,,
"October 01, 2020",UNTITLED (Rise),SAULT,R&amp;B/Soul,Independent Artist,UK,Amaya Garcia,"error: Rate limited on GET https://api.spotify.com/v1/search: Spotify asked us to wait 85984s, above the 60s cap. Stopping instead of blocking — let it cool down before retrying.",,,,,,,,,,,,,,,,
"September 30, 2020","When I Die, Will I Get Better?",Svalbard,Punk,Independent Artist,"Bristol, UK",Joseph Schafer,"error: Rate limited on GET https://api.spotify.com/v1/search: Spotify asked us to wait 85984s, above the 60s cap. Stopping instead of blocking — let it cool down before retrying.",,,,,,,,,,,,,,,,
"September 29, 2020",Hype Nostalgia,Rituals of Mine,R&amp;B/Soul,Independent Artist,"Sacramento, California",Amaya Garcia,"error: Rate limited on GET https://api.spotify.com/v1/search: Spotify asked us to wait 85984s, above the 60s cap. Stopping instead of blocking — let it cool down before retrying.",,,,,,,,,,,,,,,,
"September 28, 2020",Renegade Breakdown,Marie Davidson & L’Œil Nu,Alternative,Marie Davidson,"Montreal, Québec",Max Mertens,"error: Rate limited on GET https://api.spotify.com/v1/search: Spotify asked us to wait 85983s, above the 60s cap. Stopping instead of blocking — let it cool down before retrying.",,,,,,,,,,,,,,,,
"September 25, 2020",Transmissions,Beverly Glenn-Copeland,Electronic,Independent Artist,"Hamilton, Ontario",Jesse Locke,"error: Rate limited on GET https://api.spotify.com/v1/search: Spotify asked us to wait 85983s, above the 60s cap. Stopping instead of blocking — let it cool down before retrying.",,,,,,,,,,,,,,,,
"September 24, 2020",No era sólida,Lucrecia Dalt,Electronic,Independent Artist,,Claire Lobenfeld,"error: Rate limited on GET https://api.spotify.com/v1/search: Spotify asked us to wait 85983s, above the 60s cap. Stopping instead of blocking — let it cool down before retrying.",,,,,,,,,,,,,,,,
"September 23, 2020","Shimmer, Then Disappear",Wylie Cable,Electronic,Independent Artist,"Los Angeles, California",Christina Lee,"error: Rate limited on GET https://api.spotify.com/v1/search: Spotify asked us to wait 85983s, above the 60s cap. Stopping instead of blocking — let it cool down before retrying.",,,,,,,,,,,,,,,,
"September 22, 2020",Under,Dyani,Electronic,Independent Artist,"Miami, Florida",Ann-Derrick Gaillot,"error: Rate limited on GET https://api.spotify.com/v1/search: Spotify asked us to wait 85983s, above the 60s cap. Stopping instead of blocking — let it cool down before retrying.",,,,,,,,,,,,,,,,
"September 21, 2020",Pathways & Passages,Cosmic Vibrations ft. Dwight Trible,Jazz,Cosmic Vibrations,"Los Angeles, California",Philip Freeman,"error: Rate limited on GET https://api.spotify.com/v1/search: Spotify asked us to wait 85982s, above the 60s cap. Stopping instead of blocking — let it cool down before retrying.",,,,,,,,,,,,,,,,
"September 18, 2020",Find the Sun,Deradoorian,Alternative,Independent Artist,"Los Angeles, California",Arielle Gordon,"error: Rate limited on GET https://api.spotify.com/v1/search: Spotify asked us to wait 85982s, above the 60s cap. Stopping instead of blocking — let it cool down before retrying.",,,,,,,,,,,,,,,,
"September 17, 2020",Neurofire,Kingdom,Electronic,Independent Artist,"Los Angeles, California",Amaya Garcia,"error: Rate limited on GET https://api.spotify.com/v1/search: Spotify asked us to wait 85982s, above the 60s cap. Stopping instead of blocking — let it cool down before retrying.",,,,,,,,,,,,,,,,
"September 16, 2020",#KingButch,Butcher Brown,Funk,Independent Artist,"Richmond, Virginia",Britt Robson,"error: Rate limited on GET https://api.spotify.com/v1/search: Spotify asked us to wait 85982s, above the 60s cap. Stopping instead of blocking — let it cool down before retrying.",,,,,,,,,,,,,,,,
"September 15, 2020",A Sonic Womb: Live Buchla Performance at Lapsus,Suzanne Ciani,Electronic,Lapsus Records,Barcelona,Arielle Gordon,"error: Rate limited on GET https://api.spotify.com/v1/search: Spotify asked us to wait 85982s, above the 60s cap. Stopping instead of blocking — let it cool down before retrying.",,,,,,,,,,,,,,,,
"September 14, 2020",Polysomn,Kairon; IRSE!,Alternative,Independent Artist,"Seinäjoki, Finland",Jeff Terich,"error: Rate limited on GET https://api.spotify.com/v1/search: Spotify asked us to wait 85981s, above the 60s cap. Stopping instead of blocking — let it cool down before retrying.",,,,,,,,,,,,,,,,
"September 11, 2020",Windows of the Mind,Billy Brooks,Jazz,WEWANTSOUNDS,"Paris, France",Megan Iacobini de Fazio,"error: Rate limited on GET https://api.spotify.com/v1/search: Spotify asked us to wait 85981s, above the 60s cap. Stopping instead of blocking — let it cool down before retrying.",,,,,,,,,,,,,,,,
"September 10, 2020",Lov3 & L1ght,Rui Ho,Electronic,RUI HO,"Shanghai, China",Andra Nikolayi,"error: Rate limited on GET https://api.spotify.com/v1/search: Spotify asked us to wait 85981s, above the 60s cap. Stopping instead of blocking — let it cool down before retrying.",,,,,,,,,,,,,,,,
"September 09, 2020",Gold Record,Bill Callahan,Alternative,Independent Artist,"Austin, Texas",Mark Richardson,"error: Rate limited on GET https://api.spotify.com/v1/search: Spotify asked us to wait 85981s, above the 60s cap. Stopping instead of blocking — let it cool down before retrying.",,,,,,,,,,,,,,,,
"September 08, 2020",SONAR,Vritra,Hip-Hop/Rap,WDYSWYEC,,Phillip Mlynar,"error: Rate limited on GET https://api.spotify.com/v1/search: Spotify asked us to wait 85981s, above the 60s cap. Stopping instead of blocking — let it cool down before retrying.",,,,,,,,,,,,,,,,
"September 04, 2020",Sun Racket,Throwing Muses,Alternative,Independent Artist,Rhode Island,Mariana Timony,"error: Rate limited on GET https://api.spotify.com/v1/search: Spotify asked us to wait 85980s, above the 60s cap. Stopping instead of blocking — let it cool down before retrying.",,,,,,,,,,,,,,,,
"September 03, 2020",Axiom,Christian Scott aTunde Adjuah,Jazz,Chief Adjuah,"New Orleans, Louisiana",Michael J. West,"error: Rate limited on GET https://api.spotify.com/v1/search: Spotify asked us to wait 85980s, above the 60s cap. Stopping instead of blocking — let it cool down before retrying.",,,,,,,,,,,,,,,,
"September 02, 2020",Vertigo KO,Phew,Experimental,Independent Artist,"Tokyo, Japan",Andy Beta,"error: Rate limited on GET https://api.spotify.com/v1/search: Spotify asked us to wait 85980s, above the 60s cap. Stopping instead of blocking — let it cool down before retrying.",,,,,,,,,,,,,,,,
"August 31, 2020","Mama, You Can Bet!",Georgia Anne Muldrow (as Jyoti),R&amp;B/Soul,SomeOthaShip Connect,"Las Vegas, Nevada",Dean Van Nguyen,"error: Rate limited on GET https://api.spotify.com/v1/search: Spotify asked us to wait 85980s, above the 60s cap. Stopping instead of blocking — let it cool down before retrying.",,,,,,,,,,,,,,,,
"August 28, 2020",The Fire Still Burns,Alan Braufman,Jazz,Independent Artist,"New York, New York",Richard Gehr,"error: Rate limited on GET https://api.spotify.com/v1/search: Spotify asked us to wait 85979s, above the 60s cap. Stopping instead of blocking — let it cool down before retrying.",,,,,,,,,,,,,,,,
"August 27, 2020",Sufi Dub Brothers,Ashraf Sharif Khan & Viktor Marek,Electronic,Fun in the church,"Berlin, Germany",Ravi Ghosh,"error: Rate limited on GET https://api.spotify.com/v1/search: Spotify asked us to wait 85979s, above the 60s cap. Stopping instead of blocking — let it cool down before retrying.",,,,,,,,,,,,,,,,
"August 26, 2020",Hazel,Dukes of Chutney,Pop,Independent Artist,"Los Angeles, California",Claire Lobenfeld,"error: Rate limited on GET https://api.spotify.com/v1/search: Spotify asked us to wait 85979s, above the 60s cap. Stopping instead of blocking — let it cool down before retrying.",,,,,,,,,,,,,,,,
"August 25, 2020",LiteAce Frequency,Vex Ruffin,Alternative,Independent Artist,"Chino, California",Phillip Mlynar,"error: Rate limited on GET https://api.spotify.com/v1/search: Spotify asked us to wait 85979s, above the 60s cap. Stopping instead of blocking — let it cool down before retrying.",,,,,,,,,,,,,,,,
"August 24, 2020",Weirdo,Carla J. Easton,Pop,Independent Artist,"Glasgow, UK",J. Edward Keyes,"error: Rate limited on GET https://api.spotify.com/v1/search: Spotify asked us to wait 85979s, above the 60s cap. Stopping instead of blocking — let it cool down before retrying.",,,,,,,,,,,,,,,,
"August 21, 2020",Motherhood,No Joy,Alternative,Independent Artist,"Montreal, Québec",Jesse Locke,"error: Rate limited on GET https://api.spotify.com/v1/search: Spotify asked us to wait 85978s, above the 60s cap. Stopping instead of blocking — let it cool down before retrying.",,,,,,,,,,,,,,,,
"August 20, 2020",SUGAREGG,Bully,Rock,Independent Artist,"Nashville, Tennessee",Mariana Timony,"error: Rate limited on GET https://api.spotify.com/v1/search: Spotify asked us to wait 85978s, above the 60s cap. Stopping instead of blocking — let it cool down before retrying.",,,,,,,,,,,,,,,,
"August 19, 2020",Total Freedom,Kathleen Edwards,Pop,Independent Artist,"Ottawa, Ontario",J. Edward Keyes,"error: Rate limited on GET https://api.spotify.com/v1/search: Spotify asked us to wait 85978s, above the 60s cap. Stopping instead of blocking — let it cool down before retrying.",,,,,,,,,,,,,,,,
"August 18, 2020",Happy Birthday,Sneaks,Pop,Independent Artist,"Washington, D.C.",Claire Lobenfeld,"error: Rate limited on GET https://api.spotify.com/v1/search: Spotify asked us to wait 85978s, above the 60s cap. Stopping instead of blocking — let it cool down before retrying.",,,,,,,,,,,,,,,,
"August 17, 2020",Customer’s Copy,Exotic Sin,Jazz,Blank Forms Editions,"Brooklyn, New York",Andy Beta,"error: Rate limited on GET https://api.spotify.com/v1/search: Spotify asked us to wait 85978s, above the 60s cap. Stopping instead of blocking — let it cool down before retrying.",,,,,,,,,,,,,,,,
"August 14, 2020",Laughing In My Sleep,The Cradle,Alternative,Independent Artist,"Brooklyn, New York",Max Savage Levenson,"error: Rate limited on GET https://api.spotify.com/v1/search: Spotify asked us to wait 85977s, above the 60s cap. Stopping instead of blocking — let it cool down before retrying.",,,,,,,,,,,,,,,,
"August 13, 2020",Unity,Gordon Koang,World,Independent Artist,"Melbourne, Australia",Jess Fu,"error: Rate limited on GET https://api.spotify.com/v1/search: Spotify asked us to wait 85977s, above the 60s cap. Stopping instead of blocking — let it cool down before retrying.",,,,,,,,,,,,,,,,
"August 12, 2020",7G,A.G. Cook,Alternative,A. G. Cook,"Los Angeles, California",Ed Blair,"error: Rate limited on GET https://api.spotify.com/v1/search: Spotify asked us to wait 85977s, above the 60s cap. Stopping instead of blocking — let it cool down before retrying.",,,,,,,,,,,,,,,,
"August 11, 2020",New Truth,Jenny O.,Alternative,Independent Artist,"Los Angeles, California",Alex Westfall,"error: Rate limited on GET https://api.spotify.com/v1/search: Spotify asked us to wait 85977s, above the 60s cap. Stopping instead of blocking — let it cool down before retrying.",,,,,,,,,,,,,,,,
"August 10, 2020",Help,Duval Timothy,Experimental,Independent Artist,"England, UK",John Morrison,"error: Rate limited on GET https://api.spotify.com/v1/search: Spotify asked us to wait 85977s, above the 60s cap. Stopping instead of blocking — let it cool down before retrying.",,,,,,,,,,,,,,,,
"August 07, 2020",Present,Dog Day,Rock,fundog,"Halifax, Nova Scotia",Jesse Locke,"error: Rate limited on GET https://api.spotify.com/v1/search: Spotify asked us to wait 85976s, above the 60s cap. Stopping instead of blocking — let it cool down before retrying.",,,,,,,,,,,,,,,,
"August 06, 2020",Innuendo,Abyss X,Experimental,Independent Artist,"Knosos, Greece",Sasha Geffen,"error: Rate limited on GET https://api.spotify.com/v1/search: Spotify asked us to wait 85976s, above the 60s cap. Stopping instead of blocking — let it cool down before retrying.",,,,,,,,,,,,,,,,
"August 05, 2020",Eight Gates,Jason Molina,Alternative,Independent Artist,"Chicago, Illinois",Michael Rancic,"error: Rate limited on GET https://api.spotify.com/v1/search: Spotify asked us to wait 85976s, above the 60s cap. Stopping instead of blocking — let it cool down before retrying.",,,,,,,,,,,,,,,,
"August 04, 2020",Internal Incarceration,Year of the Knife,Metal,Year Of The Knife,Delaware,Robert Newsome,"error: Rate limited on GET https://api.spotify.com/v1/search: Spotify asked us to wait 85976s, above the 60s cap. Stopping instead of blocking — let it cool down before retrying.",,,,,,,,,,,,,,,,
"August 03, 2020",Sunny Days Blue,Swarvy,Experimental,SWARVY,,Marcus J. Moore,"error: Rate limited on GET https://api.spotify.com/v1/search: Spotify asked us to wait 85975s, above the 60s cap. Stopping instead of blocking — let it cool down before retrying.",,,,,,,,,,,,,,,,
"July 31, 2020",Beauty Beyond Grief,Aladean Kheroufi,R&amp;B/Soul,Independent Artist,"Edmonton, Alberta",Jesse Locke,"error: Rate limited on GET https://api.spotify.com/v1/search: Spotify asked us to wait 85975s, above the 60s cap. Stopping instead of blocking — let it cool down before retrying.",,,,,,,,,,,,,,,,
"July 30, 2020",Benny the Butcher & DJ Drama Present: Black Soprano Family,Black Soprano Family,Hip-Hop/Rap,BLACK SOPRANO FAMILY,"Buffalo, New York",J. Edward Keyes,"error: Rate limited on GET https://api.spotify.com/v1/search: Spotify asked us to wait 85975s, above the 60s cap. Stopping instead of blocking — let it cool down before retrying.",,,,,,,,,,,,,,,,
"July 29, 2020",Reprise Tonight,FSQ,Funk,Independent Artist,"New York, New York",John Morrison,"error: Rate limited on GET https://api.spotify.com/v1/search: Spotify asked us to wait 85975s, above the 60s cap. Stopping instead of blocking — let it cool down before retrying.",,,,,,,,,,,,,,,,
"July 28, 2020",Heart’s Ease,Shirley Collins,Folk,Independent Artist,"Hastings, UK",Grayson Haver Currin,"error: Rate limited on GET https://api.spotify.com/v1/search: Spotify asked us to wait 85975s, above the 60s cap. Stopping instead of blocking — let it cool down before retrying.",,,,,,,,,,,,,,,,
"July 27, 2020",Universal Beings E&F Sides,Makaya McCraven,Jazz,International Anthem,"Chicago, Illinois",Marcus J. Moore,"error: Rate limited on GET https://api.spotify.com/v1/search: Spotify asked us to wait 85974s, above the 60s cap. Stopping instead of blocking — let it cool down before retrying.",,,,,,,,,,,,,,,,
"July 23, 2020",TCHIC TCHIC—French Bossa Nova—1963/1974,Various Artists,World,Born Bad Records,"Romainville, France",Marcus J. Moore,"error: Rate limited on GET https://api.spotify.com/v1/search: Spotify asked us to wait 85974s, above the 60s cap. Stopping instead of blocking — let it cool down before retrying.",,,,,,,,,,,,,,,,
"July 22, 2020",Free,Natalie Duncan,R&amp;B/Soul,Independent Artist,"London, UK",Tara C. Mahadevan,"error: Rate limited on GET https://api.spotify.com/v1/search: Spotify asked us to wait 85974s, above the 60s cap. Stopping instead of blocking — let it cool down before retrying.",,,,,,,,,,,,,,,,
"July 21, 2020",ODD CURE,Oddisee,Hip-Hop/Rap,Independent Artist,"Washington, D.C.",Phillip Mlynar,"error: Rate limited on GET https://api.spotify.com/v1/search: Spotify asked us to wait 85974s, above the 60s cap. Stopping instead of blocking — let it cool down before retrying.",,,,,,,,,,,,,,,,
"July 20, 2020",Flower of Devotion,DEHD,Rock,Independent Artist,"Chicago, Illinois",Nina Corcoran,"error: Rate limited on GET https://api.spotify.com/v1/search: Spotify asked us to wait 85973s, above the 60s cap. Stopping instead of blocking — let it cool down before retrying.",,,,,,,,,,,,,,,,
"July 17, 2020",Species,Bing & Ruth,Ambient,David Moore / Bing &amp; Ruth,"New York, New York",April Clare Welsh,"error: Rate limited on GET https://api.spotify.com/v1/search: Spotify asked us to wait 85973s, above the 60s cap. Stopping instead of blocking — let it cool down before retrying.",,,,,,,,,,,,,,,,
"July 16, 2020","To Be Surrounded By Beautiful, Curious, Breathing, Laughing Flesh Is Enough",Deerhoof & Wadada Leo Smith,Alternative,Deerhoof,,Grayson Haver Currin,"error: Rate limited on GET https://api.spotify.com/v1/search: Spotify asked us to wait 85973s, above the 60s cap. Stopping instead of blocking — let it cool down before retrying.",,,,,,,,,,,,,,,,
"July 15, 2020",Magickal Mystical Indifference,Rebel Wizard,Metal,REBEL WIZARD,"Ferny Creek, Australia",Ben Salmon,"error: Rate limited on GET https://api.spotify.com/v1/search: Spotify asked us to wait 85973s, above the 60s cap. Stopping instead of blocking — let it cool down before retrying.",,,,,,,,,,,,,,,,
"July 14, 2020",That’s How Rumors Get Started,Margo Price,Rock,Independent Artist,"Nashville, Tennessee",Jim Allen,"error: Rate limited on GET https://api.spotify.com/v1/search: Spotify asked us to wait 85973s, above the 60s cap. Stopping instead of blocking — let it cool down before retrying.",,,,,,,,,,,,,,,,
"July 13, 2020",Songs Of An Unknown Tongue,Zara McFarlane,Jazz,Zara Mcfarlane,"London, UK",John Morrison,"error: Rate limited on GET https://api.spotify.com/v1/search: Spotify asked us to wait 85972s, above the 60s cap. Stopping instead of blocking — let it cool down before retrying.",,,,,,,,,,,,,,,,
"July 10, 2020",CULT,God Colony,Electronic,Independent Artist,"London, UK",Will Pritchard,"error: Rate limited on GET https://api.spotify.com/v1/search: Spotify asked us to wait 85972s, above the 60s cap. Stopping instead of blocking — let it cool down before retrying.",,,,,,,,,,,,,,,,
"July 09, 2020",Songs for Peacock,TJO,Alternative,Tara Jane O&#39;Neil,California,Grayson Haver Currin,"error: Rate limited on GET https://api.spotify.com/v1/search: Spotify asked us to wait 85972s, above the 60s cap. Stopping instead of blocking — let it cool down before retrying.",,,,,,,,,,,,,,,,
"July 08, 2020",Mente,Thiago Nassif,World,Independent Artist,"Rio De Janeiro, Brazil",Amanda Cavalcanti,"error: Rate limited on GET https://api.spotify.com/v1/search: Spotify asked us to wait 85972s, above the 60s cap. Stopping instead of blocking — let it cool down before retrying.",,,,,,,,,,,,,,,,
"July 07, 2020",Skeleton,Skeleton,Metal,20 Buck Spin,"Pittsburgh, Pennsylvania",Andy O’Connor,"error: Rate limited on GET https://api.spotify.com/v1/search: Spotify asked us to wait 85972s, above the 60s cap. Stopping instead of blocking — let it cool down before retrying.",,,,,,,,,,,,,,,,
"July 06, 2020",Dialectic Soul,Asher Gamedze,Jazz,Independent Artist,"Cape Town, South Africa",Jesse Locke,"error: Rate limited on GET https://api.spotify.com/v1/search: Spotify asked us to wait 85971s, above the 60s cap. Stopping instead of blocking — let it cool down before retrying.",,,,,,,,,,,,,,,,
"July 02, 2020",To Know Without Knowing,Mulatu Astatke & Black Jesus Experience,Jazz,Mulatu Astatke &amp; Black Jesus Experience,"Addis Ababa, Ethiopia",Andy Beta,"error: Rate limited on GET https://api.spotify.com/v1/search: Spotify asked us to wait 85971s, above the 60s cap. Stopping instead of blocking — let it cool down before retrying.",,,,,,,,,,,,,,,,
"July 01, 2020",UNTITLED (Black Is),SAULT,Alternative,Independent Artist,UK,John Morrison,"error: Rate limited on GET https://api.spotify.com/v1/search: Spotify asked us to wait 85971s, above the 60s cap. Stopping instead of blocking — let it cool down before retrying.",,,,,,,,,,,,,,,,
"June 30, 2020",Brother Theotis Taylor,Brother Theotis Taylor,Devotional,Mississippi Records,"New York, New York",John Morrison,"error: Rate limited on GET https://api.spotify.com/v1/search: Spotify asked us to wait 85971s, above the 60s cap. Stopping instead of blocking — let it cool down before retrying.",,,,,,,,,,,,,,,,
"June 29, 2020",Inlet,Hum,Rock,Independent Artist,"Champaign, Illinois",Grayson Haver Currin,"error: Rate limited on GET https://api.spotify.com/v1/search: Spotify asked us to wait 85971s, above the 60s cap. Stopping instead of blocking — let it cool down before retrying.",,,,,,,,,,,,,,,,
"June 26, 2020",Somewhere,Gum Country,Alternative,Independent Artist,"Los Angeles, California",Mariana Timony,"error: Rate limited on GET https://api.spotify.com/v1/search: Spotify asked us to wait 85970s, above the 60s cap. Stopping instead of blocking — let it cool down before retrying.",,,,,,,,,,,,,,,,
"June 25, 2020",weight of the world,MIKE,Hip-Hop/Rap,Independent Artist,"New York, New York",J. Edward Keyes,"error: Rate limited on GET https://api.spotify.com/v1/search: Spotify asked us to wait 85970s, above the 60s cap. Stopping instead of blocking — let it cool down before retrying.",,,,,,,,,,,,,,,,
"June 24, 2020",EarthSeed,Nicole Mitchell & Lisa E. Harris,Jazz,Nicole M Mitchell,North Carolina,John Morrison,"error: Rate limited on GET https://api.spotify.com/v1/search: Spotify asked us to wait 85970s, above the 60s cap. Stopping instead of blocking — let it cool down before retrying.",,,,,,,,,,,,,,,,
"June 23, 2020",Adrian Younge presents Angela Munoz Introspection,Angela Munoz,R&amp;B/Soul,Independent Artist,"Los Angeles, California",Tara C. Mahadevan,"error: Rate limited on GET https://api.spotify.com/v1/search: Spotify asked us to wait 85969s, above the 60s cap. Stopping instead of blocking — let it cool down before retrying.",,,,,,,,,,,,,,,,
"June 22, 2020",Éons,Neptunian Maximalism,Metal,"I, Voidhanger Records",Italy,Ben Salmon,"error: Rate limited on GET https://api.spotify.com/v1/search: Spotify asked us to wait 85969s, above the 60s cap. Stopping instead of blocking — let it cool down before retrying.",,,,,,,,,,,,,,,,
"June 19, 2020",Lagos Pepper Soup,Michael Olatuja,Jazz,Independent Artist,"New York, New York",John Morrison,"error: Rate limited on GET https://api.spotify.com/v1/search: Spotify asked us to wait 85969s, above the 60s cap. Stopping instead of blocking — let it cool down before retrying.",,,,,,,,,,,,,,,,
"June 18, 2020",Coriky,Coriky,Punk,Independent Artist,"Washington, D.C.",JJ Skolnik,"error: Rate limited on GET https://api.spotify.com/v1/search: Spotify asked us to wait 85969s, above the 60s cap. Stopping instead of blocking — let it cool down before retrying.",,,,,,,,,,,,,,,,
"June 17, 2020",Saving For a Custom Van,Various Artists,Alternative,Father/Daughter Records,"San Francisco, California",Eli Enis,"error: Rate limited on GET https://api.spotify.com/v1/search: Spotify asked us to wait 85969s, above the 60s cap. Stopping instead of blocking — let it cool down before retrying.",,,,,,,,,,,,,,,,
"June 16, 2020",Providence,Ulthar,Metal,20 Buck Spin,"Pittsburgh, Pennsylvania",Andy O’Connor,"error: Rate limited on GET https://api.spotify.com/v1/search: Spotify asked us to wait 85968s, above the 60s cap. Stopping instead of blocking — let it cool down before retrying.",,,,,,,,,,,,,,,,
"June 15, 2020",Shrines,Armand Hammer,Hip-Hop/Rap,Independent Artist,New York,Christina Lee,"error: Rate limited on GET https://api.spotify.com/v1/search: Spotify asked us to wait 85968s, above the 60s cap. Stopping instead of blocking — let it cool down before retrying.",,,,,,,,,,,,,,,,
"June 12, 2020",Annual,Modern Nature,Alternative,Independent Artist,"Cambridge, UK",Jesse Locke,"error: Rate limited on GET https://api.spotify.com/v1/search: Spotify asked us to wait 85968s, above the 60s cap. Stopping instead of blocking — let it cool down before retrying.",,,,,,,,,,,,,,,,
"June 11, 2020",The Dancing Devils of Djibouti,Groupe RTD,World,Ostinato Records,"New York, New York",Richard Gehr,"error: Rate limited on GET https://api.spotify.com/v1/search: Spotify asked us to wait 85968s, above the 60s cap. Stopping instead of blocking — let it cool down before retrying.",,,,,,,,,,,,,,,,
"June 10, 2020",Get In Union,Bessie Jones and the Georgia Sea Island Singers,Folk,Lomax Archive,,John Morrison,"error: Rate limited on GET https://api.spotify.com/v1/search: Spotify asked us to wait 85968s, above the 60s cap. Stopping instead of blocking — let it cool down before retrying.",,,,,,,,,,,,,,,,
"June 09, 2020",Arrow,Noveller,Ambient,Independent Artist,"Los Angeles, California",Ned Raggett,"error: Rate limited on GET https://api.spotify.com/v1/search: Spotify asked us to wait 85967s, above the 60s cap. Stopping instead of blocking — let it cool down before retrying.",,,,,,,,,,,,,,,,
"June 08, 2020",White Whale,C. Diab,Experimental,Independent Artist,"Vancouver, British Columbia",Grayson Haver Currin,"error: Rate limited on GET https://api.spotify.com/v1/search: Spotify asked us to wait 85967s, above the 60s cap. Stopping instead of blocking — let it cool down before retrying.",,,,,,,,,,,,,,,,
"May 29, 2020",Spider Tales,Jake Blount,Folk,Independent Artist,"Providence, Rhode Island",John Morrison,"error: Rate limited on GET https://api.spotify.com/v1/search: Spotify asked us to wait 85967s, above the 60s cap. Stopping instead of blocking — let it cool down before retrying.",,,,,,,,,,,,,,,,
"May 28, 2020",Silver Dollar,Threadbare,Jazz,NoBusiness Records,Lithuania,Marcus J. Moore,"error: Rate limited on GET https://api.spotify.com/v1/search: Spotify asked us to wait 85967s, above the 60s cap. Stopping instead of blocking — let it cool down before retrying.",,,,,,,,,,,,,,,,
"May 27, 2020",Float Back to You,Holy Hive,R&amp;B/Soul,Independent Artist,New York,Allison Hussey,"error: Rate limited on GET https://api.spotify.com/v1/search: Spotify asked us to wait 85966s, above the 60s cap. Stopping instead of blocking — let it cool down before retrying.",,,,,,,,,,,,,,,,
"May 26, 2020",Broken Access,Theo Alexander,Classical,Independent Artist,"London, UK",Jesse Locke,"error: Rate limited on GET https://api.spotify.com/v1/search: Spotify asked us to wait 85966s, above the 60s cap. Stopping instead of blocking — let it cool down before retrying.",,,,,,,,,,,,,,,,
"May 22, 2020",Vodou Alé,Chouk Bwa & The Ångstromers,World,Chouk Bwa &amp; The Ångstromers,"Artibonite Department, Haiti",Ann-Derrick Gaillot,"error: Rate limited on GET https://api.spotify.com/v1/search: Spotify asked us to wait 85966s, above the 60s cap. Stopping instead of blocking — let it cool down before retrying.",,,,,,,,,,,,,,,,
"May 21, 2020",Origins,Foul Play,Electronic,Independent Artist,"Northampton, UK",Will Pritchard,"error: Rate limited on GET https://api.spotify.com/v1/search: Spotify asked us to wait 85965s, above the 60s cap. Stopping instead of blocking — let it cool down before retrying.",,,,,,,,,,,,,,,,
"May 20, 2020",Both,Bill Nace,Experimental,Independent Artist,"Philadelphia, Pennsylvania",Jonathan Williger,"error: Rate limited on GET https://api.spotify.com/v1/search: Spotify asked us to wait 85965s, above the 60s cap. Stopping instead of blocking — let it cool down before retrying.",,,,,,,,,,,,,,,,
"May 19, 2020",W,Populous,World,Independent Artist,"Lecce, Italy",Amaya Garcia,"error: Rate limited on GET https://api.spotify.com/v1/search: Spotify asked us to wait 85965s, above the 60s cap. Stopping instead of blocking — let it cool down before retrying.",,,,,,,,,,,,,,,,
"May 18, 2020",Pantayo,Pantayo,Electronic,Independent Artist,"Toronto, Ontario",James Factora,"error: Rate limited on GET https://api.spotify.com/v1/search: Spotify asked us to wait 85965s, above the 60s cap. Stopping instead of blocking — let it cool down before retrying.",,,,,,,,,,,,,,,,
"May 15, 2020",The Mosaic Of Transformation,Kaitlyn Aurelia Smith,Experimental,Independent Artist,"Los Angeles, California",Marcus J. Moore,"error: Rate limited on GET https://api.spotify.com/v1/search: Spotify asked us to wait 85965s, above the 60s cap. Stopping instead of blocking — let it cool down before retrying.",,,,,,,,,,,,,,,,
"May 14, 2020",Acquiesce,TALSounds,Electronic,TALsounds,"Washington, D.C.",Sam Goldner,"error: Rate limited on GET https://api.spotify.com/v1/search: Spotify asked us to wait 85964s, above the 60s cap. Stopping instead of blocking — let it cool down before retrying.",,,,,,,,,,,,,,,,
"May 13, 2020",They Call Me Disco,Ric Wilson and Terrace Martin,Hip-Hop/Rap,Ric Wilson,"Chicago, Illinois",Tara C. Mahadevan,"error: Rate limited on GET https://api.spotify.com/v1/search: Spotify asked us to wait 85964s, above the 60s cap. Stopping instead of blocking — let it cool down before retrying.",,,,,,,,,,,,,,,,
"May 12, 2020",Carisma,Salt Cathedral,Pop,Independent Artist,"New York, New York",Richard Villegas,"error: Rate limited on GET https://api.spotify.com/v1/search: Spotify asked us to wait 85964s, above the 60s cap. Stopping instead of blocking — let it cool down before retrying.",,,,,,,,,,,,,,,,
"May 08, 2020",A Heart So White,Jonny Nash & Suzanne Kraft,Ambient,Melody As Truth,"Amsterdam, Netherlands",Miles Bowe,"error: Rate limited on GET https://api.spotify.com/v1/search: Spotify asked us to wait 85964s, above the 60s cap. Stopping instead of blocking — let it cool down before retrying.",,,,,,,,,,,,,,,,
"May 07, 2020",Opal Wand,Black Taffy,Electronic,Independent Artist,"Dallas, Texas",Will Schube,"error: Rate limited on GET https://api.spotify.com/v1/search: Spotify asked us to wait 85964s, above the 60s cap. Stopping instead of blocking — let it cool down before retrying.",,,,,,,,,,,,,,,,
"May 06, 2020",Nehruvia: My Disregarded Thoughts,Bishop Nehru,Hip-Hop/Rap,Independent Artist,"New York, New York",Phillip Mlynar,"error: Rate limited on GET https://api.spotify.com/v1/search: Spotify asked us to wait 85963s, above the 60s cap. Stopping instead of blocking — let it cool down before retrying.",,,,,,,,,,,,,,,,
"May 05, 2020",Yeo​-​Neun,Okkyung Lee,,okkyung lee,"Berlin, Germany",Marc Masters,"error: Rate limited on GET https://api.spotify.com/v1/search: Spotify asked us to wait 85963s, above the 60s cap. Stopping instead of blocking — let it cool down before retrying.",,,,,,,,,,,,,,,,
"May 04, 2020",Dias Raros,Melenas,Alternative,Independent Artist,"Pamplona, Spain",Mariana Timony,"error: Rate limited on GET https://api.spotify.com/v1/search: Spotify asked us to wait 85963s, above the 60s cap. Stopping instead of blocking — let it cool down before retrying.",,,,,,,,,,,,,,,,
"May 01, 2020",recovery girl,recovery girl,Electronic,galen tipton,"Portland, Oregon",Ed Blair,"error: Rate limited on GET https://api.spotify.com/v1/search: Spotify asked us to wait 85963s, above the 60s cap. Stopping instead of blocking — let it cool down before retrying.",,,,,,,,,,,,,,,,
"April 30, 2020",Built To Spill Plays The Songs Of Daniel Johnston,Built to Spill,Rock,Built To Spill,"Boise, Idaho",Annie Zaleski,"error: Rate limited on GET https://api.spotify.com/v1/search: Spotify asked us to wait 85962s, above the 60s cap. Stopping instead of blocking — let it cool down before retrying.",,,,,,,,,,,,,,,,
"April 29, 2020",Bobby Joe Hope,Jon McKiel,Alternative,Jon Mckiel,"Baie Verte, New Brunswick",Jesse Locke,"error: Rate limited on GET https://api.spotify.com/v1/search: Spotify asked us to wait 85962s, above the 60s cap. Stopping instead of blocking — let it cool down before retrying.",,,,,,,,,,,,,,,,
"April 28, 2020",A Pennies Worth,KinKai,Hip-Hop/Rap,Independent Artist,"Manchester, UK",John Morrison,"error: Rate limited on GET https://api.spotify.com/v1/search: Spotify asked us to wait 85962s, above the 60s cap. Stopping instead of blocking — let it cool down before retrying.",,,,,,,,,,,,,,,,
"April 27, 2020",Feral,RVG,Alternative,Independent Artist,"Preston, Australia",Sophie Weiner,"error: Rate limited on GET https://api.spotify.com/v1/search: Spotify asked us to wait 85962s, above the 60s cap. Stopping instead of blocking — let it cool down before retrying.",,,,,,,,,,,,,,,,
"April 24, 2020",Innocent Country 2,Quelle Chris & Chris Keys,Hip-Hop/Rap,Quelle Chris,"Detroit, Michigan",Nate Patrin,"error: Rate limited on GET https://api.spotify.com/v1/search: Spotify asked us to wait 85962s, above the 60s cap. Stopping instead of blocking — let it cool down before retrying.",,,,,,,,,,,,,,,,
"April 23, 2020",Isolation Therapy,Various Artists,Electronic,Stamp The Wax,"London, UK",Sean Keating,"error: Rate limited on GET https://api.spotify.com/v1/search: Spotify asked us to wait 85961s, above the 60s cap. Stopping instead of blocking — let it cool down before retrying.",,,,,,,,,,,,,,,,
"April 22, 2020",Megawave,Dana Jean Phoenix & Powernerd,Electronic,Dana Jean Phoenix,"Toronto, Ontario",Samuel Tornow,"error: Rate limited on GET https://api.spotify.com/v1/search: Spotify asked us to wait 85961s, above the 60s cap. Stopping instead of blocking — let it cool down before retrying.",,,,,,,,,,,,,,,,
"April 17, 2020",La Yarará,Malena Zavala,Pop,Independent Artist,"London, UK",Sarah Gooding,"error: Rate limited on GET https://api.spotify.com/v1/search: Spotify asked us to wait 85961s, above the 60s cap. Stopping instead of blocking — let it cool down before retrying.",,,,,,,,,,,,,,,,
"April 16, 2020",Mestarin Kynsi,Oranssi Pazuzu,Metal,Independent Artist,Finland,Grayson Haver Currin,"error: Rate limited on GET https://api.spotify.com/v1/search: Spotify asked us to wait 85961s, above the 60s cap. Stopping instead of blocking — let it cool down before retrying.",,,,,,,,,,,,,,,,
"April 15, 2020",Siti of Unguja,Siti Muharam,World,Independent Artist,"Zanzibar, Tanzania",Sylvia Ilahuka,"error: Rate limited on GET https://api.spotify.com/v1/search: Spotify asked us to wait 85961s, above the 60s cap. Stopping instead of blocking — let it cool down before retrying.",,,,,,,,,,,,,,,,
"April 14, 2020",Resonance,Yumiko Morioka,Ambient,Métron Records,"New Forest District, UK",Marc Masters,"error: Rate limited on GET https://api.spotify.com/v1/search: Spotify asked us to wait 85960s, above the 60s cap. Stopping instead of blocking — let it cool down before retrying.",,,,,,,,,,,,,,,,
"April 13, 2020",The Don Of Diamond Dreams,Shabazz Palaces,Hip-Hop/Rap,Independent Artist,"Seattle, Washington",Nate Patrin,"error: Rate limited on GET https://api.spotify.com/v1/search: Spotify asked us to wait 85960s, above the 60s cap. Stopping instead of blocking — let it cool down before retrying.",,,,,,,,,,,,,,,,
"April 10, 2020",Forever,Midwife,Alternative,Independent Artist,Colorado,Andy O’Connor,"error: Rate limited on GET https://api.spotify.com/v1/search: Spotify asked us to wait 85960s, above the 60s cap. Stopping instead of blocking — let it cool down before retrying.",,,,,,,,,,,,,,,,
"April 09, 2020","Doom Mix, Vol. IV",Various Artists,Experimental,Doom Trip,"Los Angeles, California",J. Edward Keyes,"error: Rate limited on GET https://api.spotify.com/v1/search: Spotify asked us to wait 85960s, above the 60s cap. Stopping instead of blocking — let it cool down before retrying.",,,,,,,,,,,,,,,,
"April 08, 2020",The Experience of Repetition as Death,Clarice Jensen,Experimental,Independent Artist,,Marc Masters,"error: Rate limited on GET https://api.spotify.com/v1/search: Spotify asked us to wait 85960s, above the 60s cap. Stopping instead of blocking — let it cool down before retrying.",,,,,,,,,,,,,,,,
"April 07, 2020",Jacqueline,Jackie Lynn,Rock,Independent Artist,"Franklin, Tennessee",Mariana Timony,"error: Rate limited on GET https://api.spotify.com/v1/search: Spotify asked us to wait 85959s, above the 60s cap. Stopping instead of blocking — let it cool down before retrying.",,,,,,,,,,,,,,,,
"April 06, 2020",The Quarantine,Statik Selektah & Termanology,Hip-Hop/Rap,Termanology,"Lawrence, Massachusetts",Jordan Commandeur,"error: Rate limited on GET https://api.spotify.com/v1/search: Spotify asked us to wait 85959s, above the 60s cap. Stopping instead of blocking — let it cool down before retrying.",,,,,,,,,,,,,,,,
"April 03, 2020",It Is What It Is,Thundercat,Electronic,Independent Artist,"Los Angeles, California",Max Bell,"error: Rate limited on GET https://api.spotify.com/v1/search: Spotify asked us to wait 85959s, above the 60s cap. Stopping instead of blocking — let it cool down before retrying.",,,,,,,,,,,,,,,,
"April 02, 2020",Less of Everything,Es,Punk,Independent Artist,"London, UK",JJ Skolnik,"error: Rate limited on GET https://api.spotify.com/v1/search: Spotify asked us to wait 85959s, above the 60s cap. Stopping instead of blocking — let it cool down before retrying.",,,,,,,,,,,,,,,,
"April 01, 2020",You Become The Mountain,Jeffrey Silverstein,,Independent Artist,"Portland, Oregon",Grayson Haver Currin,"error: Rate limited on GET https://api.spotify.com/v1/search: Spotify asked us to wait 85958s, above the 60s cap. Stopping instead of blocking — let it cool down before retrying.",,,,,,,,,,,,,,,,
"March 31, 2020",Devouring Ruin,Wake,Metal,WAKE,"Calgary, Alberta",Grayson Haver Currin,"error: Rate limited on GET https://api.spotify.com/v1/search: Spotify asked us to wait 85958s, above the 60s cap. Stopping instead of blocking — let it cool down before retrying.",,,,,,,,,,,,,,,,
"March 30, 2020",DJ​-​Kicks: Mr. Scruff,Mr. Scruff,Electronic,Independent Artist,"Manchester, UK",Michaelangelo Matos,"error: Rate limited on GET https://api.spotify.com/v1/search: Spotify asked us to wait 85958s, above the 60s cap. Stopping instead of blocking — let it cool down before retrying.",,,,,,,,,,,,,,,,
"March 27, 2020",Floppy Disk Overdrive,Master Boot Record,Electronic,MASTER BOOT RECORD,"Rome, Italy",Andrew Parks,"error: Rate limited on GET https://api.spotify.com/v1/search: Spotify asked us to wait 85958s, above the 60s cap. Stopping instead of blocking — let it cool down before retrying.",,,,,,,,,,,,,,,,
"March 26, 2020",DNA ACTIVATION,Witch Prophet,R&amp;B/Soul,Independent Artist,"Toronto, Ontario",John Morrison,"error: Rate limited on GET https://api.spotify.com/v1/search: Spotify asked us to wait 85957s, above the 60s cap. Stopping instead of blocking — let it cool down before retrying.",,,,,,,,,,,,,,,,
"March 25, 2020",A Taste of Chicago,Jamie 3:26,Electronic,Independent Artist,"Rotterdam, Netherlands",John Morrison,"error: Rate limited on GET https://api.spotify.com/v1/search: Spotify asked us to wait 85957s, above the 60s cap. Stopping instead of blocking — let it cool down before retrying.",,,,,,,,,,,,,,,,
"March 24, 2020",Yene Mircha,Hailu Mergia,World,Independent Artist,"Washington, D.C.",Michael J. West,"error: Rate limited on GET https://api.spotify.com/v1/search: Spotify asked us to wait 85957s, above the 60s cap. Stopping instead of blocking — let it cool down before retrying.",,,,,,,,,,,,,,,,
"March 23, 2020",AARUPA,Quinton Barnes,R&amp;B/Soul,Grimalkin Records,"Richmond, Virginia",Lorena Cupcake,"error: Rate limited on GET https://api.spotify.com/v1/search: Spotify asked us to wait 85957s, above the 60s cap. Stopping instead of blocking — let it cool down before retrying.",,,,,,,,,,,,,,,,
"March 20, 2020",Jazz Is Dead 001,Adrian Younge and Ali Shaheed Muhammad,Jazz,Jazz Is Dead,"Los Angeles, California",Phillip Mlynar,"error: Rate limited on GET https://api.spotify.com/v1/search: Spotify asked us to wait 85956s, above the 60s cap. Stopping instead of blocking — let it cool down before retrying.",,,,,,,,,,,,,,,,
"March 19, 2020",Take A Look In The Book,The Legendary Ingramettes,Devotional,Independent Artist,"Richmond, Virginia",John Morrison,"error: Rate limited on GET https://api.spotify.com/v1/search: Spotify asked us to wait 85956s, above the 60s cap. Stopping instead of blocking — let it cool down before retrying.",,,,,,,,,,,,,,,,
"March 18, 2020",Pure Mud Volume 7,Prolaps,Electronic,Hausu Mountain Records,"Chicago, Illinois",Eli Schoop,"error: Rate limited on GET https://api.spotify.com/v1/search: Spotify asked us to wait 85956s, above the 60s cap. Stopping instead of blocking — let it cool down before retrying.",,,,,,,,,,,,,,,,
"March 17, 2020",Every Bad,Porridge Radio,Alternative,Independent Artist,"London, UK",Max Freedman,"error: Rate limited on GET https://api.spotify.com/v1/search: Spotify asked us to wait 85956s, above the 60s cap. Stopping instead of blocking — let it cool down before retrying.",,,,,,,,,,,,,,,,
"March 16, 2020",Scramblers,Container,Electronic,CONTAINER,"Saint Leonards, UK",Miles Bowe,"error: Rate limited on GET https://api.spotify.com/v1/search: Spotify asked us to wait 85956s, above the 60s cap. Stopping instead of blocking — let it cool down before retrying.",,,,,,,,,,,,,,,,
"March 13, 2020",Live In Paris (1975),Pharoah Sanders,Jazz,Transversales Disques,"Paris, France",Marcus J. Moore,"error: Rate limited on GET https://api.spotify.com/v1/search: Spotify asked us to wait 85955s, above the 60s cap. Stopping instead of blocking — let it cool down before retrying.",,,,,,,,,,,,,,,,
"March 12, 2020",Burst,Snarls,Rock,snarls,"Columbus, Ohio",Charlie Zaillian,"error: Rate limited on GET https://api.spotify.com/v1/search: Spotify asked us to wait 85955s, above the 60s cap. Stopping instead of blocking — let it cool down before retrying.",,,,,,,,,,,,,,,,
"March 11, 2020",INTENTA: Experimental & Electronic Music From Switzerland 1981-1993,Various Artists,Experimental,Les Disques Bongo Joe,"Geneva, Switzerland",JJ Skolnik,"error: Rate limited on GET https://api.spotify.com/v1/search: Spotify asked us to wait 85955s, above the 60s cap. Stopping instead of blocking — let it cool down before retrying.",,,,,,,,,,,,,,,,
"March 10, 2020",Operazione Piovra: The Lead Chronicles,Mortar Devotions,Alternative,Eighth Tower Records,Italy,Jordan Reyes,"error: Rate limited on GET https://api.spotify.com/v1/search: Spotify asked us to wait 85955s, above the 60s cap. Stopping instead of blocking — let it cool down before retrying.",,,,,,,,,,,,,,,,
"March 09, 2020",Berlin Sessions,Brownout,Funk,Fat Beats Records,"Los Angeles, California",Max Bell,"error: Rate limited on GET https://api.spotify.com/v1/search: Spotify asked us to wait 85955s, above the 60s cap. Stopping instead of blocking — let it cool down before retrying.",,,,,,,,,,,,,,,,
"March 06, 2020",Vigilance,Axebreaker,Experimental,Independent Artist,"Baltimore, Maryland",Kim Kelly,"error: Rate limited on GET https://api.spotify.com/v1/search: Spotify asked us to wait 85954s, above the 60s cap. Stopping instead of blocking — let it cool down before retrying.",,,,,,,,,,,,,,,,
"March 05, 2020",Cha Cha Palace,Angelica Garcia,Pop,Angélica Garcia,"Los Angeles, California",Nilina Mason-Campbell,"error: Rate limited on GET https://api.spotify.com/v1/search: Spotify asked us to wait 85954s, above the 60s cap. Stopping instead of blocking — let it cool down before retrying.",,,,,,,,,,,,,,,,
"March 04, 2020",Teenage Snuff Film,Rowland S. Howard,Alternative,Independent Artist,"Melbourne, Australia",Zachary Lipez,"error: Rate limited on GET https://api.spotify.com/v1/search: Spotify asked us to wait 85954s, above the 60s cap. Stopping instead of blocking — let it cool down before retrying.",,,,,,,,,,,,,,,,
"March 03, 2020",purple moonlight pages,R.A.P. Ferreira,Hip-Hop/Rap,Independent Artist,"Nashville, Tennessee",Marcus J. Moore,"error: Rate limited on GET https://api.spotify.com/v1/search: Spotify asked us to wait 85954s, above the 60s cap. Stopping instead of blocking — let it cool down before retrying.",,,,,,,,,,,,,,,,
"March 02, 2020",Mother,Cold Beat,Alternative,Independent Artist,California,J. Edward Keyes,"error: Rate limited on GET https://api.spotify.com/v1/search: Spotify asked us to wait 85953s, above the 60s cap. Stopping instead of blocking — let it cool down before retrying.",,,,,,,,,,,,,,,,
"February 28, 2020",Batuco,Son Rompe Pera,World,AYA Records,"Los Angeles, California",Matthew Ismael Ruiz,"error: Rate limited on GET https://api.spotify.com/v1/search: Spotify asked us to wait 85953s, above the 60s cap. Stopping instead of blocking — let it cool down before retrying.",,,,,,,,,,,,,,,,
"February 27, 2020",You Want It Real,lié,Punk,Independent Artist,"Vancouver, British Columbia",JJ Skolnik,"error: Rate limited on GET https://api.spotify.com/v1/search: Spotify asked us to wait 85953s, above the 60s cap. Stopping instead of blocking — let it cool down before retrying.",,,,,,,,,,,,,,,,
"February 26, 2020",The Weather Up There,Jeremy Cunningham,Jazz,Independent Artist,"Chicago, Illinois",John Morrison,"error: Rate limited on GET https://api.spotify.com/v1/search: Spotify asked us to wait 85953s, above the 60s cap. Stopping instead of blocking — let it cool down before retrying.",,,,,,,,,,,,,,,,
"February 25, 2020",Calypso,Gigi Masin,Ambient,Independent Artist,"Venezia, Italy",Andy Beta,"error: Rate limited on GET https://api.spotify.com/v1/search: Spotify asked us to wait 85953s, above the 60s cap. Stopping instead of blocking — let it cool down before retrying.",,,,,,,,,,,,,,,,
"February 24, 2020",Heavy Tongue,Parlor Walls,Alternative,Independent Artist,"Brooklyn, New York",Andi Harriman,"error: Rate limited on GET https://api.spotify.com/v1/search: Spotify asked us to wait 85952s, above the 60s cap. Stopping instead of blocking — let it cool down before retrying.",,,,,,,,,,,,,,,,
"February 21, 2020",Znayesh Yak? Rozkazhy,Svitlana Nianio & Oleksandr Yurchenko,Experimental,Night School,"Glasgow, UK",Mariana Timony,"error: Rate limited on GET https://api.spotify.com/v1/search: Spotify asked us to wait 85952s, above the 60s cap. Stopping instead of blocking — let it cool down before retrying.",,,,,,,,,,,,,,,,
"February 20, 2020",Close to the Flame,Forever,Pop,Independent Artist,"Montreal, Québec",Alex Westfall,"error: Rate limited on GET https://api.spotify.com/v1/search: Spotify asked us to wait 85952s, above the 60s cap. Stopping instead of blocking — let it cool down before retrying.",,,,,,,,,,,,,,,,
"February 18, 2020",Are You Gone,Sarah Harmer,Rock,Independent Artist,"Kingston, Ontario",Margaret Farrell,"error: Rate limited on GET https://api.spotify.com/v1/search: Spotify asked us to wait 85952s, above the 60s cap. Stopping instead of blocking — let it cool down before retrying.",,,,,,,,,,,,,,,,
"February 14, 2020",Travel Time,Jacoti Sommes,Electronic,Orange Milk Records,,Max Bell,"error: Rate limited on GET https://api.spotify.com/v1/search: Spotify asked us to wait 85952s, above the 60s cap. Stopping instead of blocking — let it cool down before retrying.",,,,,,,,,,,,,,,,
"February 13, 2020",Orígenes,Sotomayor,Latin,Independent Artist,"Mexico City, Mexico",Nilina Mason-Campbell,"error: Rate limited on GET https://api.spotify.com/v1/search: Spotify asked us to wait 85951s, above the 60s cap. Stopping instead of blocking — let it cool down before retrying.",,,,,,,,,,,,,,,,
"February 12, 2020",3D Routine,Mush,Punk,Independent Artist,"Leeds, UK",Kerry Cardoza,"error: Rate limited on GET https://api.spotify.com/v1/search: Spotify asked us to wait 85951s, above the 60s cap. Stopping instead of blocking — let it cool down before retrying.",,,,,,,,,,,,,,,,
"February 11, 2020",Season 2,Wildflower,Jazz,WILDFLOWER,"London, UK",Michael J. West,"error: Rate limited on GET https://api.spotify.com/v1/search: Spotify asked us to wait 85951s, above the 60s cap. Stopping instead of blocking — let it cool down before retrying.",,,,,,,,,,,,,,,,
"February 10, 2020",Stupidmutaforma,Fera,Electronic,Maple Death Records,"Bologna, Italy",J. Edward Keyes,"error: Rate limited on GET https://api.spotify.com/v1/search: Spotify asked us to wait 85951s, above the 60s cap. Stopping instead of blocking — let it cool down before retrying.",,,,,,,,,,,,,,,,
"February 07, 2020",The Big Exercise,The Homesick,Alternative,Independent Artist,"Dokkum, Netherlands",Annie Zaleski,"error: Rate limited on GET https://api.spotify.com/v1/search: Spotify asked us to wait 85951s, above the 60s cap. Stopping instead of blocking — let it cool down before retrying.",,,,,,,,,,,,,,,,
"February 06, 2020",Dream Interpretation,Kazuya Nagaya,Ambient,Independent Artist,Japan,Ari Delaney,"error: Rate limited on GET https://api.spotify.com/v1/search: Spotify asked us to wait 85950s, above the 60s cap. Stopping instead of blocking — let it cool down before retrying.",,,,,,,,,,,,,,,,
"February 05, 2020",Wake Up,Fat Tony and Taydex,Hip-Hop/Rap,Fat Tony,"Houston, Texas",Mike Madden,"error: Rate limited on GET https://api.spotify.com/v1/search: Spotify asked us to wait 85950s, above the 60s cap. Stopping instead of blocking — let it cool down before retrying.",,,,,,,,,,,,,,,,
"February 04, 2020",Houses,Steve Spacek,R&amp;B/Soul,Independent Artist,Australia,John Morrison,"error: Rate limited on GET https://api.spotify.com/v1/search: Spotify asked us to wait 85950s, above the 60s cap. Stopping instead of blocking — let it cool down before retrying.",,,,,,,,,,,,,,,,
"February 03, 2020",Tuareg Music of the Southern Sahara,Various Artists,World,Smithsonian Folkways Recordings,"Washington, D.C.",Tristan Bath,"error: Rate limited on GET https://api.spotify.com/v1/search: Spotify asked us to wait 85950s, above the 60s cap. Stopping instead of blocking — let it cool down before retrying.",,,,,,,,,,,,,,,,
"January 31, 2020",Don’t Forget It,Prophet,Funk,Independent Artist,"Los Angeles, California",Max Bell,"error: Rate limited on GET https://api.spotify.com/v1/search: Spotify asked us to wait 85949s, above the 60s cap. Stopping instead of blocking — let it cool down before retrying.",,,,,,,,,,,,,,,,
"January 30, 2020",The Anthology,Omar,R&amp;B/Soul,Independent Artist,"London, UK",Sean Keating,"error: Rate limited on GET https://api.spotify.com/v1/search: Spotify asked us to wait 85949s, above the 60s cap. Stopping instead of blocking — let it cool down before retrying.",,,,,,,,,,,,,,,,
"January 29, 2020",Veraniegas,Kate Can Wait,Alternative,kate can wait,"Eugene, Oregon",Anna White,"error: Rate limited on GET https://api.spotify.com/v1/search: Spotify asked us to wait 85949s, above the 60s cap. Stopping instead of blocking — let it cool down before retrying.",,,,,,,,,,,,,,,,
"January 28, 2020",Dwell,Recondite,Electronic,Independent Artist,"Berlin, Germany",Miles Bowe,"error: Rate limited on GET https://api.spotify.com/v1/search: Spotify asked us to wait 85949s, above the 60s cap. Stopping instead of blocking — let it cool down before retrying.",,,,,,,,,,,,,,,,
"January 27, 2020",Frank & Sisters,Frank & His Sisters,World,Mississippi Records,"New York, New York",John Morrison,"error: Rate limited on GET https://api.spotify.com/v1/search: Spotify asked us to wait 85949s, above the 60s cap. Stopping instead of blocking — let it cool down before retrying.",,,,,,,,,,,,,,,,
"January 24, 2020",Infinite Regress,Defiled,Metal,Independent Artist,"東京都, Japan",Andy O’Connor,"error: Rate limited on GET https://api.spotify.com/v1/search: Spotify asked us to wait 85948s, above the 60s cap. Stopping instead of blocking — let it cool down before retrying.",,,,,,,,,,,,,,,,
"January 23, 2020",Nothing’s Going Wrong,Martha High,R&amp;B/Soul,Martha High and The Italian Royal Family,"Atlanta, Georgia",John Morrison,"error: Rate limited on GET https://api.spotify.com/v1/search: Spotify asked us to wait 85948s, above the 60s cap. Stopping instead of blocking — let it cool down before retrying.",,,,,,,,,,,,,,,,
"January 22, 2020",Juillet,En Attendant Ana,Alternative,Independent Artist,"Paris, France",Max Freedman,"error: Rate limited on GET https://api.spotify.com/v1/search: Spotify asked us to wait 85948s, above the 60s cap. Stopping instead of blocking — let it cool down before retrying.",,,,,,,,,,,,,,,,
"January 21, 2020",Create a Place,Mr. Wrong,Punk,Independent Artist,"Portland, Oregon",Kerry Cardoza,"error: Rate limited on GET https://api.spotify.com/v1/search: Spotify asked us to wait 85948s, above the 60s cap. Stopping instead of blocking — let it cool down before retrying.",,,,,,,,,,,,,,,,
"January 17, 2020",Scis and Eksploio,Oval,Electronic,Independent Artist,"Berlin, Germany",Mark Richardson,"error: Rate limited on GET https://api.spotify.com/v1/search: Spotify asked us to wait 85948s, above the 60s cap. Stopping instead of blocking — let it cool down before retrying.",,,,,,,,,,,,,,,,
"January 16, 2020",In Search Of The Lost City Of The Monkey God,The Sorcerers,Jazz,Independent Artist,"Leeds, UK",Andy Beta,"error: Rate limited on GET https://api.spotify.com/v1/search: Spotify asked us to wait 85947s, above the 60s cap. Stopping instead of blocking — let it cool down before retrying.",,,,,,,,,,,,,,,,
"January 15, 2020",There Is No Year,Algiers,Alternative,Independent Artist,"Atlanta, Georgia",Ned Raggett,"error: Rate limited on GET https://api.spotify.com/v1/search: Spotify asked us to wait 85947s, above the 60s cap. Stopping instead of blocking — let it cool down before retrying.",,,,,,,,,,,,,,,,
"January 14, 2020",nijimusi,OOIOO,Experimental,Independent Artist,Japan,Jesse Locke,"error: Rate limited on GET https://api.spotify.com/v1/search: Spotify asked us to wait 85947s, above the 60s cap. Stopping instead of blocking — let it cool down before retrying.",,,,,,,,,,,,,,,,
"January 13, 2020",Erratics and Unconformities,Craven Faults,Electronic,Independent Artist,UK,Jonathan Williger,"error: Rate limited on GET https://api.spotify.com/v1/search: Spotify asked us to wait 85947s, above the 60s cap. Stopping instead of blocking — let it cool down before retrying.",,,,,,,,,,,,,,,,
"January 10, 2020",Musica Infinita,Tino Contreras,Jazz,Arc Records,"London, UK",Marcus J. Moore,"error: Rate limited on GET https://api.spotify.com/v1/search: Spotify asked us to wait 85947s, above the 60s cap. Stopping instead of blocking — let it cool down before retrying.",,,,,,,,,,,,,,,,
"January 09, 2020",終了していません (Not Finished),Knxwledge,Hip-Hop/Rap,Knxwledge.,"Tokyo, Japan",Max Bell,"error: Rate limited on GET https://api.spotify.com/v1/search: Spotify asked us to wait 85946s, above the 60s cap. Stopping instead of blocking — let it cool down before retrying.",,,,,,,,,,,,,,,,
"January 08, 2020",Bad Ambassadors,Bad Ambassadors,R&amp;B/Soul,Independent Artist,"Chicago, Illinois",Phillip Mlynar,"error: Rate limited on GET https://api.spotify.com/v1/search: Spotify asked us to wait 85946s, above the 60s cap. Stopping instead of blocking — let it cool down before retrying.",,,,,,,,,,,,,,,,
"January 07, 2020",Land of No Junction,Aoife Nessa Frances,,Ba Da Bing Records,"Providence, Rhode Island",Max Savage Levenson,"error: Rate limited on GET https://api.spotify.com/v1/search: Spotify asked us to wait 85946s, above the 60s cap. Stopping instead of blocking — let it cool down before retrying.",,,,,,,,,,,,,,,,
"January 06, 2020",LE RAP2FILLES SOUTERRAINE,Various Artists,Hip-Hop/Rap,La Souterraine,"Saint Ouen Sur Seine, France",Phillip Mlynar,"error: Rate limited on GET https://api.spotify.com/v1/search: Spotify asked us to wait 85946s, above the 60s cap. Stopping instead of blocking — let it cool down before retrying.",,,,,,,,,,,,,,,,
"December 06, 2019",Som das Luzis,Pedro Kastelijns,World,Independent Artist,"GO, Brazil",Amaya Garcia,"error: Rate limited on GET https://api.spotify.com/v1/search: Spotify asked us to wait 85945s, above the 60s cap. Stopping instead of blocking — let it cool down before retrying.",,,,,,,,,,,,,,,,
"December 05, 2019",Equal Amounts Afraid,LA Timpa,R&amp;B/Soul,Independent Artist,,Phillip Mlynar,"error: Rate limited on GET https://api.spotify.com/v1/search: Spotify asked us to wait 85945s, above the 60s cap. Stopping instead of blocking — let it cool down before retrying.",,,,,,,,,,,,,,,,
"December 04, 2019",Swungert,Colossal Squid,Experimental,Independent Artist,"London, UK",Andrew Parks,"error: Rate limited on GET https://api.spotify.com/v1/search: Spotify asked us to wait 85945s, above the 60s cap. Stopping instead of blocking — let it cool down before retrying.",,,,,,,,,,,,,,,,
"December 03, 2019",Live Volume V,Fred Anderson Quartet,Jazz,FPE Records,"Oak Park, Illinois",Marcus J. Moore,"error: Rate limited on GET https://api.spotify.com/v1/search: Spotify asked us to wait 85945s, above the 60s cap. Stopping instead of blocking — let it cool down before retrying.",,,,,,,,,,,,,,,,
"December 02, 2019",Own Pace,Medhane,Hip-Hop/Rap,Independent Artist,"Brooklyn, New York",Marcus J. Moore,"error: Rate limited on GET https://api.spotify.com/v1/search: Spotify asked us to wait 85945s, above the 60s cap. Stopping instead of blocking — let it cool down before retrying.",,,,,,,,,,,,,,,,
"November 27, 2019",Andres IV,Andres,Hip-Hop/Rap,Andrés,"Detroit, Michigan",Phillip Mlynar,"error: Rate limited on GET https://api.spotify.com/v1/search: Spotify asked us to wait 85944s, above the 60s cap. Stopping instead of blocking — let it cool down before retrying.",,,,,,,,,,,,,,,,
"November 26, 2019",R&S presents: More Time Records Vol 1,Various Artists,Electronic,More Time,"London, UK",Sarah Gooding,"error: Rate limited on GET https://api.spotify.com/v1/search: Spotify asked us to wait 85944s, above the 60s cap. Stopping instead of blocking — let it cool down before retrying.",,,,,,,,,,,,,,,,
"November 25, 2019",A Private Picture,Fran,Alternative,Independent Artist,"Chicago, Illinois",Diamond Sharp,"error: Rate limited on GET https://api.spotify.com/v1/search: Spotify asked us to wait 85944s, above the 60s cap. Stopping instead of blocking — let it cool down before retrying.",,,,,,,,,,,,,,,,
"November 22, 2019",Shlon,Omar Souleyman,Electronic,Independent Artist,Syrian Arab Republic,Andy Beta,"error: Rate limited on GET https://api.spotify.com/v1/search: Spotify asked us to wait 85944s, above the 60s cap. Stopping instead of blocking — let it cool down before retrying.",,,,,,,,,,,,,,,,
"November 21, 2019",Information,Galcher Lustwerk,,Independent Artist,"New York, New York",Andrew Parks,"error: Rate limited on GET https://api.spotify.com/v1/search: Spotify asked us to wait 85944s, above the 60s cap. Stopping instead of blocking — let it cool down before retrying.",,,,,,,,,,,,,,,,
"November 19, 2019",Sleepmoss,Meemo Comma,,Independent Artist,UK,April Clare Welsh,"error: Rate limited on GET https://api.spotify.com/v1/search: Spotify asked us to wait 85943s, above the 60s cap. Stopping instead of blocking — let it cool down before retrying.",,,,,,,,,,,,,,,,
"November 18, 2019",Volume 1,KVL,,Independent Artist,"Chicago, Illinois",Marcus J. Moore,"error: Rate limited on GET https://api.spotify.com/v1/search: Spotify asked us to wait 85943s, above the 60s cap. Stopping instead of blocking — let it cool down before retrying.",,,,,,,,,,,,,,,,
"November 15, 2019",Iowa Dream,Arthur Russell,,Independent Artist,"New York, New York",Annie Zaleski,"error: Rate limited on GET https://api.spotify.com/v1/search: Spotify asked us to wait 85943s, above the 60s cap. Stopping instead of blocking — let it cool down before retrying.",,,,,,,,,,,,,,,,
"November 14, 2019",Songs From the Shore,Afuma,Experimental,Blank Forms Editions,"Brooklyn, New York",Phillip Mlynar,"error: Rate limited on GET https://api.spotify.com/v1/search: Spotify asked us to wait 85943s, above the 60s cap. Stopping instead of blocking — let it cool down before retrying.",,,,,,,,,,,,,,,,
"November 13, 2019",Carbon,Ecker & Meulyzer,,Ecker &amp; Meulyzer,"Berlin, Germany",Jordan Reyes,"error: Rate limited on GET https://api.spotify.com/v1/search: Spotify asked us to wait 85943s, above the 60s cap. Stopping instead of blocking — let it cool down before retrying.",,,,,,,,,,,,,,,,
"November 12, 2019",No Other Love: Midwest Gospel (1965​-​1978),Various Artists,,Tompkins Square,"San Francisco, California",Jim Allen,"error: Rate limited on GET https://api.spotify.com/v1/search: Spotify asked us to wait 85942s, above the 60s cap. Stopping instead of blocking — let it cool down before retrying.",,,,,,,,,,,,,,,,
"November 11, 2019",Cake on Jupiter,Panic Girl,,Independent Artist,Germany,April Clare Welsh,"error: Rate limited on GET https://api.spotify.com/v1/search: Spotify asked us to wait 85942s, above the 60s cap. Stopping instead of blocking — let it cool down before retrying.",,,,,,,,,,,,,,,,
"November 08, 2019",Anicca,Teebs,,Independent Artist,"Los Angeles, California",Tara C. Mahadevan,"error: Rate limited on GET https://api.spotify.com/v1/search: Spotify asked us to wait 85942s, above the 60s cap. Stopping instead of blocking — let it cool down before retrying.",,,,,,,,,,,,,,,,
"November 07, 2019",Birds,Da Lata,,Independent Artist,UK,J. Edward Keyes,"error: Rate limited on GET https://api.spotify.com/v1/search: Spotify asked us to wait 85942s, above the 60s cap. Stopping instead of blocking — let it cool down before retrying.",,,,,,,,,,,,,,,,
"November 06, 2019",Spring,Itasca,,Independent Artist,"Los Angeles, California",Rachel Davies,"error: Rate limited on GET https://api.spotify.com/v1/search: Spotify asked us to wait 85941s, above the 60s cap. Stopping instead of blocking — let it cool down before retrying.",,,,,,,,,,,,,,,,
"November 05, 2019",Do No Harm,The Deer,,THE DƎER,"Austin, Texas",Grayson Haver Currin,"error: Rate limited on GET https://api.spotify.com/v1/search: Spotify asked us to wait 85941s, above the 60s cap. Stopping instead of blocking — let it cool down before retrying.",,,,,,,,,,,,,,,,
"November 04, 2019",Darkest Light,Shana Falana,,Independent Artist,"Kingston, New York",Robert Rubsam,"error: Rate limited on GET https://api.spotify.com/v1/search: Spotify asked us to wait 85941s, above the 60s cap. Stopping instead of blocking — let it cool down before retrying.",,,,,,,,,,,,,,,,
"November 01, 2019",Occulting Disk,Deathprod,,Independent Artist,"Oslo, Norway",Jordan Reyes,"error: Rate limited on GET https://api.spotify.com/v1/search: Spotify asked us to wait 85941s, above the 60s cap. Stopping instead of blocking — let it cool down before retrying.",,,,,,,,,,,,,,,,
"October 31, 2019",Athena,Sudan Archives,,Independent Artist,"Los Angeles, California",Ann-Derrick Gaillot,"error: Rate limited on GET https://api.spotify.com/v1/search: Spotify asked us to wait 85941s, above the 60s cap. Stopping instead of blocking — let it cool down before retrying.",,,,,,,,,,,,,,,,
"October 30, 2019",Networker,Omni,,Independent Artist,"Atlanta, Georgia",Max Savage Levenson,"error: Rate limited on GET https://api.spotify.com/v1/search: Spotify asked us to wait 85940s, above the 60s cap. Stopping instead of blocking — let it cool down before retrying.",,,,,,,,,,,,,,,,
"October 29, 2019",Dark Thoughts,The Shivas,,Independent Artist,"Portland, Oregon",Mariana Timony,"error: Rate limited on GET https://api.spotify.com/v1/search: Spotify asked us to wait 85940s, above the 60s cap. Stopping instead of blocking — let it cool down before retrying.",,,,,,,,,,,,,,,,
"October 28, 2019","Live In Kalisz, 1986",Sun Ra Arkestra,Jazz,Lanquidity Records,"London, UK",John Morrison,"error: Rate limited on GET https://api.spotify.com/v1/search: Spotify asked us to wait 85940s, above the 60s cap. Stopping instead of blocking — let it cool down before retrying.",,,,,,,,,,,,,,,,
"October 25, 2019",The Ground Our Sky,Saariselka,,Independent Artist,"Oakland, California",Andrew Parks,"error: Rate limited on GET https://api.spotify.com/v1/search: Spotify asked us to wait 85940s, above the 60s cap. Stopping instead of blocking — let it cool down before retrying.",,,,,,,,,,,,,,,,
"October 24, 2019",Subservient,Larry Gus,,Independent Artist,"Athens, Greece",Miles Bowe,"error: Rate limited on GET https://api.spotify.com/v1/search: Spotify asked us to wait 85940s, above the 60s cap. Stopping instead of blocking — let it cool down before retrying.",,,,,,,,,,,,,,,,
"October 23, 2019",Crush,Floating Points,,Independent Artist,UK,Andy Beta,"error: Rate limited on GET https://api.spotify.com/v1/search: Spotify asked us to wait 85939s, above the 60s cap. Stopping instead of blocking — let it cool down before retrying.",,,,,,,,,,,,,,,,
"October 22, 2019",Introducing,Bokoya,Jazz,Independent Artist,"Cologne, Germany",Phillip Mlynar,"error: Rate limited on GET https://api.spotify.com/v1/search: Spotify asked us to wait 85939s, above the 60s cap. Stopping instead of blocking — let it cool down before retrying.",,,,,,,,,,,,,,,,
"October 21, 2019",Odds Against Tomorrow,Bill Orcutt,,Independent Artist,"San Francisco, California",Mark Richardson,"error: Rate limited on GET https://api.spotify.com/v1/search: Spotify asked us to wait 85939s, above the 60s cap. Stopping instead of blocking — let it cool down before retrying.",,,,,,,,,,,,,,,,
"October 18, 2019",Diaspora,The Bedroom Witch,,Psychic Eye,"Oakland, California",Andra Nikolayi,"error: Rate limited on GET https://api.spotify.com/v1/search: Spotify asked us to wait 85939s, above the 60s cap. Stopping instead of blocking — let it cool down before retrying.",,,,,,,,,,,,,,,,
"October 17, 2019",Suburban Exotica,Compro Oro,,Independent Artist,Belgium,Richard Gehr,"error: Rate limited on GET https://api.spotify.com/v1/search: Spotify asked us to wait 85939s, above the 60s cap. Stopping instead of blocking — let it cool down before retrying.",,,,,,,,,,,,,,,,
"October 16, 2019",Starts Again,Tawiah,,Independent Artist,"London, UK",Phillip Mlynar,"error: Rate limited on GET https://api.spotify.com/v1/search: Spotify asked us to wait 85938s, above the 60s cap. Stopping instead of blocking — let it cool down before retrying.",,,,,,,,,,,,,,,,
"October 15, 2019",Polyhymnia,Yazz Ahmed,,Independent Artist,UK,Britt Robson,"error: Rate limited on GET https://api.spotify.com/v1/search: Spotify asked us to wait 85938s, above the 60s cap. Stopping instead of blocking — let it cool down before retrying.",,,,,,,,,,,,,,,,
"October 14, 2019",Um Dada,Stephen Mallinder,,Independent Artist,"Brighton, UK",Jordan Reyes,"error: Rate limited on GET https://api.spotify.com/v1/search: Spotify asked us to wait 85938s, above the 60s cap. Stopping instead of blocking — let it cool down before retrying.",,,,,,,,,,,,,,,,
"October 11, 2019",Love Tape,Marquis Hill,,Independent Artist,"New York, New York",Philip Freeman,"error: Rate limited on GET https://api.spotify.com/v1/search: Spotify asked us to wait 85938s, above the 60s cap. Stopping instead of blocking — let it cool down before retrying.",,,,,,,,,,,,,,,,
"October 10, 2019",Complicate Your Life With Violence,L’Orange & Jeremiah Jae,,L&#39;Orange,North Carolina,Mike Madden,"error: Rate limited on GET https://api.spotify.com/v1/search: Spotify asked us to wait 85938s, above the 60s cap. Stopping instead of blocking — let it cool down before retrying.",,,,,,,,,,,,,,,,
"October 09, 2019",YOUR PSYCHE’S RAINBOW PANORAMA,Tony Njoku,,Independent Artist,UK,Phillip Mlynar,"error: Rate limited on GET https://api.spotify.com/v1/search: Spotify asked us to wait 85937s, above the 60s cap. Stopping instead of blocking — let it cool down before retrying.",,,,,,,,,,,,,,,,
"October 08, 2019",Ripples,Husmo HAV,,Independent Artist,"Oslo, Norway",Philip Freeman,"error: Rate limited on GET https://api.spotify.com/v1/search: Spotify asked us to wait 85937s, above the 60s cap. Stopping instead of blocking — let it cool down before retrying.",,,,,,,,,,,,,,,,
"October 07, 2019",All Mirrors,Angel Olsen,,Independent Artist,"Asheville, North Carolina",Allison Hussey,"error: Rate limited on GET https://api.spotify.com/v1/search: Spotify asked us to wait 85937s, above the 60s cap. Stopping instead of blocking — let it cool down before retrying.",,,,,,,,,,,,,,,,
"October 04, 2019",Derin Derin,Baba Zula,,Independent Artist,"Istanbul, Turkey",Joshua Minsoo Kim,"error: Rate limited on GET https://api.spotify.com/v1/search: Spotify asked us to wait 85937s, above the 60s cap. Stopping instead of blocking — let it cool down before retrying.",,,,,,,,,,,,,,,,
"October 03, 2019",Every And All We Voyage On,R. Elizabeth,,Night School,"Glasgow, UK",Jordan Reyes,"error: Rate limited on GET https://api.spotify.com/v1/search: Spotify asked us to wait 85937s, above the 60s cap. Stopping instead of blocking — let it cool down before retrying.",,,,,,,,,,,,,,,,
"October 02, 2019",La Grande Cantatrice Malienne Vol. 1,Nahawa Doumbia,,Independent Artist,Mali,Marcus J. Moore,"error: Rate limited on GET https://api.spotify.com/v1/search: Spotify asked us to wait 85936s, above the 60s cap. Stopping instead of blocking — let it cool down before retrying.",,,,,,,,,,,,,,,,
"October 01, 2019",Turn to Clear View,Joe Armon-Jones,,Independent Artist,"London, UK",Andy Thomas,"error: Rate limited on GET https://api.spotify.com/v1/search: Spotify asked us to wait 85936s, above the 60s cap. Stopping instead of blocking — let it cool down before retrying.",,,,,,,,,,,,,,,,
"September 30, 2019",Pata Pata,Miriam Makeba,,Independent Artist,"Johannesburg, South Africa",Megan Iacobini de Fazio,"error: Rate limited on GET https://api.spotify.com/v1/search: Spotify asked us to wait 85936s, above the 60s cap. Stopping instead of blocking — let it cool down before retrying.",,,,,,,,,,,,,,,,
"September 27, 2019",Ancient Mahogany Gold,SassyBlack,,Independent Artist,,Nate Patrin,"error: Rate limited on GET https://api.spotify.com/v1/search: Spotify asked us to wait 85936s, above the 60s cap. Stopping instead of blocking — let it cool down before retrying.",,,,,,,,,,,,,,,,
"September 26, 2019",Chastity Belt,Chastity Belt,,Independent Artist,"Seattle, Washington",Mariana Timony,"error: Rate limited on GET https://api.spotify.com/v1/search: Spotify asked us to wait 85936s, above the 60s cap. Stopping instead of blocking — let it cool down before retrying.",,,,,,,,,,,,,,,,
"September 25, 2019",PYJÆN,PYJÆN,Jazz,Independent Artist,"London, UK",Nilina Mason-Campbell,"error: Rate limited on GET https://api.spotify.com/v1/search: Spotify asked us to wait 85935s, above the 60s cap. Stopping instead of blocking — let it cool down before retrying.",,,,,,,,,,,,,,,,
"September 24, 2019",Dynasty,Hua Li,,Independent Artist,"Montréal, Québec",Luke Ottenhof,"error: Rate limited on GET https://api.spotify.com/v1/search: Spotify asked us to wait 85935s, above the 60s cap. Stopping instead of blocking — let it cool down before retrying.",,,,,,,,,,,,,,,,
"September 23, 2019",Lookout Low,Twin Peaks,,Independent Artist,"Chicago, Illinois",Eli Enis,"error: Rate limited on GET https://api.spotify.com/v1/search: Spotify asked us to wait 85935s, above the 60s cap. Stopping instead of blocking — let it cool down before retrying.",,,,,,,,,,,,,,,,
"September 20, 2019",Peace Process,Run Child Run,Pop,Independent Artist,,Max Savage Levenson,"error: Rate limited on GET https://api.spotify.com/v1/search: Spotify asked us to wait 85935s, above the 60s cap. Stopping instead of blocking — let it cool down before retrying.",,,,,,,,,,,,,,,,
"September 19, 2019",The Utopia Strong,The Utopia  Strong,Experimental,The Utopia Strong,UK,Dean Van Nguyen,"error: Rate limited on GET https://api.spotify.com/v1/search: Spotify asked us to wait 85935s, above the 60s cap. Stopping instead of blocking — let it cool down before retrying.",,,,,,,,,,,,,,,,
"September 18, 2019",Aban,The Garifuna Collective,World,Independent Artist,belize,Diamond Sharp,"error: Rate limited on GET https://api.spotify.com/v1/search: Spotify asked us to wait 85934s, above the 60s cap. Stopping instead of blocking — let it cool down before retrying.",,,,,,,,,,,,,,,,
"September 17, 2019",The Practice of Love,Jenny Hval,Experimental,Independent Artist,"Oslo, Norway",Erin Lyndal Martin,"error: Rate limited on GET https://api.spotify.com/v1/search: Spotify asked us to wait 85934s, above the 60s cap. Stopping instead of blocking — let it cool down before retrying.",,,,,,,,,,,,,,,,
"September 16, 2019",Of the Sun,Trupa Trupa,Alternative,TRUPA TRUPA,"Gdańsk, Poland",Ned Raggett,"error: Rate limited on GET https://api.spotify.com/v1/search: Spotify asked us to wait 85934s, above the 60s cap. Stopping instead of blocking — let it cool down before retrying.",,,,,,,,,,,,,,,,
"September 13, 2019",Alefa Madagascar,Various Artists,World,Indian Ocean,Madagascar,Tracy Jones,"error: Rate limited on GET https://api.spotify.com/v1/search: Spotify asked us to wait 85934s, above the 60s cap. Stopping instead of blocking — let it cool down before retrying.",,,,,,,,,,,,,,,,
"September 12, 2019",Field Whispers (Into The Crystal Palace),Fire-Toolz,Electronic,Orange Milk Records,,Ed Blair,"error: Rate limited on GET https://api.spotify.com/v1/search: Spotify asked us to wait 85934s, above the 60s cap. Stopping instead of blocking — let it cool down before retrying.",,,,,,,,,,,,,,,,
"September 11, 2019",Crooked,Kristin Hersh,Alternative,Independent Artist,"Providence, Rhode Island",Annie Zaleski,"error: Rate limited on GET https://api.spotify.com/v1/search: Spotify asked us to wait 85933s, above the 60s cap. Stopping instead of blocking — let it cool down before retrying.",,,,,,,,,,,,,,,,
"September 10, 2019",Cairn,Mizmor,Metal,Independent Artist,"Portland, Oregon",Joseph Schafer,"error: Rate limited on GET https://api.spotify.com/v1/search: Spotify asked us to wait 85933s, above the 60s cap. Stopping instead of blocking — let it cool down before retrying.",,,,,,,,,,,,,,,,
"September 09, 2019",Mèdaho,Kaleta & Super Yamba Band,World,Kaleta &amp; Super Yamba Band,New York,Richard Gehr,"error: Rate limited on GET https://api.spotify.com/v1/search: Spotify asked us to wait 85933s, above the 60s cap. Stopping instead of blocking — let it cool down before retrying.",,,,,,,,,,,,,,,,
"September 06, 2019",Devour,Pharmakon,Experimental,Independent Artist,"New York, New York",Andrew Parks,"error: Rate limited on GET https://api.spotify.com/v1/search: Spotify asked us to wait 85933s, above the 60s cap. Stopping instead of blocking — let it cool down before retrying.",,,,,,,,,,,,,,,,
"September 05, 2019",Venus in Leo,HTRK,Rock,Independent Artist,"Melbourne, Australia",Miguel Gallego,"error: Rate limited on GET https://api.spotify.com/v1/search: Spotify asked us to wait 85932s, above the 60s cap. Stopping instead of blocking — let it cool down before retrying.",,,,,,,,,,,,,,,,
"September 04, 2019",Yemas,Indira Valey,Ambient,Antiquated Future Records,"Portland, Oregon",Diamond Sharp,"error: Rate limited on GET https://api.spotify.com/v1/search: Spotify asked us to wait 85932s, above the 60s cap. Stopping instead of blocking — let it cool down before retrying.",,,,,,,,,,,,,,,,
"September 03, 2019",Ex Voto,Versus,Alternative,Independent Artist,"New York, New York",Patrick Rapa,"error: Rate limited on GET https://api.spotify.com/v1/search: Spotify asked us to wait 85932s, above the 60s cap. Stopping instead of blocking — let it cool down before retrying.",,,,,,,,,,,,,,,,
"August 30, 2019",De Ayer Para Siempre,Mariachi Los Camperos,World,Independent Artist,"Los Angeles, California",Richard Gehr,"error: Rate limited on GET https://api.spotify.com/v1/search: Spotify asked us to wait 85932s, above the 60s cap. Stopping instead of blocking — let it cool down before retrying.",,,,,,,,,,,,,,,,
"August 29, 2019",Everybody Split,Possible Humans,Rock,Independent Artist,"Melbourne, Australia",Stuart Berman,"error: Rate limited on GET https://api.spotify.com/v1/search: Spotify asked us to wait 85932s, above the 60s cap. Stopping instead of blocking — let it cool down before retrying.",,,,,,,,,,,,,,,,
"August 28, 2019",A Distant Call,Sheer Mag,Rock,SHEER MAG,"Philadelphia, Pennsylvania",Max Savage Levenson,"error: Rate limited on GET https://api.spotify.com/v1/search: Spotify asked us to wait 85931s, above the 60s cap. Stopping instead of blocking — let it cool down before retrying.",,,,,,,,,,,,,,,,
"August 27, 2019",Invitation To A Dream,Alcorn / McPhee / Vandermark,Jazz,Independent Artist,"Austin, Texas",John Morrison,"error: Rate limited on GET https://api.spotify.com/v1/search: Spotify asked us to wait 85931s, above the 60s cap. Stopping instead of blocking — let it cool down before retrying.",,,,,,,,,,,,,,,,
"August 26, 2019",A Song For Paul,Ghost Funk Orchestra,Funk,Independent Artist,New York,J. Edward Keyes,"error: Rate limited on GET https://api.spotify.com/v1/search: Spotify asked us to wait 85931s, above the 60s cap. Stopping instead of blocking — let it cool down before retrying.",,,,,,,,,,,,,,,,
"August 23, 2019",A Living Tradition: Selections from Folk​-​Legacy Records,Various Artists,,Smithsonian Folkways Recordings,"Washington, D.C.",Allison Hussey,"error: Rate limited on GET https://api.spotify.com/v1/search: Spotify asked us to wait 85931s, above the 60s cap. Stopping instead of blocking — let it cool down before retrying.",,,,,,,,,,,,,,,,
"August 22, 2019",Re-Birth,Obuxum,Electronic,OBUXUM,"Toronto, Ontario",Diamond Sharp,"error: Rate limited on GET https://api.spotify.com/v1/search: Spotify asked us to wait 85931s, above the 60s cap. Stopping instead of blocking — let it cool down before retrying.",,,,,,,,,,,,,,,,
"August 21, 2019",Anak Ko,Jay Som,Alternative,Independent Artist,"Los Angeles, California",Max Savage Levenson,"error: Rate limited on GET https://api.spotify.com/v1/search: Spotify asked us to wait 85930s, above the 60s cap. Stopping instead of blocking — let it cool down before retrying.",,,,,,,,,,,,,,,,
"August 20, 2019","If you’re not afraid, I’m not afraid",Queen of Jeans,Alternative,Independent Artist,"Philadelphia, Pennsylvania",Max Savage Levenson,"error: Rate limited on GET https://api.spotify.com/v1/search: Spotify asked us to wait 85930s, above the 60s cap. Stopping instead of blocking — let it cool down before retrying.",,,,,,,,,,,,,,,,
"August 19, 2019",Curse These Metal Hands,Conjurer and Pijn,Metal,Conjurer,"Rugby, UK",Zoe Camp,"error: Rate limited on GET https://api.spotify.com/v1/search: Spotify asked us to wait 85930s, above the 60s cap. Stopping instead of blocking — let it cool down before retrying.",,,,,,,,,,,,,,,,
"August 15, 2019",Odious Descent Into Decay,Cerebral Rot,Metal,20 Buck Spin,"Pittsburgh, Pennsylvania",Patrick Lyons,"error: Rate limited on GET https://api.spotify.com/v1/search: Spotify asked us to wait 85930s, above the 60s cap. Stopping instead of blocking — let it cool down before retrying.",,,,,,,,,,,,,,,,
"August 14, 2019",Death Drive,Debby Friday,Alternative,Deathbomb Arc,Hawaii,Kerry Cardoza,"error: Rate limited on GET https://api.spotify.com/v1/search: Spotify asked us to wait 85930s, above the 60s cap. Stopping instead of blocking — let it cool down before retrying.",,,,,,,,,,,,,,,,
"August 12, 2019",I Luma,A. Billi Free & Tensei,R&amp;B/Soul,A. Billi Free,New Mexico,Chaka V. Grier,"error: Rate limited on GET https://api.spotify.com/v1/search: Spotify asked us to wait 85929s, above the 60s cap. Stopping instead of blocking — let it cool down before retrying.",,,,,,,,,,,,,,,,
"August 09, 2019",Love & Nappyness,Matt Muse,R&amp;B/Soul,Independent Artist,,John Morrison,"error: Rate limited on GET https://api.spotify.com/v1/search: Spotify asked us to wait 85929s, above the 60s cap. Stopping instead of blocking — let it cool down before retrying.",,,,,,,,,,,,,,,,
"August 08, 2019",Perfumed Earth,Purple Pilgrims,Alternative,Independent Artist,New Zealand,Loren DiBlasi,"error: Rate limited on GET https://api.spotify.com/v1/search: Spotify asked us to wait 85929s, above the 60s cap. Stopping instead of blocking — let it cool down before retrying.",,,,,,,,,,,,,,,,
"August 06, 2019",Data Horde,Leech,Electronic,Independent Artist,"Los Angeles, California",Andra Nikolayi,"error: Rate limited on GET https://api.spotify.com/v1/search: Spotify asked us to wait 85929s, above the 60s cap. Stopping instead of blocking — let it cool down before retrying.",,,,,,,,,,,,,,,,
"August 05, 2019","Ann Arbor Blues Festival 1969, Vol. 1 & 2",Various Artists,Blues,Third Man Records,"Nashville, Tennessee",John Morrison,"error: Rate limited on GET https://api.spotify.com/v1/search: Spotify asked us to wait 85929s, above the 60s cap. Stopping instead of blocking — let it cool down before retrying.",,,,,,,,,,,,,,,,
"August 02, 2019",Keys 2 Kazi,C Keys & Kazi,Hip-Hop/Rap,Below System Records,"Almelo, The Netherlands",Phillip Mlynar,"error: Rate limited on GET https://api.spotify.com/v1/search: Spotify asked us to wait 85928s, above the 60s cap. Stopping instead of blocking — let it cool down before retrying.",,,,,,,,,,,,,,,,
"August 01, 2019",Parted Plains,Ami Dang,Ambient,Independent Artist,"Baltimore, Maryland",Amaya Garcia,"error: Rate limited on GET https://api.spotify.com/v1/search: Spotify asked us to wait 85928s, above the 60s cap. Stopping instead of blocking — let it cool down before retrying.",,,,,,,,,,,,,,,,
"July 31, 2019",Blood Year,Russian Circles,Metal,Independent Artist,"Chicago, Illinois",David Anthony,"error: Rate limited on GET https://api.spotify.com/v1/search: Spotify asked us to wait 85928s, above the 60s cap. Stopping instead of blocking — let it cool down before retrying.",,,,,,,,,,,,,,,,
"July 30, 2019",Be Urself,Pascale Project,Electronic,Orange Milk Records,,Jake Hulyer,"error: Rate limited on GET https://api.spotify.com/v1/search: Spotify asked us to wait 85928s, above the 60s cap. Stopping instead of blocking — let it cool down before retrying.",,,,,,,,,,,,,,,,
"July 29, 2019",Out of the Box,The Young Sinclairs,Rock,Requiem Pour Un Twister,"Paris, France",Stuart Berman,"error: Rate limited on GET https://api.spotify.com/v1/search: Spotify asked us to wait 85927s, above the 60s cap. Stopping instead of blocking — let it cool down before retrying.",,,,,,,,,,,,,,,,
"July 26, 2019",8-track,Hot Since 82,Electronic,Independent Artist,"Leeds, UK",Andra Nikolayi,"error: Rate limited on GET https://api.spotify.com/v1/search: Spotify asked us to wait 85927s, above the 60s cap. Stopping instead of blocking — let it cool down before retrying.",,,,,,,,,,,,,,,,
"July 25, 2019",Pity Boy,Mal Blum,Alternative,Independent Artist,"Los Angeles, California",Max Cohen,"error: Rate limited on GET https://api.spotify.com/v1/search: Spotify asked us to wait 85927s, above the 60s cap. Stopping instead of blocking — let it cool down before retrying.",,,,,,,,,,,,,,,,
"July 24, 2019",Astro,Mateo Kingman,Hip-Hop/Rap,Independent Artist,Ecuador,Caitlin Donohue,"error: Rate limited on GET https://api.spotify.com/v1/search: Spotify asked us to wait 85927s, above the 60s cap. Stopping instead of blocking — let it cool down before retrying.",,,,,,,,,,,,,,,,
"July 23, 2019",WAHALA,YATTA,Experimental,PTP,"New York, New York",Diamond Sharp,"error: Rate limited on GET https://api.spotify.com/v1/search: Spotify asked us to wait 85927s, above the 60s cap. Stopping instead of blocking — let it cool down before retrying.",,,,,,,,,,,,,,,,
"July 22, 2019",You Remind Me (The Classic Elektra Recordings 1978-1984),Patrice Rushen,R&amp;B/Soul,Independent Artist,"Los Angeles, California",Chaka V. Grier,"error: Rate limited on GET https://api.spotify.com/v1/search: Spotify asked us to wait 85926s, above the 60s cap. Stopping instead of blocking — let it cool down before retrying.",,,,,,,,,,,,,,,,
"July 19, 2019",Until The Tide Creeps In,Penelope Isles,Rock,Independent Artist,"Brighton, UK",Margaret Farrell,"error: Rate limited on GET https://api.spotify.com/v1/search: Spotify asked us to wait 85926s, above the 60s cap. Stopping instead of blocking — let it cool down before retrying.",,,,,,,,,,,,,,,,
"July 18, 2019",Weather,Tycho,Electronic,Independent Artist,"San Francisco, California",Michaelangelo Matos,"error: Rate limited on GET https://api.spotify.com/v1/search: Spotify asked us to wait 85926s, above the 60s cap. Stopping instead of blocking — let it cool down before retrying.",,,,,,,,,,,,,,,,
"July 17, 2019",Metamorphosis,Blank Banshee,Electronic,Independent Artist,,Miles Bowe,"error: Rate limited on GET https://api.spotify.com/v1/search: Spotify asked us to wait 85926s, above the 60s cap. Stopping instead of blocking — let it cool down before retrying.",,,,,,,,,,,,,,,,
"July 16, 2019",Sunny Side Up,Sunny Side Up,Jazz,Independent Artist,"London, UK",John Morrison,"error: Rate limited on GET https://api.spotify.com/v1/search: Spotify asked us to wait 85926s, above the 60s cap. Stopping instead of blocking — let it cool down before retrying.",,,,,,,,,,,,,,,,
"July 15, 2019",EGOLI,Abum of the Day: Africa Express,World,Africa Express,Mali,Megan Iacobini de Fazio,"error: Rate limited on GET https://api.spotify.com/v1/search: Spotify asked us to wait 85925s, above the 60s cap. Stopping instead of blocking — let it cool down before retrying.",,,,,,,,,,,,,,,,
"July 11, 2019",Brand New Adult,BEA1991,Pop,Independent Artist,"Amsterdam, Netherlands",Anna White,"error: Rate limited on GET https://api.spotify.com/v1/search: Spotify asked us to wait 85925s, above the 60s cap. Stopping instead of blocking — let it cool down before retrying.",,,,,,,,,,,,,,,,
"July 10, 2019",Atlantic Oscillations,Quantic,Electronic,Independent Artist,"London, UK",Joe Muggs,"error: Rate limited on GET https://api.spotify.com/v1/search: Spotify asked us to wait 85925s, above the 60s cap. Stopping instead of blocking — let it cool down before retrying.",,,,,,,,,,,,,,,,
"July 09, 2019",The Gay Man’s Guide To Safer Sex (OST),Coil,Electronic,Mental Groove Records / Musique Pour La Danse,Switzerland,Andi Harriman,"error: Rate limited on GET https://api.spotify.com/v1/search: Spotify asked us to wait 85925s, above the 60s cap. Stopping instead of blocking — let it cool down before retrying.",,,,,,,,,,,,,,,,
"July 08, 2019",Resavoir,Resavoir,Jazz,International Anthem,"Chicago, Illinois",Eli Zeger,"error: Rate limited on GET https://api.spotify.com/v1/search: Spotify asked us to wait 85924s, above the 60s cap. Stopping instead of blocking — let it cool down before retrying.",,,,,,,,,,,,,,,,
"July 03, 2019",Islands,Erin Durant,Folk,Independent Artist,,Allison Hussey,"error: Rate limited on GET https://api.spotify.com/v1/search: Spotify asked us to wait 85924s, above the 60s cap. Stopping instead of blocking — let it cool down before retrying.",,,,,,,,,,,,,,,,
"July 02, 2019",Manifest,Corin,Electronic,NEOSELF,"Tokyo, Japan",Miles Bowe,"error: Rate limited on GET https://api.spotify.com/v1/search: Spotify asked us to wait 85924s, above the 60s cap. Stopping instead of blocking — let it cool down before retrying.",,,,,,,,,,,,,,,,
"July 01, 2019",Mother Earth’s Plantasia,Mort Garson,Electronic,Independent Artist,"Los Angeles, California",Andrew Parks,"error: Rate limited on GET https://api.spotify.com/v1/search: Spotify asked us to wait 85924s, above the 60s cap. Stopping instead of blocking — let it cool down before retrying.",,,,,,,,,,,,,,,,
"June 28, 2019",On Tour,The Young Ones of Guyana,Reggae,The Young Ones Of Guyana,Guyana,Dean Van Nguyen,"error: Rate limited on GET https://api.spotify.com/v1/search: Spotify asked us to wait 85923s, above the 60s cap. Stopping instead of blocking — let it cool down before retrying.",,,,,,,,,,,,,,,,
"June 27, 2019",Portent,False,Metal,Gilead Media,"Oshkosh, Wisconsin",Ed Blair,"error: Rate limited on GET https://api.spotify.com/v1/search: Spotify asked us to wait 85923s, above the 60s cap. Stopping instead of blocking — let it cool down before retrying.",,,,,,,,,,,,,,,,
"June 26, 2019",SPAZA,SPAZA,Jazz,Independent Artist,"Johannesburg, South Africa",Marcus J. Moore,"error: Rate limited on GET https://api.spotify.com/v1/search: Spotify asked us to wait 85923s, above the 60s cap. Stopping instead of blocking — let it cool down before retrying.",,,,,,,,,,,,,,,,
"June 25, 2019",Patience,Mannequin Pussy,Punk,MANNEQUIN PUSSY,"Philadelphia, Pennsylvania",Annie Zaleski,"error: Rate limited on GET https://api.spotify.com/v1/search: Spotify asked us to wait 85923s, above the 60s cap. Stopping instead of blocking — let it cool down before retrying.",,,,,,,,,,,,,,,,
"June 24, 2019",High Fantasy,Gygax,Rock,GYGAX,"Ventura, California",Jeff Treppel,"error: Rate limited on GET https://api.spotify.com/v1/search: Spotify asked us to wait 85922s, above the 60s cap. Stopping instead of blocking — let it cool down before retrying.",,,,,,,,,,,,,,,,
"June 21, 2019",In a Desperate Red,The Rats,Punk,Mississippi Records,"New York, New York",Kerry Cardoza,"error: Rate limited on GET https://api.spotify.com/v1/search: Spotify asked us to wait 85922s, above the 60s cap. Stopping instead of blocking — let it cool down before retrying.",,,,,,,,,,,,,,,,
"June 20, 2019",Death’s Head Speaks,Simulation,Electronic,Hausu Mountain Records,"Chicago, Illinois",Marc Masters,"error: Rate limited on GET https://api.spotify.com/v1/search: Spotify asked us to wait 85922s, above the 60s cap. Stopping instead of blocking — let it cool down before retrying.",,,,,,,,,,,,,,,,
"June 19, 2019",VWETO II,Georgia Anne Muldrow,Electronic,Independent Artist,"Los Angeles, California",Diamond Sharp,"error: Rate limited on GET https://api.spotify.com/v1/search: Spotify asked us to wait 85922s, above the 60s cap. Stopping instead of blocking — let it cool down before retrying.",,,,,,,,,,,,,,,,
"June 18, 2019",Alice Clark,Alice Clark,R&amp;B/Soul,Independent Artist,"New York, New York",Philip Freeman,"error: Rate limited on GET https://api.spotify.com/v1/search: Spotify asked us to wait 85921s, above the 60s cap. Stopping instead of blocking — let it cool down before retrying.",,,,,,,,,,,,,,,,
,,,,,,,no_match,,,,,,,,,,,,,,,,
"June 13, 2019",Heart Hunger,Meernaa,Rock,Independent Artist,"Oakland, California",Anna White,"error: Rate limited on GET https://api.spotify.com/v1/search: Spotify asked us to wait 85921s, above the 60s cap. Stopping instead of blocking — let it cool down before retrying.",,,,,,,,,,,,,,,,
"June 12, 2019",California Black Vows,Clay Rendering,Rock,Independent Artist,"Los Angeles, California",Andy O’Connor,"error: Rate limited on GET https://api.spotify.com/v1/search: Spotify asked us to wait 85921s, above the 60s cap. Stopping instead of blocking — let it cool down before retrying.",,,,,,,,,,,,,,,,
"June 11, 2019",April Is the Cruellest Month,Masayuki Takayanagi New Direction Unit,Experimental,Blank Forms Editions,"Brooklyn, New York",David Menestres,"error: Rate limited on GET https://api.spotify.com/v1/search: Spotify asked us to wait 85921s, above the 60s cap. Stopping instead of blocking — let it cool down before retrying.",,,,,,,,,,,,,,,,
"June 10, 2019",Walkie Talkie,Brijean,Pop,Independent Artist,"Los Angeles, California",Diamond Sharp,"error: Rate limited on GET https://api.spotify.com/v1/search: Spotify asked us to wait 85920s, above the 60s cap. Stopping instead of blocking — let it cool down before retrying.",,,,,,,,,,,,,,,,
"June 07, 2019",Grass Stains and Novocaine,Seablite,Alternative,Emotional Response,"Seaside, Oregon",Mariana Timony,"error: Rate limited on GET https://api.spotify.com/v1/search: Spotify asked us to wait 85920s, above the 60s cap. Stopping instead of blocking — let it cool down before retrying.",,,,,,,,,,,,,,,,
"June 06, 2019",ONDA,Jambinai,Metal,Independent Artist,"Seoul, South Korea",Ian Cohen,"error: Rate limited on GET https://api.spotify.com/v1/search: Spotify asked us to wait 85920s, above the 60s cap. Stopping instead of blocking — let it cool down before retrying.",,,,,,,,,,,,,,,,
"June 05, 2019",Spirit Volume,City and i.o.,Electronic,PTP,"New York, New York",Jordan Reyes,"error: Rate limited on GET https://api.spotify.com/v1/search: Spotify asked us to wait 85920s, above the 60s cap. Stopping instead of blocking — let it cool down before retrying.",,,,,,,,,,,,,,,,
"June 04, 2019",Lust For Youth,Lust for Youth,Alternative,Independent Artist,"Copenhagen, Denmark",Annie Zaleski,"error: Rate limited on GET https://api.spotify.com/v1/search: Spotify asked us to wait 85920s, above the 60s cap. Stopping instead of blocking — let it cool down before retrying.",,,,,,,,,,,,,,,,
"June 03, 2019",Swim Team,Christelle Bofale,Alternative,christelle bofale,Texas,Diamond Sharp,"error: Rate limited on GET https://api.spotify.com/v1/search: Spotify asked us to wait 85919s, above the 60s cap. Stopping instead of blocking — let it cool down before retrying.",,,,,,,,,,,,,,,,
"May 31, 2019",Demos (1973​-​75) Volumes 1&2,Azymuth,,Independent Artist,Brazil,Dean Van Nguyen,"error: Rate limited on GET https://api.spotify.com/v1/search: Spotify asked us to wait 85919s, above the 60s cap. Stopping instead of blocking — let it cool down before retrying.",,,,,,,,,,,,,,,,
"May 30, 2019",FLIGHT OF THE WIG,Psalm One,Hip-Hop/Rap,Psalm One aka Hologram Kizzie,Chicago,Phillip Mlynar,"error: Rate limited on GET https://api.spotify.com/v1/search: Spotify asked us to wait 85919s, above the 60s cap. Stopping instead of blocking — let it cool down before retrying.",,,,,,,,,,,,,,,,
"May 29, 2019",Cut Through,Kythira,Pop,Alyssa Gengos,"Los Angeles, California",Mariana Timony,"error: Rate limited on GET https://api.spotify.com/v1/search: Spotify asked us to wait 85919s, above the 60s cap. Stopping instead of blocking — let it cool down before retrying.",,,,,,,,,,,,,,,,
"May 28, 2019",Suddenly Everyone Explodes,Plastic Mermaids,Rock,Independent Artist,UK,Stuart Berman,"error: Rate limited on GET https://api.spotify.com/v1/search: Spotify asked us to wait 85918s, above the 60s cap. Stopping instead of blocking — let it cool down before retrying.",,,,,,,,,,,,,,,,
"May 24, 2019",We Get By,Mavis Staples,R&amp;B/Soul,Independent Artist,"Chicago, Illinois",Jim Allen,"error: Rate limited on GET https://api.spotify.com/v1/search: Spotify asked us to wait 85918s, above the 60s cap. Stopping instead of blocking — let it cool down before retrying.",,,,,,,,,,,,,,,,
"May 23, 2019",Chemical Flowers,Helm,Electronic,Independent Artist,"London, UK",J. Edward Keyes,"error: Rate limited on GET https://api.spotify.com/v1/search: Spotify asked us to wait 85918s, above the 60s cap. Stopping instead of blocking — let it cool down before retrying.",,,,,,,,,,,,,,,,
"May 22, 2019",The Best of Luck Club,Alex Lahey,Rock,Independent Artist,"Melbourne, Australia",Jerry Cowgill,"error: Rate limited on GET https://api.spotify.com/v1/search: Spotify asked us to wait 85918s, above the 60s cap. Stopping instead of blocking — let it cool down before retrying.",,,,,,,,,,,,,,,,
"May 21, 2019",Thina,Seba Kaapstad,R&amp;B/Soul,Independent Artist,South Africa,Shanice Brim,"error: Rate limited on GET https://api.spotify.com/v1/search: Spotify asked us to wait 85918s, above the 60s cap. Stopping instead of blocking — let it cool down before retrying.",,,,,,,,,,,,,,,,
"May 20, 2019",Reckoning,Mourning [A] BLKstar,R&amp;B/Soul,Independent Artist,"Cleveland, Ohio",Ben Grenrock,"error: Rate limited on GET https://api.spotify.com/v1/search: Spotify asked us to wait 85917s, above the 60s cap. Stopping instead of blocking — let it cool down before retrying.",,,,,,,,,,,,,,,,
"May 17, 2019",Are You A Dreamer?,Death & Vanilla,Alternative,Death &amp; Vanilla,"Malmö, Sweden",Emma August Welter,"error: Rate limited on GET https://api.spotify.com/v1/search: Spotify asked us to wait 85917s, above the 60s cap. Stopping instead of blocking — let it cool down before retrying.",,,,,,,,,,,,,,,,
"May 16, 2019",3,Nots,Punk,NOTS,"Memphis, Tennessee",Kerry Cardoza,"error: Rate limited on GET https://api.spotify.com/v1/search: Spotify asked us to wait 85917s, above the 60s cap. Stopping instead of blocking — let it cool down before retrying.",,,,,,,,,,,,,,,,
"May 15, 2019",Radish,Big Bend,Electronic,Independent Artist,"Mansfield, Ohio",Dean Van Nguyen,"error: Rate limited on GET https://api.spotify.com/v1/search: Spotify asked us to wait 85917s, above the 60s cap. Stopping instead of blocking — let it cool down before retrying.",,,,,,,,,,,,,,,,
"May 14, 2019",Halal Cool J,Don Leisure,Hip-Hop/Rap,Independent Artist,"Cardiff, UK",Phillip Mlynar,"error: Rate limited on GET https://api.spotify.com/v1/search: Spotify asked us to wait 85917s, above the 60s cap. Stopping instead of blocking — let it cool down before retrying.",,,,,,,,,,,,,,,,
"May 13, 2019",Age Hasn’t Spoiled You,Greys,Rock,Independent Artist,"Toronto, Ontario",Stuart Berman,"error: Rate limited on GET https://api.spotify.com/v1/search: Spotify asked us to wait 85916s, above the 60s cap. Stopping instead of blocking — let it cool down before retrying.",,,,,,,,,,,,,,,,
"May 10, 2019",Young Enough,Charly Bliss,Pop,Independent Artist,"New York, New York",J. Edward Keyes,"error: Rate limited on GET https://api.spotify.com/v1/search: Spotify asked us to wait 85916s, above the 60s cap. Stopping instead of blocking — let it cool down before retrying.",,,,,,,,,,,,,,,,
"May 09, 2019",Goodness Gracious,Sunbeam Sound Machine,Alternative,Independent Artist,"Melbourne, Australia",Ned Raggett,"error: Rate limited on GET https://api.spotify.com/v1/search: Spotify asked us to wait 85916s, above the 60s cap. Stopping instead of blocking — let it cool down before retrying.",,,,,,,,,,,,,,,,
"May 08, 2019",Flight Paths,Mina,World,Independent Artist,"London, UK",Shanice Brim,"error: Rate limited on GET https://api.spotify.com/v1/search: Spotify asked us to wait 85916s, above the 60s cap. Stopping instead of blocking — let it cool down before retrying.",,,,,,,,,,,,,,,,
"May 07, 2019",Heritage II,Mark de Clive-Lowe,Jazz,Independent Artist,"Tokyo, Japan",David R. Adler,"error: Rate limited on GET https://api.spotify.com/v1/search: Spotify asked us to wait 85916s, above the 60s cap. Stopping instead of blocking — let it cool down before retrying.",,,,,,,,,,,,,,,,
"May 06, 2019",Death Sequence,The Physics House Band,Experimental,Unearthly Vision,"England, UK",Marc Masters,"error: Rate limited on GET https://api.spotify.com/v1/search: Spotify asked us to wait 85915s, above the 60s cap. Stopping instead of blocking — let it cool down before retrying.",,,,,,,,,,,,,,,,
"May 03, 2019",Useless Coordinates,Drahla,Alternative,Independent Artist,"Leeds, UK",Nina Corcoran,"error: Rate limited on GET https://api.spotify.com/v1/search: Spotify asked us to wait 85915s, above the 60s cap. Stopping instead of blocking — let it cool down before retrying.",,,,,,,,,,,,,,,,
"May 01, 2019",Schemes,Schemes,R&amp;B/Soul,mike clay,"Montreal, Québec",John Morrison,"error: Rate limited on GET https://api.spotify.com/v1/search: Spotify asked us to wait 85915s, above the 60s cap. Stopping instead of blocking — let it cool down before retrying.",,,,,,,,,,,,,,,,
"April 30, 2019",No More Running,Eve Maret,Experimental,Independent Artist,"Nashville, Tennessee",Ned Raggett,"error: Rate limited on GET https://api.spotify.com/v1/search: Spotify asked us to wait 85915s, above the 60s cap. Stopping instead of blocking — let it cool down before retrying.",,,,,,,,,,,,,,,,
"April 29, 2019",Your Church On My Bonfire,PAWS,Rock,Independent Artist,"Scotland, UK",Jerry Cowgill,"error: Rate limited on GET https://api.spotify.com/v1/search: Spotify asked us to wait 85915s, above the 60s cap. Stopping instead of blocking — let it cool down before retrying.",,,,,,,,,,,,,,,,
"April 26, 2019",Only You Can See It,Emily Reo,Pop,Independent Artist,"Boston, Massachusetts",Anna White,"error: Rate limited on GET https://api.spotify.com/v1/search: Spotify asked us to wait 85914s, above the 60s cap. Stopping instead of blocking — let it cool down before retrying.",,,,,,,,,,,,,,,,
"April 25, 2019",No Dados,Reese McHenry,Rock,Independent Artist,"Chapel Hill, North Carolina",Zachary Lipez,"error: Rate limited on GET https://api.spotify.com/v1/search: Spotify asked us to wait 85914s, above the 60s cap. Stopping instead of blocking — let it cool down before retrying.",,,,,,,,,,,,,,,,
"April 24, 2019","Yoshio Ojima & Satsuki Shibano, FRKWYS Vol. 15: serenitatem",Visible Cloaks,Ambient,Independent Artist,"Portland, Oregon",Andrew Parks,"error: Rate limited on GET https://api.spotify.com/v1/search: Spotify asked us to wait 85914s, above the 60s cap. Stopping instead of blocking — let it cool down before retrying.",,,,,,,,,,,,,,,,
"April 23, 2019",Orange,Caroline Shaw & Attacca Quartet,Classical,Caroline Shaw,"New York, New York",David R. Adler,"error: Rate limited on GET https://api.spotify.com/v1/search: Spotify asked us to wait 85914s, above the 60s cap. Stopping instead of blocking — let it cool down before retrying.",,,,,,,,,,,,,,,,
"April 22, 2019",Sulphur English,Inter Arma,Metal,Independent Artist,"Richmond, Virginia",Kim Kelly,"error: Rate limited on GET https://api.spotify.com/v1/search: Spotify asked us to wait 85913s, above the 60s cap. Stopping instead of blocking — let it cool down before retrying.",,,,,,,,,,,,,,,,
"April 19, 2019",Jobcentre Rejects: Ultra Rare New Wave of British Heavy Metal 1978-1982,Various Artists,Metal,Jobcentre Rejects,Sweden,Stephen Thomas Erlewine,"error: Rate limited on GET https://api.spotify.com/v1/search: Spotify asked us to wait 85913s, above the 60s cap. Stopping instead of blocking — let it cool down before retrying.",,,,,,,,,,,,,,,,
"April 18, 2019",Peer 2 Peer,WORLD BRAIN,Experimental,Independent Artist,"Berlin, Germany",Simon Chandler,"error: Rate limited on GET https://api.spotify.com/v1/search: Spotify asked us to wait 85913s, above the 60s cap. Stopping instead of blocking — let it cool down before retrying.",,,,,,,,,,,,,,,,
"April 17, 2019",Thalassa,Ioanna Gika,Pop,Independent Artist,"Los Angeles, California",Jenn Pelly,"error: Rate limited on GET https://api.spotify.com/v1/search: Spotify asked us to wait 85913s, above the 60s cap. Stopping instead of blocking — let it cool down before retrying.",,,,,,,,,,,,,,,,
"April 16, 2019",Wolastoqiyik Lintuwakonawa,Jeremy Dutcher,Classical,Independent Artist,"Toronto, Ontario",Catalina Maria Johnson,"error: Rate limited on GET https://api.spotify.com/v1/search: Spotify asked us to wait 85913s, above the 60s cap. Stopping instead of blocking — let it cool down before retrying.",,,,,,,,,,,,,,,,
"April 15, 2019",Essentials,Patio,Punk,Independent Artist,"Queens, New York",Annie Zaleski,"error: Rate limited on GET https://api.spotify.com/v1/search: Spotify asked us to wait 85912s, above the 60s cap. Stopping instead of blocking — let it cool down before retrying.",,,,,,,,,,,,,,,,
"April 12, 2019",Burd,Wilma Vritra,Hip-Hop/Rap,Independent Artist,"Los Angeles, California",Phillip Mlynar,"error: Rate limited on GET https://api.spotify.com/v1/search: Spotify asked us to wait 85912s, above the 60s cap. Stopping instead of blocking — let it cool down before retrying.",,,,,,,,,,,,,,,,
"April 11, 2019",The Budos Band V,The Budos Band,World,Independent Artist,"New York, New York",Brad Sanders,"error: Rate limited on GET https://api.spotify.com/v1/search: Spotify asked us to wait 85912s, above the 60s cap. Stopping instead of blocking — let it cool down before retrying.",,,,,,,,,,,,,,,,
"April 10, 2019",Endless Column,Endless Column,Alternative,Erste Theke Tontraeger,"Mannheim, Germany",Annie Zaleski,"error: Rate limited on GET https://api.spotify.com/v1/search: Spotify asked us to wait 85912s, above the 60s cap. Stopping instead of blocking — let it cool down before retrying.",,,,,,,,,,,,,,,,
"April 09, 2019",she/her/they/them,Evan Greer,Folk,Independent Artist,"Boston, Massachusetts",Sasha Geffen,"error: Rate limited on GET https://api.spotify.com/v1/search: Spotify asked us to wait 85912s, above the 60s cap. Stopping instead of blocking — let it cool down before retrying.",,,,,,,,,,,,,,,,
"April 08, 2019",The Hat Factory 93,Rodan,Punk,Independent Artist,"Louisville, Kentucky",JJ Skolnik,"error: Rate limited on GET https://api.spotify.com/v1/search: Spotify asked us to wait 85911s, above the 60s cap. Stopping instead of blocking — let it cool down before retrying.",,,,,,,,,,,,,,,,
"April 05, 2019",Luminous Volumes,Skryptor,Rock,Sleeping Giant Glossolalia,"New York, New York",Marc Masters,"error: Rate limited on GET https://api.spotify.com/v1/search: Spotify asked us to wait 85911s, above the 60s cap. Stopping instead of blocking — let it cool down before retrying.",,,,,,,,,,,,,,,,
"April 03, 2019",The End,Shlohmo,Electronic,Independent Artist,"Los Angeles, California",Joe Muggs,"error: Rate limited on GET https://api.spotify.com/v1/search: Spotify asked us to wait 85911s, above the 60s cap. Stopping instead of blocking — let it cool down before retrying.",,,,,,,,,,,,,,,,
"April 02, 2019",Guns,Quelle Chris,Hip-Hop/Rap,Independent Artist,"Detroit, Michigan",Phillip Mlynar,"error: Rate limited on GET https://api.spotify.com/v1/search: Spotify asked us to wait 85911s, above the 60s cap. Stopping instead of blocking — let it cool down before retrying.",,,,,,,,,,,,,,,,
"April 01, 2019",Earth Night,Various Artists,Electronic,DJs for Climate Action,"Brooklyn, New York",J. Edward Keyes,"error: Rate limited on GET https://api.spotify.com/v1/search: Spotify asked us to wait 85910s, above the 60s cap. Stopping instead of blocking — let it cool down before retrying.",,,,,,,,,,,,,,,,
"March 29, 2019",Matamoros,USA/Mexico,Punk,Independent Artist,"Austin, Texas",Marc Masters,"error: Rate limited on GET https://api.spotify.com/v1/search: Spotify asked us to wait 85910s, above the 60s cap. Stopping instead of blocking — let it cool down before retrying.",,,,,,,,,,,,,,,,
"March 28, 2019",Peru’s Master Percussionist,Chocolate,World,Buh Records,"Lima, Peru",Dean Van Nguyen,"error: Rate limited on GET https://api.spotify.com/v1/search: Spotify asked us to wait 85910s, above the 60s cap. Stopping instead of blocking — let it cool down before retrying.",,,,,,,,,,,,,,,,
"March 27, 2019",Map of Absences,Turning Jewels Into Water,World,Independent Artist,"Brooklyn, New York",Shanice Brim,"error: Rate limited on GET https://api.spotify.com/v1/search: Spotify asked us to wait 85910s, above the 60s cap. Stopping instead of blocking — let it cool down before retrying.",,,,,,,,,,,,,,,,
"March 26, 2019",Past Lives,Caleb Burhans,Experimental,Independent Artist,"New York, New York",Jamie Ludwig,"error: Rate limited on GET https://api.spotify.com/v1/search: Spotify asked us to wait 85910s, above the 60s cap. Stopping instead of blocking — let it cool down before retrying.",,,,,,,,,,,,,,,,
"March 25, 2019","Post Now: Round One, Chicago vs. New York",Various Artists,Experimental,SKiN GRAFT Records,"St. Louis, Missouri",Philip Freeman,"error: Rate limited on GET https://api.spotify.com/v1/search: Spotify asked us to wait 85909s, above the 60s cap. Stopping instead of blocking — let it cool down before retrying.",,,,,,,,,,,,,,,,
"March 22, 2019",Panorama,La Dispute,Alternative,Independent Artist,Grand Rapids,Zoe Camp,"error: Rate limited on GET https://api.spotify.com/v1/search: Spotify asked us to wait 85909s, above the 60s cap. Stopping instead of blocking — let it cool down before retrying.",,,,,,,,,,,,,,,,
"March 21, 2019",KOKOROKO,KOKOROKO,Jazz,Kokoroko,"London, UK",Jesse Bernard,"error: Rate limited on GET https://api.spotify.com/v1/search: Spotify asked us to wait 85909s, above the 60s cap. Stopping instead of blocking — let it cool down before retrying.",,,,,,,,,,,,,,,,
"March 20, 2019",Dreaming the Dark,Tamaryn,Alternative,TAMARYN,California,Anna White,"error: Rate limited on GET https://api.spotify.com/v1/search: Spotify asked us to wait 85909s, above the 60s cap. Stopping instead of blocking — let it cool down before retrying.",,,,,,,,,,,,,,,,
"March 19, 2019",Bahir,Dexter Story,World,Independent Artist,"Los Angeles, California",Amaya Garcia,"error: Rate limited on GET https://api.spotify.com/v1/search: Spotify asked us to wait 85909s, above the 60s cap. Stopping instead of blocking — let it cool down before retrying.",,,,,,,,,,,,,,,,
"March 15, 2019",Epilogue,Aaron Abernathy,R&amp;B/Soul,Independent Artist,"Washington D.C., D.C.",Vance Brinkley,"error: Rate limited on GET https://api.spotify.com/v1/search: Spotify asked us to wait 85908s, above the 60s cap. Stopping instead of blocking — let it cool down before retrying.",,,,,,,,,,,,,,,,
"March 14, 2019",To Believe,The Cinematic Orchestra,Electronic,Independent Artist,"London, UK",Michaelangelo Matos,"error: Rate limited on GET https://api.spotify.com/v1/search: Spotify asked us to wait 85908s, above the 60s cap. Stopping instead of blocking — let it cool down before retrying.",,,,,,,,,,,,,,,,
"March 13, 2019",Powder in Space,Powder,Electronic,Beats In Space,"New York, New York",Harley Oliver Brown,"error: Rate limited on GET https://api.spotify.com/v1/search: Spotify asked us to wait 85908s, above the 60s cap. Stopping instead of blocking — let it cool down before retrying.",,,,,,,,,,,,,,,,
"March 12, 2019",Rituals of Power,Misery Index,Metal,Independent Artist,"Baltimore, Maryland",Andy O’Connor,"error: Rate limited on GET https://api.spotify.com/v1/search: Spotify asked us to wait 85908s, above the 60s cap. Stopping instead of blocking — let it cool down before retrying.",,,,,,,,,,,,,,,,
"March 11, 2019",Softer Faces,Living Hour,Alternative,Independent Artist,"Winnipeg, Manitoba",Patrick Lyons,"error: Rate limited on GET https://api.spotify.com/v1/search: Spotify asked us to wait 85908s, above the 60s cap. Stopping instead of blocking — let it cool down before retrying.",,,,,,,,,,,,,,,,
"March 08, 2019",Akaline Kidal,Ahmed Ag Kaedy,World,Amanar De Kidal,Mali,Richard Gehr,"error: Rate limited on GET https://api.spotify.com/v1/search: Spotify asked us to wait 85907s, above the 60s cap. Stopping instead of blocking — let it cool down before retrying.",,,,,,,,,,,,,,,,
"March 07, 2019",Out of the Blue,Imani,Jazz,MAD ABOUT RECORDS,Portugal,Philip Freeman,"error: Rate limited on GET https://api.spotify.com/v1/search: Spotify asked us to wait 85907s, above the 60s cap. Stopping instead of blocking — let it cool down before retrying.",,,,,,,,,,,,,,,,
"March 06, 2019",After its own death / Walking in a spiral towards the house,Nivhek,Experimental,Grouper,,John Thorp,"error: Rate limited on GET https://api.spotify.com/v1/search: Spotify asked us to wait 85907s, above the 60s cap. Stopping instead of blocking — let it cool down before retrying.",,,,,,,,,,,,,,,,
"March 05, 2019",Stunning Luxury,Snapped Ankles,Alternative,Independent Artist,"London, UK",Ned Raggett,"error: Rate limited on GET https://api.spotify.com/v1/search: Spotify asked us to wait 85907s, above the 60s cap. Stopping instead of blocking — let it cool down before retrying.",,,,,,,,,,,,,,,,
"March 04, 2019",Helium,Homeshake,Alternative,homeshake,"Toronto, Ontario",Max Savage Levenson,"error: Rate limited on GET https://api.spotify.com/v1/search: Spotify asked us to wait 85907s, above the 60s cap. Stopping instead of blocking — let it cool down before retrying.",,,,,,,,,,,,,,,,
"February 28, 2019",fabric presents Bonobo,Bonobo,Electronic,Independent Artist,"Brighton, UK",Michaelangelo Matos,"error: Rate limited on GET https://api.spotify.com/v1/search: Spotify asked us to wait 85906s, above the 60s cap. Stopping instead of blocking — let it cool down before retrying.",,,,,,,,,,,,,,,,
"February 27, 2019",In Condemnation,Pandemix,Punk,Independent Artist,,Kerry Cardoza,"error: Rate limited on GET https://api.spotify.com/v1/search: Spotify asked us to wait 85906s, above the 60s cap. Stopping instead of blocking — let it cool down before retrying.",,,,,,,,,,,,,,,,
"February 26, 2019",Mosawi Swiri,Houssam Gania,World,Independent Artist,"Essaouira, Morocco",Dean Van Nguyen,"error: Rate limited on GET https://api.spotify.com/v1/search: Spotify asked us to wait 85906s, above the 60s cap. Stopping instead of blocking — let it cool down before retrying.",,,,,,,,,,,,,,,,
"February 25, 2019",Jungle Run,Nubiyan Twist,Jazz,Independent Artist,"London, UK",Michael J. West,"error: Rate limited on GET https://api.spotify.com/v1/search: Spotify asked us to wait 85906s, above the 60s cap. Stopping instead of blocking — let it cool down before retrying.",,,,,,,,,,,,,,,,
"February 22, 2019",In Search of the Miraculous,Desperate Journalist,Rock,Independent Artist,"London, UK",Annie Zaleski,"error: Rate limited on GET https://api.spotify.com/v1/search: Spotify asked us to wait 85906s, above the 60s cap. Stopping instead of blocking — let it cool down before retrying.",,,,,,,,,,,,,,,,
"February 21, 2019",Triage,Methyl Ethel,Pop,METHYL ETHEL,"Perth, Australia",Angel E. Fraden,"error: Rate limited on GET https://api.spotify.com/v1/search: Spotify asked us to wait 85905s, above the 60s cap. Stopping instead of blocking — let it cool down before retrying.",,,,,,,,,,,,,,,,
"February 20, 2019",The Railway Prince Hotel,Tullycraft,Alternative,Independent Artist,"Seattle, Washington",Annie Zaleski,"error: Rate limited on GET https://api.spotify.com/v1/search: Spotify asked us to wait 85905s, above the 60s cap. Stopping instead of blocking — let it cool down before retrying.",,,,,,,,,,,,,,,,
"February 19, 2019",Black Tenere,Kel Assouf,World,Independent Artist,Niger,Megan Iacobini de Fazio,"error: Rate limited on GET https://api.spotify.com/v1/search: Spotify asked us to wait 85905s, above the 60s cap. Stopping instead of blocking — let it cool down before retrying.",,,,,,,,,,,,,,,,
"February 15, 2019","Japanese Ambient, Environmental & New Age Music 1980​-​1990",Kankyō Ongaku,,Independent Artist,Japan,April Clare Welsh,"error: Rate limited on GET https://api.spotify.com/v1/search: Spotify asked us to wait 85905s, above the 60s cap. Stopping instead of blocking — let it cool down before retrying.",,,,,,,,,,,,,,,,
"February 14, 2019",The Heretics,Rotting Christ,Metal,Independent Artist,Greece,Grayson Haver Currin,"error: Rate limited on GET https://api.spotify.com/v1/search: Spotify asked us to wait 85905s, above the 60s cap. Stopping instead of blocking — let it cool down before retrying.",,,,,,,,,,,,,,,,
"February 13, 2019",Fyah,Theon Cross,Jazz,Independent Artist,"London, UK",Marcus J. Moore,"error: Rate limited on GET https://api.spotify.com/v1/search: Spotify asked us to wait 85904s, above the 60s cap. Stopping instead of blocking — let it cool down before retrying.",,,,,,,,,,,,,,,,
"February 12, 2019",A Mild Circus,Yarrow,Punk,Independent Artist,"Philadelphia, Pennsylvania",Alex Smith,"error: Rate limited on GET https://api.spotify.com/v1/search: Spotify asked us to wait 85904s, above the 60s cap. Stopping instead of blocking — let it cool down before retrying.",,,,,,,,,,,,,,,,
"February 11, 2019",Ripe for Anarchy,Business of Dreams,Alternative,Business Of Dreams,"Louisville, Kentucky",J. Edward Keyes,"error: Rate limited on GET https://api.spotify.com/v1/search: Spotify asked us to wait 85904s, above the 60s cap. Stopping instead of blocking — let it cool down before retrying.",,,,,,,,,,,,,,,,
"February 08, 2019",Anima Mysterium,Yugen Blakrok,Hip-Hop/Rap,Independent Artist,South Africa,Phillip Mlynar,"error: Rate limited on GET https://api.spotify.com/v1/search: Spotify asked us to wait 85904s, above the 60s cap. Stopping instead of blocking — let it cool down before retrying.",,,,,,,,,,,,,,,,
"February 07, 2019",Buoys,Panda Bear,Alternative,Independent Artist,"Lisbon, Portugal",Andrew Parks,"error: Rate limited on GET https://api.spotify.com/v1/search: Spotify asked us to wait 85903s, above the 60s cap. Stopping instead of blocking — let it cool down before retrying.",,,,,,,,,,,,,,,,
"February 06, 2019",Highway Hypnosis,Sneaks,Alternative,Independent Artist,"Washington, D.C.",Jenn Pelly,"error: Rate limited on GET https://api.spotify.com/v1/search: Spotify asked us to wait 85903s, above the 60s cap. Stopping instead of blocking — let it cool down before retrying.",,,,,,,,,,,,,,,,
"February 05, 2019",Nūr,Dua Saleh,Hip-Hop/Rap,Independent Artist,"Los Angeles, California",Gus Navarro,"error: Rate limited on GET https://api.spotify.com/v1/search: Spotify asked us to wait 85903s, above the 60s cap. Stopping instead of blocking — let it cool down before retrying.",,,,,,,,,,,,,,,,
"February 01, 2019",Living Tomb,Ossuarium,Metal,20 Buck Spin,"Pittsburgh, Pennsylvania",Andy O’Connor,"error: Rate limited on GET https://api.spotify.com/v1/search: Spotify asked us to wait 85903s, above the 60s cap. Stopping instead of blocking — let it cool down before retrying.",,,,,,,,,,,,,,,,
"January 31, 2019",Temporal,Julia Kent,Classical,Independent Artist,New York,Erin Lyndal Martin,"error: Rate limited on GET https://api.spotify.com/v1/search: Spotify asked us to wait 85903s, above the 60s cap. Stopping instead of blocking — let it cool down before retrying.",,,,,,,,,,,,,,,,
"January 30, 2019",The Language of Injury,Ithaca,Punk,Independent Artist,"London, UK",Zoe Camp,"error: Rate limited on GET https://api.spotify.com/v1/search: Spotify asked us to wait 85902s, above the 60s cap. Stopping instead of blocking — let it cool down before retrying.",,,,,,,,,,,,,,,,
"January 29, 2019",Sewele,Sir Shina Peters,World,Sir Shina Peters &amp; His International Stars,Nigeria,Megan Iacobini de Fazio,"error: Rate limited on GET https://api.spotify.com/v1/search: Spotify asked us to wait 85902s, above the 60s cap. Stopping instead of blocking — let it cool down before retrying.",,,,,,,,,,,,,,,,
"January 28, 2019",Isa,Croatian Amor,Electronic,Independent Artist,"Copenhagen, Denmark",Jordan Reyes,"error: Rate limited on GET https://api.spotify.com/v1/search: Spotify asked us to wait 85902s, above the 60s cap. Stopping instead of blocking — let it cool down before retrying.",,,,,,,,,,,,,,,,
"January 25, 2019",Eternal Words,Tomas Nordmark,Electronic,Independent Artist,"London, UK",April Clare Welsh,"error: Rate limited on GET https://api.spotify.com/v1/search: Spotify asked us to wait 85902s, above the 60s cap. Stopping instead of blocking — let it cool down before retrying.",,,,,,,,,,,,,,,,
"January 24, 2019",The Onrush Of Eternity,log(m) & Laraaji,Electronic,"Invisible, Inc.","Glasgow, UK",Miles Bowe,"error: Rate limited on GET https://api.spotify.com/v1/search: Spotify asked us to wait 85902s, above the 60s cap. Stopping instead of blocking — let it cool down before retrying.",,,,,,,,,,,,,,,,
"January 23, 2019",Nighttime Birds and Morning Stars,Sarah Louise,Folk,Independent Artist,"Asheville, North Carolina",Robert Rubsam,"error: Rate limited on GET https://api.spotify.com/v1/search: Spotify asked us to wait 85901s, above the 60s cap. Stopping instead of blocking — let it cool down before retrying.",,,,,,,,,,,,,,,,
"January 22, 2019",Siku,Nicola Cruz,Electronic,Independent Artist,"Quito, Ecuador",Amaya Garcia,"error: Rate limited on GET https://api.spotify.com/v1/search: Spotify asked us to wait 85901s, above the 60s cap. Stopping instead of blocking — let it cool down before retrying.",,,,,,,,,,,,,,,,
"January 18, 2019",Tomb,Angelo De Augustine,Alternative,Independent Artist,"Los Angeles, California",Allison Hussey,"error: Rate limited on GET https://api.spotify.com/v1/search: Spotify asked us to wait 85901s, above the 60s cap. Stopping instead of blocking — let it cool down before retrying.",,,,,,,,,,,,,,,,
"January 17, 2019",Italo Funk,Various Artists,Electronic,Soul Clap Records,"Boston, Massachusetts",Andrew Parks,"error: Rate limited on GET https://api.spotify.com/v1/search: Spotify asked us to wait 85901s, above the 60s cap. Stopping instead of blocking — let it cool down before retrying.",,,,,,,,,,,,,,,,
"January 16, 2019",Midnight Parade,The Day,Alternative,Independent Artist,"Antwerp, Belgium",Ned Raggett,"error: Rate limited on GET https://api.spotify.com/v1/search: Spotify asked us to wait 85900s, above the 60s cap. Stopping instead of blocking — let it cool down before retrying.",,,,,,,,,,,,,,,,
"January 15, 2019",The Unseen In Between,Steve Gunn,Folk,Independent Artist,"Brooklyn, New York",Allison Hussey,"error: Rate limited on GET https://api.spotify.com/v1/search: Spotify asked us to wait 85900s, above the 60s cap. Stopping instead of blocking — let it cool down before retrying.",,,,,,,,,,,,,,,,
"January 14, 2019",Remind Me Tomorrow,Sharon Van Etten,Rock,Independent Artist,"New York, New York",Allison Crutchfield,"error: Rate limited on GET https://api.spotify.com/v1/search: Spotify asked us to wait 85900s, above the 60s cap. Stopping instead of blocking — let it cool down before retrying.",,,,,,,,,,,,,,,,
"January 11, 2019",Unseen Worlds,Laurie Spiegel,Electronic,Independent Artist,"New York, New York",Miles Bowe,"error: Rate limited on GET https://api.spotify.com/v1/search: Spotify asked us to wait 85900s, above the 60s cap. Stopping instead of blocking — let it cool down before retrying.",,,,,,,,,,,,,,,,
"January 10, 2019",Stomping Off From Greenwood,Greg Ward,Jazz,Independent Artist,"Chicago, Illinois",Michael J. West,"error: Rate limited on GET https://api.spotify.com/v1/search: Spotify asked us to wait 85900s, above the 60s cap. Stopping instead of blocking — let it cool down before retrying.",,,,,,,,,,,,,,,,
"January 09, 2019",Prehysteria,T-Rextasy,Punk,Independent Artist,"New York, New York",Allison Crutchfield,"error: Rate limited on GET https://api.spotify.com/v1/search: Spotify asked us to wait 85899s, above the 60s cap. Stopping instead of blocking — let it cool down before retrying.",,,,,,,,,,,,,,,,
"January 08, 2019",Ill Considered 5,Ill Considered,Jazz,Independent Artist,"London, UK",Amaya Garcia,"error: Rate limited on GET https://api.spotify.com/v1/search: Spotify asked us to wait 85899s, above the 60s cap. Stopping instead of blocking — let it cool down before retrying.",,,,,,,,,,,,,,,,
"January 07, 2019",Bigness,Pickle Darling,Pop,Independent Artist,"Christchurch, New Zealand",Adam Badí Donoval,"error: Rate limited on GET https://api.spotify.com/v1/search: Spotify asked us to wait 85899s, above the 60s cap. Stopping instead of blocking — let it cool down before retrying.",,,,,,,,,,,,,,,,
"January 04, 2019",Tides,Kaitlyn Aurelia Smith,Ambient,Independent Artist,"Los Angeles, California",Joshua Minsoo Kim,"error: Rate limited on GET https://api.spotify.com/v1/search: Spotify asked us to wait 85899s, above the 60s cap. Stopping instead of blocking — let it cool down before retrying.",,,,,,,,,,,,,,,,
"January 03, 2019",Strangers From the Far East,Khana Bierbood,Alternative,คณะ เบียร์บูด/Khana Bierbood,Thailand,Simon Chandler,"error: Rate limited on GET https://api.spotify.com/v1/search: Spotify asked us to wait 85899s, above the 60s cap. Stopping instead of blocking — let it cool down before retrying.",,,,,,,,,,,,,,,,
"December 21, 2018",War in my Pen,MIKE,Hip-Hop/Rap,Independent Artist,"New York, New York",Phillip Mlynar,"error: Rate limited on GET https://api.spotify.com/v1/search: Spotify asked us to wait 85898s, above the 60s cap. Stopping instead of blocking — let it cool down before retrying.",,,,,,,,,,,,,,,,
"December 20, 2018","Beats For Brothels, Vol. 4",The Doppelgangaz,Hip-Hop/Rap,Independent Artist,"New York, New York",Jay Balfour,"error: Rate limited on GET https://api.spotify.com/v1/search: Spotify asked us to wait 85898s, above the 60s cap. Stopping instead of blocking — let it cool down before retrying.",,,,,,,,,,,,,,,,
"December 19, 2018",2000 – 2004,Frakkur,Ambient,Independent Artist,"Reykjavík, Iceland",Miles Bowe,"error: Rate limited on GET https://api.spotify.com/v1/search: Spotify asked us to wait 85898s, above the 60s cap. Stopping instead of blocking — let it cool down before retrying.",,,,,,,,,,,,,,,,
"December 18, 2018",De Bassari Togo,Orchestre Abass,World,Analog Africa,Germany,Dean Van Nguyen,"error: Rate limited on GET https://api.spotify.com/v1/search: Spotify asked us to wait 85898s, above the 60s cap. Stopping instead of blocking — let it cool down before retrying.",,,,,,,,,,,,,,,,
"December 17, 2018",Universalis,Hammock,Alternative,Independent Artist,"Nashville, Tennessee",Andrew Parks,"error: Rate limited on GET https://api.spotify.com/v1/search: Spotify asked us to wait 85898s, above the 60s cap. Stopping instead of blocking — let it cool down before retrying.",,,,,,,,,,,,,,,,
"December 14, 2018",Energy Control Center,Bubbha Thomas & The Lightmen,Jazz,Bubbha Thomas &amp; The Lightmen,"Houston, Texas",Phillip Mlynar,"error: Rate limited on GET https://api.spotify.com/v1/search: Spotify asked us to wait 85897s, above the 60s cap. Stopping instead of blocking — let it cool down before retrying.",,,,,,,,,,,,,,,,
"December 12, 2018",Fighting for Survival,Yoruba Singers,World,Independent Artist,Guyana,Megan Iacobini de Fazio,"error: Rate limited on GET https://api.spotify.com/v1/search: Spotify asked us to wait 85897s, above the 60s cap. Stopping instead of blocking — let it cool down before retrying.",,,,,,,,,,,,,,,,
"December 11, 2018",Natural Sci-Fi,Steve Spacek,Electronic,Independent Artist,Australia,Jake Hulyer,"error: Rate limited on GET https://api.spotify.com/v1/search: Spotify asked us to wait 85897s, above the 60s cap. Stopping instead of blocking — let it cool down before retrying.",,,,,,,,,,,,,,,,
"December 10, 2018",WARM,Jeff Tweedy,Rock,Independent Artist,"Chicago, Illinois",Max Savage Levenson,"error: Rate limited on GET https://api.spotify.com/v1/search: Spotify asked us to wait 85897s, above the 60s cap. Stopping instead of blocking — let it cool down before retrying.",,,,,,,,,,,,,,,,
"December 07, 2018",Lost Time Behind the Moon,Scott Hirsch,Rock,Independent Artist,"Ojai, California",Allison Hussey,"error: Rate limited on GET https://api.spotify.com/v1/search: Spotify asked us to wait 85896s, above the 60s cap. Stopping instead of blocking — let it cool down before retrying.",,,,,,,,,,,,,,,,
"December 06, 2018",This Band Will Self-Destruct in T-Minus,Th’ Losin Streaks,Rock,Th&#39; Losin Streaks,"Sacramento, California",Doug Wallen,"error: Rate limited on GET https://api.spotify.com/v1/search: Spotify asked us to wait 85896s, above the 60s cap. Stopping instead of blocking — let it cool down before retrying.",,,,,,,,,,,,,,,,
"December 05, 2018",Penelope Two,Penelope Trappes,Alternative,Independent Artist,"Brighton, UK",J. Edward Keyes,"error: Rate limited on GET https://api.spotify.com/v1/search: Spotify asked us to wait 85896s, above the 60s cap. Stopping instead of blocking — let it cool down before retrying.",,,,,,,,,,,,,,,,
"December 04, 2018",Turntables on the Hudson 20 Year Anniversary,Various Artists,World,Nickodemus,"Brooklyn, New York",Amaya Garcia,"error: Rate limited on GET https://api.spotify.com/v1/search: Spotify asked us to wait 85896s, above the 60s cap. Stopping instead of blocking — let it cool down before retrying.",,,,,,,,,,,,,,,,
"December 03, 2018",In the Senses,Filmico,Ambient,Independent Artist,Argentina,Miles Bowe,"error: Rate limited on GET https://api.spotify.com/v1/search: Spotify asked us to wait 85896s, above the 60s cap. Stopping instead of blocking — let it cool down before retrying.",,,,,,,,,,,,,,,,
"November 30, 2018",Let Pain Be Your Guide,Portrayal of Guilt,Metal,portrayal of guilt,"Austin, Texas",Zoe Camp,"error: Rate limited on GET https://api.spotify.com/v1/search: Spotify asked us to wait 85895s, above the 60s cap. Stopping instead of blocking — let it cool down before retrying.",,,,,,,,,,,,,,,,
"November 29, 2018",From Nubia to Cairo,Ali Hassan Kuban,World,Independent Artist,"Straße, Egypt",Richard Gehr,"error: Rate limited on GET https://api.spotify.com/v1/search: Spotify asked us to wait 85895s, above the 60s cap. Stopping instead of blocking — let it cool down before retrying.",,,,,,,,,,,,,,,,
"November 27, 2018",The Terror End of Beauty,Harriet Tubman,Jazz,Independent Artist,"New York, New York",Brad Cohan,"error: Rate limited on GET https://api.spotify.com/v1/search: Spotify asked us to wait 85895s, above the 60s cap. Stopping instead of blocking — let it cool down before retrying.",,,,,,,,,,,,,,,,
"November 26, 2018",Brainfeeder X,Various Artists,Electronic,Brainfeeder,"Los Angeles, California",Max Bell,"error: Rate limited on GET https://api.spotify.com/v1/search: Spotify asked us to wait 85895s, above the 60s cap. Stopping instead of blocking — let it cool down before retrying.",,,,,,,,,,,,,,,,
"November 21, 2018",Unusual Sounds,Various Artists,Funk,Anthology Recordings,"Brooklyn, New York",J. Edward Keyes,"error: Rate limited on GET https://api.spotify.com/v1/search: Spotify asked us to wait 85895s, above the 60s cap. Stopping instead of blocking — let it cool down before retrying.",,,,,,,,,,,,,,,,
"November 20, 2018",Malik Ruff,Quadry,Hip-Hop/Rap,Independent Artist,"Baton Rouge, Louisiana",Nate Patrin,"error: Rate limited on GET https://api.spotify.com/v1/search: Spotify asked us to wait 85894s, above the 60s cap. Stopping instead of blocking — let it cool down before retrying.",,,,,,,,,,,,,,,,
"November 19, 2018",From the Dirt,Waajeed,Electronic,Independent Artist,"Detroit, Michigan",Gus Navarro,"error: Rate limited on GET https://api.spotify.com/v1/search: Spotify asked us to wait 85894s, above the 60s cap. Stopping instead of blocking — let it cool down before retrying.",,,,,,,,,,,,,,,,
"November 16, 2018",Black Velvet,Charles Bradley,R&amp;B/Soul,Independent Artist,"Brooklyn, New York",Max Savage Levenson,"error: Rate limited on GET https://api.spotify.com/v1/search: Spotify asked us to wait 85894s, above the 60s cap. Stopping instead of blocking — let it cool down before retrying.",,,,,,,,,,,,,,,,
"November 15, 2018",Cosmovore,Ulthar,Metal,20 Buck Spin,"Pittsburgh, Pennsylvania",Kim Kelly,"error: Rate limited on GET https://api.spotify.com/v1/search: Spotify asked us to wait 85894s, above the 60s cap. Stopping instead of blocking — let it cool down before retrying.",,,,,,,,,,,,,,,,
"November 14, 2018","Jazz, Jazz, Jazz",The Scorpions & Saif Abu Bakr,Jazz,Habibi Funk Records,"Berlin, Germany",Dean Van Nguyen,"error: Rate limited on GET https://api.spotify.com/v1/search: Spotify asked us to wait 85893s, above the 60s cap. Stopping instead of blocking — let it cool down before retrying.",,,,,,,,,,,,,,,,
"November 13, 2018",Lover Chanting EP,Little Dragon,Experimental,Independent Artist,"Gothenburg, Sweden",Eric R. Danton,"error: Rate limited on GET https://api.spotify.com/v1/search: Spotify asked us to wait 85893s, above the 60s cap. Stopping instead of blocking — let it cool down before retrying.",,,,,,,,,,,,,,,,
"November 09, 2018",Une Vie Cent Détours,Cosmic Analog Ensemble,Experimental,My Bags,"Messac, France",Will Schube,"error: Rate limited on GET https://api.spotify.com/v1/search: Spotify asked us to wait 85893s, above the 60s cap. Stopping instead of blocking — let it cool down before retrying.",,,,,,,,,,,,,,,,
"November 08, 2018",Fill in the Blank,Kev Brown,Hip-Hop/Rap,KEV BROWN,"Greater Landover, Maryland",Marcus J. Moore,"error: Rate limited on GET https://api.spotify.com/v1/search: Spotify asked us to wait 85893s, above the 60s cap. Stopping instead of blocking — let it cool down before retrying.",,,,,,,,,,,,,,,,
"November 07, 2018",Moths,Moths,Metal,MOTHS,"San Juan, Puerto Rico",Gabriel Serrano Denis,"error: Rate limited on GET https://api.spotify.com/v1/search: Spotify asked us to wait 85893s, above the 60s cap. Stopping instead of blocking — let it cool down before retrying.",,,,,,,,,,,,,,,,
"November 06, 2018",Examples Volume Two,Eric Lau,Hip-Hop/Rap,Independent Artist,"London, UK",Jake Hulyer,"error: Rate limited on GET https://api.spotify.com/v1/search: Spotify asked us to wait 85892s, above the 60s cap. Stopping instead of blocking — let it cool down before retrying.",,,,,,,,,,,,,,,,
"November 02, 2018",The Garner Poems,Mourning [A] BLKstar,Funk,Electric Cowbell Records,"Washington, D.C.",Jesse Bernard,"error: Rate limited on GET https://api.spotify.com/v1/search: Spotify asked us to wait 85892s, above the 60s cap. Stopping instead of blocking — let it cool down before retrying.",,,,,,,,,,,,,,,,
"November 01, 2018",First Love 初恋 : Debut Album and Demo Tracks,Space Streakings,Experimental,Independent Artist,"Tokyo, Japan",Zoe Camp,"error: Rate limited on GET https://api.spotify.com/v1/search: Spotify asked us to wait 85892s, above the 60s cap. Stopping instead of blocking — let it cool down before retrying.",,,,,,,,,,,,,,,,
"October 31, 2018",The One,Will Sessions & Amp Fiddler ft. Dames Brown,Funk,Will Sessions,"Detroit, Michigan",Dean Van Nguyen,"error: Rate limited on GET https://api.spotify.com/v1/search: Spotify asked us to wait 85892s, above the 60s cap. Stopping instead of blocking — let it cool down before retrying.",,,,,,,,,,,,,,,,
"October 30, 2018",Childqueen Outtakes,Kadhja Bonet,R&amp;B/Soul,Independent Artist,"Toronto, Ontario",Marcus J. Moore,"error: Rate limited on GET https://api.spotify.com/v1/search: Spotify asked us to wait 85892s, above the 60s cap. Stopping instead of blocking — let it cool down before retrying.",,,,,,,,,,,,,,,,
"October 29, 2018",What Happens When I Try To Relax,Open Mike Eagle,Hip-Hop/Rap,Independent Artist,Los Angeles,Ben Grenrock,"error: Rate limited on GET https://api.spotify.com/v1/search: Spotify asked us to wait 85891s, above the 60s cap. Stopping instead of blocking — let it cool down before retrying.",,,,,,,,,,,,,,,,
"October 26, 2018",Alone At Last,Tasha,Alternative,Independent Artist,"New York, New York",Amaya Garcia,"error: Rate limited on GET https://api.spotify.com/v1/search: Spotify asked us to wait 85891s, above the 60s cap. Stopping instead of blocking — let it cool down before retrying.",,,,,,,,,,,,,,,,
"October 25, 2018",Unreality,SRSQ,Alternative,Independent Artist,"Los Angeles, California",JJ Skolnik,"error: Rate limited on GET https://api.spotify.com/v1/search: Spotify asked us to wait 85891s, above the 60s cap. Stopping instead of blocking — let it cool down before retrying.",,,,,,,,,,,,,,,,
"October 24, 2018",Humble Pi,Homeboy Sandman & Edan,Hip-Hop/Rap,Homeboy Sandman &amp; Edan,"New York, New York",Nate Patrin,"error: Rate limited on GET https://api.spotify.com/v1/search: Spotify asked us to wait 85891s, above the 60s cap. Stopping instead of blocking — let it cool down before retrying.",,,,,,,,,,,,,,,,
"October 23, 2018",Us,Empress Of,Pop,Independent Artist,"Brooklyn, New York",Amaya Garcia,"error: Rate limited on GET https://api.spotify.com/v1/search: Spotify asked us to wait 85891s, above the 60s cap. Stopping instead of blocking — let it cool down before retrying.",,,,,,,,,,,,,,,,
"October 22, 2018",Broken Politics,Neneh Cherry,Pop,Independent Artist,Sweden,Joe Muggs,"error: Rate limited on GET https://api.spotify.com/v1/search: Spotify asked us to wait 85890s, above the 60s cap. Stopping instead of blocking — let it cool down before retrying.",,,,,,,,,,,,,,,,
"October 19, 2018",Warzone,Yoko Ono,Alternative,Independent Artist,"New York, New York",Jordan Reyes,"error: Rate limited on GET https://api.spotify.com/v1/search: Spotify asked us to wait 85890s, above the 60s cap. Stopping instead of blocking — let it cool down before retrying.",,,,,,,,,,,,,,,,
"October 18, 2018",happy little trees,Kenny Segal,Hip-Hop/Rap,Independent Artist,"Los Angeles, California",Blake Gillespie,"error: Rate limited on GET https://api.spotify.com/v1/search: Spotify asked us to wait 85890s, above the 60s cap. Stopping instead of blocking — let it cool down before retrying.",,,,,,,,,,,,,,,,
"October 17, 2018",Revolution,Daniel Crawford,R&amp;B/Soul,Independent Artist,"Los Angeles, California",Chaka V. Grier,"error: Rate limited on GET https://api.spotify.com/v1/search: Spotify asked us to wait 85889s, above the 60s cap. Stopping instead of blocking — let it cool down before retrying.",,,,,,,,,,,,,,,,
"October 16, 2018",Virus.DOS,Master Boot Record,Electronic,MASTER BOOT RECORD,"Rome, Italy",Andrew Parks,"error: Rate limited on GET https://api.spotify.com/v1/search: Spotify asked us to wait 85889s, above the 60s cap. Stopping instead of blocking — let it cool down before retrying.",,,,,,,,,,,,,,,,
"October 15, 2018",Deal Thy Fate,Album Of The Day: Castle,Metal,Ripple Music,"San Ramon, California",Zoe Camp,"error: Rate limited on GET https://api.spotify.com/v1/search: Spotify asked us to wait 85889s, above the 60s cap. Stopping instead of blocking — let it cool down before retrying.",,,,,,,,,,,,,,,,
"October 12, 2018",System,Trevor Jackson,Electronic,Independent Artist,"London, UK",Joe Muggs,"error: Rate limited on GET https://api.spotify.com/v1/search: Spotify asked us to wait 85889s, above the 60s cap. Stopping instead of blocking — let it cool down before retrying.",,,,,,,,,,,,,,,,
"October 11, 2018",La Maison Noir,Petite Noir,Experimental,Independent Artist,"Cape Town, South Africa",Marcus J. Moore,"error: Rate limited on GET https://api.spotify.com/v1/search: Spotify asked us to wait 85889s, above the 60s cap. Stopping instead of blocking — let it cool down before retrying.",,,,,,,,,,,,,,,,
"October 10, 2018",Autobiography,Jlin,Electronic,Independent Artist,"Gary, Indiana",Will Schube,"error: Rate limited on GET https://api.spotify.com/v1/search: Spotify asked us to wait 85888s, above the 60s cap. Stopping instead of blocking — let it cool down before retrying.",,,,,,,,,,,,,,,,
"October 05, 2018",Helltown,Electric Citizen,Metal,Independent Artist,"Cincinnati, Ohio",Zachary Lipez,"error: Rate limited on GET https://api.spotify.com/v1/search: Spotify asked us to wait 85888s, above the 60s cap. Stopping instead of blocking — let it cool down before retrying.",,,,,,,,,,,,,,,,
"October 04, 2018",Soft Hell,Pill,Alternative,Independent Artist,"New York, New York",Annie Zaleski,"error: Rate limited on GET https://api.spotify.com/v1/search: Spotify asked us to wait 85888s, above the 60s cap. Stopping instead of blocking — let it cool down before retrying.",,,,,,,,,,,,,,,,
"October 03, 2018",For My Crimes,Marissa Nadler,Folk,Independent Artist,"Nashville, Tennessee",Dean Van Nguyen,"error: Rate limited on GET https://api.spotify.com/v1/search: Spotify asked us to wait 85888s, above the 60s cap. Stopping instead of blocking — let it cool down before retrying.",,,,,,,,,,,,,,,,
"October 02, 2018",Moontribe,Moontribe,World,Fortuna Records,"Tel Aviv, Israel",Megan Iacobini de Fazio,"error: Rate limited on GET https://api.spotify.com/v1/search: Spotify asked us to wait 85888s, above the 60s cap. Stopping instead of blocking — let it cool down before retrying.",,,,,,,,,,,,,,,,
"October 01, 2018",Future Bubblers 2.0,Various Artists,Electronic,Future Bubblers,"London, UK",Joe Muggs,"error: Rate limited on GET https://api.spotify.com/v1/search: Spotify asked us to wait 85887s, above the 60s cap. Stopping instead of blocking — let it cool down before retrying.",,,,,,,,,,,,,,,,
"September 28, 2018",Low,Jansport J,Hip-Hop/Rap,Independent Artist,"Los Angeles, California",Jesse Fairfax,"error: Rate limited on GET https://api.spotify.com/v1/search: Spotify asked us to wait 85887s, above the 60s cap. Stopping instead of blocking — let it cool down before retrying.",,,,,,,,,,,,,,,,
"September 27, 2018",Thunder Follows the Light,Mutual Benefit,Alternative,mutual benefit,"Brooklyn, New York",Allison Hussey,"error: Rate limited on GET https://api.spotify.com/v1/search: Spotify asked us to wait 85887s, above the 60s cap. Stopping instead of blocking — let it cool down before retrying.",,,,,,,,,,,,,,,,
"September 26, 2018",Burnt Sugar,Gouge Away,Punk,Independent Artist,"Fort Lauderdale, Florida",Michael Siebert,"error: Rate limited on GET https://api.spotify.com/v1/search: Spotify asked us to wait 85887s, above the 60s cap. Stopping instead of blocking — let it cool down before retrying.",,,,,,,,,,,,,,,,
"September 25, 2018",African Rhythms,Oneness of Juju,Funk,Independent Artist,"Richmond, Virginia",Dean Van Nguyen,"error: Rate limited on GET https://api.spotify.com/v1/search: Spotify asked us to wait 85887s, above the 60s cap. Stopping instead of blocking — let it cool down before retrying.",,,,,,,,,,,,,,,,
"September 21, 2018",Shelley’s on Zenn-La,Oliver Coates,Electronic,Independent Artist,"Glasgow, UK",Adam Badí Donoval,"error: Rate limited on GET https://api.spotify.com/v1/search: Spotify asked us to wait 85886s, above the 60s cap. Stopping instead of blocking — let it cool down before retrying.",,,,,,,,,,,,,,,,
"September 20, 2018",Further Still,Bosse-de-Nage,Metal,Independent Artist,,Michael Siebert,"error: Rate limited on GET https://api.spotify.com/v1/search: Spotify asked us to wait 85886s, above the 60s cap. Stopping instead of blocking — let it cool down before retrying.",,,,,,,,,,,,,,,,
"September 19, 2018",This Behavior,ADULT.,Electronic,Independent Artist,"Detroit, Michigan",Daniel Dylan Wray,"error: Rate limited on GET https://api.spotify.com/v1/search: Spotify asked us to wait 85886s, above the 60s cap. Stopping instead of blocking — let it cool down before retrying.",,,,,,,,,,,,,,,,
"September 18, 2018",Room 25,Noname,Hip-Hop/Rap,Independent Artist,"Chicago, Illinois",Marcus J. Moore,"error: Rate limited on GET https://api.spotify.com/v1/search: Spotify asked us to wait 85886s, above the 60s cap. Stopping instead of blocking — let it cool down before retrying.",,,,,,,,,,,,,,,,
"September 17, 2018",Rockers From the Land of Reggae,I-Mo-Jah,Reggae,Pressure Sounds,"England, UK",J. Edward Keyes,"error: Rate limited on GET https://api.spotify.com/v1/search: Spotify asked us to wait 85886s, above the 60s cap. Stopping instead of blocking — let it cool down before retrying.",,,,,,,,,,,,,,,,
"September 14, 2018",Find Us When U Get There,Scott Xylo,Funk,Independent Artist,"Leicester, UK",Martin Aston,"error: Rate limited on GET https://api.spotify.com/v1/search: Spotify asked us to wait 85885s, above the 60s cap. Stopping instead of blocking — let it cool down before retrying.",,,,,,,,,,,,,,,,
"September 13, 2018",Dur-Dur of Somalia – Volume 1 & Volume 2,Dur-Dur Band,Funk,Analog Africa,Germany,Megan Iacobini de Fazio,"error: Rate limited on GET https://api.spotify.com/v1/search: Spotify asked us to wait 85885s, above the 60s cap. Stopping instead of blocking — let it cool down before retrying.",,,,,,,,,,,,,,,,
"September 12, 2018",Render Another Ugly Method,Mothers,Rock,Independent Artist,"Philadelphia, Pennsylvania",Eric R. Danton,"error: Rate limited on GET https://api.spotify.com/v1/search: Spotify asked us to wait 85885s, above the 60s cap. Stopping instead of blocking — let it cool down before retrying.",,,,,,,,,,,,,,,,
"September 11, 2018",Kingdoms in Colour,Maribou State,Electronic,Independent Artist,"London, UK",Amaya Garcia,"error: Rate limited on GET https://api.spotify.com/v1/search: Spotify asked us to wait 85885s, above the 60s cap. Stopping instead of blocking — let it cool down before retrying.",,,,,,,,,,,,,,,,
"September 10, 2018",Events Score,Daniel Davies,Electronic,Independent Artist,"Los Angeles, California",Miles Bowe,"error: Rate limited on GET https://api.spotify.com/v1/search: Spotify asked us to wait 85884s, above the 60s cap. Stopping instead of blocking — let it cool down before retrying.",,,,,,,,,,,,,,,,
"September 07, 2018",Magus,Thou,Metal,Independent Artist,"Baton Rouge, Louisiana",Ashley Naftule,"error: Rate limited on GET https://api.spotify.com/v1/search: Spotify asked us to wait 85884s, above the 60s cap. Stopping instead of blocking — let it cool down before retrying.",,,,,,,,,,,,,,,,
"September 06, 2018",New Hymn to Freedom,Szun Waves,Jazz,Independent Artist,"London, UK",Dave Sumner,"error: Rate limited on GET https://api.spotify.com/v1/search: Spotify asked us to wait 85884s, above the 60s cap. Stopping instead of blocking — let it cool down before retrying.",,,,,,,,,,,,,,,,
"September 05, 2018",Melondrama,Cale Sexton,Electronic,Independent Artist,"Melbourne, Australia",Miles Bowe,"error: Rate limited on GET https://api.spotify.com/v1/search: Spotify asked us to wait 85884s, above the 60s cap. Stopping instead of blocking — let it cool down before retrying.",,,,,,,,,,,,,,,,
"September 04, 2018",I’m Reliving the End Over and Over and Over Again and Its Only the Beginning,Risa Rubin,Alternative,Independent Artist,"Chicago, Illinois",Mariana Timony,"error: Rate limited on GET https://api.spotify.com/v1/search: Spotify asked us to wait 85884s, above the 60s cap. Stopping instead of blocking — let it cool down before retrying.",,,,,,,,,,,,,,,,
"August 31, 2018",Joy As An Act of Resistance.,Idles,Punk,IDLES,"Bristol, UK",Fergal Kenney,"error: Rate limited on GET https://api.spotify.com/v1/search: Spotify asked us to wait 85883s, above the 60s cap. Stopping instead of blocking — let it cool down before retrying.",,,,,,,,,,,,,,,,
"August 30, 2018",Only Self,Jesus Piece,Punk,Independent Artist,"Philadelphia, Pennsylvania",Michael Siebert,"error: Rate limited on GET https://api.spotify.com/v1/search: Spotify asked us to wait 85883s, above the 60s cap. Stopping instead of blocking — let it cool down before retrying.",,,,,,,,,,,,,,,,
"August 29, 2018",Energy Dreams,Rejoicer,Electronic,Independent Artist,"Los Angeles, California",Nate Patrin,"error: Rate limited on GET https://api.spotify.com/v1/search: Spotify asked us to wait 85883s, above the 60s cap. Stopping instead of blocking — let it cool down before retrying.",,,,,,,,,,,,,,,,
"August 28, 2018",Tangerine Reef,Animal Collective,Alternative,Independent Artist,"Baltimore, Maryland",Sam Goldner,"error: Rate limited on GET https://api.spotify.com/v1/search: Spotify asked us to wait 85883s, above the 60s cap. Stopping instead of blocking — let it cool down before retrying.",,,,,,,,,,,,,,,,
"August 27, 2018",Nobody’s Watching,Steady Holiday,Alternative,Independent Artist,"Los Angeles, California",Max Savage Levenson,"error: Rate limited on GET https://api.spotify.com/v1/search: Spotify asked us to wait 85883s, above the 60s cap. Stopping instead of blocking — let it cool down before retrying.",,,,,,,,,,,,,,,,
"August 23, 2018",Limpid Fear [清澈恐惧],bod [包家巷],Electronic,Independent Artist,"Berlin, Germany",Sam Goldner,"error: Rate limited on GET https://api.spotify.com/v1/search: Spotify asked us to wait 85882s, above the 60s cap. Stopping instead of blocking — let it cool down before retrying.",,,,,,,,,,,,,,,,
"August 22, 2018",Nostrum Grocers,Nostrum Grocers,Hip-Hop/Rap,Independent Artist,"New York, New York",Paul Thompson,"error: Rate limited on GET https://api.spotify.com/v1/search: Spotify asked us to wait 85882s, above the 60s cap. Stopping instead of blocking — let it cool down before retrying.",,,,,,,,,,,,,,,,
"August 21, 2018",Thank You For Today,Death Cab for Cutie,Alternative,Independent Artist,"Seattle, Washington",Candace McDuffie,"error: Rate limited on GET https://api.spotify.com/v1/search: Spotify asked us to wait 85882s, above the 60s cap. Stopping instead of blocking — let it cool down before retrying.",,,,,,,,,,,,,,,,
"August 20, 2018",Slide,George Clanton,Electronic,Independent Artist,"Los Angeles, California",David Glickman,"error: Rate limited on GET https://api.spotify.com/v1/search: Spotify asked us to wait 85882s, above the 60s cap. Stopping instead of blocking — let it cool down before retrying.",,,,,,,,,,,,,,,,
"August 17, 2018",Be the Cowboy,Mitski,Alternative,Independent Artist,"New York, New York",Ally-Jane Grossan,"error: Rate limited on GET https://api.spotify.com/v1/search: Spotify asked us to wait 85882s, above the 60s cap. Stopping instead of blocking — let it cool down before retrying.",,,,,,,,,,,,,,,,
"August 16, 2018",Clear Tamei/Steel Mogu,Iglooghost,Electronic,Independent Artist,UK,Joe Muggs,"error: Rate limited on GET https://api.spotify.com/v1/search: Spotify asked us to wait 85881s, above the 60s cap. Stopping instead of blocking — let it cool down before retrying.",,,,,,,,,,,,,,,,
"August 15, 2018",Bloom,Somni,Experimental,Independent Artist,"Los Angeles, California",Blake Gillespie,"error: Rate limited on GET https://api.spotify.com/v1/search: Spotify asked us to wait 85881s, above the 60s cap. Stopping instead of blocking — let it cool down before retrying.",,,,,,,,,,,,,,,,
"August 14, 2018",Deep in the Big,Rabbit Island,Alternative,Independent Artist,"Perth, Australia",Doug Wallen,"error: Rate limited on GET https://api.spotify.com/v1/search: Spotify asked us to wait 85881s, above the 60s cap. Stopping instead of blocking — let it cool down before retrying.",,,,,,,,,,,,,,,,
"August 13, 2018",Protean Labyrinth,Kyoko Kitamura,Jazz,Independent Artist,"Brooklyn, New York",Seth Colter Walls,"error: Rate limited on GET https://api.spotify.com/v1/search: Spotify asked us to wait 85881s, above the 60s cap. Stopping instead of blocking — let it cool down before retrying.",,,,,,,,,,,,,,,,
"August 10, 2018",Suffuse,Roy Montgomery,Ambient,Ba Da Bing Records,"Providence, Rhode Island",Daniel Dylan Wray,"error: Rate limited on GET https://api.spotify.com/v1/search: Spotify asked us to wait 85881s, above the 60s cap. Stopping instead of blocking — let it cool down before retrying.",,,,,,,,,,,,,,,,
"August 09, 2018",Future Me Hates Me,The Beths,Alternative,Independent Artist,"Auckland, New Zealand",Max Savage Levenson,"error: Rate limited on GET https://api.spotify.com/v1/search: Spotify asked us to wait 85880s, above the 60s cap. Stopping instead of blocking — let it cool down before retrying.",,,,,,,,,,,,,,,,
"August 08, 2018",Our Garden Needs Its Flowers,Jess Sah Bi & Peter One,Folk,Jess Sah Bi &amp; Peter One,,Dean Van Nguyen,"error: Rate limited on GET https://api.spotify.com/v1/search: Spotify asked us to wait 85880s, above the 60s cap. Stopping instead of blocking — let it cool down before retrying.",,,,,,,,,,,,,,,,
"August 07, 2018",Catching a Body,Hprizm,Hip-Hop/Rap,Independent Artist,"New York, New York",Nate Patrin,"error: Rate limited on GET https://api.spotify.com/v1/search: Spotify asked us to wait 85880s, above the 60s cap. Stopping instead of blocking — let it cool down before retrying.",,,,,,,,,,,,,,,,
"August 06, 2018",Maroon Cloud,Nicole Mitchell,Jazz,Nicole M Mitchell,North Carolina,Peter Margasak,"error: Rate limited on GET https://api.spotify.com/v1/search: Spotify asked us to wait 85880s, above the 60s cap. Stopping instead of blocking — let it cool down before retrying.",,,,,,,,,,,,,,,,
"August 03, 2018",Bell House,Shy Boys,Alternative,Independent Artist,"Kansas City, Missouri",Annie Howard,"error: Rate limited on GET https://api.spotify.com/v1/search: Spotify asked us to wait 85880s, above the 60s cap. Stopping instead of blocking — let it cool down before retrying.",,,,,,,,,,,,,,,,
"August 02, 2018",Dissolvi,Steve Hauschildt,Electronic,Independent Artist,"Tbilisi, Georgia",Andrew Parks,"error: Rate limited on GET https://api.spotify.com/v1/search: Spotify asked us to wait 85879s, above the 60s cap. Stopping instead of blocking — let it cool down before retrying.",,,,,,,,,,,,,,,,
"August 01, 2018",Michael Nau & the Mighty Thread,Michael Nau & the Mighty Thread,Alternative,Michael Nau,Maryland,Will Schube,"error: Rate limited on GET https://api.spotify.com/v1/search: Spotify asked us to wait 85879s, above the 60s cap. Stopping instead of blocking — let it cool down before retrying.",,,,,,,,,,,,,,,,
"July 31, 2018",Before the Day Has Gone,Bellini,Alternative,Independent Artist,"Sizilien, Italy",Brad Cohan,"error: Rate limited on GET https://api.spotify.com/v1/search: Spotify asked us to wait 85879s, above the 60s cap. Stopping instead of blocking — let it cool down before retrying.",,,,,,,,,,,,,,,,
"July 30, 2018",Touch Dissolves,Aaron Martin,Jazz,IIKKI,"Brittany, France",Dave Sumner,"error: Rate limited on GET https://api.spotify.com/v1/search: Spotify asked us to wait 85879s, above the 60s cap. Stopping instead of blocking — let it cool down before retrying.",,,,,,,,,,,,,,,,
"July 27, 2018",At Your Leisure,Clearance,Rock,Independent Artist,"Chicago, Illinois",Mariana Timony,"error: Rate limited on GET https://api.spotify.com/v1/search: Spotify asked us to wait 85878s, above the 60s cap. Stopping instead of blocking — let it cool down before retrying.",,,,,,,,,,,,,,,,
"July 26, 2018",Little Ugly Girls,Little Ugly Girls,Alternative,Independent Artist,"Melbourne, Australia",Doug Wallen,"error: Rate limited on GET https://api.spotify.com/v1/search: Spotify asked us to wait 85878s, above the 60s cap. Stopping instead of blocking — let it cool down before retrying.",,,,,,,,,,,,,,,,
"July 25, 2018",Sundays,Tanukichan,Alternative,Independent Artist,"Oakland, California",Max Mohenu,"error: Rate limited on GET https://api.spotify.com/v1/search: Spotify asked us to wait 85878s, above the 60s cap. Stopping instead of blocking — let it cool down before retrying.",,,,,,,,,,,,,,,,
"July 24, 2018",Lithium Zion,Deaf Wish,Alternative,Independent Artist,"Melbourne, Australia",Joe Gross,"error: Rate limited on GET https://api.spotify.com/v1/search: Spotify asked us to wait 85878s, above the 60s cap. Stopping instead of blocking — let it cool down before retrying.",,,,,,,,,,,,,,,,
"July 23, 2018",Ogre Heights,Mondo Lava,Electronic,Independent Artist,"Pamplona, Spain",Amaya Garcia,"error: Rate limited on GET https://api.spotify.com/v1/search: Spotify asked us to wait 85878s, above the 60s cap. Stopping instead of blocking — let it cool down before retrying.",,,,,,,,,,,,,,,,
"July 19, 2018",Nose Picker,Negative Scanner,Alternative,Independent Artist,"Chicago, Illinois",Luke Ottenhof,"error: Rate limited on GET https://api.spotify.com/v1/search: Spotify asked us to wait 85877s, above the 60s cap. Stopping instead of blocking — let it cool down before retrying.",,,,,,,,,,,,,,,,
"July 18, 2018",Ordinary Corrupt Human Love,Deafheaven,Metal,Independent Artist,San Francisco,Jon Wiederhorn,"error: Rate limited on GET https://api.spotify.com/v1/search: Spotify asked us to wait 85877s, above the 60s cap. Stopping instead of blocking — let it cool down before retrying.",,,,,,,,,,,,,,,,
"July 17, 2018",Here From Where We Are,Pariah,Ambient,Independent Artist,UK,Joe Muggs,"error: Rate limited on GET https://api.spotify.com/v1/search: Spotify asked us to wait 85877s, above the 60s cap. Stopping instead of blocking — let it cool down before retrying.",,,,,,,,,,,,,,,,
"July 16, 2018",The Switch,Body/Head,Alternative,Independent Artist,"Northampton, Massachusetts",Daniel Dylan Wray,"error: Rate limited on GET https://api.spotify.com/v1/search: Spotify asked us to wait 85877s, above the 60s cap. Stopping instead of blocking — let it cool down before retrying.",,,,,,,,,,,,,,,,
"July 13, 2018",Endless Scroll,BODEGA,Alternative,Independent Artist,"New York, New York",Max Freedman,"error: Rate limited on GET https://api.spotify.com/v1/search: Spotify asked us to wait 85877s, above the 60s cap. Stopping instead of blocking — let it cool down before retrying.",,,,,,,,,,,,,,,,
"July 12, 2018",Disambiguation,Cruel Diagonals,Ambient,Independent Artist,"Los Angeles, California",Raymond Cummings,"error: Rate limited on GET https://api.spotify.com/v1/search: Spotify asked us to wait 85876s, above the 60s cap. Stopping instead of blocking — let it cool down before retrying.",,,,,,,,,,,,,,,,
"July 11, 2018",Capricho del Diablo,San Cha,Latin,Independent Artist,"Los Angeles, California",Catalina Maria Johnson,"error: Rate limited on GET https://api.spotify.com/v1/search: Spotify asked us to wait 85876s, above the 60s cap. Stopping instead of blocking — let it cool down before retrying.",,,,,,,,,,,,,,,,
"July 10, 2018",1+1=X,Various Artists,Experimental,Erased Tapes,"London, UK",Erin Lyndal Martin,"error: Rate limited on GET https://api.spotify.com/v1/search: Spotify asked us to wait 85876s, above the 60s cap. Stopping instead of blocking — let it cool down before retrying.",,,,,,,,,,,,,,,,
"July 09, 2018",Black Hole Party,Thousand Foot Whale Claw,Electronic,Independent Artist,"Austin, Texas",Andrew Parks,"error: Rate limited on GET https://api.spotify.com/v1/search: Spotify asked us to wait 85876s, above the 60s cap. Stopping instead of blocking — let it cool down before retrying.",,,,,,,,,,,,,,,,
"July 06, 2018",No Trail and Other Unholy Paths,Jaye Jayle,Alternative,Independent Artist,"Louisville, Kentucky",Annie Zaleski,"error: Rate limited on GET https://api.spotify.com/v1/search: Spotify asked us to wait 85875s, above the 60s cap. Stopping instead of blocking — let it cool down before retrying.",,,,,,,,,,,,,,,,
"July 05, 2018",How Many Times Have You Driven By,hana vu,Alternative,Independent Artist,"Los Angeles, California",Max Savage Levenson,"error: Rate limited on GET https://api.spotify.com/v1/search: Spotify asked us to wait 85875s, above the 60s cap. Stopping instead of blocking — let it cool down before retrying.",,,,,,,,,,,,,,,,
"July 03, 2018",Byen,Bjørn Torske,Electronic,Independent Artist,Norway,David Garber,"error: Rate limited on GET https://api.spotify.com/v1/search: Spotify asked us to wait 85875s, above the 60s cap. Stopping instead of blocking — let it cool down before retrying.",,,,,,,,,,,,,,,,
"June 29, 2018",Desolation,Khemmis,Metal,20 Buck Spin,"Pittsburgh, Pennsylvania",Sarah Kitteringham,"error: Rate limited on GET https://api.spotify.com/v1/search: Spotify asked us to wait 85875s, above the 60s cap. Stopping instead of blocking — let it cool down before retrying.",,,,,,,,,,,,,,,,
"June 28, 2018",Ikhlas,FAUXE,Electronic,CHINABOT,"London, UK",Karen Gwee,"error: Rate limited on GET https://api.spotify.com/v1/search: Spotify asked us to wait 85874s, above the 60s cap. Stopping instead of blocking — let it cool down before retrying.",,,,,,,,,,,,,,,,
"June 27, 2018",Divine Weight,Alex Zhang Hungtai,Ambient,Independent Artist,"New York, New York",Tristan Bath,"error: Rate limited on GET https://api.spotify.com/v1/search: Spotify asked us to wait 85874s, above the 60s cap. Stopping instead of blocking — let it cool down before retrying.",,,,,,,,,,,,,,,,
"June 26, 2018",Voids,Martyn,Electronic,Independent Artist,"Washington, D.C.",Marcus J. Moore,"error: Rate limited on GET https://api.spotify.com/v1/search: Spotify asked us to wait 85874s, above the 60s cap. Stopping instead of blocking — let it cool down before retrying.",,,,,,,,,,,,,,,,
"June 25, 2018",Roach Goin’ Down,Palberta,Alternative,Independent Artist,"New York, New York",Sasha Geffen,"error: Rate limited on GET https://api.spotify.com/v1/search: Spotify asked us to wait 85874s, above the 60s cap. Stopping instead of blocking — let it cool down before retrying.",,,,,,,,,,,,,,,,
"June 22, 2018",Alive In the East?,Binker & Moses,Jazz,Binker and Moses,"London, UK",Andy Thomas,"error: Rate limited on GET https://api.spotify.com/v1/search: Spotify asked us to wait 85874s, above the 60s cap. Stopping instead of blocking — let it cool down before retrying.",,,,,,,,,,,,,,,,
"June 21, 2018",Cloud Corner,Marisa Anderson,Folk,Independent Artist,"Portland, Oregon",Robert Ham,"error: Rate limited on GET https://api.spotify.com/v1/search: Spotify asked us to wait 85873s, above the 60s cap. Stopping instead of blocking — let it cool down before retrying.",,,,,,,,,,,,,,,,
"June 20, 2018",Maghreb United,AMMAR 808,Electronic,Independent Artist,,Amaya Garcia,"error: Rate limited on GET https://api.spotify.com/v1/search: Spotify asked us to wait 85873s, above the 60s cap. Stopping instead of blocking — let it cool down before retrying.",,,,,,,,,,,,,,,,
"June 19, 2018","¡Súbelo, Cuba!",Havana Cultura,Electronic,Independent Artist,"London, UK",David Garber,"error: Rate limited on GET https://api.spotify.com/v1/search: Spotify asked us to wait 85873s, above the 60s cap. Stopping instead of blocking — let it cool down before retrying.",,,,,,,,,,,,,,,,
"June 18, 2018",Listen All Around: The Golden Age of Central and East African Music,Dust-to-Digital,,Independent Artist,"Atlanta, Georgia",Peter Holslin,"error: Rate limited on GET https://api.spotify.com/v1/search: Spotify asked us to wait 85873s, above the 60s cap. Stopping instead of blocking — let it cool down before retrying.",,,,,,,,,,,,,,,,
"June 15, 2018",Bon Voyage,Melody’s Echo Chamber,Experimental,Melody&#39;s Echo Chamber,"Paris, France",Amaya Garcia,"error: Rate limited on GET https://api.spotify.com/v1/search: Spotify asked us to wait 85873s, above the 60s cap. Stopping instead of blocking — let it cool down before retrying.",,,,,,,,,,,,,,,,
"June 14, 2018",Cinereous Incarnate,Abstracter,Metal,Independent Artist,"Oakland, California",Jordan Reyes,"error: Rate limited on GET https://api.spotify.com/v1/search: Spotify asked us to wait 85872s, above the 60s cap. Stopping instead of blocking — let it cool down before retrying.",,,,,,,,,,,,,,,,
"June 13, 2018",Happysad,Kiefer,Hip-Hop/Rap,Independent Artist,"Los Angeles, California",Will Schube,"error: Rate limited on GET https://api.spotify.com/v1/search: Spotify asked us to wait 85872s, above the 60s cap. Stopping instead of blocking — let it cool down before retrying.",,,,,,,,,,,,,,,,
"June 12, 2018",Colt,Hilary Woods,Ambient,Independent Artist,,Amaya Garcia,"error: Rate limited on GET https://api.spotify.com/v1/search: Spotify asked us to wait 85872s, above the 60s cap. Stopping instead of blocking — let it cool down before retrying.",,,,,,,,,,,,,,,,
"June 11, 2018",Fades,Cheer-Accident,Experimental,Independent Artist,"Chicago, Illinois",Brad Cohan,"error: Rate limited on GET https://api.spotify.com/v1/search: Spotify asked us to wait 85872s, above the 60s cap. Stopping instead of blocking — let it cool down before retrying.",,,,,,,,,,,,,,,,
"June 08, 2018",Childqueen,Kadhja Bonet,R&amp;B/Soul,Independent Artist,"Toronto, Ontario",Briana Younger,"error: Rate limited on GET https://api.spotify.com/v1/search: Spotify asked us to wait 85871s, above the 60s cap. Stopping instead of blocking — let it cool down before retrying.",,,,,,,,,,,,,,,,
"June 07, 2018",Free For All,Sami Baha,Electronic,Independent Artist,"Istanbul, Turkey",Sam Goldner,"error: Rate limited on GET https://api.spotify.com/v1/search: Spotify asked us to wait 85871s, above the 60s cap. Stopping instead of blocking — let it cool down before retrying.",,,,,,,,,,,,,,,,
"June 06, 2018",Black Soap,MIKE,Hip-Hop/Rap,Independent Artist,"New York, New York",Christina Lee,"error: Rate limited on GET https://api.spotify.com/v1/search: Spotify asked us to wait 85871s, above the 60s cap. Stopping instead of blocking — let it cool down before retrying.",,,,,,,,,,,,,,,,
"June 05, 2018",Pink Noise,Echo Ladies,Pop,Independent Artist,"Malmö, Sweden",Amaya Garcia,"error: Rate limited on GET https://api.spotify.com/v1/search: Spotify asked us to wait 85871s, above the 60s cap. Stopping instead of blocking — let it cool down before retrying.",,,,,,,,,,,,,,,,
"June 04, 2018",Hell-On,Neko Case,Alternative,Independent Artist,"Seattle, Washington",Max Savage Levenson,"error: Rate limited on GET https://api.spotify.com/v1/search: Spotify asked us to wait 85870s, above the 60s cap. Stopping instead of blocking — let it cool down before retrying.",,,,,,,,,,,,,,,,
"June 01, 2018",Gentle Leader,Peach Kelli Pop,,Independent Artist,"Long Beach, California",Mariana Timony,"error: Rate limited on GET https://api.spotify.com/v1/search: Spotify asked us to wait 85870s, above the 60s cap. Stopping instead of blocking — let it cool down before retrying.",,,,,,,,,,,,,,,,
"May 31, 2018",Astral Projection,ASC,Electronic,Independent Artist,"Del Mar, California",Joe Muggs,"error: Rate limited on GET https://api.spotify.com/v1/search: Spotify asked us to wait 85870s, above the 60s cap. Stopping instead of blocking — let it cool down before retrying.",,,,,,,,,,,,,,,,
"May 30, 2018",Fear of a Brown Planet,Brownout,Funk,Fat Beats Records,"Los Angeles, California",Nate Patrin,"error: Rate limited on GET https://api.spotify.com/v1/search: Spotify asked us to wait 85870s, above the 60s cap. Stopping instead of blocking — let it cool down before retrying.",,,,,,,,,,,,,,,,
"May 29, 2018",The Long Sleep,Jenny Hval,Experimental,Independent Artist,"Oslo, Norway",Joe Bucciero,"error: Rate limited on GET https://api.spotify.com/v1/search: Spotify asked us to wait 85870s, above the 60s cap. Stopping instead of blocking — let it cool down before retrying.",,,,,,,,,,,,,,,,
"May 25, 2018",Sink,Sudan Archives,Experimental,Independent Artist,"Los Angeles, California",Jay Balfour,"error: Rate limited on GET https://api.spotify.com/v1/search: Spotify asked us to wait 85869s, above the 60s cap. Stopping instead of blocking — let it cool down before retrying.",,,,,,,,,,,,,,,,
"May 24, 2018",Argonauta,Aisha Burns,Folk,Independent Artist,Massachusetts,Max Savage Levenson,"error: Rate limited on GET https://api.spotify.com/v1/search: Spotify asked us to wait 85869s, above the 60s cap. Stopping instead of blocking — let it cool down before retrying.",,,,,,,,,,,,,,,,
"May 23, 2018",Tell Me How You Really Feel,Courtney Barnett,Alternative,courtney barnett,"Melbourne, Australia",Aly Comingore,"error: Rate limited on GET https://api.spotify.com/v1/search: Spotify asked us to wait 85869s, above the 60s cap. Stopping instead of blocking — let it cool down before retrying.",,,,,,,,,,,,,,,,
"May 22, 2018",Mating Surfaces,Lithics,Punk,L I T H I C S,"Portland, Oregon",Kerry Cardoza,"error: Rate limited on GET https://api.spotify.com/v1/search: Spotify asked us to wait 85869s, above the 60s cap. Stopping instead of blocking — let it cool down before retrying.",,,,,,,,,,,,,,,,
"May 21, 2018",Sacrifices,Prefuse 73,Electronic,Independent Artist,"New York, New York",Will Schube,"error: Rate limited on GET https://api.spotify.com/v1/search: Spotify asked us to wait 85869s, above the 60s cap. Stopping instead of blocking — let it cool down before retrying.",,,,,,,,,,,,,,,,
"May 18, 2018",Happy Ending,Wax Idols,Alternative,Independent Artist,California,Ned Raggett,"error: Rate limited on GET https://api.spotify.com/v1/search: Spotify asked us to wait 85868s, above the 60s cap. Stopping instead of blocking — let it cool down before retrying.",,,,,,,,,,,,,,,,
"May 17, 2018",Savagery,Skinless,Metal,Independent Artist,"Moreau, New York",Zoe Camp,"error: Rate limited on GET https://api.spotify.com/v1/search: Spotify asked us to wait 85868s, above the 60s cap. Stopping instead of blocking — let it cool down before retrying.",,,,,,,,,,,,,,,,
"May 16, 2018",Location,The Contemporary Jazz Quintet,Jazz,Independent Artist,,Michael J. West,"error: Rate limited on GET https://api.spotify.com/v1/search: Spotify asked us to wait 85868s, above the 60s cap. Stopping instead of blocking — let it cool down before retrying.",,,,,,,,,,,,,,,,
"May 15, 2018","I Have Fought Against It, But I Can’t Any Longer",The Body,Metal,the body,"Portland, Oregon",Joe Bucciero,"error: Rate limited on GET https://api.spotify.com/v1/search: Spotify asked us to wait 85868s, above the 60s cap. Stopping instead of blocking — let it cool down before retrying.",,,,,,,,,,,,,,,,
"May 14, 2018",7,Beach House,Alternative,Independent Artist,"Baltimore, Maryland",Max Freedman,"error: Rate limited on GET https://api.spotify.com/v1/search: Spotify asked us to wait 85868s, above the 60s cap. Stopping instead of blocking — let it cool down before retrying.",,,,,,,,,,,,,,,,
"May 11, 2018",DNA Feelings,Aïsha Devi,Electronic,Aisha Devi,Switzerland,Philip Sherburne,"error: Rate limited on GET https://api.spotify.com/v1/search: Spotify asked us to wait 85867s, above the 60s cap. Stopping instead of blocking — let it cool down before retrying.",,,,,,,,,,,,,,,,
"May 10, 2018",Quieter,Carla Bozulich,Experimental,Carla Bozulich / Evangelista,"Los Angeles, California",JJ Skolnik,"error: Rate limited on GET https://api.spotify.com/v1/search: Spotify asked us to wait 85867s, above the 60s cap. Stopping instead of blocking — let it cool down before retrying.",,,,,,,,,,,,,,,,
"May 09, 2018",Singularity,Jon Hopkins,Electronic,Independent Artist,"London, UK",Amaya Garcia,"error: Rate limited on GET https://api.spotify.com/v1/search: Spotify asked us to wait 85867s, above the 60s cap. Stopping instead of blocking — let it cool down before retrying.",,,,,,,,,,,,,,,,
"May 08, 2018",Exit Future Heart,Dustin Wong + Takako Minekawa + Good Willsmith,Electronic,Umor Rex,"Mexico City, Mexico",Joe Muggs,"error: Rate limited on GET https://api.spotify.com/v1/search: Spotify asked us to wait 85867s, above the 60s cap. Stopping instead of blocking — let it cool down before retrying.",,,,,,,,,,,,,,,,
"May 07, 2018",Blue Poles,Jack Ladder & the Dreamlanders,Alternative,Jack Ladder &amp; The Dreamlanders,"Sydney, Australia",Ned Raggett,"error: Rate limited on GET https://api.spotify.com/v1/search: Spotify asked us to wait 85866s, above the 60s cap. Stopping instead of blocking — let it cool down before retrying.",,,,,,,,,,,,,,,,
"May 03, 2018",Sekyra prohnaná kolenem,Nikander,Metal,Independent Artist,"Brno, Czech Republic",Jacopo Sanna,"error: Rate limited on GET https://api.spotify.com/v1/search: Spotify asked us to wait 85866s, above the 60s cap. Stopping instead of blocking — let it cool down before retrying.",,,,,,,,,,,,,,,,
"May 02, 2018",Miro Tape,Duppy Gun Productions,Reggae,DUPPY GUN,"Los Angeles, California",Joe Muggs,"error: Rate limited on GET https://api.spotify.com/v1/search: Spotify asked us to wait 85866s, above the 60s cap. Stopping instead of blocking — let it cool down before retrying.",,,,,,,,,,,,,,,,
"May 01, 2018",Rejuvenate,Paul White,Experimental,Independent Artist,"London, UK",Marcus J. Moore,"error: Rate limited on GET https://api.spotify.com/v1/search: Spotify asked us to wait 85866s, above the 60s cap. Stopping instead of blocking — let it cool down before retrying.",,,,,,,,,,,,,,,,
"April 30, 2018",Vive la Void,Vive la Void,Electronic,Independent Artist,"Portland, Oregon",Sasha Geffen,"error: Rate limited on GET https://api.spotify.com/v1/search: Spotify asked us to wait 85866s, above the 60s cap. Stopping instead of blocking — let it cool down before retrying.",,,,,,,,,,,,,,,,
"April 27, 2018",Grid of Points,Grouper,Ambient,Independent Artist,,Brian Coney,"error: Rate limited on GET https://api.spotify.com/v1/search: Spotify asked us to wait 85865s, above the 60s cap. Stopping instead of blocking — let it cool down before retrying.",,,,,,,,,,,,,,,,
"April 26, 2018",self-titled (aka Spray Bottle),Ruby Karinto,Punk,Independent Artist,"Victoria, British Columbia",Jordan Reyes,"error: Rate limited on GET https://api.spotify.com/v1/search: Spotify asked us to wait 85865s, above the 60s cap. Stopping instead of blocking — let it cool down before retrying.",,,,,,,,,,,,,,,,
"April 25, 2018",Endless Light,Space Ghost,Hip-Hop/Rap,Independent Artist,"Oakland, California",Max Bell,"error: Rate limited on GET https://api.spotify.com/v1/search: Spotify asked us to wait 85865s, above the 60s cap. Stopping instead of blocking — let it cool down before retrying.",,,,,,,,,,,,,,,,
"April 23, 2018",Hollow of the Void,Petrification,Metal,Sentient Ruin Laboratories,"Oakland, California",Ed Blair,"error: Rate limited on GET https://api.spotify.com/v1/search: Spotify asked us to wait 85865s, above the 60s cap. Stopping instead of blocking — let it cool down before retrying.",,,,,,,,,,,,,,,,
"April 20, 2018",Direct Memory Access,MASTER BOOT RECORD,Metal,Independent Artist,"Rome, Italy",Casey Jarman,"error: Rate limited on GET https://api.spotify.com/v1/search: Spotify asked us to wait 85865s, above the 60s cap. Stopping instead of blocking — let it cool down before retrying.",,,,,,,,,,,,,,,,
"April 19, 2018",Stars Wept To the Sea,Unreqvited,Metal,Avantgarde Music,Italy,Sarah Kitteringham,"error: Rate limited on GET https://api.spotify.com/v1/search: Spotify asked us to wait 85864s, above the 60s cap. Stopping instead of blocking — let it cool down before retrying.",,,,,,,,,,,,,,,,
"April 18, 2018",Kudu,Anteloper,Jazz,International Anthem,"Chicago, Illinois",Joe Bucciero,"error: Rate limited on GET https://api.spotify.com/v1/search: Spotify asked us to wait 85864s, above the 60s cap. Stopping instead of blocking — let it cool down before retrying.",,,,,,,,,,,,,,,,
"April 17, 2018",Now That’s What I Call Trax! Volume 1,Various Artists,Electronic,TRAX Records,"Chicago, Illinois",Amaya Garcia,"error: Rate limited on GET https://api.spotify.com/v1/search: Spotify asked us to wait 85864s, above the 60s cap. Stopping instead of blocking — let it cool down before retrying.",,,,,,,,,,,,,,,,
"April 16, 2018",Odd Talk,Ganser,Alternative,Independent Artist,"Chicago, Illinois",Will Schube,"error: Rate limited on GET https://api.spotify.com/v1/search: Spotify asked us to wait 85864s, above the 60s cap. Stopping instead of blocking — let it cool down before retrying.",,,,,,,,,,,,,,,,
"April 13, 2018",Feel Great,WRONG,Metal,Wrong,"Miami, Florida",Sarah Kitteringham,"error: Rate limited on GET https://api.spotify.com/v1/search: Spotify asked us to wait 85863s, above the 60s cap. Stopping instead of blocking — let it cool down before retrying.",,,,,,,,,,,,,,,,
"April 12, 2018",The Recognitions,Exitmusic,Electronic,Independent Artist,New York,Laura Studarus,"error: Rate limited on GET https://api.spotify.com/v1/search: Spotify asked us to wait 85863s, above the 60s cap. Stopping instead of blocking — let it cool down before retrying.",,,,,,,,,,,,,,,,
"April 11, 2018",Grum Vol. 1,Rawkid,Hip-Hop/Rap,Independent Artist,"Sheffield, UK",Will Schube,"error: Rate limited on GET https://api.spotify.com/v1/search: Spotify asked us to wait 85863s, above the 60s cap. Stopping instead of blocking — let it cool down before retrying.",,,,,,,,,,,,,,,,
"April 10, 2018",Sun Go Nova,Denmark Vessey,Hip-Hop/Rap,Independent Artist,"Detroit, Michigan",Max Savage Levenson,"error: Rate limited on GET https://api.spotify.com/v1/search: Spotify asked us to wait 85863s, above the 60s cap. Stopping instead of blocking — let it cool down before retrying.",,,,,,,,,,,,,,,,
"April 09, 2018","The Louder I Call, The Faster It Runs",Wye Oak,Alternative,Independent Artist,"Baltimore, Maryland",Max Savage Levenson,"error: Rate limited on GET https://api.spotify.com/v1/search: Spotify asked us to wait 85863s, above the 60s cap. Stopping instead of blocking — let it cool down before retrying.",,,,,,,,,,,,,,,,
"April 06, 2018",Sex & Food,Unknown Mortal Orchestra,Rock,Independent Artist,"Portland, Oregon",Eric R. Danton,"error: Rate limited on GET https://api.spotify.com/v1/search: Spotify asked us to wait 85862s, above the 60s cap. Stopping instead of blocking — let it cool down before retrying.",,,,,,,,,,,,,,,,
"April 05, 2018",Rafiq Bhatia Breaking English,Rafiq Bhatia,Electronic,Independent Artist,New York,Laura Studarus,"error: Rate limited on GET https://api.spotify.com/v1/search: Spotify asked us to wait 85862s, above the 60s cap. Stopping instead of blocking — let it cool down before retrying.",,,,,,,,,,,,,,,,
"April 04, 2018",You Fucken Sucker,Paul de Jong,Experimental,Independent Artist,"North Adams, Massachusetts",Amaya Garcia,"error: Rate limited on GET https://api.spotify.com/v1/search: Spotify asked us to wait 85862s, above the 60s cap. Stopping instead of blocking — let it cool down before retrying.",,,,,,,,,,,,,,,,
"April 03, 2018",Ill Considered 3,Ill Considered,Jazz,Independent Artist,"London, UK",Andy Thomas,"error: Rate limited on GET https://api.spotify.com/v1/search: Spotify asked us to wait 85862s, above the 60s cap. Stopping instead of blocking — let it cool down before retrying.",,,,,,,,,,,,,,,,
"April 02, 2018",Adrian Younge Presents: Voices of Gemma,Adrian Younge,R&amp;B/Soul,Independent Artist,"Los Angeles, California",Will Schube,"error: Rate limited on GET https://api.spotify.com/v1/search: Spotify asked us to wait 85861s, above the 60s cap. Stopping instead of blocking — let it cool down before retrying.",,,,,,,,,,,,,,,,
"March 30, 2018",Dirt,Yamantaka//Sonic Titan,Experimental,Independent Artist,"Toronto, Ontario",Max Mertens,"error: Rate limited on GET https://api.spotify.com/v1/search: Spotify asked us to wait 85861s, above the 60s cap. Stopping instead of blocking — let it cool down before retrying.",,,,,,,,,,,,,,,,
"March 29, 2018",Jean Grae and Quelle Chris Take Society to Task,On “Everything’s Fine,Hip-Hop/Rap,Quelle Chris,"Detroit, Michigan",Marcus J. Moore,"error: Rate limited on GET https://api.spotify.com/v1/search: Spotify asked us to wait 85861s, above the 60s cap. Stopping instead of blocking — let it cool down before retrying.",,,,,,,,,,,,,,,,
"March 28, 2018",Run Deep,Deva Mahal,Pop,Independent Artist,"Wellington, New Zealand",Will Schube,"error: Rate limited on GET https://api.spotify.com/v1/search: Spotify asked us to wait 85861s, above the 60s cap. Stopping instead of blocking — let it cool down before retrying.",,,,,,,,,,,,,,,,
"March 27, 2018",Net,Sandra Bell,Alternative,Drawing Room Records,"New York, New York",Robert Ham,"error: Rate limited on GET https://api.spotify.com/v1/search: Spotify asked us to wait 85861s, above the 60s cap. Stopping instead of blocking — let it cool down before retrying.",,,,,,,,,,,,,,,,
"March 26, 2018",Code Girl,Mary Halvorson,Jazz,Independent Artist,"New York, New York",Peter Margasak,"error: Rate limited on GET https://api.spotify.com/v1/search: Spotify asked us to wait 85860s, above the 60s cap. Stopping instead of blocking — let it cool down before retrying.",,,,,,,,,,,,,,,,
"March 23, 2018",Possessor,GosT,Electronic,Gost,"hell, Michigan",Andrew Parks,"error: Rate limited on GET https://api.spotify.com/v1/search: Spotify asked us to wait 85860s, above the 60s cap. Stopping instead of blocking — let it cool down before retrying.",,,,,,,,,,,,,,,,
"March 22, 2018",Synthetic Core 88,Equip,Electronic,Independent Artist,"Chicago, Illinois",Simon Chandler,"error: Rate limited on GET https://api.spotify.com/v1/search: Spotify asked us to wait 85860s, above the 60s cap. Stopping instead of blocking — let it cool down before retrying.",,,,,,,,,,,,,,,,
"March 21, 2018",Polygondwanaland,King Gizzard & The Lizard Wizard,Rock,Only Lovers Records,France,John Morrison,"error: Rate limited on GET https://api.spotify.com/v1/search: Spotify asked us to wait 85860s, above the 60s cap. Stopping instead of blocking — let it cool down before retrying.",,,,,,,,,,,,,,,,
"March 20, 2018",Now Only,Album of  the Day: Mount Eerie,Alternative,Mount Eerie,"Anacortes, Washington",Jordan Reyes,"error: Rate limited on GET https://api.spotify.com/v1/search: Spotify asked us to wait 85860s, above the 60s cap. Stopping instead of blocking — let it cool down before retrying.",,,,,,,,,,,,,,,,
"March 19, 2018",The Incubus of Karma,Mournful Congregation,Metal,20 Buck Spin,"Pittsburgh, Pennsylvania",J. Bennett,"error: Rate limited on GET https://api.spotify.com/v1/search: Spotify asked us to wait 85859s, above the 60s cap. Stopping instead of blocking — let it cool down before retrying.",,,,,,,,,,,,,,,,
"March 16, 2018",Blueprint,Alice Bag,Alternative,Independent Artist,"Mexico City, Mexico",Annie Zaleski,"error: Rate limited on GET https://api.spotify.com/v1/search: Spotify asked us to wait 85859s, above the 60s cap. Stopping instead of blocking — let it cool down before retrying.",,,,,,,,,,,,,,,,
"March 15, 2018",New Path,Essaie Pas,Electronic,Independent Artist,"Montréal, Québec",Amaya Garcia,"error: Rate limited on GET https://api.spotify.com/v1/search: Spotify asked us to wait 85859s, above the 60s cap. Stopping instead of blocking — let it cool down before retrying.",,,,,,,,,,,,,,,,
"March 14, 2018",129 Dreamless GMG,Erica Eso,Alternative,Independent Artist,"Kingston, New York",Will Schube,"error: Rate limited on GET https://api.spotify.com/v1/search: Spotify asked us to wait 85859s, above the 60s cap. Stopping instead of blocking — let it cool down before retrying.",,,,,,,,,,,,,,,,
"March 13, 2018",Of Abstract Dreams,Sun Ra,Jazz,Sun Ra Arkestra,Alabama,Marcus J. Moore,"error: Rate limited on GET https://api.spotify.com/v1/search: Spotify asked us to wait 85859s, above the 60s cap. Stopping instead of blocking — let it cool down before retrying.",,,,,,,,,,,,,,,,
"March 12, 2018",Jericho Sirens,Hot Snakes,,Independent Artist,"San Diego, California",Jeff Terich,"error: Rate limited on GET https://api.spotify.com/v1/search: Spotify asked us to wait 85858s, above the 60s cap. Stopping instead of blocking — let it cool down before retrying.",,,,,,,,,,,,,,,,
"March 09, 2018",Hunchin’ All Night,Hunee,Electronic,Rush Hour Music,"Amsterdam, Netherlands",David Garber,"error: Rate limited on GET https://api.spotify.com/v1/search: Spotify asked us to wait 85858s, above the 60s cap. Stopping instead of blocking — let it cool down before retrying.",,,,,,,,,,,,,,,,
"March 08, 2018",Spiritual Jazz 8: Japan Pt. 1,Various Artists,Jazz,Spiritual Jazz,"London, UK",Ben Grenrock,"error: Rate limited on GET https://api.spotify.com/v1/search: Spotify asked us to wait 85858s, above the 60s cap. Stopping instead of blocking — let it cool down before retrying.",,,,,,,,,,,,,,,,
"March 07, 2018",Verdancy,David Garland,Experimental,Independent Artist,"New York, New York",Jim Allen,"error: Rate limited on GET https://api.spotify.com/v1/search: Spotify asked us to wait 85858s, above the 60s cap. Stopping instead of blocking — let it cool down before retrying.",,,,,,,,,,,,,,,,
"March 05, 2018",Who Are You,E Ruscha V,Electronic,Secret Circuit,"Los Angeles, California",Joe Darling,"error: Rate limited on GET https://api.spotify.com/v1/search: Spotify asked us to wait 85858s, above the 60s cap. Stopping instead of blocking — let it cool down before retrying.",,,,,,,,,,,,,,,,
"March 02, 2018",How to Socialise & Make Friends,Camp Cope,Rock,CAMP COPE,"Melbourne, Australia",Ally-Jane Grossan,"error: Rate limited on GET https://api.spotify.com/v1/search: Spotify asked us to wait 85857s, above the 60s cap. Stopping instead of blocking — let it cool down before retrying.",,,,,,,,,,,,,,,,
"March 01, 2018",The Hill Temple,Hex,Alternative,HEX,"Wellington, New Zealand",Isabelle Tolhurst,"error: Rate limited on GET https://api.spotify.com/v1/search: Spotify asked us to wait 85857s, above the 60s cap. Stopping instead of blocking — let it cool down before retrying.",,,,,,,,,,,,,,,,
"February 27, 2018",Temet,Imarhan,World,Independent Artist,"Tamanrasset, Algeria",Noah Berlatsky,"error: Rate limited on GET https://api.spotify.com/v1/search: Spotify asked us to wait 85857s, above the 60s cap. Stopping instead of blocking — let it cool down before retrying.",,,,,,,,,,,,,,,,
"February 26, 2018",The Biophonic Boombox Recordings,Nightcrawlers,Electronic,The Nightcrawlers,"Philadelphia, Pennsylvania",Simon Chandler,"error: Rate limited on GET https://api.spotify.com/v1/search: Spotify asked us to wait 85857s, above the 60s cap. Stopping instead of blocking — let it cool down before retrying.",,,,,,,,,,,,,,,,
"February 23, 2018",J​-​Jazz: Deep Modern Jazz from Japan 1969​-​1984,Various Artists,Jazz,BBE,"London, UK",Patrick Jarenwattananon,"error: Rate limited on GET https://api.spotify.com/v1/search: Spotify asked us to wait 85856s, above the 60s cap. Stopping instead of blocking — let it cool down before retrying.",,,,,,,,,,,,,,,,
"February 22, 2018",Pasar De Las Luces,Album of the day: Mint Field,Alternative,Mint Field,"Mexico City, Mexico",Daniel Dylan Wray,"error: Rate limited on GET https://api.spotify.com/v1/search: Spotify asked us to wait 85856s, above the 60s cap. Stopping instead of blocking — let it cool down before retrying.",,,,,,,,,,,,,,,,
"February 21, 2018",Sunder,Nathan Fake,Electronic,Independent Artist,"England, UK",Amaya Garcia,"error: Rate limited on GET https://api.spotify.com/v1/search: Spotify asked us to wait 85856s, above the 60s cap. Stopping instead of blocking — let it cool down before retrying.",,,,,,,,,,,,,,,,
"February 20, 2018",The Strife of Love in A Dream,Miracle,Electronic,Independent Artist,UK,Andrew Parks,"error: Rate limited on GET https://api.spotify.com/v1/search: Spotify asked us to wait 85856s, above the 60s cap. Stopping instead of blocking — let it cool down before retrying.",,,,,,,,,,,,,,,,
"February 16, 2018",Twin Fantasy,Car Seat Headrest,Alternative,Independent Artist,,J. Edward Keyes,"error: Rate limited on GET https://api.spotify.com/v1/search: Spotify asked us to wait 85856s, above the 60s cap. Stopping instead of blocking — let it cool down before retrying.",,,,,,,,,,,,,,,,
"February 15, 2018","Quare Groove, Vol. 1",Various Artists,Electronic,Allchival,"Dublin, Ireland",Philip Sherburne,"error: Rate limited on GET https://api.spotify.com/v1/search: Spotify asked us to wait 85855s, above the 60s cap. Stopping instead of blocking — let it cool down before retrying.",,,,,,,,,,,,,,,,
"February 14, 2018",The Optimist,Ryan Porter,Jazz,World Galaxy Records,"Los Angeles, California",Marcus J. Moore,"error: Rate limited on GET https://api.spotify.com/v1/search: Spotify asked us to wait 85855s, above the 60s cap. Stopping instead of blocking — let it cool down before retrying.",,,,,,,,,,,,,,,,
"February 13, 2018",Homowo,Basa Basa,,Independent Artist,"Accra, Ghana",Jonathan Bernstein,"error: Rate limited on GET https://api.spotify.com/v1/search: Spotify asked us to wait 85855s, above the 60s cap. Stopping instead of blocking — let it cool down before retrying.",,,,,,,,,,,,,,,,
"February 12, 2018",Candy Valley,Bigott,,Independent Artist,Spain,Casey Jarman,"error: Rate limited on GET https://api.spotify.com/v1/search: Spotify asked us to wait 85855s, above the 60s cap. Stopping instead of blocking — let it cool down before retrying.",,,,,,,,,,,,,,,,
"February 09, 2018",Slow Sundown,Holy Motors,Alternative,Independent Artist,"Tallinn, Estonia",Annie Zaleski,"error: Rate limited on GET https://api.spotify.com/v1/search: Spotify asked us to wait 85855s, above the 60s cap. Stopping instead of blocking — let it cool down before retrying.",,,,,,,,,,,,,,,,
"February 08, 2018",Esperanto,Victor Assis Brasil,Jazz,Independent Artist,Brazil,Casey Jarman,"error: Rate limited on GET https://api.spotify.com/v1/search: Spotify asked us to wait 85854s, above the 60s cap. Stopping instead of blocking — let it cool down before retrying.",,,,,,,,,,,,,,,,
"February 07, 2018",We Out Here,Various Artists,Jazz,We Out Here,"London, UK",Phillip Mlynar,"error: Rate limited on GET https://api.spotify.com/v1/search: Spotify asked us to wait 85854s, above the 60s cap. Stopping instead of blocking — let it cool down before retrying.",,,,,,,,,,,,,,,,
"February 06, 2018",Ere,Storm{O},Punk,STORMO,Italy,Jacopo Sanna,"error: Rate limited on GET https://api.spotify.com/v1/search: Spotify asked us to wait 85854s, above the 60s cap. Stopping instead of blocking — let it cool down before retrying.",,,,,,,,,,,,,,,,
"February 05, 2018",La Contra Ola,Various Artists,Electronic,Les Disques Bongo Joe,"Geneva, Switzerland",Casey Jarman,"error: Rate limited on GET https://api.spotify.com/v1/search: Spotify asked us to wait 85854s, above the 60s cap. Stopping instead of blocking — let it cool down before retrying.",,,,,,,,,,,,,,,,
"February 02, 2018",Whatever It Takes,James Hunter,R&amp;B/Soul,James Hunter Six,"England, UK",Jim Allen,"error: Rate limited on GET https://api.spotify.com/v1/search: Spotify asked us to wait 85854s, above the 60s cap. Stopping instead of blocking — let it cool down before retrying.",,,,,,,,,,,,,,,,
"February 01, 2018",Hilja,Cucina Povera,Electronic,Independent Artist,"Helsinki, Finland",Amaya Garcia,"error: Rate limited on GET https://api.spotify.com/v1/search: Spotify asked us to wait 85853s, above the 60s cap. Stopping instead of blocking — let it cool down before retrying.",,,,,,,,,,,,,,,,
"January 31, 2018",ION,Portal,Metal,Profound Lore Records,"Kitchener, Ontario",Joe Bucciero,"error: Rate limited on GET https://api.spotify.com/v1/search: Spotify asked us to wait 85853s, above the 60s cap. Stopping instead of blocking — let it cool down before retrying.",,,,,,,,,,,,,,,,
"January 30, 2018",Freedom’s Goblin,Ty Segall,Alternative,Independent Artist,"Los Angeles, California",Jonathan Bernstein,"error: Rate limited on GET https://api.spotify.com/v1/search: Spotify asked us to wait 85853s, above the 60s cap. Stopping instead of blocking — let it cool down before retrying.",,,,,,,,,,,,,,,,
"January 29, 2018",All These Worlds Are Yours,HOLY,Alternative,Independent Artist,"Stockholm, Sweden",Ned Raggett,"error: Rate limited on GET https://api.spotify.com/v1/search: Spotify asked us to wait 85853s, above the 60s cap. Stopping instead of blocking — let it cool down before retrying.",,,,,,,,,,,,,,,,
"January 26, 2018",This is Glue,Salad Boys,Alternative,Independent Artist,"Christchurch, New Zealand",J. Edward Keyes,"error: Rate limited on GET https://api.spotify.com/v1/search: Spotify asked us to wait 85853s, above the 60s cap. Stopping instead of blocking — let it cool down before retrying.",,,,,,,,,,,,,,,,
"January 25, 2018",Snares Like A Haircut,No Age,Alternative,Independent Artist,"Los Angeles, California",Jordan Reyes,"error: Rate limited on GET https://api.spotify.com/v1/search: Spotify asked us to wait 85852s, above the 60s cap. Stopping instead of blocking — let it cool down before retrying.",,,,,,,,,,,,,,,,
"January 24, 2018",Sunspots,Jeff Snyder,Experimental,Independent Artist,"Princeton, New Jersey",Raymond Cummings,"error: Rate limited on GET https://api.spotify.com/v1/search: Spotify asked us to wait 85852s, above the 60s cap. Stopping instead of blocking — let it cool down before retrying.",,,,,,,,,,,,,,,,
"January 23, 2018",Voice Hardcore,Phew,Electronic,Independent Artist,"Tokyo, Japan",Patrick St. Michel,"error: Rate limited on GET https://api.spotify.com/v1/search: Spotify asked us to wait 85852s, above the 60s cap. Stopping instead of blocking — let it cool down before retrying.",,,,,,,,,,,,,,,,
"January 19, 2018",The House,Porches,Pop,Independent Artist,"New York, New York",Joe Darling,"error: Rate limited on GET https://api.spotify.com/v1/search: Spotify asked us to wait 85852s, above the 60s cap. Stopping instead of blocking — let it cool down before retrying.",,,,,,,,,,,,,,,,
"January 18, 2018",Támsins Likam,Hamferð,Metal,Independent Artist,Faroe Islands,Saby Reyes-Kulkarni,"error: Rate limited on GET https://api.spotify.com/v1/search: Spotify asked us to wait 85851s, above the 60s cap. Stopping instead of blocking — let it cool down before retrying.",,,,,,,,,,,,,,,,
"January 17, 2018",The Miracles of the Seven Dances,Hany Mehanna,Experimental,Hany Mehanna - هاني مهنى,"Cairo, Egypt",Casey Jarman,"error: Rate limited on GET https://api.spotify.com/v1/search: Spotify asked us to wait 85851s, above the 60s cap. Stopping instead of blocking — let it cool down before retrying.",,,,,,,,,,,,,,,,
"January 16, 2018",Spencer for Hire,Vic Spencer & Sonny Jim,Hip-Hop/Rap,Daupe,"London, UK",Will Schube,"error: Rate limited on GET https://api.spotify.com/v1/search: Spotify asked us to wait 85851s, above the 60s cap. Stopping instead of blocking — let it cool down before retrying.",,,,,,,,,,,,,,,,
"January 12, 2018",Songs of Praise,Shame,Alternative,shame,"England, UK",Will Schube,"error: Rate limited on GET https://api.spotify.com/v1/search: Spotify asked us to wait 85851s, above the 60s cap. Stopping instead of blocking — let it cool down before retrying.",,,,,,,,,,,,,,,,
"January 11, 2018",Unearth,Album of  the Day: Crater,Alternative,Crater,"Seattle, Washington",J. Edward Keyes,"error: Rate limited on GET https://api.spotify.com/v1/search: Spotify asked us to wait 85851s, above the 60s cap. Stopping instead of blocking — let it cool down before retrying.",,,,,,,,,,,,,,,,
"January 10, 2018",33 33,NPVR,Experimental,Independent Artist,"London, UK",Joe Darling,"error: Rate limited on GET https://api.spotify.com/v1/search: Spotify asked us to wait 85850s, above the 60s cap. Stopping instead of blocking — let it cool down before retrying.",,,,,,,,,,,,,,,,
"January 09, 2018",Offerings,Typhoon,Rock,TYPHOON,"Portland, Oregon",Katrina Nattress,"error: Rate limited on GET https://api.spotify.com/v1/search: Spotify asked us to wait 85850s, above the 60s cap. Stopping instead of blocking — let it cool down before retrying.",,,,,,,,,,,,,,,,
"January 08, 2018",Savage Exile,Azar Swan,Electronic,aufnahme + wiedergabe,"Berlin, Germany",Ned Raggett,"error: Rate limited on GET https://api.spotify.com/v1/search: Spotify asked us to wait 85850s, above the 60s cap. Stopping instead of blocking — let it cool down before retrying.",,,,,,,,,,,,,,,,
"January 05, 2018",Somewhere Else,Profligate,Electronic,Independent Artist,"Cleveland, Ohio",Jordan Reyes,"error: Rate limited on GET https://api.spotify.com/v1/search: Spotify asked us to wait 85850s, above the 60s cap. Stopping instead of blocking — let it cool down before retrying.",,,,,,,,,,,,,,,,
"January 04, 2018","Detroit, MI 1997 – 2001",Heathered Pearls,Electronic,Independent Artist,"Brooklyn, New York",Andrew Parks,"error: Rate limited on GET https://api.spotify.com/v1/search: Spotify asked us to wait 85850s, above the 60s cap. Stopping instead of blocking — let it cool down before retrying.",,,,,,,,,,,,,,,,
"January 03, 2018",Habibi Funk 007: An eclectic selection of music from the Arab world,Various Artists,Funk,Habibi Funk Records,"Berlin, Germany",Andy Thomas,"error: Rate limited on GET https://api.spotify.com/v1/search: Spotify asked us to wait 85849s, above the 60s cap. Stopping instead of blocking — let it cool down before retrying.",,,,,,,,,,,,,,,,
"December 22, 2017",Laughing at the System,Total Control,Alternative,A  L  T  E  R,"London, UK",J. Edward Keyes,"error: Rate limited on GET https://api.spotify.com/v1/search: Spotify asked us to wait 85849s, above the 60s cap. Stopping instead of blocking — let it cool down before retrying.",,,,,,,,,,,,,,,,
"December 21, 2017",Weighing of the Heart,Nabihah Iqbal,Alternative,Independent Artist,"London, UK",J. Edward Keyes,"error: Rate limited on GET https://api.spotify.com/v1/search: Spotify asked us to wait 85849s, above the 60s cap. Stopping instead of blocking — let it cool down before retrying.",,,,,,,,,,,,,,,,
"December 20, 2017",Blush,Blush,Rock,Independent Artist,"Brooklyn, New York",Mariana Timony,"error: Rate limited on GET https://api.spotify.com/v1/search: Spotify asked us to wait 85849s, above the 60s cap. Stopping instead of blocking — let it cool down before retrying.",,,,,,,,,,,,,,,,
"December 19, 2017",When Daffi Attacks,Jeremiah Jae,Hip-Hop/Rap,Black Jungle Squad,"Chicago, Illinois",Marcus J. Moore,"error: Rate limited on GET https://api.spotify.com/v1/search: Spotify asked us to wait 85849s, above the 60s cap. Stopping instead of blocking — let it cool down before retrying.",,,,,,,,,,,,,,,,
"December 18, 2017",Forever Beast,Filthy Huns,Electronic,Independent Artist,"Los Angeles, California",J. Edward Keyes,"error: Rate limited on GET https://api.spotify.com/v1/search: Spotify asked us to wait 85848s, above the 60s cap. Stopping instead of blocking — let it cool down before retrying.",,,,,,,,,,,,,,,,
"December 15, 2017",Loss Memory,Coma Cinema,Alternative,Independent Artist,South Carolina,Eli Enis,"error: Rate limited on GET https://api.spotify.com/v1/search: Spotify asked us to wait 85848s, above the 60s cap. Stopping instead of blocking — let it cool down before retrying.",,,,,,,,,,,,,,,,
"December 14, 2017",The Crowning Quietus,Inconcessus Lux Lucis,Metal,Independent Artist,"Manchester, UK",Brad Sanders,"error: Rate limited on GET https://api.spotify.com/v1/search: Spotify asked us to wait 85848s, above the 60s cap. Stopping instead of blocking — let it cool down before retrying.",,,,,,,,,,,,,,,,
"December 13, 2017",Amp Dog Knights,Amp Fiddler,Electronic,Independent Artist,"Detroit, Michigan",Andrew Parks,"error: Rate limited on GET https://api.spotify.com/v1/search: Spotify asked us to wait 85848s, above the 60s cap. Stopping instead of blocking — let it cool down before retrying.",,,,,,,,,,,,,,,,
"December 12, 2017",Hesaitix,M.E.S.H.,Electronic,Hesaitix / M.E.S.H.,,Chris Kelly,"error: Rate limited on GET https://api.spotify.com/v1/search: Spotify asked us to wait 85848s, above the 60s cap. Stopping instead of blocking — let it cool down before retrying.",,,,,,,,,,,,,,,,
"December 11, 2017",Mental Hoop,His Electro Blue Voice,,IRON LUNG Records,"Seattle, Washington",JJ Skolnik,"error: Rate limited on GET https://api.spotify.com/v1/search: Spotify asked us to wait 85847s, above the 60s cap. Stopping instead of blocking — let it cool down before retrying.",,,,,,,,,,,,,,,,
"December 08, 2017",Eghass Malan,Les Filles de Illighadad,World,Independent Artist,"Abalak, Niger",Ana Gavrilovska,"error: Rate limited on GET https://api.spotify.com/v1/search: Spotify asked us to wait 85847s, above the 60s cap. Stopping instead of blocking — let it cool down before retrying.",,,,,,,,,,,,,,,,
"December 07, 2017",Mechanics Of Dominion,Esmerine,Experimental,Independent Artist,"Montreal, Québec",JR Moores,"error: Rate limited on GET https://api.spotify.com/v1/search: Spotify asked us to wait 85847s, above the 60s cap. Stopping instead of blocking — let it cool down before retrying.",,,,,,,,,,,,,,,,
"December 06, 2017",All Belief is Paradise,Fits,Pop,Independent Artist,"Brooklyn, New York",Eli Enis,"error: Rate limited on GET https://api.spotify.com/v1/search: Spotify asked us to wait 85847s, above the 60s cap. Stopping instead of blocking — let it cool down before retrying.",,,,,,,,,,,,,,,,
"December 05, 2017",Exposure & Response,Mo Troper,Alternative,Independent Artist,"Portland, Oregon",Eli Enis,"error: Rate limited on GET https://api.spotify.com/v1/search: Spotify asked us to wait 85847s, above the 60s cap. Stopping instead of blocking — let it cool down before retrying.",,,,,,,,,,,,,,,,
"December 04, 2017",In Case You Don’t Know What To Play,Damiano von Erckert,Electronic,AVA. RECORDS,"Berlin, Germany",David Garber,"error: Rate limited on GET https://api.spotify.com/v1/search: Spotify asked us to wait 85846s, above the 60s cap. Stopping instead of blocking — let it cool down before retrying.",,,,,,,,,,,,,,,,
"December 01, 2017",Every Eye,Ivan Ave,Hip-Hop/Rap,Jakarta Records,"Berlin, Germany",Jesse Fairfax,"error: Rate limited on GET https://api.spotify.com/v1/search: Spotify asked us to wait 85846s, above the 60s cap. Stopping instead of blocking — let it cool down before retrying.",,,,,,,,,,,,,,,,
"November 30, 2017",Wild Pitch: The Story,DJ Pierre,Electronic,Get Physical Music,"Berlin, Germany",Joe Darling,"error: Rate limited on GET https://api.spotify.com/v1/search: Spotify asked us to wait 85846s, above the 60s cap. Stopping instead of blocking — let it cool down before retrying.",,,,,,,,,,,,,,,,
"November 29, 2017",FILM,Qasim Naqvi,Ambient,Independent Artist,New York,Katy Henriksen,"error: Rate limited on GET https://api.spotify.com/v1/search: Spotify asked us to wait 85846s, above the 60s cap. Stopping instead of blocking — let it cool down before retrying.",,,,,,,,,,,,,,,,
"November 28, 2017",Arpo,Call Super,Ambient,Independent Artist,"London, UK",Ammar Kalia,"error: Rate limited on GET https://api.spotify.com/v1/search: Spotify asked us to wait 85845s, above the 60s cap. Stopping instead of blocking — let it cool down before retrying.",,,,,,,,,,,,,,,,
"November 27, 2017",El Pulpo,John Davis & the Cicadas,Alternative,John Davis &amp; The Cicadas,"Durham, North Carolina",Corbie Hill,"error: Rate limited on GET https://api.spotify.com/v1/search: Spotify asked us to wait 85845s, above the 60s cap. Stopping instead of blocking — let it cool down before retrying.",,,,,,,,,,,,,,,,
"November 22, 2017","First Show, Acoustic at The Pacer House, Bellingham WA 11/22/97",Death Cab for Cutie,Alternative,Independent Artist,"Seattle, Washington",J. Edward Keyes,"error: Rate limited on GET https://api.spotify.com/v1/search: Spotify asked us to wait 85845s, above the 60s cap. Stopping instead of blocking — let it cool down before retrying.",,,,,,,,,,,,,,,,
"November 21, 2017",Permo,Spinning Coin,Pop,Independent Artist,"Glasgow, UK",Maria Sherman,"error: Rate limited on GET https://api.spotify.com/v1/search: Spotify asked us to wait 85845s, above the 60s cap. Stopping instead of blocking — let it cool down before retrying.",,,,,,,,,,,,,,,,
"November 20, 2017",Nordkarpatenland,Malokarpatan,Metal,Invictus Productions,"Dublin, Ireland",Zachary Goldsmith,"error: Rate limited on GET https://api.spotify.com/v1/search: Spotify asked us to wait 85845s, above the 60s cap. Stopping instead of blocking — let it cool down before retrying.",,,,,,,,,,,,,,,,
"November 17, 2017",Musik,William Eggleston,Experimental,Independent Artist,"Memphis, Tennessee",Raymond Cummings,"error: Rate limited on GET https://api.spotify.com/v1/search: Spotify asked us to wait 85844s, above the 60s cap. Stopping instead of blocking — let it cool down before retrying.",,,,,,,,,,,,,,,,
"November 16, 2017",Free of Form,Sarah Elizabeth Charles,Jazz,Independent Artist,"New York, New York",Noah Berlatsky,"error: Rate limited on GET https://api.spotify.com/v1/search: Spotify asked us to wait 85844s, above the 60s cap. Stopping instead of blocking — let it cool down before retrying.",,,,,,,,,,,,,,,,
"November 15, 2017",Ascending A Mountain Of Heavy Light,The Body & Full Of Hell,Metal,Full of Hell,"Ocean City, Maryland",JR Moores,"error: Rate limited on GET https://api.spotify.com/v1/search: Spotify asked us to wait 85844s, above the 60s cap. Stopping instead of blocking — let it cool down before retrying.",,,,,,,,,,,,,,,,
"November 14, 2017",Soul of a Woman,Sharon Jones & the Dap-Kings,R&amp;B/Soul,Sharon Jones &amp; The Dap-Kings,"Brooklyn, New York",Max Savage Levenson,"error: Rate limited on GET https://api.spotify.com/v1/search: Spotify asked us to wait 85844s, above the 60s cap. Stopping instead of blocking — let it cool down before retrying.",,,,,,,,,,,,,,,,
"November 13, 2017",Dissolve,Tusks,Pop,Independent Artist,"London, UK",Katrina Nattress,"error: Rate limited on GET https://api.spotify.com/v1/search: Spotify asked us to wait 85844s, above the 60s cap. Stopping instead of blocking — let it cool down before retrying.",,,,,,,,,,,,,,,,
"November 10, 2017",Immersion Trench Reverie,Yellow Eyes,Metal,Independent Artist,"New York, New York",Brad Sanders,"error: Rate limited on GET https://api.spotify.com/v1/search: Spotify asked us to wait 85843s, above the 60s cap. Stopping instead of blocking — let it cool down before retrying.",,,,,,,,,,,,,,,,
"November 09, 2017",Noir et Blanc,Zazou Bikaye CY1,Electronic,Zazou Bikaye,"Paris, France",Noah Berlatsky,"error: Rate limited on GET https://api.spotify.com/v1/search: Spotify asked us to wait 85843s, above the 60s cap. Stopping instead of blocking — let it cool down before retrying.",,,,,,,,,,,,,,,,
"November 08, 2017",Trans-Millenia Music,Pauline Anna Strom,Ambient,Independent Artist,"San Francisco, California",Andy Beta,"error: Rate limited on GET https://api.spotify.com/v1/search: Spotify asked us to wait 85843s, above the 60s cap. Stopping instead of blocking — let it cool down before retrying.",,,,,,,,,,,,,,,,
"November 07, 2017",Won,Lina Tullgren,Alternative,Independent Artist,"Los Angeles, California",Andrew Parks,"error: Rate limited on GET https://api.spotify.com/v1/search: Spotify asked us to wait 85843s, above the 60s cap. Stopping instead of blocking — let it cool down before retrying.",,,,,,,,,,,,,,,,
"November 06, 2017",The Centre Cannot Hold,Ben Frost,Experimental,Independent Artist,,Andrew Parks,"error: Rate limited on GET https://api.spotify.com/v1/search: Spotify asked us to wait 85843s, above the 60s cap. Stopping instead of blocking — let it cool down before retrying.",,,,,,,,,,,,,,,,
"November 03, 2017",Sterilize,Unsane,Metal,Independent Artist,"New York, New York",JR Moores,"error: Rate limited on GET https://api.spotify.com/v1/search: Spotify asked us to wait 85842s, above the 60s cap. Stopping instead of blocking — let it cool down before retrying.",,,,,,,,,,,,,,,,
"November 02, 2017",Letters Never Read,Dori Freeman,Country,Independent Artist,"Galax, Virginia",Jonathan Bernstein,"error: Rate limited on GET https://api.spotify.com/v1/search: Spotify asked us to wait 85842s, above the 60s cap. Stopping instead of blocking — let it cool down before retrying.",,,,,,,,,,,,,,,,
"November 01, 2017",Highly Rare,Makaya McCraven,Jazz,International Anthem,"Chicago, Illinois",Tina Edwards,"error: Rate limited on GET https://api.spotify.com/v1/search: Spotify asked us to wait 85842s, above the 60s cap. Stopping instead of blocking — let it cool down before retrying.",,,,,,,,,,,,,,,,
"October 31, 2017","A flame my love, a frequency",Colleen,Experimental,Independent Artist,"Barcelona, Spain",Liz Pelly,"error: Rate limited on GET https://api.spotify.com/v1/search: Spotify asked us to wait 85842s, above the 60s cap. Stopping instead of blocking — let it cool down before retrying.",,,,,,,,,,,,,,,,
"October 27, 2017",Offering,Cults,Alternative,Independent Artist,New York,Max Savage Levenson,"error: Rate limited on GET https://api.spotify.com/v1/search: Spotify asked us to wait 85842s, above the 60s cap. Stopping instead of blocking — let it cool down before retrying.",,,,,,,,,,,,,,,,
"October 25, 2017",Losing,Bully,Alternative,Independent Artist,"Nashville, Tennessee",Aly Comingore,"error: Rate limited on GET https://api.spotify.com/v1/search: Spotify asked us to wait 85841s, above the 60s cap. Stopping instead of blocking — let it cool down before retrying.",,,,,,,,,,,,,,,,
"October 24, 2017",dd elle,dd elle,Electronic,Independent Artist,New Jersey,Jake Hulyer,"error: Rate limited on GET https://api.spotify.com/v1/search: Spotify asked us to wait 85841s, above the 60s cap. Stopping instead of blocking — let it cool down before retrying.",,,,,,,,,,,,,,,,
"October 23, 2017",Luciferian Towers,Godspeed You! Black Emperor,Rock,Independent Artist,"Montreal, Québec",Will Schube,"error: Rate limited on GET https://api.spotify.com/v1/search: Spotify asked us to wait 85841s, above the 60s cap. Stopping instead of blocking — let it cool down before retrying.",,,,,,,,,,,,,,,,
"October 20, 2017",L.A. Witch,L.A. Witch,Punk,L.A. WITCH,"Los Angeles, California",Jonathan Bernstein,"error: Rate limited on GET https://api.spotify.com/v1/search: Spotify asked us to wait 85841s, above the 60s cap. Stopping instead of blocking — let it cool down before retrying.",,,,,,,,,,,,,,,,
"October 19, 2017",Eyes to the Light,The Effects,Alternative,the EFFECTS,"Washington, D.C.",Joe Gross,"error: Rate limited on GET https://api.spotify.com/v1/search: Spotify asked us to wait 85841s, above the 60s cap. Stopping instead of blocking — let it cool down before retrying.",,,,,,,,,,,,,,,,
"October 18, 2017",Thirty Days of Yes,Various Artists,Alternative,Thirty Days of Yes,Australia,J. Edward Keyes,"error: Rate limited on GET https://api.spotify.com/v1/search: Spotify asked us to wait 85840s, above the 60s cap. Stopping instead of blocking — let it cool down before retrying.",,,,,,,,,,,,,,,,
"October 17, 2017",Lune Rouge,TOKiMONSTA,Electronic,Independent Artist,"Los Angeles, California",Ian Hsieh,"error: Rate limited on GET https://api.spotify.com/v1/search: Spotify asked us to wait 85840s, above the 60s cap. Stopping instead of blocking — let it cool down before retrying.",,,,,,,,,,,,,,,,
"October 16, 2017",Nothing Valley,Melkbelly,Alternative,Independent Artist,"Chicago, Illinois",Aly Comingore,"error: Rate limited on GET https://api.spotify.com/v1/search: Spotify asked us to wait 85840s, above the 60s cap. Stopping instead of blocking — let it cool down before retrying.",,,,,,,,,,,,,,,,
"October 13, 2017",Alone,Diron Animal,Electronic,Independent Artist,Portugal,Noah Berlatsky,"error: Rate limited on GET https://api.spotify.com/v1/search: Spotify asked us to wait 85840s, above the 60s cap. Stopping instead of blocking — let it cool down before retrying.",,,,,,,,,,,,,,,,
"October 12, 2017",Survival Pop,Worriers,Punk,Independent Artist,"Brooklyn, New York",Luke Ottenhof,"error: Rate limited on GET https://api.spotify.com/v1/search: Spotify asked us to wait 85840s, above the 60s cap. Stopping instead of blocking — let it cool down before retrying.",,,,,,,,,,,,,,,,
"October 11, 2017",Wide Open,Weaves,Rock,Independent Artist,"Toronto, Ontario",Jonathan Bernstein,"error: Rate limited on GET https://api.spotify.com/v1/search: Spotify asked us to wait 85839s, above the 60s cap. Stopping instead of blocking — let it cool down before retrying.",,,,,,,,,,,,,,,,
"October 09, 2017",Playing House,Common Holly,Alternative,Independent Artist,"Montreal, Québec",Amaya Garcia,"error: Rate limited on GET https://api.spotify.com/v1/search: Spotify asked us to wait 85839s, above the 60s cap. Stopping instead of blocking — let it cool down before retrying.",,,,,,,,,,,,,,,,
"October 06, 2017",Joli Mai,Daphni,Electronic,Caribou,"London, UK",Andy Battaglia,"error: Rate limited on GET https://api.spotify.com/v1/search: Spotify asked us to wait 85839s, above the 60s cap. Stopping instead of blocking — let it cool down before retrying.",,,,,,,,,,,,,,,,
"October 05, 2017",Contravveleno,Havah,Punk,Maple Death Records,"Bologna, Italy",JJ Skolnik,"error: Rate limited on GET https://api.spotify.com/v1/search: Spotify asked us to wait 85839s, above the 60s cap. Stopping instead of blocking — let it cool down before retrying.",,,,,,,,,,,,,,,,
"October 04, 2017",Endgame of the Anthropocene,Talibam!,,Independent Artist,"New York, New York",Raymond Cummings,"error: Rate limited on GET https://api.spotify.com/v1/search: Spotify asked us to wait 85838s, above the 60s cap. Stopping instead of blocking — let it cool down before retrying.",,,,,,,,,,,,,,,,
"October 02, 2017",Plum,Wand,Alternative,Independent Artist,"Los Angeles, California",J. Edward Keyes,"error: Rate limited on GET https://api.spotify.com/v1/search: Spotify asked us to wait 85838s, above the 60s cap. Stopping instead of blocking — let it cool down before retrying.",,,,,,,,,,,,,,,,
"September 29, 2017",Relatives in Descent,Protomartyr,Punk,Independent Artist,"Detroit, Michigan",J. Edward Keyes,"error: Rate limited on GET https://api.spotify.com/v1/search: Spotify asked us to wait 85838s, above the 60s cap. Stopping instead of blocking — let it cool down before retrying.",,,,,,,,,,,,,,,,
"September 28, 2017",Guitar Module 2017,Upper Wilds,Experimental,Independent Artist,"Brooklyn, New York",Raymond Cummings,"error: Rate limited on GET https://api.spotify.com/v1/search: Spotify asked us to wait 85838s, above the 60s cap. Stopping instead of blocking — let it cool down before retrying.",,,,,,,,,,,,,,,,
"September 27, 2017",Goofballs,Eric Copeland,Electronic,Independent Artist,"Brooklyn, New York",Andrew Parks,"error: Rate limited on GET https://api.spotify.com/v1/search: Spotify asked us to wait 85838s, above the 60s cap. Stopping instead of blocking — let it cool down before retrying.",,,,,,,,,,,,,,,,
"September 26, 2017",Colours of the Night,Maalem Mahmoud Gania,World,Independent Artist,"Essaouira, Morocco",Noah Berlatsky,"error: Rate limited on GET https://api.spotify.com/v1/search: Spotify asked us to wait 85837s, above the 60s cap. Stopping instead of blocking — let it cool down before retrying.",,,,,,,,,,,,,,,,
"September 25, 2017",Fabric,The Black Seeds,Reggae,Independent Artist,"Wellington, New Zealand",Richard Gehr,"error: Rate limited on GET https://api.spotify.com/v1/search: Spotify asked us to wait 85837s, above the 60s cap. Stopping instead of blocking — let it cool down before retrying.",,,,,,,,,,,,,,,,
"September 22, 2017",Wallflower,Jordan Rakei,Electronic,Independent Artist,"Brisbane, Australia",Ian Hsieh,"error: Rate limited on GET https://api.spotify.com/v1/search: Spotify asked us to wait 85837s, above the 60s cap. Stopping instead of blocking — let it cool down before retrying.",,,,,,,,,,,,,,,,
"September 21, 2017",Heron,Nassau,Acoustic,Independent Artist,"Brooklyn, New York",Peter Lillis,"error: Rate limited on GET https://api.spotify.com/v1/search: Spotify asked us to wait 85837s, above the 60s cap. Stopping instead of blocking — let it cool down before retrying.",,,,,,,,,,,,,,,,
"September 20, 2017",Propagation of the Foul,Fatuous Rump,Metal,Amputated Vein Records,Japan,Noah Berlatsky,"error: Rate limited on GET https://api.spotify.com/v1/search: Spotify asked us to wait 85836s, above the 60s cap. Stopping instead of blocking — let it cool down before retrying.",,,,,,,,,,,,,,,,
"September 19, 2017",Before the Applause,Re-TROS,Alternative,Rebuilding the Rights of Statues,"Beijing, China",Ned Raggett,"error: Rate limited on GET https://api.spotify.com/v1/search: Spotify asked us to wait 85836s, above the 60s cap. Stopping instead of blocking — let it cool down before retrying.",,,,,,,,,,,,,,,,
"September 18, 2017",Where the Gods Are At Peace,Antibalas,World,Independent Artist,"Brooklyn, New York",Max Savage Levenson,"error: Rate limited on GET https://api.spotify.com/v1/search: Spotify asked us to wait 85836s, above the 60s cap. Stopping instead of blocking — let it cool down before retrying.",,,,,,,,,,,,,,,,
"September 14, 2017",Music for Commercials,Yasuaki Shimizu,Soundtrack,Independent Artist,Japan,Noah Berlatsky,"error: Rate limited on GET https://api.spotify.com/v1/search: Spotify asked us to wait 85836s, above the 60s cap. Stopping instead of blocking — let it cool down before retrying.",,,,,,,,,,,,,,,,
"September 13, 2017",All Good Things,ELWD,Hip-Hop/Rap,Independent Artist,UK,Nate Patrin,"error: Rate limited on GET https://api.spotify.com/v1/search: Spotify asked us to wait 85836s, above the 60s cap. Stopping instead of blocking — let it cool down before retrying.",,,,,,,,,,,,,,,,
"September 12, 2017",In Search of Lost Time,Partner,Alternative,Independent Artist,,Luke Ottenhof,"error: Rate limited on GET https://api.spotify.com/v1/search: Spotify asked us to wait 85835s, above the 60s cap. Stopping instead of blocking — let it cool down before retrying.",,,,,,,,,,,,,,,,
"September 11, 2017",Utopioid,Rosetta,Metal,Independent Artist,"Philadelphia, Pennsylvania",JR Moores,"error: Rate limited on GET https://api.spotify.com/v1/search: Spotify asked us to wait 85835s, above the 60s cap. Stopping instead of blocking — let it cool down before retrying.",,,,,,,,,,,,,,,,
"September 08, 2017",Antisocialites,Alvvays,Alternative,Independent Artist,"Toronto, Ontario",Luke Ottenhof,"error: Rate limited on GET https://api.spotify.com/v1/search: Spotify asked us to wait 85835s, above the 60s cap. Stopping instead of blocking — let it cool down before retrying.",,,,,,,,,,,,,,,,
"September 07, 2017",Into the Shroud,Flesh World,Punk,Independent Artist,"San Francisco, California",Joe Gross,"error: Rate limited on GET https://api.spotify.com/v1/search: Spotify asked us to wait 85835s, above the 60s cap. Stopping instead of blocking — let it cool down before retrying.",,,,,,,,,,,,,,,,
"September 05, 2017",Ariadna (ариадна),Kedr Livanskiy,Electronic,Independent Artist,"Moscow, Russia",Robert Ham,"error: Rate limited on GET https://api.spotify.com/v1/search: Spotify asked us to wait 85834s, above the 60s cap. Stopping instead of blocking — let it cool down before retrying.",,,,,,,,,,,,,,,,
"September 01, 2017",Aytche,Joseph Shabason,Jazz,Independent Artist,"Toronto, Ontario",Joe Darling,"error: Rate limited on GET https://api.spotify.com/v1/search: Spotify asked us to wait 85834s, above the 60s cap. Stopping instead of blocking — let it cool down before retrying.",,,,,,,,,,,,,,,,
"August 31, 2017",Rainbow Edition,Hype Williams,Experimental,Independent Artist,"London, UK",Claire Lobenfeld,"error: Rate limited on GET https://api.spotify.com/v1/search: Spotify asked us to wait 85834s, above the 60s cap. Stopping instead of blocking — let it cool down before retrying.",,,,,,,,,,,,,,,,
"August 30, 2017",Every Country’s Sun,Mogwai,Alternative,Independent Artist,"Scotland, UK",Ron Hart,"error: Rate limited on GET https://api.spotify.com/v1/search: Spotify asked us to wait 85833s, above the 60s cap. Stopping instead of blocking — let it cool down before retrying.",,,,,,,,,,,,,,,,
"August 29, 2017",S/T,Rainer Maria,Alternative,Independent Artist,"Brooklyn, New York",Patrick Rapa,"error: Rate limited on GET https://api.spotify.com/v1/search: Spotify asked us to wait 85833s, above the 60s cap. Stopping instead of blocking — let it cool down before retrying.",,,,,,,,,,,,,,,,
"August 28, 2017",Safely Nobody’s,Tall Friend,Alternative,tall friend,"Boston, Massachusetts",Patrick Rapa,"error: Rate limited on GET https://api.spotify.com/v1/search: Spotify asked us to wait 85833s, above the 60s cap. Stopping instead of blocking — let it cool down before retrying.",,,,,,,,,,,,,,,,
"August 25, 2017",Exile in the Outer Ring,EMA,Experimental,Independent Artist,"Portland, Oregon",Zoë Beery,"error: Rate limited on GET https://api.spotify.com/v1/search: Spotify asked us to wait 85833s, above the 60s cap. Stopping instead of blocking — let it cool down before retrying.",,,,,,,,,,,,,,,,
"August 24, 2017",Beast Epic,Iron & Wine,Alternative,Iron &amp; Wine,North Carolina,Joe Gross,"error: Rate limited on GET https://api.spotify.com/v1/search: Spotify asked us to wait 85832s, above the 60s cap. Stopping instead of blocking — let it cool down before retrying.",,,,,,,,,,,,,,,,
"August 23, 2017",Yellow,Naomi Punk,Experimental,Naomi Punk (Captured Tracks),"Seattle, Washington",Sam Lefebvre,"error: Rate limited on GET https://api.spotify.com/v1/search: Spotify asked us to wait 85832s, above the 60s cap. Stopping instead of blocking — let it cool down before retrying.",,,,,,,,,,,,,,,,
"August 22, 2017",Sweet as Broken Dates,Various Artists,World,Ostinato Records,"New York, New York",John Morrison,"error: Rate limited on GET https://api.spotify.com/v1/search: Spotify asked us to wait 85832s, above the 60s cap. Stopping instead of blocking — let it cool down before retrying.",,,,,,,,,,,,,,,,
"August 21, 2017",Bop,Swarvy,Hip-Hop/Rap,Paxico Records,"Paxico, Kansas",Andrew Martin,"error: Rate limited on GET https://api.spotify.com/v1/search: Spotify asked us to wait 85832s, above the 60s cap. Stopping instead of blocking — let it cool down before retrying.",,,,,,,,,,,,,,,,
"August 18, 2017",Eyeball Under,Weeping Icon,Alternative,Independent Artist,New York,J. Edward Keyes,"error: Rate limited on GET https://api.spotify.com/v1/search: Spotify asked us to wait 85832s, above the 60s cap. Stopping instead of blocking — let it cool down before retrying.",,,,,,,,,,,,,,,,
"August 17, 2017",Pumpkin EP,Nemui PJ,Ambient,FLAU,"東京都, Japan",Andrew Martin,"error: Rate limited on GET https://api.spotify.com/v1/search: Spotify asked us to wait 85831s, above the 60s cap. Stopping instead of blocking — let it cool down before retrying.",,,,,,,,,,,,,,,,
"August 16, 2017",Devil Electric,Devil Electric,Metal,Independent Artist,"Melbourne, Australia",Jeff Treppel,"error: Rate limited on GET https://api.spotify.com/v1/search: Spotify asked us to wait 85831s, above the 60s cap. Stopping instead of blocking — let it cool down before retrying.",,,,,,,,,,,,,,,,
"August 15, 2017",Jen Cloher,Jen Cloher,Alternative,Independent Artist,"Melbourne, Australia",Doug Wallen,"error: Rate limited on GET https://api.spotify.com/v1/search: Spotify asked us to wait 85831s, above the 60s cap. Stopping instead of blocking — let it cool down before retrying.",,,,,,,,,,,,,,,,
"August 14, 2017",How We Lived,Heinali and Matt Finney,Ambient,Independent Artist,,Noah Berlatsky,"error: Rate limited on GET https://api.spotify.com/v1/search: Spotify asked us to wait 85831s, above the 60s cap. Stopping instead of blocking — let it cool down before retrying.",,,,,,,,,,,,,,,,
"August 11, 2017",A Piece of the Geto,ZGTO,Hip-Hop/Rap,Independent Artist,"Detroit, Michigan",Will Schube,"error: Rate limited on GET https://api.spotify.com/v1/search: Spotify asked us to wait 85831s, above the 60s cap. Stopping instead of blocking — let it cool down before retrying.",,,,,,,,,,,,,,,,
"August 10, 2017",Jean​-​Jacques Perrey et son Ondioline,Jean-Jacques Perrey,Electronic,Independent Artist,Switzerland,Allison Hussey,"error: Rate limited on GET https://api.spotify.com/v1/search: Spotify asked us to wait 85830s, above the 60s cap. Stopping instead of blocking — let it cool down before retrying.",,,,,,,,,,,,,,,,
"August 09, 2017",Perfect Body,Mermaidens,Alternative,Independent Artist,"Wellington, New Zealand",Nick Fulton,"error: Rate limited on GET https://api.spotify.com/v1/search: Spotify asked us to wait 85830s, above the 60s cap. Stopping instead of blocking — let it cool down before retrying.",,,,,,,,,,,,,,,,
"August 08, 2017",Kawaida,Mim Suleiman,Electronic,Independent Artist,"Sheffield, UK",Andy Beta,"error: Rate limited on GET https://api.spotify.com/v1/search: Spotify asked us to wait 85830s, above the 60s cap. Stopping instead of blocking — let it cool down before retrying.",,,,,,,,,,,,,,,,
"August 07, 2017",Girl Minority,Grim Streaker,Alternative,grim streaker,"Brooklyn, New York",Scott Murry,"error: Rate limited on GET https://api.spotify.com/v1/search: Spotify asked us to wait 85830s, above the 60s cap. Stopping instead of blocking — let it cool down before retrying.",,,,,,,,,,,,,,,,
"August 04, 2017",Earl Grey,Girl Ray,Pop,Independent Artist,"London, UK",Matt Voracek,"error: Rate limited on GET https://api.spotify.com/v1/search: Spotify asked us to wait 85830s, above the 60s cap. Stopping instead of blocking — let it cool down before retrying.",,,,,,,,,,,,,,,,
"August 03, 2017",Inside a Quiet Mind,Micronism,Electronic,micronism,"Ipswich, Australia",Su Baykal,"error: Rate limited on GET https://api.spotify.com/v1/search: Spotify asked us to wait 85829s, above the 60s cap. Stopping instead of blocking — let it cool down before retrying.",,,,,,,,,,,,,,,,
"August 02, 2017",Sounds of Crenshaw Vol. 1,Terrace Martin Presents The Pollyseeds,Experimental,Ropeadope Select,"Philadelphia, Pennsylvania",Jesse Fairfax,"error: Rate limited on GET https://api.spotify.com/v1/search: Spotify asked us to wait 85829s, above the 60s cap. Stopping instead of blocking — let it cool down before retrying.",,,,,,,,,,,,,,,,
"August 01, 2017",National Debt,TRPL BLK & DJ Prince,Hip-Hop/Rap,Mobile Kitchen Sound,"New York, New York",Richardine Bartee,"error: Rate limited on GET https://api.spotify.com/v1/search: Spotify asked us to wait 85829s, above the 60s cap. Stopping instead of blocking — let it cool down before retrying.",,,,,,,,,,,,,,,,
"July 31, 2017",Square One,Bjørn Torske & Prins Thomas,Electronic,Bjørn Torske &amp; Prins Thomas,Norway,Andy Battaglia,"error: Rate limited on GET https://api.spotify.com/v1/search: Spotify asked us to wait 85829s, above the 60s cap. Stopping instead of blocking — let it cool down before retrying.",,,,,,,,,,,,,,,,
"July 28, 2017",Across the Multiverse,Dent May,Pop,Independent Artist,"Los Angeles, California",Luke Ottenhof,"error: Rate limited on GET https://api.spotify.com/v1/search: Spotify asked us to wait 85829s, above the 60s cap. Stopping instead of blocking — let it cool down before retrying.",,,,,,,,,,,,,,,,
"July 27, 2017",Inspirations,Dwight Trible,Jazz,Independent Artist,"Los Angeles, California",Patrick Jarenwattananon,"error: Rate limited on GET https://api.spotify.com/v1/search: Spotify asked us to wait 85828s, above the 60s cap. Stopping instead of blocking — let it cool down before retrying.",,,,,,,,,,,,,,,,
"July 26, 2017",Dopp Hopp,The Doppelgangaz,Hip-Hop/Rap,Independent Artist,"New York, New York",Jay Balfour,"error: Rate limited on GET https://api.spotify.com/v1/search: Spotify asked us to wait 85828s, above the 60s cap. Stopping instead of blocking — let it cool down before retrying.",,,,,,,,,,,,,,,,
"July 25, 2017",3G,Dzang,Electronic,Independent Artist,"Los Angeles, California",Will Schube,"error: Rate limited on GET https://api.spotify.com/v1/search: Spotify asked us to wait 85828s, above the 60s cap. Stopping instead of blocking — let it cool down before retrying.",,,,,,,,,,,,,,,,
"July 21, 2017",Sh*tty Hits,Katie Von Schleicher,Alternative,Ba Da Bing Records,"Providence, Rhode Island",Ned Raggett,"error: Rate limited on GET https://api.spotify.com/v1/search: Spotify asked us to wait 85828s, above the 60s cap. Stopping instead of blocking — let it cool down before retrying.",,,,,,,,,,,,,,,,
"July 20, 2017",After…,Fhloston Paradigm,Electronic,Independent Artist,"Philadelphia, Pennsylvania",Michaelangelo Matos,"error: Rate limited on GET https://api.spotify.com/v1/search: Spotify asked us to wait 85828s, above the 60s cap. Stopping instead of blocking — let it cool down before retrying.",,,,,,,,,,,,,,,,
"July 19, 2017",Year of the Funky,Bei Bei & Shawn Lee,Electronic,Bei Bei &amp; Shawn Lee,"London, UK",Richard Gehr,"error: Rate limited on GET https://api.spotify.com/v1/search: Spotify asked us to wait 85827s, above the 60s cap. Stopping instead of blocking — let it cool down before retrying.",,,,,,,,,,,,,,,,
"July 18, 2017",Les Sourdes Oreilles,Cosmic Analog Ensemble,Funk,My Bags,"Messac, France",Marcus J. Moore,"error: Rate limited on GET https://api.spotify.com/v1/search: Spotify asked us to wait 85827s, above the 60s cap. Stopping instead of blocking — let it cool down before retrying.",,,,,,,,,,,,,,,,
"July 17, 2017",Locket,Crumb,Rock,Independent Artist,New York,Jonah Bromwich,"error: Rate limited on GET https://api.spotify.com/v1/search: Spotify asked us to wait 85827s, above the 60s cap. Stopping instead of blocking — let it cool down before retrying.",,,,,,,,,,,,,,,,
"July 14, 2017",Mister Mellow,Washed Out,Pop,Independent Artist,"Perry, Georgia",Andrew Martin,"error: Rate limited on GET https://api.spotify.com/v1/search: Spotify asked us to wait 85827s, above the 60s cap. Stopping instead of blocking — let it cool down before retrying.",,,,,,,,,,,,,,,,
"July 13, 2017",A Walk With Love & Death,Melvins,Rock,Independent Artist,,JR Moores,"error: Rate limited on GET https://api.spotify.com/v1/search: Spotify asked us to wait 85827s, above the 60s cap. Stopping instead of blocking — let it cool down before retrying.",,,,,,,,,,,,,,,,
"July 12, 2017",Youth Detention​ ​(​Nail My Feet Down To The Southside Of Town),Lee Bains III & The Glory Fires,Rock,Lee Bains + The Glory Fires,"Birmingham, Alabama",Jonathan Bernstein,"error: Rate limited on GET https://api.spotify.com/v1/search: Spotify asked us to wait 85826s, above the 60s cap. Stopping instead of blocking — let it cool down before retrying.",,,,,,,,,,,,,,,,
"July 11, 2017",Glitter & Blood,Sweeping Exits,Rock,Independent Artist,"Portland, Oregon",Luke Ottenhof,"error: Rate limited on GET https://api.spotify.com/v1/search: Spotify asked us to wait 85826s, above the 60s cap. Stopping instead of blocking — let it cool down before retrying.",,,,,,,,,,,,,,,,
"July 10, 2017",Boo Boo,Toro y Moi,Pop,Independent Artist,"Oakland, California",Max Savage Levenson,"error: Rate limited on GET https://api.spotify.com/v1/search: Spotify asked us to wait 85826s, above the 60s cap. Stopping instead of blocking — let it cool down before retrying.",,,,,,,,,,,,,,,,
"July 07, 2017",GT ULTRA,Guerilla Toss,Punk,Independent Artist,"New York, New York",Mo Wilson,"error: Rate limited on GET https://api.spotify.com/v1/search: Spotify asked us to wait 85826s, above the 60s cap. Stopping instead of blocking — let it cool down before retrying.",,,,,,,,,,,,,,,,
"July 06, 2017",The Boy Who Spoke to the Wind,Lando Chill,Hip-Hop/Rap,Independent Artist,"Los Angeles, California",Saby Reyes-Kulkarni,"error: Rate limited on GET https://api.spotify.com/v1/search: Spotify asked us to wait 85825s, above the 60s cap. Stopping instead of blocking — let it cool down before retrying.",,,,,,,,,,,,,,,,
"July 05, 2017",Known Unknowns,billy woods,Hip-Hop/Rap,Independent Artist,"New York, New York",Blake Gillespie,"error: Rate limited on GET https://api.spotify.com/v1/search: Spotify asked us to wait 85825s, above the 60s cap. Stopping instead of blocking — let it cool down before retrying.",,,,,,,,,,,,,,,,
"July 03, 2017",Chasing an Illusion,Larkin Grimm,Folk,Independent Artist,"New York, New York",Noah Berlatsky,"error: Rate limited on GET https://api.spotify.com/v1/search: Spotify asked us to wait 85825s, above the 60s cap. Stopping instead of blocking — let it cool down before retrying.",,,,,,,,,,,,,,,,
"June 30, 2017",Big Skies,Mere Women,Alternative,Independent Artist,"Sydney, Australia",Doug Wallen,"error: Rate limited on GET https://api.spotify.com/v1/search: Spotify asked us to wait 85825s, above the 60s cap. Stopping instead of blocking — let it cool down before retrying.",,,,,,,,,,,,,,,,
"June 29, 2017",Wintres Woma,James Elkington,Folk,Independent Artist,"Chicago, Illinois",Joe Darling,"error: Rate limited on GET https://api.spotify.com/v1/search: Spotify asked us to wait 85825s, above the 60s cap. Stopping instead of blocking — let it cool down before retrying.",,,,,,,,,,,,,,,,
"June 28, 2017",Puff,Bernice,Pop,bernice,"Toronto, Ontario",Erin Williams,"error: Rate limited on GET https://api.spotify.com/v1/search: Spotify asked us to wait 85824s, above the 60s cap. Stopping instead of blocking — let it cool down before retrying.",,,,,,,,,,,,,,,,
"June 27, 2017",Introducing the Crimsmen,The Peacers,Rock,Independent Artist,"San Francisco, California",Marc Masters,"error: Rate limited on GET https://api.spotify.com/v1/search: Spotify asked us to wait 85824s, above the 60s cap. Stopping instead of blocking — let it cool down before retrying.",,,,,,,,,,,,,,,,
"June 26, 2017",Some Twist,Michael Nau,Alternative,Independent Artist,Maryland,Casey Jarman,"error: Rate limited on GET https://api.spotify.com/v1/search: Spotify asked us to wait 85824s, above the 60s cap. Stopping instead of blocking — let it cool down before retrying.",,,,,,,,,,,,,,,,
"June 23, 2017",Dust,Laurel Halo,Electronic,Independent Artist,"Los Angeles, California",Joe Darling,"error: Rate limited on GET https://api.spotify.com/v1/search: Spotify asked us to wait 85824s, above the 60s cap. Stopping instead of blocking — let it cool down before retrying.",,,,,,,,,,,,,,,,
"June 22, 2017","Larry Grenadier, John Medeski & John Scofield, Hudson",Jack DeJohnette,Jazz,"Hudson (DeJohnette, Grenadier, Medeski &amp; Scofield)","New York, New York",Patrick Jarenwattananon,"error: Rate limited on GET https://api.spotify.com/v1/search: Spotify asked us to wait 85824s, above the 60s cap. Stopping instead of blocking — let it cool down before retrying.",,,,,,,,,,,,,,,,
"June 21, 2017",In Death,Svartsyn,Metal,Agonia Records,Poland,Noah Berlatsky,"error: Rate limited on GET https://api.spotify.com/v1/search: Spotify asked us to wait 85823s, above the 60s cap. Stopping instead of blocking — let it cool down before retrying.",,,,,,,,,,,,,,,,
"June 20, 2017",House and Land,House and Land,Folk,Independent Artist,"Asheville, North Carolina",Allison Hussey,"error: Rate limited on GET https://api.spotify.com/v1/search: Spotify asked us to wait 85823s, above the 60s cap. Stopping instead of blocking — let it cool down before retrying.",,,,,,,,,,,,,,,,
"June 19, 2017",Die Trommel Fatale,Brandon Seabrook,Experimental,Independent Artist,"Brooklyn, New York",Raymond Cummings,"error: Rate limited on GET https://api.spotify.com/v1/search: Spotify asked us to wait 85823s, above the 60s cap. Stopping instead of blocking — let it cool down before retrying.",,,,,,,,,,,,,,,,
"June 15, 2017",Soaked,Hot Flash Heat Wave,Alternative,Independent Artist,"Los Angeles, California",Steven Edelstone,"error: Rate limited on GET https://api.spotify.com/v1/search: Spotify asked us to wait 85823s, above the 60s cap. Stopping instead of blocking — let it cool down before retrying.",,,,,,,,,,,,,,,,
"June 14, 2017",The Fifth State of Consciousness,Peaking Lights,Ambient,Independent Artist,"Baywood Los Osos, California",Katy Henriksen,"error: Rate limited on GET https://api.spotify.com/v1/search: Spotify asked us to wait 85822s, above the 60s cap. Stopping instead of blocking — let it cool down before retrying.",,,,,,,,,,,,,,,,
"June 12, 2017",Attention Kmart Choppers,Juicy the Emissary,Hip-Hop/Rap,Independent Artist,Denton,Max Bell,"error: Rate limited on GET https://api.spotify.com/v1/search: Spotify asked us to wait 85822s, above the 60s cap. Stopping instead of blocking — let it cool down before retrying.",,,,,,,,,,,,,,,,
"June 09, 2017",Agent blå,Agent blå,Alternative,Agent Blå,"Gothenburg, Sweden",J. Edward Keyes,"error: Rate limited on GET https://api.spotify.com/v1/search: Spotify asked us to wait 85822s, above the 60s cap. Stopping instead of blocking — let it cool down before retrying.",,,,,,,,,,,,,,,,
"June 06, 2017",Freedom of Movement,Nina Miranda,World,Independent Artist,"London, UK",Amaya Garcia,"error: Rate limited on GET https://api.spotify.com/v1/search: Spotify asked us to wait 85822s, above the 60s cap. Stopping instead of blocking — let it cool down before retrying.",,,,,,,,,,,,,,,,
"June 05, 2017",A World of Masks,The Heliocentrics,,Independent Artist,"London, UK",Max Savage Levenson,"error: Rate limited on GET https://api.spotify.com/v1/search: Spotify asked us to wait 85822s, above the 60s cap. Stopping instead of blocking — let it cool down before retrying.",,,,,,,,,,,,,,,,
"June 02, 2017",Somersault,Beach Fossils,Alternative,Independent Artist,"Brooklyn, New York",John Morrison,"error: Rate limited on GET https://api.spotify.com/v1/search: Spotify asked us to wait 85821s, above the 60s cap. Stopping instead of blocking — let it cool down before retrying.",,,,,,,,,,,,,,,,
"June 01, 2017",Subordination,Institute,Punk,Independent Artist,"Austin, Texas",Sam Lefebvre,"error: Rate limited on GET https://api.spotify.com/v1/search: Spotify asked us to wait 85821s, above the 60s cap. Stopping instead of blocking — let it cool down before retrying.",,,,,,,,,,,,,,,,
"May 31, 2017",Modern Kosmology,Jane Weaver,Experimental,Independent Artist,"Liverpool, UK",Joe Darling,"error: Rate limited on GET https://api.spotify.com/v1/search: Spotify asked us to wait 85821s, above the 60s cap. Stopping instead of blocking — let it cool down before retrying.",,,,,,,,,,,,,,,,
"May 30, 2017",Fly or Die,Jaimie Branch,Jazz,International Anthem,"Chicago, Illinois",Marcus J. Moore,"error: Rate limited on GET https://api.spotify.com/v1/search: Spotify asked us to wait 85821s, above the 60s cap. Stopping instead of blocking — let it cool down before retrying.",,,,,,,,,,,,,,,,
"May 29, 2017",Move Upstairs,Como Mamas,R&amp;B/Soul,The Como Mamas,"Como, Mississippi",Max Savage Levenson,"error: Rate limited on GET https://api.spotify.com/v1/search: Spotify asked us to wait 85821s, above the 60s cap. Stopping instead of blocking — let it cool down before retrying.",,,,,,,,,,,,,,,,
"May 26, 2017",Best Woman,Vincent Ahehehinnou,World,Analog Africa,Germany,Dean Van Nguyen,"error: Rate limited on GET https://api.spotify.com/v1/search: Spotify asked us to wait 85820s, above the 60s cap. Stopping instead of blocking — let it cool down before retrying.",,,,,,,,,,,,,,,,
"May 25, 2017",Channelview,Curved Light,Electronic,Independent Artist,"Austin, Texas",Andrew Parks,"error: Rate limited on GET https://api.spotify.com/v1/search: Spotify asked us to wait 85820s, above the 60s cap. Stopping instead of blocking — let it cool down before retrying.",,,,,,,,,,,,,,,,
"May 24, 2017",Gently Among the Coals,Threefifty,Alternative,Independent Artist,"Brooklyn, New York",Stephen M. Deusner,"error: Rate limited on GET https://api.spotify.com/v1/search: Spotify asked us to wait 85820s, above the 60s cap. Stopping instead of blocking — let it cool down before retrying.",,,,,,,,,,,,,,,,
"May 23, 2017",Still Hungry,DJ Format & Abdominal,Hip-Hop/Rap,Abdominal,"Toronto, Ontario",Nate Patrin,"error: Rate limited on GET https://api.spotify.com/v1/search: Spotify asked us to wait 85820s, above the 60s cap. Stopping instead of blocking — let it cool down before retrying.",,,,,,,,,,,,,,,,
"May 22, 2017",Ultramega OK,Soundgarden,Alternative,Independent Artist,"Seattle, Washington",Brad Sanders,"error: Rate limited on GET https://api.spotify.com/v1/search: Spotify asked us to wait 85820s, above the 60s cap. Stopping instead of blocking — let it cool down before retrying.",,,,,,,,,,,,,,,,
"May 19, 2017",Death To The Planet,The Comet is Coming,Jazz,The Comet Is Coming,"London, UK",Marcus J. Moore,"error: Rate limited on GET https://api.spotify.com/v1/search: Spotify asked us to wait 85819s, above the 60s cap. Stopping instead of blocking — let it cool down before retrying.",,,,,,,,,,,,,,,,
"May 18, 2017","Saigon Supersound, Vol. 1",Various Artists,World,Saigon Supersound Compilations,"Frankfurt, Germany",Richard Gehr,"error: Rate limited on GET https://api.spotify.com/v1/search: Spotify asked us to wait 85819s, above the 60s cap. Stopping instead of blocking — let it cool down before retrying.",,,,,,,,,,,,,,,,
"May 17, 2017",Black Mountain Songs,Brooklyn Youth Chorus,Classical,Independent Artist,New York,Katy Henriksen,"error: Rate limited on GET https://api.spotify.com/v1/search: Spotify asked us to wait 85819s, above the 60s cap. Stopping instead of blocking — let it cool down before retrying.",,,,,,,,,,,,,,,,
"May 16, 2017",Best Troubador,Bonnie ‘Prince’ Billy,Country,Bonnie &quot;Prince&quot; Billy,"Louisville, Kentucky",Peter Margasak,"error: Rate limited on GET https://api.spotify.com/v1/search: Spotify asked us to wait 85819s, above the 60s cap. Stopping instead of blocking — let it cool down before retrying.",,,,,,,,,,,,,,,,
"May 15, 2017",Powerplant,Girlpool,Alternative,Independent Artist,"Los Angeles, California",Tess Duncan,"error: Rate limited on GET https://api.spotify.com/v1/search: Spotify asked us to wait 85818s, above the 60s cap. Stopping instead of blocking — let it cool down before retrying.",,,,,,,,,,,,,,,,
"May 12, 2017",Big Day,Loose Tooth,Alternative,Father/Daughter Records,"San Francisco, California",Casey Jarman,"error: Rate limited on GET https://api.spotify.com/v1/search: Spotify asked us to wait 85818s, above the 60s cap. Stopping instead of blocking — let it cool down before retrying.",,,,,,,,,,,,,,,,
"May 11, 2017",Vocês Querem Mate?,Piri,World,Independent Artist,Brazil,Joe Gross,"error: Rate limited on GET https://api.spotify.com/v1/search: Spotify asked us to wait 85818s, above the 60s cap. Stopping instead of blocking — let it cool down before retrying.",,,,,,,,,,,,,,,,
"May 10, 2017",II,Crooked Bangs,Punk,Nervous Intent Records,"Berkeley, California",Colin Atrophy Hagendorf,"error: Rate limited on GET https://api.spotify.com/v1/search: Spotify asked us to wait 85818s, above the 60s cap. Stopping instead of blocking — let it cool down before retrying.",,,,,,,,,,,,,,,,
"May 09, 2017",Sidelong,Sarah Shook & the Disarmers,Country,Sarah Shook &amp; the Disarmers,"Chapel Hill, North Carolina",Lee Zimmerman,"error: Rate limited on GET https://api.spotify.com/v1/search: Spotify asked us to wait 85818s, above the 60s cap. Stopping instead of blocking — let it cool down before retrying.",,,,,,,,,,,,,,,,
"May 08, 2017",This Old Dog,Mac DeMarco,Rock,Independent Artist,"Los Angeles, California",Eric R. Danton,"error: Rate limited on GET https://api.spotify.com/v1/search: Spotify asked us to wait 85817s, above the 60s cap. Stopping instead of blocking — let it cool down before retrying.",,,,,,,,,,,,,,,,
"May 05, 2017",Horse Follows Darkness,Delia Gonzalez,Electronic,Independent Artist,"Athens, Greece",J. Edward Keyes,"error: Rate limited on GET https://api.spotify.com/v1/search: Spotify asked us to wait 85817s, above the 60s cap. Stopping instead of blocking — let it cool down before retrying.",,,,,,,,,,,,,,,,
"May 04, 2017",Seen Comin’ From a Mighty Eye,Skyway Man,Rock,Independent Artist,"Oakland, California",Will Schube,"error: Rate limited on GET https://api.spotify.com/v1/search: Spotify asked us to wait 85817s, above the 60s cap. Stopping instead of blocking — let it cool down before retrying.",,,,,,,,,,,,,,,,
"May 03, 2017",Snow,The New Year,Alternative,Independent Artist,Texas,Annie Zaleski,"error: Rate limited on GET https://api.spotify.com/v1/search: Spotify asked us to wait 85817s, above the 60s cap. Stopping instead of blocking — let it cool down before retrying.",,,,,,,,,,,,,,,,
"May 02, 2017",Significant Weather,Real Life Buildings,Alternative,Independent Artist,"New York, New York",Cory Lomberg,"error: Rate limited on GET https://api.spotify.com/v1/search: Spotify asked us to wait 85816s, above the 60s cap. Stopping instead of blocking — let it cool down before retrying.",,,,,,,,,,,,,,,,
"May 01, 2017",Ice Pix,FIN,Pop,Hausu Mountain Records,"Chicago, Illinois",Noah Berlatsky,"error: Rate limited on GET https://api.spotify.com/v1/search: Spotify asked us to wait 85816s, above the 60s cap. Stopping instead of blocking — let it cool down before retrying.",,,,,,,,,,,,,,,,
"April 28, 2017",Silver Haze,Aye Nako,Alternative,Independent Artist,"New York, New York",J. Edward Keyes,"error: Rate limited on GET https://api.spotify.com/v1/search: Spotify asked us to wait 85816s, above the 60s cap. Stopping instead of blocking — let it cool down before retrying.",,,,,,,,,,,,,,,,
"April 26, 2017",Perfect Lavender,Furniteur,Pop,Independent Artist,"Washington, D.C.",Peter Lillis,"error: Rate limited on GET https://api.spotify.com/v1/search: Spotify asked us to wait 85816s, above the 60s cap. Stopping instead of blocking — let it cool down before retrying.",,,,,,,,,,,,,,,,
"April 25, 2017",Why El Paso Sky,VVV,Electronic,Holodeck Records,"Austin, Texas",Joe Darling,"error: Rate limited on GET https://api.spotify.com/v1/search: Spotify asked us to wait 85815s, above the 60s cap. Stopping instead of blocking — let it cool down before retrying.",,,,,,,,,,,,,,,,
"April 24, 2017",WYW,Wear Your Wounds,Alternative,Independent Artist,"Essex, Massachusetts",Andrew Parks,"error: Rate limited on GET https://api.spotify.com/v1/search: Spotify asked us to wait 85815s, above the 60s cap. Stopping instead of blocking — let it cool down before retrying.",,,,,,,,,,,,,,,,
"April 21, 2017",Oz Waves,Various Artists,Electronic,Efficient Space,"Melbourne, Australia",Doug Wallen,"error: Rate limited on GET https://api.spotify.com/v1/search: Spotify asked us to wait 85815s, above the 60s cap. Stopping instead of blocking — let it cool down before retrying.",,,,,,,,,,,,,,,,
"April 20, 2017",Return To The 37th Chamber,El Michels Affair,R&amp;B/Soul,Independent Artist,New York,Nate Patrin,"error: Rate limited on GET https://api.spotify.com/v1/search: Spotify asked us to wait 85815s, above the 60s cap. Stopping instead of blocking — let it cool down before retrying.",,,,,,,,,,,,,,,,
"April 18, 2017",A Hairshirt of Purpose,Pile,Rock,Independent Artist,,Matt Voracek,"error: Rate limited on GET https://api.spotify.com/v1/search: Spotify asked us to wait 85815s, above the 60s cap. Stopping instead of blocking — let it cool down before retrying.",,,,,,,,,,,,,,,,
"April 17, 2017",Friends Live #1,Band Practice & Catherine Cohen,Comedy,JMC Aggregate,"Queens, New York",Patrick Rapa,"error: Rate limited on GET https://api.spotify.com/v1/search: Spotify asked us to wait 85814s, above the 60s cap. Stopping instead of blocking — let it cool down before retrying.",,,,,,,,,,,,,,,,
"April 13, 2017",It’s a Myth,Sneaks,Punk,Independent Artist,"Washington, D.C.",JJ Skolnik,"error: Rate limited on GET https://api.spotify.com/v1/search: Spotify asked us to wait 85814s, above the 60s cap. Stopping instead of blocking — let it cool down before retrying.",,,,,,,,,,,,,,,,
"April 12, 2017",What If,Hauschka,Ambient,Independent Artist,"Düsseldorf, Germany",Ron Hart,"error: Rate limited on GET https://api.spotify.com/v1/search: Spotify asked us to wait 85814s, above the 60s cap. Stopping instead of blocking — let it cool down before retrying.",,,,,,,,,,,,,,,,
"April 11, 2017",Soul Run,Tanika Charles,R&amp;B/Soul,Independent Artist,Toronto,Max Savage Levenson,"error: Rate limited on GET https://api.spotify.com/v1/search: Spotify asked us to wait 85814s, above the 60s cap. Stopping instead of blocking — let it cool down before retrying.",,,,,,,,,,,,,,,,
"April 10, 2017",Imaginary Enemies,Hiccup,Punk,Independent Artist,"New York, New York",Jonathan Bernstein,"error: Rate limited on GET https://api.spotify.com/v1/search: Spotify asked us to wait 85814s, above the 60s cap. Stopping instead of blocking — let it cool down before retrying.",,,,,,,,,,,,,,,,
"April 07, 2017",Abysma,Geotic,Ambient,Independent Artist,"Los Angeles, California",Will Schube,"error: Rate limited on GET https://api.spotify.com/v1/search: Spotify asked us to wait 85813s, above the 60s cap. Stopping instead of blocking — let it cool down before retrying.",,,,,,,,,,,,,,,,
"April 06, 2017",Sorcerer,Tonstartssbandht,Rock,Independent Artist,Florida,Casey Jarman,"error: Rate limited on GET https://api.spotify.com/v1/search: Spotify asked us to wait 85813s, above the 60s cap. Stopping instead of blocking — let it cool down before retrying.",,,,,,,,,,,,,,,,
"April 04, 2017",Kelly Lee Owens,Kelly Lee Owens,,Independent Artist,"London, UK",Adam Badí Donoval,"error: Rate limited on GET https://api.spotify.com/v1/search: Spotify asked us to wait 85813s, above the 60s cap. Stopping instead of blocking — let it cool down before retrying.",,,,,,,,,,,,,,,,
"April 03, 2017",Rays,Rays,,RAYS,"Oakland, California",JJ Skolnik,"error: Rate limited on GET https://api.spotify.com/v1/search: Spotify asked us to wait 85813s, above the 60s cap. Stopping instead of blocking — let it cool down before retrying.",,,,,,,,,,,,,,,,
"March 31, 2017",Overseas V,Eivind Opsvik,,Independent Artist,New York,Peter Margasak,"error: Rate limited on GET https://api.spotify.com/v1/search: Spotify asked us to wait 85813s, above the 60s cap. Stopping instead of blocking — let it cool down before retrying.",,,,,,,,,,,,,,,,
"March 30, 2017",Due Rent,lojii & Swarvy,,Fresh Selects,,Andrew Martin,"error: Rate limited on GET https://api.spotify.com/v1/search: Spotify asked us to wait 85812s, above the 60s cap. Stopping instead of blocking — let it cool down before retrying.",,,,,,,,,,,,,,,,
"March 29, 2017",Meet You,Century Palm,,deranged records,British Columbia,Cameron Cook,"error: Rate limited on GET https://api.spotify.com/v1/search: Spotify asked us to wait 85812s, above the 60s cap. Stopping instead of blocking — let it cool down before retrying.",,,,,,,,,,,,,,,,
"March 28, 2017",Heartless,Pallbearer,,Independent Artist,"Little Rock, Arkansas",Elisabeth Vincentelli,"error: Rate limited on GET https://api.spotify.com/v1/search: Spotify asked us to wait 85812s, above the 60s cap. Stopping instead of blocking — let it cool down before retrying.",,,,,,,,,,,,,,,,
"March 27, 2017",Find Me Finding You,Laetitia Sadier Source Ensemble,,Laetitia Sadier,"London, UK",Marc Masters,"error: Rate limited on GET https://api.spotify.com/v1/search: Spotify asked us to wait 85812s, above the 60s cap. Stopping instead of blocking — let it cool down before retrying.",,,,,,,,,,,,,,,,
"March 24, 2017",Please Let Me Know,So Stressed,,Independent Artist,"Sacramento, California",J. Edward Keyes,"error: Rate limited on GET https://api.spotify.com/v1/search: Spotify asked us to wait 85812s, above the 60s cap. Stopping instead of blocking — let it cool down before retrying.",,,,,,,,,,,,,,,,
"March 23, 2017",Flashes of Quincy,Snowball ii,,Snowball II,"Los Angeles, California",J. Edward Keyes,"error: Rate limited on GET https://api.spotify.com/v1/search: Spotify asked us to wait 85811s, above the 60s cap. Stopping instead of blocking — let it cool down before retrying.",,,,,,,,,,,,,,,,
"March 21, 2017",Drip Mental,Fire-Toolz,,Hausu Mountain Records,"Chicago, Illinois",Saby Reyes-Kulkarni,"error: Rate limited on GET https://api.spotify.com/v1/search: Spotify asked us to wait 85811s, above the 60s cap. Stopping instead of blocking — let it cool down before retrying.",,,,,,,,,,,,,,,,
"March 20, 2017",Offers,NE-HI,,Independent Artist,"Chicago, Illinois",J. Edward Keyes,"error: Rate limited on GET https://api.spotify.com/v1/search: Spotify asked us to wait 85811s, above the 60s cap. Stopping instead of blocking — let it cool down before retrying.",,,,,,,,,,,,,,,,
"March 17, 2017",Glass,UV-TV,,deranged records,British Columbia,Mariana Timony,"error: Rate limited on GET https://api.spotify.com/v1/search: Spotify asked us to wait 85811s, above the 60s cap. Stopping instead of blocking — let it cool down before retrying.",,,,,,,,,,,,,,,,
"March 16, 2017",Uyai,Ibibio Sound Machine,,Independent Artist,UK,J. Edward Keyes,"error: Rate limited on GET https://api.spotify.com/v1/search: Spotify asked us to wait 85810s, above the 60s cap. Stopping instead of blocking — let it cool down before retrying.",,,,,,,,,,,,,,,,
"March 15, 2017",World Eater,Blanck Mass,,Independent Artist,"Edinburgh, UK",Robert Whitfield,"error: Rate limited on GET https://api.spotify.com/v1/search: Spotify asked us to wait 85810s, above the 60s cap. Stopping instead of blocking — let it cool down before retrying.",,,,,,,,,,,,,,,,
"March 14, 2017",Daily Affirmations,CohenBeats,,Independent Artist,Israel,Jesse Fairfax,"error: Rate limited on GET https://api.spotify.com/v1/search: Spotify asked us to wait 85810s, above the 60s cap. Stopping instead of blocking — let it cool down before retrying.",,,,,,,,,,,,,,,,
"March 13, 2017",Thelma,Thelma,,Independent Artist,"Brooklyn, New York",Mariana Timony,"error: Rate limited on GET https://api.spotify.com/v1/search: Spotify asked us to wait 85810s, above the 60s cap. Stopping instead of blocking — let it cool down before retrying.",,,,,,,,,,,,,,,,
"March 10, 2017",Last Nite in Paradise,Aquarian Blood,,Independent Artist,"Memphis, Tennessee",J. Edward Keyes,"error: Rate limited on GET https://api.spotify.com/v1/search: Spotify asked us to wait 85809s, above the 60s cap. Stopping instead of blocking — let it cool down before retrying.",,,,,,,,,,,,,,,,
"March 09, 2017",Stalking The Ghost,Unearthly Trance,,Independent Artist,"New York, New York",JR Moores,"error: Rate limited on GET https://api.spotify.com/v1/search: Spotify asked us to wait 85809s, above the 60s cap. Stopping instead of blocking — let it cool down before retrying.",,,,,,,,,,,,,,,,
"March 08, 2017",Digging a Tunnel,Sir Was,,sir Was,Sweden,Laura Studarus,"error: Rate limited on GET https://api.spotify.com/v1/search: Spotify asked us to wait 85809s, above the 60s cap. Stopping instead of blocking — let it cool down before retrying.",,,,,,,,,,,,,,,,
"March 07, 2017","All Day, Every Day, All Night",Del Paxton,,Independent Artist,"Buffalo, New York",Jonathan Bernstein,"error: Rate limited on GET https://api.spotify.com/v1/search: Spotify asked us to wait 85809s, above the 60s cap. Stopping instead of blocking — let it cool down before retrying.",,,,,,,,,,,,,,,,
"March 06, 2017",volume 1: flick your tongue against your teeth and describe the present.,bedwetter,,LIL UGLY MANE,"Richmond, Virginia",Ross Devlin,"error: Rate limited on GET https://api.spotify.com/v1/search: Spotify asked us to wait 85809s, above the 60s cap. Stopping instead of blocking — let it cool down before retrying.",,,,,,,,,,,,,,,,
"March 03, 2017",The Electronic Tapes,Ahmed Malek & Flako,,Habibi Funk Records,"Berlin, Germany",Andy Beta,"error: Rate limited on GET https://api.spotify.com/v1/search: Spotify asked us to wait 85808s, above the 60s cap. Stopping instead of blocking — let it cool down before retrying.",,,,,,,,,,,,,,,,
"March 02, 2017",Synthesize the Soul: Astro-Atlantic Hypnotica From the Cape Verde Islands 1973-1988,Various Artists,,Ostinato Records,"New York, New York",John Morrison,"error: Rate limited on GET https://api.spotify.com/v1/search: Spotify asked us to wait 85808s, above the 60s cap. Stopping instead of blocking — let it cool down before retrying.",,,,,,,,,,,,,,,,
"March 01, 2017",Volume Uno,Stromboli,,Maple Death Records,"Bologna, Italy",Michael Berdan,"error: Rate limited on GET https://api.spotify.com/v1/search: Spotify asked us to wait 85808s, above the 60s cap. Stopping instead of blocking — let it cool down before retrying.",,,,,,,,,,,,,,,,
"February 28, 2017",Day Fever,Dear Reader,,Independent Artist,"Berlin, Germany",Aaron Carnes,"error: Rate limited on GET https://api.spotify.com/v1/search: Spotify asked us to wait 85808s, above the 60s cap. Stopping instead of blocking — let it cool down before retrying.",,,,,,,,,,,,,,,,
"February 27, 2017",The Hired Hands: A Tribute to Bruce Langhorne,Various Artists,,Scissor Tail Records,Oklahoma,Ned Raggett,"error: Rate limited on GET https://api.spotify.com/v1/search: Spotify asked us to wait 85807s, above the 60s cap. Stopping instead of blocking — let it cool down before retrying.",,,,,,,,,,,,,,,,
"February 24, 2017",The Iceberg,Oddisee,,Independent Artist,"Brooklyn, New York",Jonah Bromwich,"error: Rate limited on GET https://api.spotify.com/v1/search: Spotify asked us to wait 85807s, above the 60s cap. Stopping instead of blocking — let it cool down before retrying.",,,,,,,,,,,,,,,,
"February 23, 2017",A Night Walking Through Mirrors,Chicago/London Underground,,Cuneiform Records,"Washington, D.C.",Peter Margasak,"error: Rate limited on GET https://api.spotify.com/v1/search: Spotify asked us to wait 85807s, above the 60s cap. Stopping instead of blocking — let it cool down before retrying.",,,,,,,,,,,,,,,,
"February 22, 2017",Undying Color,Mind Over Mirrors,,Independent Artist,,Joe Darling,"error: Rate limited on GET https://api.spotify.com/v1/search: Spotify asked us to wait 85807s, above the 60s cap. Stopping instead of blocking — let it cool down before retrying.",,,,,,,,,,,,,,,,
"February 21, 2017",New Spirit,PVT,,Independent Artist,"Sydney, Australia",Adam Badí Donoval,"error: Rate limited on GET https://api.spotify.com/v1/search: Spotify asked us to wait 85806s, above the 60s cap. Stopping instead of blocking — let it cool down before retrying.",,,,,,,,,,,,,,,,
"February 20, 2017",II,The Courtneys,,Independent Artist,"Vancouver, British Columbia",Lauren Rearick,"error: Rate limited on GET https://api.spotify.com/v1/search: Spotify asked us to wait 85806s, above the 60s cap. Stopping instead of blocking — let it cool down before retrying.",,,,,,,,,,,,,,,,
"February 17, 2017",Cruel Optimism,Lawrence English,,Independent Artist,"Brisbane, Australia",Andrew Parks,"error: Rate limited on GET https://api.spotify.com/v1/search: Spotify asked us to wait 85806s, above the 60s cap. Stopping instead of blocking — let it cool down before retrying.",,,,,,,,,,,,,,,,
"February 16, 2017",Headnod Suite,Karriem Riggins,,Independent Artist,"Los Angeles, California",Andrew Martin,"error: Rate limited on GET https://api.spotify.com/v1/search: Spotify asked us to wait 85806s, above the 60s cap. Stopping instead of blocking — let it cool down before retrying.",,,,,,,,,,,,,,,,
"February 15, 2017",Hard Love,Strand of Oaks,,Independent Artist,"Austin, Texas",Jeffrey Silverstein,"error: Rate limited on GET https://api.spotify.com/v1/search: Spotify asked us to wait 85805s, above the 60s cap. Stopping instead of blocking — let it cool down before retrying.",,,,,,,,,,,,,,,,
"February 14, 2017",Bye Bye Berta,Palberta,,Independent Artist,"New York, New York",Maria Sherman,"error: Rate limited on GET https://api.spotify.com/v1/search: Spotify asked us to wait 85805s, above the 60s cap. Stopping instead of blocking — let it cool down before retrying.",,,,,,,,,,,,,,,,
"February 10, 2017",Shallow Drownings,Soggy Creep,,Independent Artist,"Olympia, Washington",JJ Skolnik,"error: Rate limited on GET https://api.spotify.com/v1/search: Spotify asked us to wait 85805s, above the 60s cap. Stopping instead of blocking — let it cool down before retrying.",,,,,,,,,,,,,,,,
"February 09, 2017",Ripping Death b/w Riddle of Steel,Zig Zags,,FAMOUS CLASS RECORDS,"Brooklyn, New York",Jeff Terich,"error: Rate limited on GET https://api.spotify.com/v1/search: Spotify asked us to wait 85805s, above the 60s cap. Stopping instead of blocking — let it cool down before retrying.",,,,,,,,,,,,,,,,
"February 08, 2017",missing home,Dream Wave,,Citrus City Records,"Richmond, Virginia",David Turner,"error: Rate limited on GET https://api.spotify.com/v1/search: Spotify asked us to wait 85804s, above the 60s cap. Stopping instead of blocking — let it cool down before retrying.",,,,,,,,,,,,,,,,
"February 07, 2017",Messes,Stef Chura,,stef chura,"Detroit, Michigan",Maura Johnston,"error: Rate limited on GET https://api.spotify.com/v1/search: Spotify asked us to wait 85804s, above the 60s cap. Stopping instead of blocking — let it cool down before retrying.",,,,,,,,,,,,,,,,
"February 06, 2017","Pure, Beyond Reproach",Egyptrixx,,EGYPTRIXX,"Toronto, Ontario",Joe Darling,"error: Rate limited on GET https://api.spotify.com/v1/search: Spotify asked us to wait 85804s, above the 60s cap. Stopping instead of blocking — let it cool down before retrying.",,,,,,,,,,,,,,,,
"February 03, 2017",Desvio Onirico,Boogarins,,Independent Artist,"Goiânia, Brazil",J. Edward Keyes,"error: Rate limited on GET https://api.spotify.com/v1/search: Spotify asked us to wait 85804s, above the 60s cap. Stopping instead of blocking — let it cool down before retrying.",,,,,,,,,,,,,,,,
"February 02, 2017",Occult Architecture Vol. 1,Moon Duo,,Independent Artist,"Portland, Oregon",Will Schube,"error: Rate limited on GET https://api.spotify.com/v1/search: Spotify asked us to wait 85804s, above the 60s cap. Stopping instead of blocking — let it cool down before retrying.",,,,,,,,,,,,,,,,
"February 01, 2017",Fantasy,Fla.mingo,,business casual,,Simon Chandler,"error: Rate limited on GET https://api.spotify.com/v1/search: Spotify asked us to wait 85803s, above the 60s cap. Stopping instead of blocking — let it cool down before retrying.",,,,,,,,,,,,,,,,
"January 31, 2017",DJ Kicks (Matthew Dear),Matthew Dear,,Independent Artist,"Ann Arbor, Michigan",Andrew Parks,"error: Rate limited on GET https://api.spotify.com/v1/search: Spotify asked us to wait 85803s, above the 60s cap. Stopping instead of blocking — let it cool down before retrying.",,,,,,,,,,,,,,,,
"January 30, 2017",This is Steve,Delicate Steve,,Independent Artist,New Jersey,Max Savage Levenson,"error: Rate limited on GET https://api.spotify.com/v1/search: Spotify asked us to wait 85803s, above the 60s cap. Stopping instead of blocking — let it cool down before retrying.",,,,,,,,,,,,,,,,
"January 27, 2017",Near to the Wild Heart of Life,Japandroids,,Independent Artist,"Vancouver, British Columbia",Jonathan Bernstein,"error: Rate limited on GET https://api.spotify.com/v1/search: Spotify asked us to wait 85803s, above the 60s cap. Stopping instead of blocking — let it cool down before retrying.",,,,,,,,,,,,,,,,
"January 26, 2017",Live in Paris,Sleater-Kinney,,Independent Artist,"Portland, Oregon",JJ Skolnik,"error: Rate limited on GET https://api.spotify.com/v1/search: Spotify asked us to wait 85803s, above the 60s cap. Stopping instead of blocking — let it cool down before retrying.",,,,,,,,,,,,,,,,
"January 25, 2017",Sunbelt Emptiness,Pollen RX,,Pollen Rx,"Austin, Texas",Mariana Timony,"error: Rate limited on GET https://api.spotify.com/v1/search: Spotify asked us to wait 85802s, above the 60s cap. Stopping instead of blocking — let it cool down before retrying.",,,,,,,,,,,,,,,,
"January 24, 2017",Lives Through Magic,Various Artists,,Lives Through Magic,"New York, New York",Kristan J. Caryl,"error: Rate limited on GET https://api.spotify.com/v1/search: Spotify asked us to wait 85802s, above the 60s cap. Stopping instead of blocking — let it cool down before retrying.",,,,,,,,,,,,,,,,
"January 23, 2017",Channels: Backpfeifengesicht/Airstrip One,Channels,,Independent Artist,"Washington, D.C.",JJ Skolnik,"error: Rate limited on GET https://api.spotify.com/v1/search: Spotify asked us to wait 85802s, above the 60s cap. Stopping instead of blocking — let it cool down before retrying.",,,,,,,,,,,,,,,,
"January 20, 2017",On the Pedestrian Side,Angela Sawyer,,Weird Ear Records,"Oakland, California",Andrew Parks,"error: Rate limited on GET https://api.spotify.com/v1/search: Spotify asked us to wait 85802s, above the 60s cap. Stopping instead of blocking — let it cool down before retrying.",,,,,,,,,,,,,,,,
"January 19, 2017",The World is a Loud Place,Landlady,,Independent Artist,New York,Allison Hussey,"error: Rate limited on GET https://api.spotify.com/v1/search: Spotify asked us to wait 85801s, above the 60s cap. Stopping instead of blocking — let it cool down before retrying.",,,,,,,,,,,,,,,,
"January 18, 2017",Reflection,아버지,,Independent Artist,"Pittsburgh, Pennsylvania",Simon Chandler,"error: Rate limited on GET https://api.spotify.com/v1/search: Spotify asked us to wait 85801s, above the 60s cap. Stopping instead of blocking — let it cool down before retrying.",,,,,,,,,,,,,,,,
"January 17, 2017",Life Without Sound,Cloud Nothings,,Independent Artist,"Cleveland, Ohio",Drew Fortune,"error: Rate limited on GET https://api.spotify.com/v1/search: Spotify asked us to wait 85801s, above the 60s cap. Stopping instead of blocking — let it cool down before retrying.",,,,,,,,,,,,,,,,
"January 16, 2017",Cut to the Chafe,Thurst,,THURST,"Los Angeles, California",Mariana Timony,"error: Rate limited on GET https://api.spotify.com/v1/search: Spotify asked us to wait 85801s, above the 60s cap. Stopping instead of blocking — let it cool down before retrying.",,,,,,,,,,,,,,,,
"January 13, 2017",As Was,Black Anvil,,Independent Artist,"New York, New York",Michael Hill,"error: Rate limited on GET https://api.spotify.com/v1/search: Spotify asked us to wait 85801s, above the 60s cap. Stopping instead of blocking — let it cool down before retrying.",,,,,,,,,,,,,,,,
"January 12, 2017",Not Even Happiness,Julie Byrne,,Independent Artist,"New York, New York",Max Mohenu,"error: Rate limited on GET https://api.spotify.com/v1/search: Spotify asked us to wait 85800s, above the 60s cap. Stopping instead of blocking — let it cool down before retrying.",,,,,,,,,,,,,,,,
"January 11, 2017",LNLNN,Gidge,,Independent Artist,Sweden,Louis Pattison,"error: Rate limited on GET https://api.spotify.com/v1/search: Spotify asked us to wait 85800s, above the 60s cap. Stopping instead of blocking — let it cool down before retrying.",,,,,,,,,,,,,,,,
"January 10, 2017",Ceremonial,Anchorsong,,Independent Artist,"London, UK",Jonathan Bernstein,"error: Rate limited on GET https://api.spotify.com/v1/search: Spotify asked us to wait 85800s, above the 60s cap. Stopping instead of blocking — let it cool down before retrying.",,,,,,,,,,,,,,,,
"January 09, 2017",Overnight,Heat,,Independent Artist,"Montréal, Québec",J. Edward Keyes,"error: Rate limited on GET https://api.spotify.com/v1/search: Spotify asked us to wait 85800s, above the 60s cap. Stopping instead of blocking — let it cool down before retrying.",,,,,,,,,,,,,,,,
"January 06, 2017",Raw Movements | Rude Movements,SunPalace,,Independent Artist,"London, UK",Nate Patrin,"error: Rate limited on GET https://api.spotify.com/v1/search: Spotify asked us to wait 85800s, above the 60s cap. Stopping instead of blocking — let it cool down before retrying.",,,,,,,,,,,,,,,,
"January 05, 2017",Kalahysteri,Kalahysteri,,Independent Artist,Italy,Casey Jarman,"error: Rate limited on GET https://api.spotify.com/v1/search: Spotify asked us to wait 85799s, above the 60s cap. Stopping instead of blocking — let it cool down before retrying.",,,,,,,,,,,,,,,,
"January 04, 2017",Isle Enchanted,Wave Temples,,Independent Artist,Florida,J. Edward Keyes,"error: Rate limited on GET https://api.spotify.com/v1/search: Spotify asked us to wait 85799s, above the 60s cap. Stopping instead of blocking — let it cool down before retrying.",,,,,,,,,,,,,,,,
"January 02, 2017",Mortal,Quicksails,,Independent Artist,"Chicago, Illinois",J. Edward Keyes,"error: Rate limited on GET https://api.spotify.com/v1/search: Spotify asked us to wait 85799s, above the 60s cap. Stopping instead of blocking — let it cool down before retrying.",,,,,,,,,,,,,,,,
"January 02, 2017",Mary Bell,Mary Bell,,Independent Artist,"Paris, France",Sophie Kemp,"error: Rate limited on GET https://api.spotify.com/v1/search: Spotify asked us to wait 85799s, above the 60s cap. Stopping instead of blocking — let it cool down before retrying.",,,,,,,,,,,,,,,,
"December 23, 2016",Love Songs: Part Two,Romare,,Independent Artist,"England, UK",Joe Darling,"error: Rate limited on GET https://api.spotify.com/v1/search: Spotify asked us to wait 85798s, above the 60s cap. Stopping instead of blocking — let it cool down before retrying.",,,,,,,,,,,,,,,,
"December 22, 2016",Instant Evening,Zoos of Berlin,,Independent Artist,Detroit,Drew Fortune,"error: Rate limited on GET https://api.spotify.com/v1/search: Spotify asked us to wait 85798s, above the 60s cap. Stopping instead of blocking — let it cool down before retrying.",,,,,,,,,,,,,,,,
"December 21, 2016",Jeremy Underground presents Beauty,Various,,Spacetalk,"London, UK",Amaya Garcia,"error: Rate limited on GET https://api.spotify.com/v1/search: Spotify asked us to wait 85798s, above the 60s cap. Stopping instead of blocking — let it cool down before retrying.",,,,,,,,,,,,,,,,
"December 20, 2016",Shrines of Paralysis,Ulcerate,,Independent Artist,"Auckland, New Zealand",Nnamdi Bawsism,"error: Rate limited on GET https://api.spotify.com/v1/search: Spotify asked us to wait 85798s, above the 60s cap. Stopping instead of blocking — let it cool down before retrying.",,,,,,,,,,,,,,,,
"December 19, 2016",Old Souls Carnival,Medline,,My Bags,"Messac, France",Aaron Carnes,"error: Rate limited on GET https://api.spotify.com/v1/search: Spotify asked us to wait 85798s, above the 60s cap. Stopping instead of blocking — let it cool down before retrying.",,,,,,,,,,,,,,,,
"December 16, 2016",Worst Case Scenario,Elaquent,,Independent Artist,"Toronto, Ontario",Andrew Martin,"error: Rate limited on GET https://api.spotify.com/v1/search: Spotify asked us to wait 85797s, above the 60s cap. Stopping instead of blocking — let it cool down before retrying.",,,,,,,,,,,,,,,,
"December 15, 2016",Confront the Truth,Tony Molina,,Independent Artist,"San Francisco, California",J. Edward Keyes,"error: Rate limited on GET https://api.spotify.com/v1/search: Spotify asked us to wait 85797s, above the 60s cap. Stopping instead of blocking — let it cool down before retrying.",,,,,,,,,,,,,,,,
"December 14, 2016",Ohio,Earth Tongues,,Neither/Nor Records,"New York, New York",Peter Margasak,"error: Rate limited on GET https://api.spotify.com/v1/search: Spotify asked us to wait 85797s, above the 60s cap. Stopping instead of blocking — let it cool down before retrying.",,,,,,,,,,,,,,,,
"December 13, 2016",The Source,Ted Hearne,,Independent Artist,"Los Angeles, California",Shawna Kenney,"error: Rate limited on GET https://api.spotify.com/v1/search: Spotify asked us to wait 85797s, above the 60s cap. Stopping instead of blocking — let it cool down before retrying.",,,,,,,,,,,,,,,,
"December 12, 2016",The Eternalist,Agatus,,AGATUS,"Athens, Greece",Zachary Goldsmith,"error: Rate limited on GET https://api.spotify.com/v1/search: Spotify asked us to wait 85797s, above the 60s cap. Stopping instead of blocking — let it cool down before retrying.",,,,,,,,,,,,,,,,
"December 08, 2016",Broken Knowz,Jay Daniel,,Independent Artist,"Detroit, Michigan",Joe Darling,"error: Rate limited on GET https://api.spotify.com/v1/search: Spotify asked us to wait 85796s, above the 60s cap. Stopping instead of blocking — let it cool down before retrying.",,,,,,,,,,,,,,,,
"December 07, 2016",Rhombal,Stephan Crump,,Independent Artist,"Brooklyn, New York",Peter Margasak,"error: Rate limited on GET https://api.spotify.com/v1/search: Spotify asked us to wait 85796s, above the 60s cap. Stopping instead of blocking — let it cool down before retrying.",,,,,,,,,,,,,,,,
"December 06, 2016",Vol. 1,Permit,,Independent Artist,"Bloomington, Indiana",J. Edward Keyes,"error: Rate limited on GET https://api.spotify.com/v1/search: Spotify asked us to wait 85796s, above the 60s cap. Stopping instead of blocking — let it cool down before retrying.",,,,,,,,,,,,,,,,
"December 05, 2016",Early Volume,Slug,,Independent Artist,"Los Angeles, California",J. Edward Keyes,"error: Rate limited on GET https://api.spotify.com/v1/search: Spotify asked us to wait 85796s, above the 60s cap. Stopping instead of blocking — let it cool down before retrying.",,,,,,,,,,,,,,,,
"December 02, 2016",Remain Calm,Mica Levi and Oliver Coates,,Oliver Coates,"Glasgow, UK",Adam Badí Donoval,"error: Rate limited on GET https://api.spotify.com/v1/search: Spotify asked us to wait 85795s, above the 60s cap. Stopping instead of blocking — let it cool down before retrying.",,,,,,,,,,,,,,,,
"December 01, 2016",On Dark Silent Off,Radian,,Independent Artist,"Vienna, Austria",Nnamdi Bawsism,"error: Rate limited on GET https://api.spotify.com/v1/search: Spotify asked us to wait 85795s, above the 60s cap. Stopping instead of blocking — let it cool down before retrying.",,,,,,,,,,,,,,,,
"November 30, 2016",What’s Your Sign?,Oneida & Rhys Chatham,,Oneida &amp; Rhys Chatham,"Brooklyn, New York",Andrew Parks,"error: Rate limited on GET https://api.spotify.com/v1/search: Spotify asked us to wait 85795s, above the 60s cap. Stopping instead of blocking — let it cool down before retrying.",,,,,,,,,,,,,,,,
"November 28, 2016",Late Nights & Heartbreak,Hannah Williams,,Independent Artist,UK,Max Savage Levenson,"error: Rate limited on GET https://api.spotify.com/v1/search: Spotify asked us to wait 85795s, above the 60s cap. Stopping instead of blocking — let it cool down before retrying.",,,,,,,,,,,,,,,,
"November 23, 2016",You Know What It’s Like,Carla dal Forno,,Independent Artist,"Castlemaine, Australia",Andrew Parks,"error: Rate limited on GET https://api.spotify.com/v1/search: Spotify asked us to wait 85795s, above the 60s cap. Stopping instead of blocking — let it cool down before retrying.",,,,,,,,,,,,,,,,
"November 22, 2016",Reginald Omas Mamode IV,Reginald Omas Mamode IV,,Independent Artist,"London, UK",Andrew Martin,"error: Rate limited on GET https://api.spotify.com/v1/search: Spotify asked us to wait 85794s, above the 60s cap. Stopping instead of blocking — let it cool down before retrying.",,,,,,,,,,,,,,,,
"November 21, 2016",Wingbeats,Hidden Orchestra,,Independent Artist,UK,Katy Henriksen,"error: Rate limited on GET https://api.spotify.com/v1/search: Spotify asked us to wait 85794s, above the 60s cap. Stopping instead of blocking — let it cool down before retrying.",,,,,,,,,,,,,,,,
"November 18, 2016",Telling it Like it Is,Marching Church,,Independent Artist,"Copenhagen, Denmark",Sam Lefebvre,"error: Rate limited on GET https://api.spotify.com/v1/search: Spotify asked us to wait 85794s, above the 60s cap. Stopping instead of blocking — let it cool down before retrying.",,,,,,,,,,,,,,,,
"November 17, 2016",s/t EP,Soaker,,Wharf Cat Records,New York,Nnamdi Bawsism,"error: Rate limited on GET https://api.spotify.com/v1/search: Spotify asked us to wait 85794s, above the 60s cap. Stopping instead of blocking — let it cool down before retrying.",,,,,,,,,,,,,,,,
"November 16, 2016",Soft Hair,Soft Hair,,Independent Artist,,Erin Lyndal Martin,"error: Rate limited on GET https://api.spotify.com/v1/search: Spotify asked us to wait 85794s, above the 60s cap. Stopping instead of blocking — let it cool down before retrying.",,,,,,,,,,,,,,,,
"November 15, 2016",Funny Papers,Mall Walk,,MALL WALK,"Oakland, California",Mariana Timony,"error: Rate limited on GET https://api.spotify.com/v1/search: Spotify asked us to wait 85793s, above the 60s cap. Stopping instead of blocking — let it cool down before retrying.",,,,,,,,,,,,,,,,
"November 14, 2016",Black Focus,Yussef Kamaal,,Independent Artist,"London, UK",Dean Van Nguyen,"error: Rate limited on GET https://api.spotify.com/v1/search: Spotify asked us to wait 85793s, above the 60s cap. Stopping instead of blocking — let it cool down before retrying.",,,,,,,,,,,,,,,,
"November 11, 2016",The Sorrow You’ve Been Toting Around,Scooterbabe,,scooterbabe,"Athens, Georgia",Annie Zaleski,"error: Rate limited on GET https://api.spotify.com/v1/search: Spotify asked us to wait 85793s, above the 60s cap. Stopping instead of blocking — let it cool down before retrying.",,,,,,,,,,,,,,,,
"November 09, 2016",Tumblers From the Vault,Syrinx,,RVNG Intl.,"New York, New York",A. Evan Woodward,"error: Rate limited on GET https://api.spotify.com/v1/search: Spotify asked us to wait 85793s, above the 60s cap. Stopping instead of blocking — let it cool down before retrying.",,,,,,,,,,,,,,,,
"November 08, 2016",Flea Waltz,Frederic Robinson,,Independent Artist,"Sydney, Australia",Andy Battaglia,"error: Rate limited on GET https://api.spotify.com/v1/search: Spotify asked us to wait 85793s, above the 60s cap. Stopping instead of blocking — let it cool down before retrying.",,,,,,,,,,,,,,,,
"November 07, 2016",Cheetah in the City,Blu and Union Analogtronics,,Union,"Paris, France",Andrew Martin,"error: Rate limited on GET https://api.spotify.com/v1/search: Spotify asked us to wait 85792s, above the 60s cap. Stopping instead of blocking — let it cool down before retrying.",,,,,,,,,,,,,,,,
"November 03, 2016",Eat or Die,Future Orients,,Maybe Mars,"Beijing, China",Maria Sherman,"error: Rate limited on GET https://api.spotify.com/v1/search: Spotify asked us to wait 85792s, above the 60s cap. Stopping instead of blocking — let it cool down before retrying.",,,,,,,,,,,,,,,,
"November 02, 2016",The Olympians,The Olympians,,Independent Artist,"Brooklyn, New York",Max Savage Levenson,"error: Rate limited on GET https://api.spotify.com/v1/search: Spotify asked us to wait 85792s, above the 60s cap. Stopping instead of blocking — let it cool down before retrying.",,,,,,,,,,,,,,,,
"November 01, 2016",Timber Remixed,Various Artists,,Michael Gordon,"New York, New York",Andy Battaglia,"error: Rate limited on GET https://api.spotify.com/v1/search: Spotify asked us to wait 85792s, above the 60s cap. Stopping instead of blocking — let it cool down before retrying.",,,,,,,,,,,,,,,,
"October 31, 2016",Lost at the Party,Terry Malts,,terry malts,"Louisville, Kentucky",Mariana Timony,"error: Rate limited on GET https://api.spotify.com/v1/search: Spotify asked us to wait 85792s, above the 60s cap. Stopping instead of blocking — let it cool down before retrying.",,,,,,,,,,,,,,,,
"October 28, 2016",Jealous Fires,The Gospel Truth,,Independent Artist,"Austin, Texas",Jennifer Kelly,"error: Rate limited on GET https://api.spotify.com/v1/search: Spotify asked us to wait 85791s, above the 60s cap. Stopping instead of blocking — let it cool down before retrying.",,,,,,,,,,,,,,,,
"October 27, 2016",Lubbock (On Everything),Terry Allen,,Independent Artist,"Santa Fe, New Mexico",Andy Beta,"error: Rate limited on GET https://api.spotify.com/v1/search: Spotify asked us to wait 85791s, above the 60s cap. Stopping instead of blocking — let it cool down before retrying.",,,,,,,,,,,,,,,,
"October 26, 2016",Soundscapes for the Emotional​-​Type Listener,Slow Attack Ensemble,,Independent Artist,,Philip Sherburne,"error: Rate limited on GET https://api.spotify.com/v1/search: Spotify asked us to wait 85791s, above the 60s cap. Stopping instead of blocking — let it cool down before retrying.",,,,,,,,,,,,,,,,
"October 25, 2016",Mare,Christian Löffler,,Independent Artist,"Graal Müritz, Germany",Louis Pattison,"error: Rate limited on GET https://api.spotify.com/v1/search: Spotify asked us to wait 85791s, above the 60s cap. Stopping instead of blocking — let it cool down before retrying.",,,,,,,,,,,,,,,,
"October 21, 2016",Let’s Take A Trip,Tall Black Guy,,Tall Black Guy Productions,"Detroit, Michigan",Jesse Fairfax,"error: Rate limited on GET https://api.spotify.com/v1/search: Spotify asked us to wait 85790s, above the 60s cap. Stopping instead of blocking — let it cool down before retrying.",,,,,,,,,,,,,,,,
"October 20, 2016",Anderson .Paak and Knxwledge Are Co-MVPs on Yes Lawd!,NxWorries,Hip-Hop/Rap,Independent Artist,"Los Angeles, California",Marcus J. Moore,"error: Rate limited on GET https://api.spotify.com/v1/search: Spotify asked us to wait 85790s, above the 60s cap. Stopping instead of blocking — let it cool down before retrying.",,,,,,,,,,,,,,,,
"October 19, 2016",Fragmenta,Rioux,,Independent Artist,"New York, New York",Winston Cook-Wilson,"error: Rate limited on GET https://api.spotify.com/v1/search: Spotify asked us to wait 85790s, above the 60s cap. Stopping instead of blocking — let it cool down before retrying.",,,,,,,,,,,,,,,,
"October 18, 2016",COW / Chill Out World!,The Orb,,Independent Artist,"London, UK",Michaelangelo Matos,"error: Rate limited on GET https://api.spotify.com/v1/search: Spotify asked us to wait 85790s, above the 60s cap. Stopping instead of blocking — let it cool down before retrying.",,,,,,,,,,,,,,,,
"October 17, 2016",Bhavachakra,Bhavachakra,,Independent Artist,"Orlando, Florida",Zachary Goldsmith,"error: Rate limited on GET https://api.spotify.com/v1/search: Spotify asked us to wait 85790s, above the 60s cap. Stopping instead of blocking — let it cool down before retrying.",,,,,,,,,,,,,,,,
"October 14, 2016",The 11th Sky,Electric Wire Hustle,,Bastard Jazz Recordings,"Brooklyn, New York",Andrew Martin,"error: Rate limited on GET https://api.spotify.com/v1/search: Spotify asked us to wait 85789s, above the 60s cap. Stopping instead of blocking — let it cool down before retrying.",,,,,,,,,,,,,,,,
"October 13, 2016",Requiem,Goat,,Independent Artist,"Norrbotten County, Sweden",Nnamdi Bawsism,"error: Rate limited on GET https://api.spotify.com/v1/search: Spotify asked us to wait 85789s, above the 60s cap. Stopping instead of blocking — let it cool down before retrying.",,,,,,,,,,,,,,,,
"October 12, 2016",I Dreamed of a Palace in the Sky,Equip,,Independent Artist,"Chicago, Illinois",Simon Chandler,"error: Rate limited on GET https://api.spotify.com/v1/search: Spotify asked us to wait 85789s, above the 60s cap. Stopping instead of blocking — let it cool down before retrying.",,,,,,,,,,,,,,,,
"October 11, 2016",Along a Vanishing Plane,Christopher Tignor,,Independent Artist,New York,Robert Ham,"error: Rate limited on GET https://api.spotify.com/v1/search: Spotify asked us to wait 85789s, above the 60s cap. Stopping instead of blocking — let it cool down before retrying.",,,,,,,,,,,,,,,,
"October 10, 2016",In Case You Missed It: 15 Years Of Dualtone,Various Artists,,"Dualtone Music Group, Inc.","Nashville, Tennessee",Amanda Wicks,"error: Rate limited on GET https://api.spotify.com/v1/search: Spotify asked us to wait 85789s, above the 60s cap. Stopping instead of blocking — let it cool down before retrying.",,,,,,,,,,,,,,,,
"October 06, 2016",Mr. Robot – Volume 1 (Original Television Series Soundtrack),Mac Quayle,,Independent Artist,,J. Edward Keyes,"error: Rate limited on GET https://api.spotify.com/v1/search: Spotify asked us to wait 85788s, above the 60s cap. Stopping instead of blocking — let it cool down before retrying.",,,,,,,,,,,,,,,,
"October 05, 2016",A Loud Bash of Teenage Feelings,Beach Slang,,Independent Artist,"Philadelphia, Pennsylvania",Drew Fortune,"error: Rate limited on GET https://api.spotify.com/v1/search: Spotify asked us to wait 85788s, above the 60s cap. Stopping instead of blocking — let it cool down before retrying.",,,,,,,,,,,,,,,,
"October 04, 2016",Kodama,Alcest,,Independent Artist,"Paris, France",Brad Sanders,"error: Rate limited on GET https://api.spotify.com/v1/search: Spotify asked us to wait 85788s, above the 60s cap. Stopping instead of blocking — let it cool down before retrying.",,,,,,,,,,,,,,,,
"September 30, 2016",Drakkar Nowhere,Drakkar Nowhere,,Independent Artist,"New York, New York",Max Savage Levenson,"error: Rate limited on GET https://api.spotify.com/v1/search: Spotify asked us to wait 85788s, above the 60s cap. Stopping instead of blocking — let it cool down before retrying.",,,,,,,,,,,,,,,,
"September 30, 2016",Dusk,Ultimate Painting,,Independent Artist,"London, UK",Joe Darling,"error: Rate limited on GET https://api.spotify.com/v1/search: Spotify asked us to wait 85787s, above the 60s cap. Stopping instead of blocking — let it cool down before retrying.",,,,,,,,,,,,,,,,
"September 29, 2016",A Million,Bon Iver Makes A Ghostly Return on “22,Alternative,Bon Iver,"Eau Claire, Wisconsin",Brandon Stosuy,"error: Rate limited on GET https://api.spotify.com/v1/search: Spotify asked us to wait 85787s, above the 60s cap. Stopping instead of blocking — let it cool down before retrying.",,,,,,,,,,,,,,,,
"September 28, 2016",Lisa Marie Airplane Tour,So Cow,,Jigsaw Records,"Portland, Oregon",Annie Zaleski,"error: Rate limited on GET https://api.spotify.com/v1/search: Spotify asked us to wait 85787s, above the 60s cap. Stopping instead of blocking — let it cool down before retrying.",,,,,,,,,,,,,,,,
"September 26, 2016",MOUTHTRIP,KAGAMI smile.,,BLCR Laboratories,Netherlands,Simon Chandler,"error: Rate limited on GET https://api.spotify.com/v1/search: Spotify asked us to wait 85787s, above the 60s cap. Stopping instead of blocking — let it cool down before retrying.",,,,,,,,,,,,,,,,
"September 23, 2016",Obnóxius,Jose Mauro,,José Mauro,Brazil,Andy Beta,"error: Rate limited on GET https://api.spotify.com/v1/search: Spotify asked us to wait 85787s, above the 60s cap. Stopping instead of blocking — let it cool down before retrying.",,,,,,,,,,,,,,,,
"September 22, 2016",Statea,Murcof x Vanessa Wagner,,InFiné,"Paris, France",Andy Battaglia,"error: Rate limited on GET https://api.spotify.com/v1/search: Spotify asked us to wait 85786s, above the 60s cap. Stopping instead of blocking — let it cool down before retrying.",,,,,,,,,,,,,,,,
"September 21, 2016",Sunergy,Kaitlyn Aurelia Smith & Suzanne Ciani,,Kaitlyn Aurelia Smith,"Los Angeles, California",Andrew Parks,"error: Rate limited on GET https://api.spotify.com/v1/search: Spotify asked us to wait 85786s, above the 60s cap. Stopping instead of blocking — let it cool down before retrying.",,,,,,,,,,,,,,,,
"September 20, 2016",Body Wash,MNDSGN,,Mndsgn.,"Los Angeles, California",Marcus K. Dowling,"error: Rate limited on GET https://api.spotify.com/v1/search: Spotify asked us to wait 85785s, above the 60s cap. Stopping instead of blocking — let it cool down before retrying.",,,,,,,,,,,,,,,,
"September 19, 2016",Songs for Lovers,蜃気楼MIRAGE & waterfront dining,,waterfront dining,,Simon Chandler,"error: Rate limited on GET https://api.spotify.com/v1/search: Spotify asked us to wait 85785s, above the 60s cap. Stopping instead of blocking — let it cool down before retrying.",,,,,,,,,,,,,,,,
"September 16, 2016",Splendor and Misery,clipping.,,Independent Artist,"Los Angeles, California",Nnamdi Bawsism,"error: Rate limited on GET https://api.spotify.com/v1/search: Spotify asked us to wait 85785s, above the 60s cap. Stopping instead of blocking — let it cool down before retrying.",,,,,,,,,,,,,,,,
"September 15, 2016",The End of Comedy,Drugdealer,,Independent Artist,,Max Savage Levenson,"error: Rate limited on GET https://api.spotify.com/v1/search: Spotify asked us to wait 85784s, above the 60s cap. Stopping instead of blocking — let it cool down before retrying.",,,,,,,,,,,,,,,,
"September 14, 2016",Sumerlands,Sumerlands,,Independent Artist,"Philadelphia, Pennsylvania",Zachary Goldsmith,"error: Rate limited on GET https://api.spotify.com/v1/search: Spotify asked us to wait 85784s, above the 60s cap. Stopping instead of blocking — let it cool down before retrying.",,,,,,,,,,,,,,,,
"September 13, 2016",Radiant Remains,Radar Eyes,,Independent Artist,"Chicago, Illinois",J. Edward Keyes,"error: Rate limited on GET https://api.spotify.com/v1/search: Spotify asked us to wait 85784s, above the 60s cap. Stopping instead of blocking — let it cool down before retrying.",,,,,,,,,,,,,,,,
"September 12, 2016",Infinite Floor,Dylan Cameron,,Holodeck Records,"Austin, Texas",Andrew Parks,"error: Rate limited on GET https://api.spotify.com/v1/search: Spotify asked us to wait 85784s, above the 60s cap. Stopping instead of blocking — let it cool down before retrying.",,,,,,,,,,,,,,,,
"September 09, 2016",Sélébéyone,Steve Lehman,,Independent Artist,"New York, New York",Peter Margasak,"error: Rate limited on GET https://api.spotify.com/v1/search: Spotify asked us to wait 85783s, above the 60s cap. Stopping instead of blocking — let it cool down before retrying.",,,,,,,,,,,,,,,,
"September 08, 2016",Nothing More To Say,Album Of The Day:  The Frightnrs,,the FRIGHTNRS,"Queens, New York",Eric Luecking,"error: Rate limited on GET https://api.spotify.com/v1/search: Spotify asked us to wait 85783s, above the 60s cap. Stopping instead of blocking — let it cool down before retrying.",,,,,,,,,,,,,,,,
"September 07, 2016",EP,Hoops,,Independent Artist,"Bloomington, Indiana",Jonathan Bernstein,"error: Rate limited on GET https://api.spotify.com/v1/search: Spotify asked us to wait 85783s, above the 60s cap. Stopping instead of blocking — let it cool down before retrying.",,,,,,,,,,,,,,,,
"September 06, 2016",Posh Lost,Posh Lost,,Mirror Universe Tapes,"Brooklyn, New York",J. Edward Keyes,"error: Rate limited on GET https://api.spotify.com/v1/search: Spotify asked us to wait 85783s, above the 60s cap. Stopping instead of blocking — let it cool down before retrying.",,,,,,,,,,,,,,,,
"September 05, 2016",Magic,Hairy Hands,,James Alexander Bright,UK,Michaelangelo Matos,"error: Rate limited on GET https://api.spotify.com/v1/search: Spotify asked us to wait 85783s, above the 60s cap. Stopping instead of blocking — let it cool down before retrying.",,,,,,,,,,,,,,,,
"September 02, 2016",Phase Zero,Morgan Delt,,Independent Artist,"Los Angeles, California",Judy Berman,"error: Rate limited on GET https://api.spotify.com/v1/search: Spotify asked us to wait 85782s, above the 60s cap. Stopping instead of blocking — let it cool down before retrying.",,,,,,,,,,,,,,,,
"September 01, 2016",For This We Fought the Battle of Ages,SubRosa,,Profound Lore Records,"Kitchener, Ontario",Brad Sanders,"error: Rate limited on GET https://api.spotify.com/v1/search: Spotify asked us to wait 85782s, above the 60s cap. Stopping instead of blocking — let it cool down before retrying.",,,,,,,,,,,,,,,,
"August 31, 2016",Between Waves,The Album Leaf,,Independent Artist,"Los Angeles, California",Marvin Lin,"error: Rate limited on GET https://api.spotify.com/v1/search: Spotify asked us to wait 85782s, above the 60s cap. Stopping instead of blocking — let it cool down before retrying.",,,,,,,,,,,,,,,,
"August 30, 2016",Heatweaver,Jaw Gems,,JAW GEMS,"Portland, Maine",Marcus J. Moore,"error: Rate limited on GET https://api.spotify.com/v1/search: Spotify asked us to wait 85782s, above the 60s cap. Stopping instead of blocking — let it cool down before retrying.",,,,,,,,,,,,,,,,
"August 29, 2016",Westside Industrial,M.O.T.H.,,M.O.T.H,"Brooklyn, New York",Andrew Parks,"error: Rate limited on GET https://api.spotify.com/v1/search: Spotify asked us to wait 85782s, above the 60s cap. Stopping instead of blocking — let it cool down before retrying.",,,,,,,,,,,,,,,,
"August 26, 2016",Mambos Levis D’Outro Mundo,Various Artists,,Príncipe,"Lisbon, Portugal",Andy Beta,"error: Rate limited on GET https://api.spotify.com/v1/search: Spotify asked us to wait 85781s, above the 60s cap. Stopping instead of blocking — let it cool down before retrying.",,,,,,,,,,,,,,,,
"August 25, 2016",Dead Ringers,Horseback,,Independent Artist,"Chapel Hill, North Carolina",Andrew Parks,"error: Rate limited on GET https://api.spotify.com/v1/search: Spotify asked us to wait 85781s, above the 60s cap. Stopping instead of blocking — let it cool down before retrying.",,,,,,,,,,,,,,,,
"August 24, 2016",The Land (Music from the Motion Picture),Various Artists,,Mass Appeal,"New York, New York",Nate Patrin,"error: Rate limited on GET https://api.spotify.com/v1/search: Spotify asked us to wait 85781s, above the 60s cap. Stopping instead of blocking — let it cool down before retrying.",,,,,,,,,,,,,,,,
"August 23, 2016",Roosevelt,Roosevelt,,Independent Artist,"Cologne, Germany",Nnamdi Bawsism,"error: Rate limited on GET https://api.spotify.com/v1/search: Spotify asked us to wait 85781s, above the 60s cap. Stopping instead of blocking — let it cool down before retrying.",,,,,,,,,,,,,,,,
"August 22, 2016",Convenience,Pill,,Independent Artist,"New York, New York",Andrew Parks,"error: Rate limited on GET https://api.spotify.com/v1/search: Spotify asked us to wait 85780s, above the 60s cap. Stopping instead of blocking — let it cool down before retrying.",,,,,,,,,,,,,,,,
"August 19, 2016",Eve,Thalia Zedek,,Thalia Zedek Band,"Boston, Massachusetts",Marvin Lin,"error: Rate limited on GET https://api.spotify.com/v1/search: Spotify asked us to wait 85780s, above the 60s cap. Stopping instead of blocking — let it cool down before retrying.",,,,,,,,,,,,,,,,
"August 18, 2016",Holy Gloom,Cloud Caverns,,Independent Artist,"Red Bank, Tennessee",Kira Grunenberg,"error: Rate limited on GET https://api.spotify.com/v1/search: Spotify asked us to wait 85780s, above the 60s cap. Stopping instead of blocking — let it cool down before retrying.",,,,,,,,,,,,,,,,
"August 17, 2016",Real,Lydia Loveless,,Independent Artist,"Columbus, Ohio",Jonathan Bernstein,"error: Rate limited on GET https://api.spotify.com/v1/search: Spotify asked us to wait 85780s, above the 60s cap. Stopping instead of blocking — let it cool down before retrying.",,,,,,,,,,,,,,,,
"August 16, 2016",Radiating Light: Orchid Tapes & Friends,Various Artists,,ORCHID TAPES,"New York, New York",Alex Wexelman,"error: Rate limited on GET https://api.spotify.com/v1/search: Spotify asked us to wait 85780s, above the 60s cap. Stopping instead of blocking — let it cool down before retrying.",,,,,,,,,,,,,,,,
"August 15, 2016",Habit,Snail Mail,,Independent Artist,"Baltimore, Maryland",Tess Duncan,"error: Rate limited on GET https://api.spotify.com/v1/search: Spotify asked us to wait 85779s, above the 60s cap. Stopping instead of blocking — let it cool down before retrying.",,,,,,,,,,,,,,,,
"August 12, 2016",Innocence Reaches,of Montreal,,Independent Artist,"Athens, Georgia",Sophie Weiner,"error: Rate limited on GET https://api.spotify.com/v1/search: Spotify asked us to wait 85779s, above the 60s cap. Stopping instead of blocking — let it cool down before retrying.",,,,,,,,,,,,,,,,
"August 11, 2016",Green Glass Room,VATS,,Independent Artist,"Seattle, Washington",J. Edward Keyes,"error: Rate limited on GET https://api.spotify.com/v1/search: Spotify asked us to wait 85779s, above the 60s cap. Stopping instead of blocking — let it cool down before retrying.",,,,,,,,,,,,,,,,
"August 10, 2016",Cloak,Jordan Rakei,,Independent Artist,"Brisbane, Australia",Mosi Reeves,"error: Rate limited on GET https://api.spotify.com/v1/search: Spotify asked us to wait 85779s, above the 60s cap. Stopping instead of blocking — let it cool down before retrying.",,,,,,,,,,,,,,,,
"August 08, 2016",Expert Knob Twiddlers,Mike & Rich,,Mike &amp; Rich,UK,Philip Sherburne,"error: Rate limited on GET https://api.spotify.com/v1/search: Spotify asked us to wait 85779s, above the 60s cap. Stopping instead of blocking — let it cool down before retrying.",,,,,,,,,,,,,,,,
"August 05, 2016",Fallen,Steven Julien,,Independent Artist,"London, UK",Michaelangelo Matos,"error: Rate limited on GET https://api.spotify.com/v1/search: Spotify asked us to wait 85778s, above the 60s cap. Stopping instead of blocking — let it cool down before retrying.",,,,,,,,,,,,,,,,
"August 03, 2016",A Bloom Beyond,Terribly Yours,,Independent Artist,"Brooklyn, New York",Maura Johnston,"error: Rate limited on GET https://api.spotify.com/v1/search: Spotify asked us to wait 85778s, above the 60s cap. Stopping instead of blocking — let it cool down before retrying.",,,,,,,,,,,,,,,,
"August 02, 2016",The Disco’s of Imhotep,Hieroglyphic Being,,Independent Artist,"Chicago, Illinois",Joe Darling,"error: Rate limited on GET https://api.spotify.com/v1/search: Spotify asked us to wait 85778s, above the 60s cap. Stopping instead of blocking — let it cool down before retrying.",,,,,,,,,,,,,,,,
"August 01, 2016",Black Sun Unbound,Denouncement Pyre,,DENOUNCEMENT PYRE,"Melbourne, Australia",Brad Sanders,"error: Rate limited on GET https://api.spotify.com/v1/search: Spotify asked us to wait 85777s, above the 60s cap. Stopping instead of blocking — let it cool down before retrying.",,,,,,,,,,,,,,,,
"July 29, 2016",+One,Pkew Pkew Pkew,,PKEW PKEW PKEW,"Toronto, Ontario",Ian Cohen,"error: Rate limited on GET https://api.spotify.com/v1/search: Spotify asked us to wait 85777s, above the 60s cap. Stopping instead of blocking — let it cool down before retrying.",,,,,,,,,,,,,,,,
"July 28, 2016",Turn Into,Jay Som,,Independent Artist,"Los Angeles, California",Valerie Veteto,"error: Rate limited on GET https://api.spotify.com/v1/search: Spotify asked us to wait 85777s, above the 60s cap. Stopping instead of blocking — let it cool down before retrying.",,,,,,,,,,,,,,,,
"July 27, 2016",The Calais Sessions,Various Artists,,The Calais Sessions,UK,Richard Gehr,"error: Rate limited on GET https://api.spotify.com/v1/search: Spotify asked us to wait 85777s, above the 60s cap. Stopping instead of blocking — let it cool down before retrying.",,,,,,,,,,,,,,,,
"July 26, 2016",Rain Temple,2814,,Dream Catalogue,"London, UK",Simon Chandler,"error: Rate limited on GET https://api.spotify.com/v1/search: Spotify asked us to wait 85776s, above the 60s cap. Stopping instead of blocking — let it cool down before retrying.",,,,,,,,,,,,,,,,
"July 25, 2016",Indifferent Rivers Romance End,Wreck and Reference,,Independent Artist,"Los Angeles, California",David Sackllah,"error: Rate limited on GET https://api.spotify.com/v1/search: Spotify asked us to wait 85776s, above the 60s cap. Stopping instead of blocking — let it cool down before retrying.",,,,,,,,,,,,,,,,
"July 21, 2016",OIM: Vol. II Compilation,Various Artists,,OIM Records,"Oakland, California",Max Savage Levenson,"error: Rate limited on GET https://api.spotify.com/v1/search: Spotify asked us to wait 85776s, above the 60s cap. Stopping instead of blocking — let it cool down before retrying.",,,,,,,,,,,,,,,,
"July 20, 2016",Only in AmeriKKKa,LoopWhole Beats & EastKoast,,Loopwhole Beats,"Manhattan, New York",D.L. Chandler,"error: Rate limited on GET https://api.spotify.com/v1/search: Spotify asked us to wait 85775s, above the 60s cap. Stopping instead of blocking — let it cool down before retrying.",,,,,,,,,,,,,,,,
"July 19, 2016",Distress Signals I and II,Controlled Bleeding,,Independent Artist,,Michael Berdan,"error: Rate limited on GET https://api.spotify.com/v1/search: Spotify asked us to wait 85775s, above the 60s cap. Stopping instead of blocking — let it cool down before retrying.",,,,,,,,,,,,,,,,
"July 15, 2016",Pure Disgust,Pure Disgust,,Independent Artist,"Washington, D.C., D.C.",Nnamdi Bawsism,"error: Rate limited on GET https://api.spotify.com/v1/search: Spotify asked us to wait 85775s, above the 60s cap. Stopping instead of blocking — let it cool down before retrying.",,,,,,,,,,,,,,,,
"July 14, 2016",Post Plague,Odonis Odonis,,Independent Artist,"Toronto, Ontario",Erika Szabo,"error: Rate limited on GET https://api.spotify.com/v1/search: Spotify asked us to wait 85775s, above the 60s cap. Stopping instead of blocking — let it cool down before retrying.",,,,,,,,,,,,,,,,
"July 13, 2016",No Light and No Land Anywhere,Jeffrey Brodsky,,Independent Artist,"Los Angeles, California",Andy Battaglia,"error: Rate limited on GET https://api.spotify.com/v1/search: Spotify asked us to wait 85774s, above the 60s cap. Stopping instead of blocking — let it cool down before retrying.",,,,,,,,,,,,,,,,
"July 12, 2016",666,Sugar Candy Mountain,,Independent Artist,California,Max Savage Levenson,"error: Rate limited on GET https://api.spotify.com/v1/search: Spotify asked us to wait 85774s, above the 60s cap. Stopping instead of blocking — let it cool down before retrying.",,,,,,,,,,,,,,,,
"July 11, 2016",Tide Ripples,ASUNA,,Home Normal,"Brighton And Hove, UK",Danny Riley,"error: Rate limited on GET https://api.spotify.com/v1/search: Spotify asked us to wait 85774s, above the 60s cap. Stopping instead of blocking — let it cool down before retrying.",,,,,,,,,,,,,,,,
"July 08, 2016",Red-Headed Stranger,Carla Bozulich,,Folktale Records,"Los Angeles, California",Whitney Phaneuf,"error: Rate limited on GET https://api.spotify.com/v1/search: Spotify asked us to wait 85774s, above the 60s cap. Stopping instead of blocking — let it cool down before retrying.",,,,,,,,,,,,,,,,
"July 07, 2016",Despite,Lady Pills,,Babe City Records,"Washington, D.C.",Maria Sherman,"error: Rate limited on GET https://api.spotify.com/v1/search: Spotify asked us to wait 85773s, above the 60s cap. Stopping instead of blocking — let it cool down before retrying.",,,,,,,,,,,,,,,,
"July 06, 2016",Terry HQ,Terry,,Independent Artist,"Melbourne, Australia",Sam Lefebvre,"error: Rate limited on GET https://api.spotify.com/v1/search: Spotify asked us to wait 85773s, above the 60s cap. Stopping instead of blocking — let it cool down before retrying.",,,,,,,,,,,,,,,,
"July 05, 2016",Windings,Lindstrøm,,Independent Artist,Norway,Nate Patrin,"error: Rate limited on GET https://api.spotify.com/v1/search: Spotify asked us to wait 85773s, above the 60s cap. Stopping instead of blocking — let it cool down before retrying.",,,,,,,,,,,,,,,,
"June 30, 2016",Stadium Cake,Oh Pep!,,Independent Artist,"Melbourne, Australia",Amanda Wicks,"error: Rate limited on GET https://api.spotify.com/v1/search: Spotify asked us to wait 85772s, above the 60s cap. Stopping instead of blocking — let it cool down before retrying.",,,,,,,,,,,,,,,,
"June 29, 2016",The Magic,Deerhoof,,Independent Artist,,Max Savage Levenson,"error: Rate limited on GET https://api.spotify.com/v1/search: Spotify asked us to wait 85772s, above the 60s cap. Stopping instead of blocking — let it cool down before retrying.",,,,,,,,,,,,,,,,
"June 28, 2016",Codex Obscura Nomina,Blut Aus Nord/Aevangelist,,Blut Aus Nord,France,Andy O’Connor,"error: Rate limited on GET https://api.spotify.com/v1/search: Spotify asked us to wait 85772s, above the 60s cap. Stopping instead of blocking — let it cool down before retrying.",,,,,,,,,,,,,,,,
"June 27, 2016",Delayer,RLYR,,Independent Artist,"Chicago, Illinois",Andy O’Connor,"error: Rate limited on GET https://api.spotify.com/v1/search: Spotify asked us to wait 85772s, above the 60s cap. Stopping instead of blocking — let it cool down before retrying.",,,,,,,,,,,,,,,,
"June 24, 2016",The New Breed,Jeff Parker,,International Anthem,"Chicago, Illinois",Leor Galil,"error: Rate limited on GET https://api.spotify.com/v1/search: Spotify asked us to wait 85772s, above the 60s cap. Stopping instead of blocking — let it cool down before retrying.",,,,,,,,,,,,,,,,
"June 23, 2016",The Mountain Will Fall,DJ Shadow,,Independent Artist,California,Nate Patrin,"error: Rate limited on GET https://api.spotify.com/v1/search: Spotify asked us to wait 85771s, above the 60s cap. Stopping instead of blocking — let it cool down before retrying.",,,,,,,,,,,,,,,,
"June 22, 2016",Under the Influence,Steady Holiday,,Independent Artist,"Los Angeles, California",Maura Johnston,"error: Rate limited on GET https://api.spotify.com/v1/search: Spotify asked us to wait 85771s, above the 60s cap. Stopping instead of blocking — let it cool down before retrying.",,,,,,,,,,,,,,,,
"June 20, 2016",Spells,Ben Lukas Boysen,,Independent Artist,"Berlin, Germany",Andy Battaglia,"error: Rate limited on GET https://api.spotify.com/v1/search: Spotify asked us to wait 85771s, above the 60s cap. Stopping instead of blocking — let it cool down before retrying.",,,,,,,,,,,,,,,,
"June 17, 2016",City Beautiful: A Compilation for Pulse,Various Artists,,Pulse Compilation,"Orlando, Florida",J. Edward Keyes,"error: Rate limited on GET https://api.spotify.com/v1/search: Spotify asked us to wait 85771s, above the 60s cap. Stopping instead of blocking — let it cool down before retrying.",,,,,,,,,,,,,,,,
"June 16, 2016",Voices,Kali Phoenix,,Independent Artist,"Glasgow, UK",Nick Williams,"error: Rate limited on GET https://api.spotify.com/v1/search: Spotify asked us to wait 85771s, above the 60s cap. Stopping instead of blocking — let it cool down before retrying.",,,,,,,,,,,,,,,,
"June 15, 2016",Mirrors,Mala,,Independent Artist,"London, UK",Louis Pattison,"error: Rate limited on GET https://api.spotify.com/v1/search: Spotify asked us to wait 85770s, above the 60s cap. Stopping instead of blocking — let it cool down before retrying.",,,,,,,,,,,,,,,,
"June 14, 2016",From the Outside,Bert Jansch,,Independent Artist,"London, UK",Amanda Wicks,"error: Rate limited on GET https://api.spotify.com/v1/search: Spotify asked us to wait 85770s, above the 60s cap. Stopping instead of blocking — let it cool down before retrying.",,,,,,,,,,,,,,,,
"June 13, 2016",Puberty 2,Mitski,Alternative,Independent Artist,"New York, New York",Summer Kim Lee,"error: Rate limited on GET https://api.spotify.com/v1/search: Spotify asked us to wait 85770s, above the 60s cap. Stopping instead of blocking — let it cool down before retrying.",,,,,,,,,,,,,,,,
"December 26, 2011",S.P.T.A. Said Person of That Ability,J-LIVE,Hip-Hop/Rap,Independent Artist,"New York, New York",Andrew Dubber,"error: Rate limited on GET https://api.spotify.com/v1/search: Spotify asked us to wait 85769s, above the 60s cap. Stopping instead of blocking — let it cool down before retrying.",,,,,,,,,,,,,,,,
"December 19, 2011",Where are the Arms,Gabriel Kahane,Classical,Independent Artist,"Portland, Oregon",Andrew Dubber,"error: Rate limited on GET https://api.spotify.com/v1/search: Spotify asked us to wait 85769s, above the 60s cap. Stopping instead of blocking — let it cool down before retrying.",,,,,,,,,,,,,,,,
"December 12, 2011",Zubatto Syndicate,Zubatto Syndicate,World,Independent Artist,"Seattle, Washington",Andrew Dubber,"error: Rate limited on GET https://api.spotify.com/v1/search: Spotify asked us to wait 85769s, above the 60s cap. Stopping instead of blocking — let it cool down before retrying.",,,,,,,,,,,,,,,,
"December 05, 2011",The Surgery EP,Kwam MC,Hip-Hop/Rap,Independent Artist,"London, UK",Andrew Dubber,"error: Rate limited on GET https://api.spotify.com/v1/search: Spotify asked us to wait 85768s, above the 60s cap. Stopping instead of blocking — let it cool down before retrying.",,,,,,,,,,,,,,,,
"November 27, 2011",Les Sessions Cubaines,Philémon Cimon,World,Independent Artist,"Montreal, Québec",Andrew Dubber,"error: Rate limited on GET https://api.spotify.com/v1/search: Spotify asked us to wait 85768s, above the 60s cap. Stopping instead of blocking — let it cool down before retrying.",,,,,,,,,,,,,,,,
"November 21, 2011",The Other Half of Everything,Gargleblast Records Bandcamp,Folk,Independent Artist,"Hamilton, UK",Andrew Dubber,"error: Rate limited on GET https://api.spotify.com/v1/search: Spotify asked us to wait 85768s, above the 60s cap. Stopping instead of blocking — let it cool down before retrying.",,,,,,,,,,,,,,,,
"November 14, 2011",Mir,Ott,World,Independent Artist,,Andrew Dubber,"error: Rate limited on GET https://api.spotify.com/v1/search: Spotify asked us to wait 85768s, above the 60s cap. Stopping instead of blocking — let it cool down before retrying.",,,,,,,,,,,,,,,,
"November 06, 2011",Fire on the Vine,Bryan John Appleby,Pop,Independent Artist,"Seattle, Washington",Andrew Dubber,"error: Rate limited on GET https://api.spotify.com/v1/search: Spotify asked us to wait 85768s, above the 60s cap. Stopping instead of blocking — let it cool down before retrying.",,,,,,,,,,,,,,,,
"October 28, 2011",Laminate Pet Animal,SNOWMINE,Alternative,Independent Artist,"Brooklyn, New York",Andrew Dubber,"error: Rate limited on GET https://api.spotify.com/v1/search: Spotify asked us to wait 85767s, above the 60s cap. Stopping instead of blocking — let it cool down before retrying.",,,,,,,,,,,,,,,,
