Date,Album,Artist,Tags,Record_Label,Record_Label_Loc,Author
"July 20, 2022",Belief,Belief,Electronic,Independent Artist,"Los Angeles, California",James Gui
"July 19, 2022","Hello, Hi",Ty Segall,Rock,Independent Artist,"Los Angeles, California",Elle Carroll
"July 18, 2022",Ima ایما,Tegh & Adel Poursamadi,Ambient,Tegh,"Tehran, Iran",Will Pritchard
"July 15, 2022",Spectral,Madeline Cocolas,Ambient,Madeleine Cocolas,"Brisbane, Australia",Ted Davis
"July 14, 2022",Connection,The Maghreban,Electronic,Independent Artist,"London, UK",Andy Beta
"July 13, 2022",Renaissance,DoomCannon,Jazz,Independent Artist,"London, UK",John Morrison
"July 12, 2022",Bigger Sprout,Lawn,Rock,Independent Artist,"New Orleans, Louisiana",Charlie Zaillian
"July 11, 2022",LOGGERHEAD,Wu-Lu,Alternative,Independent Artist,"London, UK",Joe Muggs
"July 08, 2022",Spirit Exit,Caterina Barbieri,Ambient,caterina barbieri,"Milan, Italy",Vanessa Ague
"July 07, 2022",The Real Work,Party Dozen,Rock,Independent Artist,"Sydney, Australia",Brad Cohan
"July 06, 2022",Beanna,Mejiwahn,Experimental,mejiwahn,"Oakland, California",Tasha Viets-VanLear
"July 05, 2022",Human Capital,Bad Breeding,Punk,Independent Artist,"Stevenage, UK",Kerry Cardoza
"July 01, 2022",Killed By Mock Execution,Mock Execution,Punk,LA VIDA ES UN MUS DISCOS,"London, UK",Kerry Cardoza
"June 30, 2022",Páthos,Conjurer,Metal,Independent Artist,"Rugby, UK",Colin Williams
"June 28, 2022",The Spur,Joan Shelley,Folk,Independent Artist,"Louisville, Kentucky",Peter Margasak
"June 27, 2022",The Evil One,Nervus,Rock,Independent Artist,"Watford, UK",Charlie Zaillian
"June 24, 2022",Heaven Is Here,Candy,Metal,Independent Artist,NA,Mia Hughes
"June 23, 2022",Aura,Hatis Noit,Experimental,Independent Artist,"London, UK",James Gui
"June 22, 2022",King Cobra,Infinity Knives & Brian Ennals,Hip-Hop/Rap,Phantom Limb,"Brighton, UK",Phillip Mlynar
"June 21, 2022",Seabed​-​Sunbath,Loris S. Sarid,Ambient,Loris S Sarid,"Glasgow, UK",Eli Schoop
"June 20, 2022",Color Me Country: 2022 Remaster,Linda Martell,Country,Independent Artist,"Batesburg Leesville, South Carolina",Jim Allen
"June 17, 2022",Pink Dolphins,Anteloper,Jazz,International Anthem,"Chicago, Illinois",Michael J. West
"June 16, 2022",Love Is Yours,Flasher,Rock,Independent Artist,"Washington, D.C.",Charlie Zaillian
"June 15, 2022",I Told Bessie,ELUCID,Hip-Hop/Rap,E L U C I D,New York,Nadine Smith
"June 14, 2022",Ndikho Xaba and the Natives,Ndikho Xaba and the Natives,Jazz,Mississippi Records,"Chicago, Illinois",John Morrison
"June 13, 2022",Kind Blade,MJ Noble,Experimental,Independent Artist,"Los Angeles, California",Elle Carroll
"June 10, 2022",Persecution of the Living,Grave Infestation,Metal,Invictus Productions,"Dublin, Ireland",Sarah Kitteringham
"June 09, 2022",BRC Vol. 2,Black Rave Culture,Electronic,Independent Artist,"Washington, D.C.",James Gui
"June 08, 2022",Justice – The Vocal Works of Oliver Lake,Sonic Liberation Front,Jazz,High Two,"Philadelphia, Pennsylvania",John Morrison
"June 07, 2022",Beja Power! Electric Soul & Brass from Sudan’s Red Sea Coast,Noori & His Dorpa Band,World,Ostinato Records,"New York, New York",Joshua Minsoo Kim
"June 06, 2022",SUKISTAN,EMÆNUEL,Experimental,Independent Artist,"Lagos, Nigeria",Andy Beta
"June 03, 2022",Síntomas de Techno: Ondas Electrónicas Subterráneas desde Perú (1985​-​1991),Various Artists,Experimental,Buh Records,"Lima, Peru",Jinhyung Kim
"June 02, 2022",Flying Doesn’t Help,Anthony Moore,Experimental,Independent Artist,"Saint Leonards, UK",Sunik Kim
"June 01, 2022",The Afrorack,Afrorack,Electronic,HAKUNA KULALA,"Kampala, Uganda",John Morrison
"May 31, 2022",Hyaline,Maria BC,Ambient,maria bc,NA,Ted Davis
"May 27, 2022",Gone Girl,Magi Merlin,R&amp;B/Soul,Independent Artist,"Montreal, Québec",Brittny Pierre
"May 25, 2022",Pripyat,Marina Herlop,Experimental,Independent Artist,"Barcelona, Spain",Sam McLemore
"May 24, 2022",Inside Out,Tourist,Electronic,Independent Artist,"London, UK",Will Pritchard
"May 23, 2022",Personal Computer,Master Boot Record,Metal,MASTER BOOT RECORD,"Rome, Italy",Andrew Parks
"May 20, 2022",Face the Wall,Jordana,Alternative,jordana,New York,Ruth Jiang
"May 19, 2022",DEATHFAME,Quelle Chris,Hip-Hop/Rap,Independent Artist,"Detroit, Michigan",Phillip Mlynar
"May 18, 2022",EG2: Dowsing Voice,Emma Ruth Rundle,Experimental,Independent Artist,"Los Angeles, California",Amaya Garcia
"May 17, 2022",A Light for Attracting Attention,The Smile,Alternative,Independent Artist,"Oxford, UK",Andy Beta
"May 16, 2022",Bi Cinnete Bakar,Lalalar,Funk,Independent Artist,"İstanbul, Turkey",Joshua Minsoo Kim
"May 13, 2022",The Last Thing Left,Say Sue Me,Rock,Say Sue Me 세이수미,"Busan, South Korea",Jude Noel
"May 12, 2022",Phototroph,Moon Tooth,Rock,Independent Artist,NA,Brad Sanders
"May 11, 2022",The Rise & Fall Of Jaymie Silk & Rave Culture,Jaymie Silk,Electronic,Independent Artist,"Paris, France",Joe Muggs
"May 10, 2022",Regrowth,Kalia Vandever,Classical,Independent Artist,"Brooklyn, New York",Vanessa Ague
"May 09, 2022",Hydroplane,Hydroplane,Alternative,Independent Artist,"Melbourne, Australia",Shy Thompson
"May 06, 2022",A Bit of Previous,Belle & Sebastian,Alternative,Belle and Sebastian,"Glasgow, UK",Charlie Zaillian
"May 05, 2022",A Chant About the Beauty of the Moon at Night: Hawaiian Steel Guitar Masters 1913-1921,Various Artists,,Magnificent Sounds Records,"Buffalo, New York",Shy Thompson
"May 04, 2022",Air Born,Varnrable,Alternative,Independent Artist,"Copenhagen, Denmark",Elle Carroll
"May 03, 2022",Where’s The One?,Congotronics International,Rock,Independent Artist,NA,Andy Beta
"May 02, 2022",No Island,Winged Wheel,Experimental,Winged Wheel,"Detroit, Michigan",Erin Margaret Day
"April 29, 2022",… y que Calvos!,Los Calvos,Latin,Independent Artist,"Caracas, Venezuela",Richard Villegas
"April 28, 2022",Void,SCALPING,Electronic,Independent Artist,"Bristol, UK",Colin Joyce
"April 27, 2022",WEMA,WEMA,World,Independent Artist,"London, UK",Piotr Orlov
"April 26, 2022",everything perfect is already here,claire rousay,Experimental,Independent Artist,"San Antonio, Texas",Miles Bowe
"April 25, 2022",Crime of Passing,Crime of Passing,Punk,Independent Artist,"Cincinnati, Ohio",Kerry Cardoza
"April 22, 2022",HOP HOP,Tigris,Funk,Independent Artist,"Tel Aviv, Israel",Dave Jenkins
"April 21, 2022",imagine naked!,OHYUNG,Ambient,Independent Artist,"New York, New York",Ruth Jiang
"April 20, 2022",Incubator,Primer,Alternative,Independent Artist,"Los Angeles, California",Tasha Viets-VanLear
"April 19, 2022",SOS,Straw Man Army,Punk,LA VIDA ES UN MUS DISCOS,"London, UK",Jes Skolnik
"April 18, 2022",Dreams Drenched in Static,Cremation Lily,Metal,Independent Artist,"England, UK",Louis Pattison
"April 15, 2022",Aethiopes,billy woods,Hip-Hop/Rap,Independent Artist,"New York, New York",Phillip Mlynar
"April 14, 2022",Papillon de Nuit: The Night Butterfly,Tanika Charles,R&amp;B/Soul,Independent Artist,Toronto,Piotr Orlov
"April 13, 2022","Live in New York City, February 8, 1975",Alan Braufman,Jazz,Independent Artist,"New York, New York",Britt Robson
"April 12, 2022",Other Ways of Living,Local Tourist,Rock,Independent Artist,NA,Annie Zaleski
"April 11, 2022",Viento Sur,Various Artists,Experimental,Vampisoul,"Madrid, Spain",Andy Beta
"April 08, 2022",Tuqoos | طُقُوس,Julmud,Electronic,Bilna&#39;es بالناقص,Palestine,James Gui
"April 07, 2022",Nothing’s Ever Fine,Oceanator,Alternative,Independent Artist,New York,Elle Carroll
"April 06, 2022",I Just Want To Be A Good Man,Pastor Champion,Devotional,Independent Artist,"Oakland, California",John Morrison
"April 05, 2022",THE UNRAVELING OF PUPTHEBAND,PUP,Punk,Independent Artist,"Toronto, Ontario",Charlie Zaillian
"April 04, 2022",Midnight Rocker,Horace Andy,Reggae,Independent Artist,"Kingston, Jamaica",John Morrison
"April 01, 2022",The Leather Lemon,P.E.,Alternative,Independent Artist,"Brooklyn, New York",Andrew Parks
"March 31, 2022",Key to a Vanishing Future,Falls of Rauros,Metal,Gilead Media,"Oshkosh, Wisconsin",Ben Salmon
"March 30, 2022",Whatever The Weather,Whatever The Weather,Ambient,Independent Artist,"London, UK",Ted Davis
"March 29, 2022",Mabanzo,Juanita Euka,Latin,Independent Artist,"London, UK",Amaya Garcia
"March 28, 2022",Electricity,Ibibio Sound Machine,World,Independent Artist,UK,Saby Reyes-Kulkarni
"March 25, 2022",Warm Chris,Aldous Harding,Folk,Independent Artist,New Zealand,Mariana Timony
"March 24, 2022",Medhead,Cosmo Vitelli,Electronic,Independent Artist,"Berlin, Germany",Miles Bowe
"March 23, 2022",Laminated Skies,Raw Poetic and Damu The Fudgemunk,Hip-Hop/Rap,Raw Poetic,"Washington, D.C.",John Morrison
"March 22, 2022",Between Two Worlds / Entre Dos Mundos,Amaru Tribe,Latin,Independent Artist,"Melbourne, Australia",Rebecca Bodenheimer
"March 21, 2022",The Art of Flight: For Alvin Fielder,Survival Unit III,Jazz,Independent Artist,"Poughkeepsie, New York",Peter Margasak
"March 18, 2022",Holy Body Roll,A. Billi Free & The Lasso,Funk,The Lasso,Michigan,Amaya Garcia
"March 17, 2022",Yayoyanoh,Yayoyanoh,Electronic,Precious Metals,"London, UK",John Morrison
"March 16, 2022",V4 Visions: Of Love & Androids,Various Artists,R&amp;B/Soul,V4 Visions,"London, UK",Blake Gillespie
"March 15, 2022",Crease,Kee Avil,Experimental,Independent Artist,"Montreal, Québec",Miles Bowe
"March 14, 2022",ONDAMICUNDERDACOZMICLYTZ,NAPPYNAPPA,Hip-Hop/Rap,Independent Artist,"Washington, D.C.",Jonathan Williger
"March 11, 2022",Meadow Flower,Star Party,Punk,Independent Artist,"Seattle, Washington",Ben Salmon
"March 10, 2022",Too Small to Be a Plain,Lia Kohl,Experimental,SHINKOYO / ARTIST POOL,NA,Shy Thompson
"March 09, 2022",IV,Letting Up Despite Great Faults,Alternative,Independent Artist,"Austin, Texas",Jude Noel
"March 08, 2022","The Tunnel, The Well, Holy Bedlam",JIRM,Rock,Ripple Music,"San Ramon, California",Jeff Terich
"March 07, 2022",Maloo,Maylee Todd,,Independent Artist,"Los Angeles, California",Tasha Viets-VanLear
"March 04, 2022",It Was a Home,KAINA,R&amp;B/Soul,Independent Artist,"Chicago, Illinois",Amaya Garcia
"March 03, 2022","Fiscal, Remote, Distilled",Blanche Blanche Blanche,Experimental,&quot;la Loi&quot;,"Brooklyn, New York",Miles Bowe
"March 02, 2022",Jupiter’s Purse,MATTIE,R&amp;B/Soul,Independent Artist,"Dallas, Texas",Tasha Viets-VanLear
"March 01, 2022",Strawberry,Caroline Loveglow,Pop,Independent Artist,"Los Angeles, California",Ed Blair
"February 28, 2022",Camino Al Mar,Acid Coco,Latin,Independent Artist,Switzerland,Richard Villegas
"February 25, 2022",Mechanical Sweetness,Alyssa Gengos,Pop,Independent Artist,"Los Angeles, California",Ben Salmon
"February 24, 2022",Plonk,Huerco S.,Electronic,Independent Artist,Kansas,Andy Beta
"February 23, 2022",Here Comes The Sunset,Cheer-Accident,Rock,SKiN GRAFT Records,"St. Louis, Missouri",Peter Margasak
"February 22, 2022",Texas Moon,Khruangbin and Leon Bridges,Rock,Khruangbin,"Houston, Texas",Ann-Derrick Gaillot
"February 18, 2022",Soundtrack [313] + 6,The Detroit Escalator Company,Electronic,Mental Groove Records / Musique Pour La Danse,Switzerland,Arielle Gordon
"February 17, 2022",Agadez,Etran de L’Aïr,World,Etran de L&#39;Aïr,"Agadez, Niger",Shy Thompson
"February 16, 2022",Nine Lives,Kendra Morris,R&amp;B/Soul,Independent Artist,"New York, New York",Blake Gillespie
"February 15, 2022",BAMANAN,Rokia Koné & Jacknife Lee,World,Rokia Koné,"Bamako, Mali",Andy Beta
"February 14, 2022",Visitor,Empath,Alternative,empath,"Philadelphia, Pennsylvania",Kerry Cardoza
"February 11, 2022",Armed To The Teeth L​.​M​.​O​.​M​.​M.,Kill Alters,Experimental,Hausu Mountain Records,"Chicago, Illinois",Miles Bowe
"February 10, 2022",lotus deluxe,LANNDS,Alternative,Independent Artist,"Jacksonville, Florida",Tasha Viets-VanLear
"February 09, 2022",Gold Arc,Tomato Flower,Pop,Independent Artist,"Baltimore, Maryland",Jude Noel
"February 08, 2022",A Time For Healing,Kahil El’Zabar Quartet,Jazz,Kahil El&#39;Zabar,"Chicago, Illinois",Britt Robson
"February 07, 2022",Lore Of The Land,The Order Of The 12,Folk,Richard Norris,"London, UK",Joe Muggs
"February 04, 2022",Where You Are,Teno Afrika,World,Independent Artist,"Pretoria, South Africa",Megan Iacobini de Fazio
"February 03, 2022",Where Myth Becomes Memory,Rolo Tomassi,Metal,Independent Artist,UK,Colin Williams
"February 02, 2022",Pompeii,Cate Le Bon,Alternative,Independent Artist,UK,Elle Carroll
"February 01, 2022","Mainstream Funk: Funk, Soul, & Spiritual Jazz 1971-75",Various Artists,R&amp;B/Soul,WEWANTSOUNDS,"Paris, France",Andy Beta
"January 31, 2022",Soul Connection,John Patton,Jazz,Independent Artist,"London, UK",John Morrison
"January 28, 2022","Pinks & Purples, Summer At Land’s End",The Reds,Pop,"The Reds, Pinks &amp; Purples","San Francisco, California",Ben Salmon
"January 27, 2022",Dissolution Wave,Cloakroom,Rock,Independent Artist,"Northwest, Indiana",Saby Reyes-Kulkarni
"January 26, 2022",IRE,Combo Chimbita,Latin,Independent Artist,"New York, New York",Amaya Garcia
"January 25, 2022",Tissues,Pan Daijing,Experimental,Independent Artist,"Berlin, Germany",James Gui
"January 24, 2022",Rough and Beautiful Place,Mydreamfever,Electronic,Independent Artist,"Seoul, South Korea",CJ Simonson
"January 21, 2022","Henry Kaiser and Alex Varty, Pacifica Koral Reef",Wadada Leo Smith,Jazz,577 Records,"Brooklyn, New York",John Morrison
"January 20, 2022",Fingers Crossed,Artsick,Punk,Independent Artist,"Oakland, California",Jude Noel
"January 19, 2022",Wit’s End,Mizmor,Metal,Independent Artist,"Portland, Oregon",Ben Salmon
"January 18, 2022",Optimism,Jana Horn,Folk,Independent Artist,"Austin, Texas",Jim Allen
"January 14, 2022",The D​-​Vine Spirituals Story: Volume 1,Various Artists,R&amp;B/Soul,D-Vine Spirituals,"Memphis, Tennessee",John Morrison
"January 13, 2022",Live at Montreux Jazz Festival,Anna von Hausswolff,Alternative,Independent Artist,Sweden,Andrew Parks
"January 12, 2022",Asakusa Light,Soichi Terada,Electronic,Independent Artist,"Tokyo, Japan",Samuel Tornow
"January 11, 2022",Muerte de un Salvaje,Observe Since ‘98,Hip-Hop/Rap,Observe since ‘98,"Madison, Wisconsin",J. Edward Keyes
"January 10, 2022",Antidawn,Burial,Electronic,Independent Artist,"London, UK",Andy Beta
"January 07, 2022",The Best of Vis-a-Vis in Congo Style,Vis-a-Vis,World,Vis-A-Vis,Ghana,Megan Iacobini de Fazio
"January 06, 2022",Gratitude,Abiodun Oyewole,Hip-Hop/Rap,Independent Artist,"New York, New York",Piotr Orlov
"January 05, 2022",Archive Material,Silverbacks,Punk,Independent Artist,"Dublin, Ireland",Charlie Zaillian
"December 17, 2021",The Time Of The Foxgloves,Michael Hurley,Folk,Independent Artist,"Astoria, Oregon",Marc Masters
"December 16, 2021",Joltjacket,Ehiorobo,Alternative,Independent Artist,New Jersey,Ann-Derrick Gaillot
"December 15, 2021",Azure,SKY H1,Ambient,Independent Artist,"Brussels, Belgium",Joe Muggs
"December 14, 2021",Think of the Lie,Home Front,Punk,LA VIDA ES UN MUS DISCOS,"London, UK",Jes Skolnik
"December 13, 2021",Samba in Seattle: Live at the Penthouse 1966​-​1968,Bola Sete,World,Tompkins Square,"San Francisco, California",Andy Beta
"December 10, 2021",SHIFTING,Beatrice Deer,Pop,Independent Artist,"Quaqtaq, Québec",Jude Noel
"December 09, 2021",Unsubtle Magic,Ziemba,Pop,Independent Artist,"El Paso, Texas",Matt Mitchell
"December 08, 2021",Genocide Pact,Genocide Pact,Metal,Independent Artist,"Washington, D.C., D.C.",Ben Salmon
"December 07, 2021",Forfolks,Jeff Parker,Jazz,International Anthem,"Chicago, Illinois",Michael J. West
"December 06, 2021",Open Arms to Open Us,Ben LaMar Gay,Jazz,International Anthem,"Chicago, Illinois",Michael J. West
"December 03, 2021",Before The Baby,Samia,Alternative,Independent Artist,"New York, New York",Ruth Jiang
"December 02, 2021",Aunt Sally,Aunt Sally,Punk,Independent Artist,"Kobe, Japan",Shy Thompson
"December 01, 2021",ELDOVAR: A Story of Darkness & Light,Elder & Kadavar,Metal,Elder,"Berlin, Germany",Ben Salmon
"November 30, 2021",Quitter,Weakened Friends,Alternative,Independent Artist,"Portland, Maine",Brad Sanders
"November 29, 2021","Ritmo Fantasia: Balearic Spanish Synth​-​Pop, Boogie and House (1982​-​1992)",Various Artists,Electronic,Soundway Records,UK,Andy Beta
"November 24, 2021",Le Cirque de Consolation,Léonie Pernet,Alternative,Independent Artist,"Paris, France",Ann-Derrick Gaillot
"November 23, 2021",Henki,Richard Dawson & Circle,Rock,Richard Dawson,"Newcastle Upon Tyne, UK",Jim Allen
"November 22, 2021",This New Heaven,Fine Place,Alternative,Independent Artist,"New York, New York",Andrew Parks
"November 19, 2021",Innocent Passage in the Territorial Sea,Olivia Block,Experimental,Independent Artist,"Chicago, Illinois",Marc Masters
"November 18, 2021",Almost Blue,Tama Gucci,Alternative,tama gucci,"Miami, Florida",Ann-Derrick Gaillot
"November 17, 2021",XVI,Seafoam Walls,Alternative,Daydream Library Series,"London, UK",Brad Cohan
"November 16, 2021",The Age of Saucers,Hollywood Burns,Electronic,Independent Artist,"Paris, France",Andrew Parks
"November 15, 2021",Glass Lit Dream,Dawuna,Electronic,Independent Artist,"Brooklyn, New York",Amaya Garcia
"November 12, 2021",both feet en th infinite,model home,Hip-Hop/Rap,Independent Artist,"Washington, D.C.",John Morrison
"November 11, 2021",Strange Paradise,Sarah La Puerta,Pop,Perpetual Doom,"Brooklyn, New York",Elle Carroll
"November 10, 2021",Quivering In Time,Eris Drew,Electronic,Independent Artist,NA,Andra Nikolayi
"November 09, 2021",Doran,Doran,Folk,Independent Artist,"Bellingham, Washington",Matt Mitchell
"November 08, 2021",Lee ‘Scratch’ Perry’s Guide to the Universe,New Age Doom & Lee “Scratch” Perry,Experimental,New Age Doom,"Vancouver, British Columbia",Brad Cohan
"November 05, 2021",Tell Me What You Miss the Most,Tasha,Folk,Independent Artist,"Chicago, Illinois",Ann-Derrick Gaillot
"November 04, 2021",The Clearing,JJJJJerome Ellis,Experimental,Independent Artist,"New York, New York",Marcus J. Moore
"November 03, 2021",Princess Wiko,FPA,Alternative,Independent Artist,"Minneapolis, Minnesota",Matt Mitchell
"November 02, 2021",Frank y Sus Inquietos,Frank y Sus Inquietos,Latin,Independent Artist,"Caracas, Venezuela",Richard Villegas
"November 01, 2021",Water,Lotic,Electronic,Independent Artist,"Berlin, Germany",Miles Bowe
"October 29, 2021",The Path of the Clouds,Marissa Nadler,Alternative,Independent Artist,"Nashville, Tennessee",Jim Allen
"October 28, 2021",But Only After You Have Suffered,Jamire Williams,Jazz,International Anthem,"Chicago, Illinois",John Morrison
"October 27, 2021",Pluperfect Mind,Dear Laika,Experimental,Independent Artist,"Cold Ash, UK",Sasha Geffen
"October 26, 2021",Far In,Helado Negro,Alternative,Independent Artist,"Brooklyn, New York",Caitlin Donohue
"October 25, 2021",The Last Wave,Ibukun Sunday,Experimental,Phantom Limb,"Brighton, UK",Arielle Gordon
"October 22, 2021",-io,Circuit des Yeux,Alternative,Independent Artist,"Chicago, Illinois",Miles Bowe
"October 21, 2021",Petunia,Tonstartssbandht,Rock,Independent Artist,Florida,Jude Noel
"October 20, 2021",Balancers,Lena Platonos,Experimental,Independent Artist,"Athens, Greece",Maria Barrios
"October 19, 2021",Talk Memory,BADBADNOTGOOD,Jazz,Independent Artist,"Toronto, Ontario",Blake Gillespie
"October 18, 2021",Echo Eléctrico,Angélica Garcia,Pop,Angelica Garcia,"El Monte, California",Ashley Bardhan
"October 15, 2021",Ookii Gekkou,Vanishing Twin,Rock,Independent Artist,"London, UK",Matthew Schnipper
"October 14, 2021",City of Mirrors,Dos Santos,Jazz,International Anthem,"Chicago, Illinois",Richard Villegas
"October 13, 2021",Little Body In Orbit,Alice TM,Pop,Independent Artist,"Brooklyn, New York",Andra Nikolayi
"October 12, 2021",I Want the Door to Open,Lala Lala,Alternative,Independent Artist,"Chicago, Illinois",Shy Thompson
"October 11, 2021",Vanities,W.H. Lung,Alternative,W. H. Lung,"Manchester, UK",Zach Lipez
"October 08, 2021",Welcome to Paradise Lost,Taraka,Rock,Independent Artist,"New York, New York",Elle Carroll
"October 07, 2021",Qalaq,Jerusalem In My Heart,Experimental,Independent Artist,"Montreal, Québec",Miles Bowe
"October 06, 2021",Liminal Soul,Kedr Livanskiy,Electronic,Independent Artist,"Moscow, Russia",Tayyab Amin
"October 05, 2021",Drum Message,Okyerema Asante feat. Plunky,World,Black Fire,"Washington, D.C.",John Morrison
"October 04, 2021",Mod Prog Sic,Black Dice,Experimental,Independent Artist,"New York, New York",Miles Bowe
"October 01, 2021",Back Up: Mexican Tecno Pop 1980–1989,Various Artists,Alternative,Dark Entries Records,"San Francisco, California",Richard Villegas
"September 30, 2021",Delta,Lyra Pramuk,Electronic,Independent Artist,"Berlin, Germany",Andra Nikolayi
"September 29, 2021",Letting Go,Hayden Pedigo,Folk,Independent Artist,"Amarillo, Texas",Josh Feola
"September 28, 2021",XXI,Succumb,Metal,Independent Artist,"San Francisco, California",Ben Salmon
"September 27, 2021",1:2,Cindy,Alternative,Independent Artist,"San Francisco, California",Shy Thompson
"September 24, 2021",one hand on the steering wheel the other sewing a garden,Ada Lea,Alternative,Independent Artist,"Montreal, Québec",Alex Westfall
"September 23, 2021","Le Maestro, WHIP MUSIC",K,Hip-Hop/Rap,"K, Le Maestro","London, UK",Max Bell
"September 22, 2021",Leaving None But Small Birds,The Body and BIG|BRAVE,Experimental,BIG|BRAVE,"Montreal, Québec",Alex Deller
"September 21, 2021",Black Encyclopedia of the Air,Moor Mother,Experimental,Independent Artist,"Philadelphia, Pennsylvania",Nadine Smith
"September 20, 2021",Wyspa,Pejzaż,Electronic,The Very Polish Cut Outs,Poland,Sam McLemore
"September 17, 2021",We Famous,The Kondi Band,Electronic,Independent Artist,"Freetown, Sierra Leone",Andy Thomas
"September 16, 2021",By the Time I Get to Phoenix,Injury Reserve,Hip-Hop/Rap,Independent Artist,"Tempe, Arizona",Vance Brinkley
"September 15, 2021",War Garden,Cold Beat,Punk,Independent Artist,California,Elle Carroll
"September 14, 2021",A Beautiful Revolution (Pt 2),Common,Hip-Hop/Rap,Independent Artist,"Chicago, Illinois",Dean Van Nguyen
"September 13, 2021",Parallel Timeline,Slothrust,Rock,SLOTHRUST,"Los Angeles, California",Elle Carroll
"September 10, 2021",Before I Die,박혜진 Park Hye Jin,Electronic,Independent Artist,"Los Angeles, California",Ruth Jiang
"September 09, 2021",Madremonte,Jaguar,Electronic,Independent Artist,Switzerland,Rebecca Bodenheimer
"September 08, 2021",White Buffalo Roam,Toner,Rock,TONER,"Oakland, California",Alex Heigl
"September 07, 2021",Heartbeats​/​Heartbreaks,caro♡,Pop,Independent Artist,"London, UK",Ed Blair
"September 03, 2021",Doing Our Thing With Pride,Al-Dos Band,R&amp;B/Soul,Kalita Records,"London, UK",John Morrison
"September 02, 2021",Flowerland,Pearl & The Oysters,Pop,Pearl &amp; The Oysters,"Los Angeles, California",Maria Barrios
"September 01, 2021",Quinto Relatório Anual,Pandit Pam Pam,Electronic,Independent Artist,"São Paulo, Brazil",Miles Bowe
"August 31, 2021",Alternate Endings,Snowy Band,Rock,Snowy,"Melbourne, Australia",Ben Salmon
"August 30, 2021",The Ballad of Dood & Juanita,Sturgill Simpson,Country,Independent Artist,"Nashville, Tennessee",Brad Sanders
"August 27, 2021",The 16 Deaths of My Master,Thief,Electronic,Independent Artist,"Los Angeles, California",Andrew Parks
"August 26, 2021",Web Max,Web Web x Max Herre,Jazz,Web Web,"Munich, Germany",Britt Robson
"August 25, 2021",Do You Like Salt?,BRNDA,Punk,Independent Artist,"Washington, D.C.",Erin Margaret Day
"August 24, 2021",Dust of Forever,Woman is the Earth,Metal,Init Records,"Minneapolis, Minnesota",Ben Salmon
"August 23, 2021",O.T.S.,Lionmilk,Electronic,Independent Artist,"Los Angeles, California",John Morrison
"August 20, 2021",Brushfire,G. Brenner,R&amp;B/Soul,Independent Artist,"Los Angeles, California",Chaka V. Grier
"August 19, 2021",Everything,Bnny,Rock,Independent Artist,"Chicago, Illinois",Elle Carroll
"August 18, 2021",Speedstar,Justus Profitt,Rock,Justus Proffit,"Los Angeles, California",Charlie Zaillian
"August 17, 2021",Soleil,Amami,Electronic,Independent Artist,"Geneva, Switzerland",John Morrison
"August 16, 2021",Don and Von,Tanya Morgan,Hip-Hop/Rap,Independent Artist,"Brooklyn, New York",Phillip Mlynar
"August 13, 2021",The Return of​.​.​.,Pachyman,Reggae,PACHYMAN,"Los Angeles, California",Joseph Gentile
"August 12, 2021",Content That Makes You Feel Good,Stuck,Punk,Exploding In Sound Records,"Brooklyn, New York",Alex Heigl
"August 11, 2021",Orca,NTsKi,Electronic,Independent Artist,"Kyoto, Japan",Andra Nikolayi
"August 10, 2021",The Apple Drop,Liars,Alternative,Independent Artist,Australia,Miles Bowe
"August 09, 2021",Thank You Rap Gods,Freshman Woes,Hip-Hop/Rap,Independent Artist,NA,Phillip Mlynar
"August 06, 2021",A Sky Record,Damon & Naomi,Alternative,Damon &amp; Naomi,"Boston, Massachusetts",Shy Thompson
"August 05, 2021",Wide Through The Eyes Of No One,The Steoples,R&amp;B/Soul,The Steoples,"Los Angeles, California",John Morrison
"August 04, 2021",之 / OF,Li Yilei,Ambient,Métron Records,UK,James Gui
"August 03, 2021",New Day With New Possibilities,Sonny & The Sunsets,Rock,Sonny &amp; The Sunsets,"San Francisco, California",Elle Carroll
"August 02, 2021",This Far,Teamonade,Alternative,Counter Intuitive Records,Massachusetts,Nina Corcoran
"July 30, 2021","K(no)w Them, K(no)w Us",Xhosa Cole,Jazz,Stoney Lane Records,"Birmingham, UK",John Morrison
"July 29, 2021",Celestial Blues,King Woman,Metal,Independent Artist,"Oakland, California",Jeff Terich
"July 28, 2021",Giseke,Bluestaeb,Hip-Hop/Rap,Independent Artist,"Paris, France",John Morrison
"July 27, 2021",Signals In My Head,DJ Manny,Electronic,Dj Manny,"Chicago, Illinois",Miles Bowe
"July 26, 2021",Expansions,Bacao Rhythm and Steel Band,Funk,Independent Artist,"Hamburg, Germany",Eli Schoop
"July 23, 2021",Change,Anika,Pop,Independent Artist,"Berlin, Germany",Raphael Helfand
"July 22, 2021",Vines,Damiana,Ambient,Hausu Mountain Records,"Chicago, Illinois",Arielle Gordon
"July 21, 2021",Santau,Jalang,Punk,Independent Artist,"Melbourne, Australia",Kerry Cardoza
"July 20, 2021",Tributaries,Jack Cooper & Jeff Tobias,Ambient,Jack Cooper &amp; Jeff Tobias,"London, UK",Jesse Locke
"July 19, 2021","Jordan Hamilton & The Saxsquatch, Tri Magi",The Lasso,Jazz,Independent Artist,Michigan,Phillip Mlynar
"July 16, 2021",Luminol,Midwife,Alternative,Independent Artist,"Denver, Colorado",Jeff Terich
"July 15, 2021",Sweet,Jason Jamal,R&amp;B/Soul,Independent Artist,"Richmond, Virginia",Chaka V. Grier
"July 14, 2021",Na Zala Zala,Rey Sapienz and the Congo Techno Ensemble,Electronic,Nyege Nyege Tapes,"Kampala, Uganda",Andra Nikolayi
"July 13, 2021",Yasuragi Land,Foodman,Experimental,foodman,"Nagoya, Japan",Patrick St. Michel
"July 12, 2021",Alpha,Charlotte Day Wilson,R&amp;B/Soul,Independent Artist,"Toronto, Ontario",Anna White
"July 09, 2021",Healing Frequencies,Deep Aztec,Electronic,Independent Artist,South Africa,Eli Schoop
"July 08, 2021",Body of Water,Dolphin Midwives,Alternative,dolphin midwives,"Portland, Oregon",Robert Ham
"July 07, 2021",At Pioneer Works,Les Filles de Illighadad,World,Independent Artist,"Abalak, Niger",Marshall Gu
"July 06, 2021",Sankofa,Amaro Freitas,Jazz,Independent Artist,"Recife, Brazil",John Morrison
"July 02, 2021",Wallahi Le Zein!,Various Artists,World,Mississippi Records,"Chicago, Illinois",Shy Thompson
"July 01, 2021",Spring Collection,Jason Nazary,Experimental,We Jazz Records,"Helsinki, Finland",Brad Cohan
"June 30, 2021",Disco!,MIKE,Hip-Hop/Rap,Independent Artist,"New York, New York",John Morrison
"June 29, 2021",I LIE HERE BURIED WITH MY RINGS AND MY DRESSES,Backxwash,Hip-Hop/Rap,Independent Artist,"Montreal, Québec",Sunik Kim
"June 28, 2021",Ultra Cycle Pt. 2: Estival Growth,Prolaps,Electronic,Hausu Mountain Records,"Chicago, Illinois",Miles Bowe
"June 25, 2021",The Turning Wheel,SPELLLING,Experimental,Independent Artist,"Oakland, California",Natelegé Whaley
"June 24, 2021",What We Lost,Janette King,R&amp;B/Soul,Independent Artist,"Montreal, Québec",Chaka V. Grier
"June 23, 2021",Flowertown,Flowertown,Rock,FLOWERTOWN,"San Francisco, California",Ben Salmon
"June 22, 2021",Ekizikiza Mubwengula,Don Zilla,Electronic,HAKUNA KULALA,"Kampala, Uganda",Andra Nikolayi
"June 21, 2021",Temporary Requiem,MJ Guider,Alternative,Independent Artist,"New Orleans, Louisiana",Miles Bowe
"June 18, 2021",Conclave,Conclave,World,Independent Artist,"Brooklyn, New York",Matthew Ismael Ruiz
"June 17, 2021",Planet X,Red Ribbon,Alternative,Independent Artist,"Seattle, Washington",Michael Rancic
"June 16, 2021",MAYAHUEL,Sávila,Latin,SÁVILA,"Portland, Oregon",Maria Barrios
"June 15, 2021",Dharmaland,Ìxtahuele,Jazz,Independent Artist,"Gothenburg, Sweden",Andy Beta
"June 14, 2021",Mommy Issues,The Narcotix,Alternative,Independent Artist,"Brooklyn, New York",Natelegé Whaley
"June 11, 2021",The Veiled Sea,Six Organs of Admittance,Alternative,Three Lobed Recordings,"Jamestown, North Carolina",Phil E. Bloomfield
"June 10, 2021",Resist To Exist قاوم لِوجودك,Avon Terror Corps x Exist Festival,Electronic,Avon Terror Corps,"Bristol, UK",April Clare Welsh
"June 09, 2021",Lemona and Swan Song,Giant Drag,Rock,Annie Hardy,"Los Angeles, California",Ashley Bardhan
"June 08, 2021",Xardinal Coffee,Exum,Hip-Hop/Rap,EXUM,"Richmond, Virginia",Chaka V. Grier
"June 07, 2021",NON-FICTION,N0V3L,Punk,Independent Artist,"Vancouver, British Columbia",Elle Carroll
"June 04, 2021",Keep Me in Mind,Miriam Makeba,World,Independent Artist,"Johannesburg, South Africa",Megan Iacobini de Fazio
"June 03, 2021",Balance,Children of Zeus,R&amp;B/Soul,Children Of Zeus,"Manchester, UK",J. Edward Keyes
"June 02, 2021",Headbanging In The Club,W00DY,Electronic,Independent Artist,"Pittsburgh, Pennsylvania",Miles Bowe
"June 01, 2021",Always Something,UV-TV,Punk,Independent Artist,"Queens, New York",Charlie Zaillian
"May 28, 2021",Modern Love,Various Artists,Jazz,BBE,"London, UK",Dave Sumner
"May 27, 2021",Natural Mechanics,Spectacular Diagnostics,Hip-Hop/Rap,Independent Artist,"Chicago, Illinois",Phillip Mlynar
"May 26, 2021",Outside Child,Allison Russell,Alternative,Independent Artist,"Nashville, Tennessee",Chaka V. Grier
"May 25, 2021",Cosmonaut,Pickle Darling,Alternative,Independent Artist,"Christchurch, New Zealand",Samuel Tornow
"May 24, 2021",Present Tense,FACS,Punk,Independent Artist,"Chicago, Illinois",Shannon Nico Shreibak
"May 21, 2021",Mesh,Mesh,Punk,MESH,"Philadelphia, Pennsylvania",Ethan Beck
"May 20, 2021",If I Fail Are We Still Cool?,Patrick Paige II,Hip-Hop/Rap,Independent Artist,"Los Angeles, California",Christina Lee
"May 19, 2021",Decir,Francisco del Pino,Classical,Independent Artist,"Princeton, New Jersey",Peter Margasak
"May 18, 2021",Color de Trópico Vol. 2,Various Artists,Latin,El Palmas Music,"Barcelona, Spain",Richard Villegas
"May 17, 2021",Cosmic Transitions,Isaiah Collier & The Chosen Few,Jazz,DIVISION 81 RECORDS,"Chicago, Illinois",Marcus J. Moore
"May 14, 2021",Came Down Different,Pardoner,Rock,pardoner,"San Francisco, California",Mariana Timony
"May 13, 2021","Black Ants Always Fly Together, One Bangle Makes No Sound",Kasai Allstars,Alternative,Independent Artist,Democratic Republic of the Congo,Megan Iacobini de Fazio
"May 12, 2021",Kataan,Kataan,Metal,Independent Artist,"Plaistow, New Hampshire",Brad Cohan
"May 11, 2021",Comme Au Moulin,Nyssa Musique,Jazz,Independent Artist,"Paris, France",Andy Beta
"May 10, 2021","More Energy Fields, Current",Carlos Niño & Friends,Ambient,International Anthem,"Chicago, Illinois",Andy Thomas
"May 07, 2021",For My Mama And Anyone Who Look Like Her,McKinley Dixon,Hip-Hop/Rap,Independent Artist,"Richmond, Virginia",John Morrison
"May 06, 2021",Tewari,Scotch Rolex,Electronic,HAKUNA KULALA,"Kampala, Uganda",Andra Nikolayi
"May 05, 2021",Arc Mountain,Hausu Mountain & Deathbomb Arc Artists in Collaboration,Experimental,Hausu Mountain Records,"Chicago, Illinois",Miles Bowe
"May 04, 2021",Antifate,Ziúr,Electronic,Independent Artist,"Berlin, Germany",Lewis Gordon
"May 03, 2021",Beachy Head,Beachy Head,Rock,Graveface Records &amp; Curiosities,"Savannah, Georgia",Annie Zaleski
"April 30, 2021",Second Line,DAWN,Electronic,Independent Artist,"Los Angeles, California",Amaya Garcia
"April 29, 2021",Earth Bow,Sarah Louise,Ambient,Independent Artist,"Asheville, North Carolina",Miles Bowe
"April 28, 2021",台灣謎景 Music from Taiwan Mystery,Mong Tong,Experimental,WV Sorcerer Productions 巫唱片,France,Josh Feola
"April 27, 2021",Mora!,Francisco Mora Catlett,Jazz,Independent Artist,"Detroit, Michigan",Andy Beta
"April 26, 2021",Bury Me Beneath This Rotting Earth,Body Void,Metal,Independent Artist,NA,Ben Salmon
"April 23, 2021",Bring Backs,Alfa Mist,Hip-Hop/Rap,Independent Artist,UK,John Morrison
"April 22, 2021",Feel Free,Proper Nouns,Alternative,Independent Artist,"Baltimore, Maryland",Charlie Zaillian
"April 21, 2021",Turn My Dial: M Squared Recordings and More,Tangled Shoelaces,Pop,Independent Artist,"Brisbane, Australia",Ashley Bardhan
"April 20, 2021",Vulture Prince,Arooj Aftab,Classical,Independent Artist,"Brooklyn, New York",Peter Margasak
"April 19, 2021","Douglas R. Ewart, and Mike Reed, Sun Beans of Shimmering Light",Wadada Leo Smith,Jazz,Wadada Leo Smith / Douglas R. Ewart / Mike Reed,"Chicago, Illinois",John Morrison
"April 16, 2021",Infinity,Khan Jamal,Jazz,Independent Artist,"Philadelphia, Pennsylvania",John Morrison
"April 15, 2021",The Things I Can’t Take With Me,Yaya Bey,R&amp;B/Soul,yaya bey,"Brooklyn, New York",Chaka V. Grier
"April 14, 2021",Tripomatic Fantasies,dragongirl,Electronic,Independent Artist,"Aarhus, Denmark",J. Edward Keyes
"April 13, 2021",Cracks,Eomac,Electronic,Independent Artist,"Dublin, Ireland",Andra Nikolayi
"April 12, 2021",Grateful End,Dope Purple,Rock,WV Sorcerer Productions 巫唱片,France,Josh Feola
"April 09, 2021",NOW,Damon Locks & Black Monument Ensemble,Jazz,International Anthem,"Chicago, Illinois",Andy Beta
"April 08, 2021",Tale of My Lost Love,Female Species,Pop,Independent Artist,"Whittier, California",Mariana Timony
"April 07, 2021",Fine Anyway,Rogér Fakhr,World,Habibi Funk Records,"Berlin, Germany",Shy Thompson
"April 06, 2021",Missing You,Robert Cotter,R&amp;B/Soul,WEWANTSOUNDS,"Paris, France",Ashawnta Jackson
"April 05, 2021",Course In Fable,Ryley Walker,Rock,Independent Artist,"New York, New York",Brad Cohan
"April 02, 2021",Touch The Earth,Placid Angles,Electronic,FIGURE,"Berlin, Germany",Sunik Kim
"April 01, 2021",Loving You George,George Otsuka Quintet,Jazz,WEWANTSOUNDS,"Paris, France",Marcus J. Moore
"March 31, 2021",Clair de Lunarette,Lunarette,Alternative,Independent Artist,"New York, New York",Anna White
"March 30, 2021",Haram,Armand Hammer & The Alchemist,Hip-Hop/Rap,Armand Hammer,New York,J. Edward Keyes
"March 29, 2021",Soul-Making Theodicy,Speaker Music,Electronic,Independent Artist,"New York, New York",Jes Skolnik
"March 26, 2021","Pharoah Sanders, & The London Symphony Orchestra, Promises",Floating Points,Jazz,Independent Artist,UK,Britt Robson
"March 25, 2021",Irene,Izy,R&amp;B/Soul,Independent Artist,"Melbourne, Australia",John Morrison
"March 24, 2021",Yeti Season,El Michels Affair,Alternative,Independent Artist,New York,Alan Ranta
"March 23, 2021",Solar Paroxysm,Mare Cognitum,Metal,Independent Artist,"Portland, Oregon",Grayson Haver Currin
"March 22, 2021",Vexillology,Guedra Guedra كدرة كدرة,Electronic,Independent Artist,"Casablanca, Morocco",Dean Van Nguyen
"March 19, 2021",Visions of the Third Eye,New Life,Jazz,EARLY FUTURE RECORDS,"Atlanta, Georgia",Marcus J. Moore
"March 18, 2021",Neon Genesis: Soul Into Matter²,Meemo Comma,Electronic,Independent Artist,UK,Andra Nikolayi
"March 17, 2021",Number One,Jane Inc,,Independent Artist,"Toronto, Ontario",Elle Carroll
"March 16, 2021",Nature of Things,Subsonic Eye,Rock,Independent Artist,Singapore,Marc Masters
"March 15, 2021",Uwami,DJ Black Low,World,Independent Artist,"Pretoria, South Africa",John Morrison
"March 12, 2021",Edo Funk Explosion Volume 1,Various Artists,Funk,Analog Africa,Germany,Eli Schoop
"March 11, 2021","Ali Shaheed Muhammad, Adrian Younge, Jazz Is Dead 6",Gary Bartz,Jazz,Independent Artist,"Oakland, California",Andy Beta
"March 10, 2021",Limited Edition 40 Years Anniversary Box Set,Grauzone,Punk,WRWTFWW Records,"Geneva, Switzerland",Andi Harriman
"March 09, 2021",Thumbing Thru Foliage,YUNGMORPHEUS & ewonee,Hip-Hop/Rap,YUNGMORPHEUS,"Los Angeles, California",Phillip Mlynar
"March 08, 2021",Fake Fruit,Fake Fruit,Punk,Independent Artist,"Oakland, California",Ashley Bardhan
"March 05, 2021",La Ola Interior: Spanish Ambient & Acid Exoticism 1983​-​1990,Various Artists,Ambient,Les Disques Bongo Joe,"Geneva, Switzerland",Miles Bowe
"March 04, 2021",Our Hands Against The Dusk,Rachika Nayar,Ambient,Independent Artist,"Brooklyn, New York",Amaya Garcia
"March 03, 2021",1집,Slant,Punk,IRON LUNG Records,"Seattle, Washington",Kerry Cardoza
"March 02, 2021",Yaral Sa Doom,Wau Wau Collectif,World,Independent Artist,"Toubab Dialao, Senegal",Dean Van Nguyen
"March 01, 2021",Tempo,Dom La Nena,Latin,Independent Artist,Brazil,Amaya Garcia
"February 26, 2021",Feelings,Brijean,Pop,Independent Artist,"Los Angeles, California",Max Savage Levenson
"February 25, 2021",J Jazz Volume 3: Deep Modern Jazz from Japan,Various Artists,Jazz,BBE,"London, UK",John Morrison
"February 24, 2021",Cheetah Bend,Jimmy Edgar,Hip-Hop/Rap,JIMMY EDGAR,"Detroit, Michigan",Larry Fitzmaurice
"February 23, 2021",Zöe,Nightshift,Punk,Independent Artist,"Glasgow, UK",Sim Jackson
"February 22, 2021",To Love Somebody,Bunny Scott,Reggae,Freestyle Records,"London, UK",Dean Van Nguyen
"February 19, 2021",Alkisah,Senyawa,Experimental,Phantom Limb,"Brighton, UK",Ben Salmon
"February 18, 2021",Polarity,Ivo Perelman and Nate Wooley,Jazz,Ivo Perelman/Nate Wooley,"New York, New York",John Morrison
"February 17, 2021",Genesis,XIXA,Rock,Independent Artist,"Tucson, Arizona",Joshua Minsoo Kim
"February 16, 2021",Tidibàbide / Turn,Kizis,Experimental,TAR / MM / UOH,NA,Sasha Geffen
"February 12, 2021",After the House,Sun Kin,Electronic,Independent Artist,"Los Angeles, California",Amaya Garcia
"February 11, 2021",Tasjan! Tasjan! Tasjan!,Aaron Lee Tasjan,Pop,Independent Artist,"Nashville, Tennessee",Elle Carroll
"February 10, 2021",TYRON,Slowthai,Hip-Hop/Rap,slowthai,"Northampton, UK",Jesse Bernard
"February 09, 2021",Ignorance,The Weather Station,Rock,Independent Artist,"Toronto, Ontario",J. Edward Keyes
"February 08, 2021",Devil’s Rain,Maria BC,Ambient,maria bc,NA,Arielle Gordon
"February 05, 2021",Merlynn Belle,Tele Novella,Rock,Independent Artist,"Austin, Texas",Mariana Timony
"February 04, 2021",Boafo Ne Nyame,Star Lovers,World,Hot Casa Records,"Paris, France",Ama Adi-Dako
"February 03, 2021",Фантомные Чувства,Ploho,Alternative,Independent Artist,"Novosibirsk, Russia",Liz Ohanesian
"February 02, 2021",I Due Evasi Di Sing Sing,Ennio Morricone,Soundtrack,SONOR Music Editions,"Rome, Italy",Dean Van Nguyen
"February 01, 2021",Sound Ancestors,Madlib,Hip-Hop/Rap,Independent Artist,"Los Angeles, California",Marcus J. Moore
"January 28, 2021",Palberta5000,Palberta,Alternative,Independent Artist,"New York, New York",Jesse Locke
"January 27, 2021",Marcos Resende & Index,Marcos Resende & Index,Funk,Marcos Resende &amp; Index,Brazil,Dean Van Nguyen
"January 26, 2021",Mountains (20th Anniversary Expanded Edition),Mary Timony,Alternative,Independent Artist,"Washington, D.C.",Erin Margaret Day
"January 25, 2021",Yellow River Blue,Yu Su,Experimental,Independent Artist,"Vancouver, British Columbia",Josh Feola
"January 22, 2021",Saturday Night: South African Disco Pop Hits 1981-1987,Cultures of Soul,World,Independent Artist,"Boston, Massachusetts",John Morrison
"January 21, 2021",Perpetual Chaos,Nervosa,Metal,Independent Artist,"São Paulo, Brazil",Joseph Schafer
"January 20, 2021",Going to Hell,Lande Hekt,Alternative,Independent Artist,"Bristol, UK",Kerry Cardoza
"January 19, 2021",Kanawa,Nahawa Doumbia,World,Independent Artist,Mali,Megan Iacobini de Fazio
"January 15, 2021",Maquishti,Patricia Brennan,Experimental,Independent Artist,"Brooklyn, New York",Vanessa Ague
"January 14, 2021",Magic Mirror,Pearl Charles,Rock,Independent Artist,"Los Angeles, California",Rachel Davies
"January 13, 2021",The Message,Gerry Weil,Jazz,Olindo Records,"London, UK",John Morrison
"January 12, 2021",Love Is Where the Spirit Lies,Lon Moshe & Southern Freedom Arkestra,Jazz,Black Fire,"Washington, D.C.",John Morrison
"January 11, 2021",Imagination Never Fails,Erang,Electronic,Independent Artist,France,Andrew Parks
"January 08, 2021",God’s Trashmen Sent to Right the Mess,Fievel Is Glauque,Jazz,&quot;la Loi&quot;,"Brooklyn, New York",Miles Bowe
"January 07, 2021",No Moon,Black Wing,Alternative,Independent Artist,Connecticut,Jeff Terich
"January 06, 2021",Makgona Tsohle Reggi,Makgona Tsohle Band,World,Umsakazo Records,UK,Megan Iacobini de Fazio
"January 05, 2021",The Further Side,Black Nile,Jazz,World Galaxy Records,"Los Angeles, California",Marcus J. Moore
"January 04, 2021",No Cover: A Carpark Covers Comp,Various Artists,Alternative,Carpark Records,"Washington, D.C.",Jessica Lipsky
"December 04, 2020",Color De Trópico: Compiled By El Dragón Criollo & El Palmas,Various Artists,World,El Palmas Music,"Barcelona, Spain",Richard Villegas
"December 03, 2020",Corporate Cross,E-Saggila,Electronic,Hospital Productions,"New York, New York",Andrew Parks
"December 02, 2020",2R0I2P0,Boris & Merzbow,Metal,Boris &amp; Merzbow,Japan,Grayson Haver Currin
"December 01, 2020",Bass + Funk & Soul,DJ Earl,Electronic,DJ Earl (Teklife),"Chicago, Illinois",John Morrison
"November 30, 2020",Force Majeure,Dezron Douglas and Brandee Younger,Jazz,International Anthem,"Chicago, Illinois",John Morrison
"November 25, 2020",Pardon My French,Jahari Masamba Unit,Jazz,Jahari Massamba Unit,"Los Angeles, California",Marcus J. Moore
"November 24, 2020",LateNightTales: Khruangbin,Khruangbin,Alternative,Independent Artist,"Houston, Texas",Richard Gehr
"November 23, 2020",Plasma,Luke Titus,Experimental,luke titus,"Chicago, Illinois",Amaya Garcia
"November 20, 2020",I’ll Probably Be Asleep,Hachiku,Alternative,Independent Artist,"Melbourne, Australia",Annie Zaleski
"November 19, 2020",Shadow of Fear,Cabaret Voltaire,Electronic,Independent Artist,UK,Andrew Parks
"November 18, 2020",Konke,Seba Kaapstad,R&amp;B/Soul,Independent Artist,South Africa,John Morrison
"November 17, 2020",Everlasting,Sons of the James,R&amp;B/Soul,Fresh Selects,NA,John Morrison
"November 16, 2020",Honey Badger,Dorcha,Alternative,Independent Artist,"Birmingham, UK",Patrick Lyons
"November 13, 2020","Hill, Flower, Fog",Emily A. Sprague,Ambient,Independent Artist,California,Lewis Gordon
"November 12, 2020",Because of a Flower,Ana Roxanne,Ambient,Independent Artist,NA,Alex Westfall
"November 11, 2020",FlySiifu’s,Pink Siifu & Fly Anakin,Hip-Hop/Rap,ronee sage,"Birmingham, Alabama",Phillip Mlynar
"November 10, 2020",Lo Bueno Está Aquí,Contento,World,Independent Artist,Switzerland,Richard Villegas
"November 09, 2020",Swirling,Sun Ra Arkestra,Jazz,Independent Artist,Alabama,Andy Beta
"November 06, 2020",Petrichor,Heather Trost,,Independent Artist,"Albuquerque, New Mexico",Mariana Timony
"November 05, 2020",Cheater,Pom Poko,Alternative,Independent Artist,"Oslo, Norway",Margaret Farrell
"November 04, 2020",Ways,Xyla,Electronic,Independent Artist,"San Francisco, California",Amaya Garcia
"November 03, 2020",Quakers II: The Next Wave,Quakers,Hip-Hop/Rap,Independent Artist,"Bristol, UK",John Morrison
"November 02, 2020",Immersion Chamber,Lunch Money Life,Experimental,Independent Artist,"London, UK",Chal Ravens
"October 30, 2020",Don’t Play It Straight,Small Bills (ELUCID & The Lasso),Hip-Hop/Rap,The Lasso,Michigan,Phillip Mlynar
"October 29, 2020",Amapiano Selections,Teno Afrika,World,Independent Artist,"Pretoria, South Africa",Megan Iacobini de Fazio
"October 28, 2020",Perfumes and Fripperies,The Wake,Alternative,Independent Artist,"Columbus, Ohio",Ned Raggett
"October 27, 2020",Don’t Shy Away,Loma,Alternative,LOMA,"Dripping Springs, Texas",Jesse Locke
"October 26, 2020",Enlightened In Eternity,Spirit Adrift,,20 Buck Spin,"Pittsburgh, Pennsylvania",Grayson Haver Currin
"October 23, 2020",Nereïd,Rïcïnn,Alternative,Independent Artist,France,Andi Harriman
"October 22, 2020",Bichos,Raúl Monsalve y los Forajidos,World,Olindo Records,"London, UK",Megan Iacobini de Fazio
"October 21, 2020",Heritage of the Invisible II,Aquiles Navarro & Tcheser Holmes,Jazz,International Anthem,"Chicago, Illinois",Marcus J. Moore
"October 20, 2020",Sen Morimoto,Sen Morimoto,Experimental,Independent Artist,"Chicago, Illinois",Tara C. Mahadevan
"October 19, 2020",skins n slime,Oliver Coates,Experimental,Independent Artist,"Glasgow, UK",Louis Pattison
"October 16, 2020",Silver Ladders,Mary Lattimore,Ambient,Independent Artist,"Los Angeles, California",Claire Lobenfeld
"October 15, 2020",Auto,Wendy Eisenberg,Alternative,Ba Da Bing Records,New York,Grayson Haver Currin
"October 14, 2020",Vari​-​Colored Songs: A Tribute to Langston Hughes,Leyla McCalla,Folk,Independent Artist,"New Orleans, Louisiana",Chaka V. Grier
"October 13, 2020",Phoenix: Flames Are Dew Upon My Skin,Eartheater,Experimental,Independent Artist,"Queens, New York",Miles Bowe
"October 12, 2020",Yogo Yogo,Penny Penny,,Independent Artist,South Africa,Marcus J. Moore
"October 09, 2020",Nobody Lives Here Anymore,Cut Worms,Alternative,Independent Artist,"Brooklyn, New York",Mariana Timony
"October 08, 2020",Project:00,Cryostasium feat. MEIKO (メイコ),Experimental,Fish Prints,"Boston, Massachusetts",Max Cohen
"October 07, 2020",Nothing,Loraine James,Electronic,Independent Artist,"London, UK",John Morrison
"October 06, 2020",HA Chu,Pan Amsterdam,Hip-Hop/Rap,Independent Artist,"New York, New York",Blake Gillespie
"October 05, 2020",True Romantic,Ziemba,Pop,Independent Artist,"El Paso, Texas",Arielle Gordon
"October 02, 2020",Agüita,Gabriel Garzón-Montano,R&amp;B/Soul,Independent Artist,"Brooklyn, New York",Amaya Garcia
"October 01, 2020",UNTITLED (Rise),SAULT,R&amp;B/Soul,Independent Artist,UK,Amaya Garcia
"September 30, 2020","When I Die, Will I Get Better?",Svalbard,Punk,Independent Artist,"Bristol, UK",Joseph Schafer
"September 29, 2020",Hype Nostalgia,Rituals of Mine,R&amp;B/Soul,Independent Artist,"Los Angeles, California",Amaya Garcia
"September 28, 2020",Renegade Breakdown,Marie Davidson & L’Œil Nu,Alternative,Marie Davidson,"Montreal, Québec",Max Mertens
"September 25, 2020",Transmissions,Beverly Glenn-Copeland,Electronic,Independent Artist,New Brunswick,Jesse Locke
"September 24, 2020",No era sólida,Lucrecia Dalt,Electronic,Independent Artist,"Berlin, Germany",Claire Lobenfeld
"September 23, 2020","Shimmer, Then Disappear",Wylie Cable,Electronic,DOMEOFDOOM,California,Christina Lee
"September 22, 2020",Under,Dyani,Electronic,Independent Artist,"Miami, Florida",Ann-Derrick Gaillot
"September 21, 2020",Pathways & Passages,Cosmic Vibrations ft. Dwight Trible,Jazz,Cosmic Vibrations,"Los Angeles, California",Philip Freeman
"September 18, 2020",Find the Sun,Deradoorian,Alternative,Independent Artist,"New York, New York",Arielle Gordon
"September 17, 2020",Neurofire,Kingdom,Electronic,Independent Artist,"Los Angeles, California",Amaya Garcia
"September 16, 2020",#KingButch,Butcher Brown,Funk,Independent Artist,"Richmond, Virginia",Britt Robson
"September 15, 2020",A Sonic Womb: Live Buchla Performance at Lapsus,Suzanne Ciani,Electronic,Lapsus Records,Barcelona,Arielle Gordon
"September 14, 2020",Polysomn,Kairon; IRSE!,Alternative,Independent Artist,"Seinäjoki, Finland",Jeff Terich
"September 11, 2020",Windows of the Mind,Billy Brooks,Jazz,WEWANTSOUNDS,"Paris, France",Megan Iacobini de Fazio
"September 10, 2020",Lov3 & L1ght,Rui Ho,Electronic,RUI HO,"Shanghai, China",Andra Nikolayi
"September 09, 2020",Gold Record,Bill Callahan,Alternative,Independent Artist,"Austin, Texas",Mark Richardson
"September 08, 2020",SONAR,Vritra,Hip-Hop/Rap,Independent Artist,NA,Phillip Mlynar
"September 04, 2020",Sun Racket,Throwing Muses,Alternative,Independent Artist,Rhode Island,Mariana Timony
"September 03, 2020",Axiom,Christian Scott aTunde Adjuah,Jazz,Independent Artist,"New Orleans, Louisiana",Michael J. West
"September 02, 2020",Vertigo KO,Phew,Experimental,Independent Artist,"Tokyo, Japan",Andy Beta
"September 01, 2020",Behold a Black Wave,Calabashed,Jazz,Independent Artist,"London, UK",John Morrison
"August 31, 2020","Mama, You Can Bet!",Georgia Anne Muldrow (as Jyoti),R&amp;B/Soul,SomeOthaShip Connect,Nevada,Dean Van Nguyen
"August 28, 2020",The Fire Still Burns,Alan Braufman,Jazz,Independent Artist,"New York, New York",Richard Gehr
"August 27, 2020",Sufi Dub Brothers,Ashraf Sharif Khan & Viktor Marek,Electronic,Fun in the church,"Berlin, Germany",Ravi Ghosh
"August 26, 2020",Hazel,Dukes of Chutney,Pop,Independent Artist,"Los Angeles, California",Claire Lobenfeld
"August 25, 2020",LiteAce Frequency,Vex Ruffin,Alternative,Independent Artist,"Chino, California",Phillip Mlynar
"August 24, 2020",Weirdo,Carla J. Easton,Pop,Independent Artist,"Glasgow, UK",J. Edward Keyes
"August 21, 2020",Motherhood,No Joy,Alternative,Independent Artist,"Montreal, Québec",Jesse Locke
"August 20, 2020",SUGAREGG,Bully,Rock,Independent Artist,"Nashville, Tennessee",Mariana Timony
"August 19, 2020",Total Freedom,Kathleen Edwards,Pop,Independent Artist,"Ottawa, Ontario",J. Edward Keyes
"August 18, 2020",Happy Birthday,Sneaks,Pop,Independent Artist,"Washington, D.C.",Claire Lobenfeld
"August 17, 2020",Customer’s Copy,Exotic Sin,Jazz,Blank Forms Editions,"Brooklyn, New York",Andy Beta
"August 14, 2020",Laughing In My Sleep,The Cradle,Alternative,Independent Artist,"Brooklyn, New York",Max Savage Levenson
"August 13, 2020",Unity,Gordon Koang,World,Independent Artist,"Melbourne, Australia",Jess Fu
"August 12, 2020",7G,A.G. Cook,Alternative,A. G. Cook,"Los Angeles, California",Ed Blair
"August 11, 2020",New Truth,Jenny O.,Alternative,Independent Artist,"Los Angeles, California",Alex Westfall
"August 10, 2020",Help,Duval Timothy,Experimental,Independent Artist,"England, UK",John Morrison
"August 07, 2020",Present,Dog Day,Rock,fundog,"Halifax, Nova Scotia",Jesse Locke
"August 06, 2020",Innuendo,Abyss X,Experimental,Independent Artist,"Knosos, Greece",Sasha Geffen
"August 05, 2020",Eight Gates,Jason Molina,Alternative,Independent Artist,"Chicago, Illinois",Michael Rancic
"August 04, 2020",Internal Incarceration,Year of the Knife,Metal,Year Of The Knife,Delaware,Robert Newsome
"August 03, 2020",Sunny Days Blue,Swarvy,Experimental,SWARVY,"Los Angeles, California",Marcus J. Moore
"July 31, 2020",Beauty Beyond Grief,Aladean Kheroufi,R&amp;B/Soul,Independent Artist,"Edmonton, Alberta",Jesse Locke
"July 30, 2020",Benny the Butcher & DJ Drama Present: Black Soprano Family,Black Soprano Family,Hip-Hop/Rap,BLACK SOPRANO FAMILY,"Buffalo, New York",J. Edward Keyes
"July 29, 2020",Reprise Tonight,FSQ,Funk,Independent Artist,"New York, New York",John Morrison
"July 28, 2020",Heart’s Ease,Shirley Collins,Folk,Independent Artist,"Hastings, UK",Grayson Haver Currin
"July 27, 2020",Universal Beings E&F Sides,Makaya McCraven,Jazz,International Anthem,"Chicago, Illinois",Marcus J. Moore
"July 24, 2020",Wu Hen,Kamaal Williams,Jazz,Independent Artist,"London, UK",Michael J. West
"July 23, 2020",TCHIC TCHIC—French Bossa Nova—1963/1974,Various Artists,World,Born Bad Records,"Romainville, France",Marcus J. Moore
"July 22, 2020",Free,Natalie Duncan,R&amp;B/Soul,Independent Artist,"London, UK",Tara C. Mahadevan
"July 21, 2020",ODD CURE,Oddisee,Hip-Hop/Rap,Independent Artist,"Washington, D.C.",Phillip Mlynar
"July 20, 2020",Flower of Devotion,DEHD,Rock,Independent Artist,"Chicago, Illinois",Nina Corcoran
"July 17, 2020",Species,Bing & Ruth,Ambient,Bing &amp; Ruth,"New York, New York",April Clare Welsh
"July 16, 2020","To Be Surrounded By Beautiful, Curious, Breathing, Laughing Flesh Is Enough",Deerhoof & Wadada Leo Smith,Alternative,Deerhoof,"San Francisco, California",Grayson Haver Currin
"July 15, 2020",Magickal Mystical Indifference,Rebel Wizard,Metal,REBEL WIZARD,"Ferny Creek, Australia",Ben Salmon
"July 14, 2020",That’s How Rumors Get Started,Margo Price,Rock,Independent Artist,"Nashville, Tennessee",Jim Allen
"July 13, 2020",Songs Of An Unknown Tongue,Zara McFarlane,Jazz,Zara Mcfarlane,"London, UK",John Morrison
"July 10, 2020",CULT,God Colony,Electronic,Independent Artist,"London, UK",Will Pritchard
"July 09, 2020",Songs for Peacock,TJO,Alternative,Tara Jane O&#39;Neil,California,Grayson Haver Currin
"July 08, 2020",Mente,Thiago Nassif,World,Independent Artist,"Rio De Janeiro, Brazil",Amanda Cavalcanti
"July 07, 2020",Skeleton,Skeleton,Metal,20 Buck Spin,"Pittsburgh, Pennsylvania",Andy O’Connor
"July 06, 2020",Dialectic Soul,Asher Gamedze,Jazz,Independent Artist,"Cape Town, South Africa",Jesse Locke
"July 02, 2020",To Know Without Knowing,Mulatu Astatke & Black Jesus Experience,Jazz,Mulatu Astatke &amp; Black Jesus Experience,"Addis Ababa, Ethiopia",Andy Beta
"July 01, 2020",UNTITLED (Black Is),SAULT,Alternative,Independent Artist,UK,John Morrison
"June 30, 2020",Brother Theotis Taylor,Brother Theotis Taylor,Devotional,Mississippi Records,"Chicago, Illinois",John Morrison
"June 29, 2020",Inlet,Hum,Rock,Independent Artist,"Champaign, Illinois",Grayson Haver Currin
"June 26, 2020",Somewhere,Gum Country,Alternative,Independent Artist,"Los Angeles, California",Mariana Timony
"June 25, 2020",weight of the world,MIKE,Hip-Hop/Rap,Independent Artist,"New York, New York",J. Edward Keyes
"June 24, 2020",EarthSeed,Nicole Mitchell & Lisa E. Harris,Jazz,Nicole M Mitchell,North Carolina,John Morrison
"June 23, 2020",Adrian Younge presents Angela Munoz Introspection,Angela Munoz,R&amp;B/Soul,Independent Artist,"Los Angeles, California",Tara C. Mahadevan
"June 22, 2020",Éons,Neptunian Maximalism,Metal,"I, Voidhanger Records",Italy,Ben Salmon
"June 19, 2020",Lagos Pepper Soup,Michael Olatuja,Jazz,Independent Artist,"New York, New York",John Morrison
"June 18, 2020",Coriky,Coriky,Punk,Independent Artist,"Washington, D.C.",Jes Skolnik
"June 17, 2020",Saving For a Custom Van,Various Artists,Alternative,Father/Daughter Records,"San Francisco, California",Eli Enis
"June 16, 2020",Providence,Ulthar,Metal,20 Buck Spin,"Pittsburgh, Pennsylvania",Andy O’Connor
"June 15, 2020",Shrines,Armand Hammer,Hip-Hop/Rap,Independent Artist,New York,Christina Lee
"June 12, 2020",Annual,Modern Nature,Alternative,Independent Artist,"Cambridge, UK",Jesse Locke
"June 11, 2020",The Dancing Devils of Djibouti,Groupe RTD,World,Ostinato Records,"New York, New York",Richard Gehr
"June 10, 2020",Get In Union,Bessie Jones and the Georgia Sea Island Singers,Folk,Alan Lomax Archive,NA,John Morrison
"June 09, 2020",Arrow,Noveller,Ambient,Independent Artist,"Los Angeles, California",Ned Raggett
"June 08, 2020",White Whale,C. Diab,Experimental,C.Diab,"Vancouver, British Columbia",Grayson Haver Currin
"June 01, 2020",O Som Psicodélico de L.C.V,Luiz Carlos Vinhas,Latin,MAD ABOUT RECORDS,Portugal,Catalina Maria Johnson
"May 29, 2020",Spider Tales,Jake Blount,Folk,Independent Artist,"Providence, Rhode Island",John Morrison
"May 28, 2020",Silver Dollar,Threadbare,Jazz,NoBusiness Records,Lithuania,Marcus J. Moore
"May 27, 2020",Float Back to You,Holy Hive,R&amp;B/Soul,Independent Artist,New York,Allison Hussey
"May 26, 2020",Broken Access,Theo Alexander,Classical,Independent Artist,"London, UK",Jesse Locke
"May 22, 2020",Vodou Alé,Chouk Bwa & The Ångstromers,World,Chouk Bwa &amp; The Ångstromers,"Gonaives, Haiti",Ann-Derrick Gaillot
"May 21, 2020",Origins,Foul Play,Electronic,Sneaker Social Club,"Bristol, UK",Will Pritchard
"May 20, 2020",Both,Bill Nace,Experimental,Independent Artist,"Philadelphia, Pennsylvania",Jonathan Williger
"May 19, 2020",W,Populous,World,Independent Artist,"Lecce, Italy",Amaya Garcia
"May 18, 2020",Pantayo,Pantayo,Electronic,Independent Artist,"Toronto, Ontario",James Factora
"May 15, 2020",The Mosaic Of Transformation,Kaitlyn Aurelia Smith,Experimental,Independent Artist,NA,Marcus J. Moore
"May 14, 2020",Acquiesce,TALSounds,Electronic,TALsounds,"Chicago, Illinois",Sam Goldner
"May 13, 2020",They Call Me Disco,Ric Wilson and Terrace Martin,Hip-Hop/Rap,Ric Wilson,"Chicago, Illinois",Tara C. Mahadevan
"May 12, 2020",Carisma,Salt Cathedral,Pop,Independent Artist,"New York, New York",Richard Villegas
"May 11, 2020","Pacific Breeze 2: Japanese City Pop, AOR & Boogie 1972 – 1986",Various Artists,Pop,V/A - Pacific Breeze,Japan,Patrick St. Michel
"May 08, 2020",A Heart So White,Jonny Nash & Suzanne Kraft,Ambient,Melody As Truth,"Amsterdam, Netherlands",Miles Bowe
"May 07, 2020",Opal Wand,Black Taffy,Electronic,Independent Artist,"Dallas, Texas",Will Schube
"May 06, 2020",Nehruvia: My Disregarded Thoughts,Bishop Nehru,Hip-Hop/Rap,Independent Artist,"New York, New York",Phillip Mlynar
"May 05, 2020",Yeo​-​Neun,Okkyung Lee,,Shelter Press,France,Marc Masters
"May 04, 2020",Dias Raros,Melenas,Alternative,Independent Artist,"Pamplona, Spain",Mariana Timony
"May 01, 2020",recovery girl,recovery girl,Electronic,galen tipton,Ohio,Ed Blair
"April 30, 2020",Built To Spill Plays The Songs Of Daniel Johnston,Built to Spill,Rock,Built To Spill,"Boise, Idaho",Annie Zaleski
"April 29, 2020",Bobby Joe Hope,Jon McKiel,Alternative,Jon Mckiel,"Halifax, Nova Scotia",Jesse Locke
"April 28, 2020",A Pennies Worth,KinKai,Hip-Hop/Rap,Independent Artist,"Manchester, UK",John Morrison
"April 27, 2020",Feral,RVG,Alternative,Independent Artist,"Preston, Australia",Sophie Weiner
"April 24, 2020",Innocent Country 2,Quelle Chris & Chris Keys,Hip-Hop/Rap,Quelle Chris,"Detroit, Michigan",Nate Patrin
"April 23, 2020",Isolation Therapy,Various Artists,Electronic,Stamp The Wax,"London, UK",Sean Keating
"April 22, 2020",Megawave,Dana Jean Phoenix & Powernerd,Electronic,Dana Jean Phoenix,"Toronto, Ontario",Samuel Tornow
"April 20, 2020",Woman Call,Angel-Ho,Electronic,ANGEL-HO,"Cape Town, South Africa",Lorena Cupcake
"April 17, 2020",La Yarará,Malena Zavala,Pop,Independent Artist,"London, UK",Sarah Gooding
"April 16, 2020",Mestarin Kynsi,Oranssi Pazuzu,Metal,Independent Artist,Finland,Grayson Haver Currin
"April 15, 2020",Siti of Unguja,Siti Muharam,World,Independent Artist,"Zanzibar, Tanzania",Sylvia Ilahuka
"April 14, 2020",Resonance,Yumiko Morioka,Ambient,Métron Records,UK,Marc Masters
"April 13, 2020",The Don Of Diamond Dreams,Shabazz Palaces,Hip-Hop/Rap,Independent Artist,"Seattle, Washington",Nate Patrin
"April 10, 2020",Forever,Midwife,Alternative,Independent Artist,"Denver, Colorado",Andy O’Connor
"April 09, 2020","Doom Mix, Vol. IV",Various Artists,Experimental,Doom Trip,"Los Angeles, California",J. Edward Keyes
"April 08, 2020",The Experience of Repetition as Death,Clarice Jensen,Experimental,Independent Artist,NA,Marc Masters
"April 07, 2020",Jacqueline,Jackie Lynn,Rock,Independent Artist,"Franklin, Tennessee",Mariana Timony
"April 06, 2020",The Quarantine,Statik Selektah & Termanology,Hip-Hop/Rap,Termanology,"Lawrence, Massachusetts",Jordan Commandeur
"April 03, 2020",It Is What It Is,Thundercat,Electronic,Independent Artist,"Los Angeles, California",Max Bell
"April 02, 2020",Less of Everything,Es,Punk,Independent Artist,"London, UK",Jes Skolnik
"April 01, 2020",You Become The Mountain,Jeffrey Silverstein,,Independent Artist,"Portland, Oregon",Grayson Haver Currin
"March 31, 2020",Devouring Ruin,Wake,Metal,WAKE,"Calgary, Alberta",Grayson Haver Currin
"March 30, 2020",DJ​-​Kicks: Mr. Scruff,Mr. Scruff,Electronic,Independent Artist,"Manchester, UK",Michaelangelo Matos
"March 27, 2020",Floppy Disk Overdrive,Master Boot Record,Electronic,MASTER BOOT RECORD,"Rome, Italy",Andrew Parks
"March 26, 2020",DNA ACTIVATION,Witch Prophet,R&amp;B/Soul,Independent Artist,"Toronto, Ontario",John Morrison
"March 25, 2020",A Taste of Chicago,Jamie 3:26,Electronic,Independent Artist,"Rotterdam, Netherlands",John Morrison
"March 24, 2020",Yene Mircha,Hailu Mergia,World,Independent Artist,"Washington, D.C.",Michael J. West
"March 23, 2020",AARUPA,Quinton Barnes,R&amp;B/Soul,Grimalkin Records,"Richmond, Virginia",Lorena Cupcake
"March 20, 2020",Jazz Is Dead 001,Adrian Younge and Ali Shaheed Muhammad,Jazz,Jazz Is Dead,"Los Angeles, California",Phillip Mlynar
"March 19, 2020",Take A Look In The Book,The Legendary Ingramettes,Devotional,Independent Artist,"Richmond, Virginia",John Morrison
"March 18, 2020",Pure Mud Volume 7,Prolaps,Electronic,Hausu Mountain Records,"Chicago, Illinois",Eli Schoop
"March 17, 2020",Every Bad,Porridge Radio,Alternative,Independent Artist,"London, UK",Max Freedman
"March 16, 2020",Scramblers,Container,Electronic,CONTAINER,"London, UK",Miles Bowe
"March 13, 2020",Live In Paris (1975),Pharoah Sanders,Jazz,Transversales Disques,"Paris, France",Marcus J. Moore
"March 12, 2020",Burst,Snarls,Rock,snarls,"Columbus, Ohio",Charlie Zaillian
"March 11, 2020",INTENTA: Experimental & Electronic Music From Switzerland 1981-1993,Various Artists,Experimental,Les Disques Bongo Joe,"Geneva, Switzerland",Jes Skolnik
"March 10, 2020",Operazione Piovra: The Lead Chronicles,Mortar Devotions,Alternative,Eighth Tower Records,Italy,Jordan Reyes
"March 09, 2020",Berlin Sessions,Brownout,Funk,Fat Beats Records,"Los Angeles, California",Max Bell
"March 06, 2020",Vigilance,Axebreaker,Experimental,Independent Artist,"Baltimore, Maryland",Kim Kelly
"March 05, 2020",Cha Cha Palace,Angelica Garcia,Pop,Independent Artist,"El Monte, California",Nilina Mason-Campbell
"March 04, 2020",Teenage Snuff Film,Rowland S. Howard,Alternative,Independent Artist,"Melbourne, Australia",Zachary Lipez
"March 03, 2020",purple moonlight pages,R.A.P. Ferreira,Hip-Hop/Rap,Independent Artist,"Nashville, Tennessee",Marcus J. Moore
"March 02, 2020",Mother,Cold Beat,Alternative,Independent Artist,California,J. Edward Keyes
"February 28, 2020",Batuco,Son Rompe Pera,World,AYA Records,"Buenos Aires, Argentina",Matthew Ismael Ruiz
"February 27, 2020",You Want It Real,lié,Punk,Independent Artist,"Vancouver, British Columbia",Jes Skolnik
"February 26, 2020",The Weather Up There,Jeremy Cunningham,Jazz,Independent Artist,"Chicago, Illinois",John Morrison
"February 25, 2020",Calypso,Gigi Masin,Ambient,Independent Artist,"Venezia, Italy",Andy Beta
"February 24, 2020",Heavy Tongue,Parlor Walls,Alternative,Independent Artist,"Brooklyn, New York",Andi Harriman
"February 21, 2020",Znayesh Yak? Rozkazhy,Svitlana Nianio & Oleksandr Yurchenko,Experimental,Night School,"Glasgow, UK",Mariana Timony
"February 20, 2020",Close to the Flame,Forever,Pop,Independent Artist,"Montreal, Québec",Alex Westfall
"February 19, 2020",From Avoca Hills to the World,Citizen Boy & Mafia Boyz,World,GQOM OH!,"Durban, South Africa",Jared Proudfoot
"February 18, 2020",Are You Gone,Sarah Harmer,Rock,Independent Artist,"Kingston, Ontario",Margaret Farrell
"February 14, 2020",Travel Time,Jacoti Sommes,Electronic,Orange Milk Records,NA,Max Bell
"February 13, 2020",Orígenes,Sotomayor,Latin,Independent Artist,"Mexico City, Mexico",Nilina Mason-Campbell
"February 12, 2020",3D Routine,Mush,Punk,Independent Artist,"Leeds, UK",Kerry Cardoza
"February 11, 2020",Season 2,Wildflower,Jazz,WILDFLOWER,"London, UK",Michael J. West
"February 10, 2020",Stupidmutaforma,Fera,Electronic,Maple Death Records,"Bologna, Italy",J. Edward Keyes
"February 07, 2020",The Big Exercise,The Homesick,Alternative,Independent Artist,"Dokkum, Netherlands",Annie Zaleski
"February 06, 2020",Dream Interpretation,Kazuya Nagaya,Ambient,Independent Artist,Japan,Ari Delaney
"February 05, 2020",Wake Up,Fat Tony and Taydex,Hip-Hop/Rap,Fat Tony,"Houston, Texas",Mike Madden
"February 04, 2020",Houses,Steve Spacek,R&amp;B/Soul,Independent Artist,Australia,John Morrison
"February 03, 2020",Tuareg Music of the Southern Sahara,Various Artists,World,Smithsonian Folkways Recordings,"Washington, D.C.",Tristan Bath
"January 30, 2020",The Anthology,Omar,R&amp;B/Soul,Independent Artist,"London, UK",Sean Keating
"January 29, 2020",Veraniegas,Kate Can Wait,Alternative,kate can wait,"Guayanilla, Puerto Rico",Anna White
"January 28, 2020",Dwell,Recondite,Electronic,Independent Artist,"Berlin, Germany",Miles Bowe
"January 27, 2020",Frank & Sisters,Frank & His Sisters,World,Mississippi Records,"Chicago, Illinois",John Morrison
"January 24, 2020",Infinite Regress,Defiled,Metal,Independent Artist,"東京都, Japan",Andy O’Connor
"January 23, 2020",Nothing’s Going Wrong,Martha High,R&amp;B/Soul,Martha High and The Italian Royal Family,"Atlanta, Georgia",John Morrison
"January 22, 2020",Juillet,En Attendant Ana,Alternative,Independent Artist,"Paris, France",Max Freedman
"January 21, 2020",Create a Place,Mr. Wrong,Punk,Independent Artist,"Portland, Oregon",Kerry Cardoza
"January 17, 2020",Scis and Eksploio,Oval,Electronic,Independent Artist,"Berlin, Germany",Mark Richardson
"January 16, 2020",In Search Of The Lost City Of The Monkey God,The Sorcerers,Jazz,Independent Artist,"Leeds, UK",Andy Beta
"January 15, 2020",There Is No Year,Algiers,Alternative,Independent Artist,NA,Ned Raggett
"January 14, 2020",nijimusi,OOIOO,Experimental,Independent Artist,Japan,Jesse Locke
"January 13, 2020",Erratics and Unconformities,Craven Faults,Electronic,Independent Artist,UK,Jonathan Williger
"January 10, 2020",Musica Infinita,Tino Contreras,Jazz,Arc Records,"London, UK",Marcus J. Moore
"January 09, 2020",終了していません (Not Finished),Knxwledge,Hip-Hop/Rap,Knxwledge.,"Los Angeles, California",Max Bell
"January 08, 2020",Bad Ambassadors,Bad Ambassadors,R&amp;B/Soul,Independent Artist,"Chicago, Illinois",Phillip Mlynar
"January 07, 2020",Land of No Junction,Aoife Nessa Frances,,Ba Da Bing Records,New York,Max Savage Levenson
"January 06, 2020",LE RAP2FILLES SOUTERRAINE,Various Artists,Hip-Hop/Rap,La Souterraine,"La Souterraine, France",Phillip Mlynar
"December 09, 2019",Wildfire Covers,Hand Habits and Friends,Alternative,Hand Habits,"Los Angeles, California",Robert Rubsam
"December 06, 2019",Som das Luzis,Pedro Kastelijns,World,Independent Artist,"GO, Brazil",Amaya Garcia
"December 05, 2019",Equal Amounts Afraid,LA Timpa,R&amp;B/Soul,Independent Artist,"Richmond Hill, Ontario",Phillip Mlynar
"December 04, 2019",Swungert,Colossal Squid,Experimental,Independent Artist,"London, UK",Andrew Parks
"December 03, 2019",Live Volume V,Fred Anderson Quartet,Jazz,FPE Records,"Oak Park, Illinois",Marcus J. Moore
"December 02, 2019",Own Pace,Medhane,Hip-Hop/Rap,Independent Artist,"Brooklyn, New York",Marcus J. Moore
"November 27, 2019",Andres IV,Andres,Hip-Hop/Rap,Andrés,"Detroit, Michigan",Phillip Mlynar
"November 26, 2019",R&S presents: More Time Records Vol 1,Various Artists,Electronic,More Time,"London, UK",Sarah Gooding
"November 25, 2019",A Private Picture,Fran,Alternative,Independent Artist,"Chicago, Illinois",Diamond Sharp
"November 22, 2019",Shlon,Omar Souleyman,Electronic,Independent Artist,Syrian Arab Republic,Andy Beta
"November 21, 2019",Information,Galcher Lustwerk,,Independent Artist,"New York, New York",Andrew Parks
"November 19, 2019",Sleepmoss,Meemo Comma,,Independent Artist,UK,April Clare Welsh
"November 18, 2019",Volume 1,KVL,,Independent Artist,"Chicago, Illinois",Marcus J. Moore
"November 15, 2019",Iowa Dream,Arthur Russell,,Independent Artist,"New York, New York",Annie Zaleski
"November 14, 2019",Songs From the Shore,Afuma,Experimental,Blank Forms Editions,"Brooklyn, New York",Phillip Mlynar
"November 13, 2019",Carbon,Ecker & Meulyzer,,Ecker &amp; Meulyzer,"Berlin, Germany",Jordan Reyes
"November 12, 2019",No Other Love: Midwest Gospel (1965​-​1978),Various Artists,,Tompkins Square,"San Francisco, California",Jim Allen
"November 11, 2019",Cake on Jupiter,Panic Girl,,Independent Artist,Germany,April Clare Welsh
"November 08, 2019",Anicca,Teebs,,Independent Artist,"Los Angeles, California",Tara C. Mahadevan
"November 07, 2019",Birds,Da Lata,,Independent Artist,UK,J. Edward Keyes
"November 06, 2019",Spring,Itasca,,Independent Artist,"Los Angeles, California",Rachel Davies
"November 05, 2019",Do No Harm,The Deer,,THE DƎER,"Austin, Texas",Grayson Haver Currin
"November 04, 2019",Darkest Light,Shana Falana,,Independent Artist,"Kingston, New York",Robert Rubsam
"November 01, 2019",Occulting Disk,Deathprod,,Independent Artist,"Oslo, Norway",Jordan Reyes
"October 31, 2019",Athena,Sudan Archives,,Independent Artist,"Los Angeles, California",Ann-Derrick Gaillot
"October 30, 2019",Networker,Omni,,Independent Artist,"Atlanta, Georgia",Max Savage Levenson
"October 29, 2019",Dark Thoughts,The Shivas,,Independent Artist,"Portland, Oregon",Mariana Timony
"October 28, 2019","Live In Kalisz, 1986",Sun Ra Arkestra,Jazz,Lanquidity Records,"London, UK",John Morrison
"October 25, 2019",The Ground Our Sky,Saariselka,,Independent Artist,"Oakland, California",Andrew Parks
"October 24, 2019",Subservient,Larry Gus,,Independent Artist,"Athens, Greece",Miles Bowe
"October 23, 2019",Crush,Floating Points,,Independent Artist,UK,Andy Beta
"October 22, 2019",Introducing,Bokoya,Jazz,Independent Artist,"Cologne, Germany",Phillip Mlynar
"October 21, 2019",Odds Against Tomorrow,Bill Orcutt,,Independent Artist,"San Francisco, California",Mark Richardson
"October 18, 2019",Diaspora,The Bedroom Witch,,Psychic Eye,"Oakland, California",Andra Nikolayi
"October 17, 2019",Suburban Exotica,Compro Oro,,Independent Artist,Belgium,Richard Gehr
"October 16, 2019",Starts Again,Tawiah,,Independent Artist,"London, UK",Phillip Mlynar
"October 15, 2019",Polyhymnia,Yazz Ahmed,,Independent Artist,UK,Britt Robson
"October 14, 2019",Um Dada,Stephen Mallinder,,Independent Artist,"Brighton, UK",Jordan Reyes
"October 11, 2019",Love Tape,Marquis Hill,,Independent Artist,"New York, New York",Philip Freeman
"October 10, 2019",Complicate Your Life With Violence,L’Orange & Jeremiah Jae,,L&#39;Orange,North Carolina,Mike Madden
"October 09, 2019",YOUR PSYCHE’S RAINBOW PANORAMA,Tony Njoku,,Independent Artist,UK,Phillip Mlynar
"October 08, 2019",Ripples,Husmo HAV,,Independent Artist,"Oslo, Norway",Philip Freeman
"October 07, 2019",All Mirrors,Angel Olsen,,Independent Artist,"Asheville, North Carolina",Allison Hussey
"October 04, 2019",Derin Derin,Baba Zula,,Independent Artist,"Istanbul, Turkey",Joshua Minsoo Kim
"October 03, 2019",Every And All We Voyage On,R. Elizabeth,,Night School,"Glasgow, UK",Jordan Reyes
"October 02, 2019",La Grande Cantatrice Malienne Vol. 1,Nahawa Doumbia,,Independent Artist,Mali,Marcus J. Moore
"October 01, 2019",Turn to Clear View,Joe Armon-Jones,,Independent Artist,"London, UK",Andy Thomas
"September 30, 2019",Pata Pata,Miriam Makeba,,Independent Artist,"Johannesburg, South Africa",Megan Iacobini de Fazio
"September 27, 2019",Ancient Mahogany Gold,SassyBlack,,Independent Artist,NA,Nate Patrin
"September 26, 2019",Chastity Belt,Chastity Belt,,Independent Artist,"Seattle, Washington",Mariana Timony
"September 25, 2019",PYJÆN,PYJÆN,Jazz,Independent Artist,"London, UK",Nilina Mason-Campbell
"September 24, 2019",Dynasty,Hua Li,,Independent Artist,"Montréal, Québec",Luke Ottenhof
"September 23, 2019",Lookout Low,Twin Peaks,,Independent Artist,"Chicago, Illinois",Eli Enis
"September 20, 2019",Peace Process,Run Child Run,Pop,Independent Artist,NA,Max Savage Levenson
"September 19, 2019",The Utopia Strong,The Utopia  Strong,Experimental,The Utopia Strong,UK,Dean Van Nguyen
"September 18, 2019",Aban,The Garifuna Collective,World,Independent Artist,belize,Diamond Sharp
"September 17, 2019",The Practice of Love,Jenny Hval,Experimental,Independent Artist,"Oslo, Norway",Erin Lyndal Martin
"September 16, 2019",Of the Sun,Trupa Trupa,Alternative,TRUPA TRUPA,"Gdańsk, Poland",Ned Raggett
"September 13, 2019",Alefa Madagascar,Various Artists,World,Indian Ocean,Madagascar,Tracy Jones
"September 12, 2019",Field Whispers (Into The Crystal Palace),Fire-Toolz,Electronic,Orange Milk Records,NA,Ed Blair
"September 11, 2019",Crooked,Kristin Hersh,Alternative,Independent Artist,"Providence, Rhode Island",Annie Zaleski
"September 10, 2019",Cairn,Mizmor,Metal,Independent Artist,"Portland, Oregon",Joseph Schafer
"September 09, 2019",Mèdaho,Kaleta & Super Yamba Band,World,Kaleta &amp; Super Yamba Band,New York,Richard Gehr
"September 06, 2019",Devour,Pharmakon,Experimental,Independent Artist,"Brooklyn, New York",Andrew Parks
"September 05, 2019",Venus in Leo,HTRK,Rock,Independent Artist,"Melbourne, Australia",Miguel Gallego
"September 04, 2019",Yemas,Indira Valey,Ambient,Antiquated Future Records,"Portland, Oregon",Diamond Sharp
"September 03, 2019",Ex Voto,Versus,Alternative,Independent Artist,"New York, New York",Patrick Rapa
"August 30, 2019",De Ayer Para Siempre,Mariachi Los Camperos,World,Independent Artist,"Los Angeles, California",Richard Gehr
"August 29, 2019",Everybody Split,Possible Humans,Rock,Independent Artist,"Melbourne, Australia",Stuart Berman
"August 28, 2019",A Distant Call,Sheer Mag,Rock,SHEER MAG,"Philadelphia, Pennsylvania",Max Savage Levenson
"August 27, 2019",Invitation To A Dream,Alcorn / McPhee / Vandermark,Jazz,Independent Artist,"Austin, Texas",John Morrison
"August 26, 2019",A Song For Paul,Ghost Funk Orchestra,Funk,Independent Artist,New York,J. Edward Keyes
"August 23, 2019",A Living Tradition: Selections from Folk​-​Legacy Records,Various Artists,,Smithsonian Folkways Recordings,"Washington, D.C.",Allison Hussey
"August 22, 2019",Re-Birth,Obuxum,Electronic,OBUXUM,"Toronto, Ontario",Diamond Sharp
"August 21, 2019",Anak Ko,Jay Som,Alternative,Independent Artist,"Los Angeles, California",Max Savage Levenson
"August 20, 2019","If you’re not afraid, I’m not afraid",Queen of Jeans,Alternative,Independent Artist,"Philadelphia, Pennsylvania",Max Savage Levenson
"August 19, 2019",Curse These Metal Hands,Conjurer and Pijn,Metal,Conjurer,"Rugby, UK",Zoe Camp
"August 16, 2019",The Center Won’t Hold,Sleater-Kinney,Alternative,Independent Artist,"Portland, Oregon",Claire Lobenfeld
"August 15, 2019",Odious Descent Into Decay,Cerebral Rot,Metal,20 Buck Spin,"Pittsburgh, Pennsylvania",Patrick Lyons
"August 14, 2019",Death Drive,Debby Friday,Alternative,Deathbomb Arc,Hawaii,Kerry Cardoza
"August 13, 2019",IF Music Presents You Need This – A Journey Into Deep Jazz Vol. 3,Jean-Claude,Jazz,BBE,"London, UK",Michael J. West
"August 12, 2019",I Luma,A. Billi Free & Tensei,R&amp;B/Soul,A. Billi Free,New Mexico,Chaka V. Grier
"August 09, 2019",Love & Nappyness,Matt Muse,R&amp;B/Soul,Independent Artist,NA,John Morrison
"August 08, 2019",Perfumed Earth,Purple Pilgrims,Alternative,Independent Artist,New Zealand,Loren DiBlasi
"August 07, 2019",Metalepsis,Eartheater,Alternative,Independent Artist,"Queens, New York",Miles Bowe
"August 06, 2019",Data Horde,Leech,Electronic,Independent Artist,"Los Angeles, California",Andra Nikolayi
"August 05, 2019","Ann Arbor Blues Festival 1969, Vol. 1 & 2",Various Artists,Blues,Third Man Records,"Nashville, Tennessee",John Morrison
"August 02, 2019",Keys 2 Kazi,C Keys & Kazi,Hip-Hop/Rap,Below System Records,"Almelo, The Netherlands",Phillip Mlynar
"August 01, 2019",Parted Plains,Ami Dang,Ambient,Independent Artist,"Baltimore, Maryland",Amaya Garcia
"July 31, 2019",Blood Year,Russian Circles,Metal,Independent Artist,"Chicago, Illinois",David Anthony
"July 30, 2019",Be Urself,Pascale Project,Electronic,Orange Milk Records,NA,Jake Hulyer
"July 29, 2019",Out of the Box,The Young Sinclairs,Rock,Requiem Pour Un Twister,"Paris, France",Stuart Berman
"July 26, 2019",8-track,Hot Since 82,Electronic,Independent Artist,"Leeds, UK",Andra Nikolayi
"July 25, 2019",Pity Boy,Mal Blum,Alternative,Independent Artist,"Los Angeles, California",Max Cohen
"July 24, 2019",Astro,Mateo Kingman,Hip-Hop/Rap,Independent Artist,Ecuador,Caitlin Donohue
"July 23, 2019",WAHALA,YATTA,Experimental,PTP,"New York, New York",Diamond Sharp
"July 22, 2019",You Remind Me (The Classic Elektra Recordings 1978-1984),Patrice Rushen,R&amp;B/Soul,Independent Artist,"Los Angeles, California",Chaka V. Grier
"July 19, 2019",Until The Tide Creeps In,Penelope Isles,Rock,Independent Artist,"Brighton, UK",Margaret Farrell
"July 18, 2019",Weather,Tycho,Electronic,Independent Artist,"San Francisco, California",Michaelangelo Matos
"July 17, 2019",Metamorphosis,Blank Banshee,Electronic,Independent Artist,NA,Miles Bowe
"July 16, 2019",Sunny Side Up,Sunny Side Up,Jazz,Independent Artist,"London, UK",John Morrison
"July 15, 2019",EGOLI,Abum of the Day: Africa Express,World,Africa Express,Mali,Megan Iacobini de Fazio
"July 11, 2019",Brand New Adult,BEA1991,Pop,Independent Artist,"Amsterdam, Netherlands",Anna White
"July 10, 2019",Atlantic Oscillations,Quantic,Electronic,Independent Artist,"New York, New York",Joe Muggs
"July 09, 2019",The Gay Man’s Guide To Safer Sex (OST),Coil,Electronic,Mental Groove Records / Musique Pour La Danse,Switzerland,Andi Harriman
"July 08, 2019",Resavoir,Resavoir,Jazz,International Anthem,"Chicago, Illinois",Eli Zeger
"July 03, 2019",Islands,Erin Durant,Folk,Independent Artist,New York,Allison Hussey
"July 02, 2019",Manifest,Corin,Electronic,Bedouin Records,"Athens, Greece",Miles Bowe
"July 01, 2019",Mother Earth’s Plantasia,Mort Garson,Electronic,Independent Artist,"Los Angeles, California",Andrew Parks
"June 28, 2019",On Tour,The Young Ones of Guyana,Reggae,The Young Ones Of Guyana,Guyana,Dean Van Nguyen
"June 27, 2019",Portent,False,Metal,Gilead Media,"Oshkosh, Wisconsin",Ed Blair
"June 26, 2019",SPAZA,SPAZA,Jazz,Independent Artist,"Johannesburg, South Africa",Marcus J. Moore
"June 25, 2019",Patience,Mannequin Pussy,Punk,MANNEQUIN PUSSY,"Philadelphia, Pennsylvania",Annie Zaleski
"June 24, 2019",High Fantasy,Gygax,Rock,GYGAX,"Ventura, California",Jeff Treppel
"June 21, 2019",In a Desperate Red,The Rats,Punk,Mississippi Records,"Chicago, Illinois",Kerry Cardoza
"June 20, 2019",Death’s Head Speaks,Simulation,Electronic,Hausu Mountain Records,"Chicago, Illinois",Marc Masters
"June 19, 2019",VWETO II,Georgia Anne Muldrow,Electronic,Independent Artist,"Los Angeles, California",Diamond Sharp
"June 18, 2019",Alice Clark,Alice Clark,R&amp;B/Soul,Independent Artist,"New York, New York",Philip Freeman
NA,NA,,,,NA,
"June 13, 2019",Heart Hunger,Meernaa,Rock,Independent Artist,"Oakland, California",Anna White
"June 12, 2019",California Black Vows,Clay Rendering,Rock,Independent Artist,"Los Angeles, California",Andy O’Connor
"June 11, 2019",April Is the Cruellest Month,Masayuki Takayanagi New Direction Unit,Experimental,Blank Forms Editions,"Brooklyn, New York",David Menestres
"June 10, 2019",Walkie Talkie,Brijean,Pop,Independent Artist,"Los Angeles, California",Diamond Sharp
"June 07, 2019",Grass Stains and Novocaine,Seablite,Alternative,Emotional Response,"Cottonwood, Arizona",Mariana Timony
"June 06, 2019",ONDA,Jambinai,Metal,Independent Artist,"Seoul, South Korea",Ian Cohen
"June 05, 2019",Spirit Volume,City and i.o.,Electronic,PTP,"New York, New York",Jordan Reyes
"June 04, 2019",Lust For Youth,Lust for Youth,Alternative,Independent Artist,"Copenhagen, Denmark",Annie Zaleski
"June 03, 2019",Swim Team,Christelle Bofale,Alternative,Independent Artist,"Austin, Texas",Diamond Sharp
"May 31, 2019",Demos (1973​-​75) Volumes 1&2,Azymuth,,Independent Artist,Brazil,Dean Van Nguyen
"May 30, 2019",FLIGHT OF THE WIG,Psalm One,Hip-Hop/Rap,Psalm One aka Hologram Kizzie,Chicago,Phillip Mlynar
"May 29, 2019",Cut Through,Kythira,Pop,Alyssa Gengos,"Los Angeles, California",Mariana Timony
"May 28, 2019",Suddenly Everyone Explodes,Plastic Mermaids,Rock,Independent Artist,UK,Stuart Berman
"May 24, 2019",We Get By,Mavis Staples,R&amp;B/Soul,Independent Artist,"Chicago, Illinois",Jim Allen
"May 23, 2019",Chemical Flowers,Helm,Electronic,Independent Artist,"London, UK",J. Edward Keyes
"May 22, 2019",The Best of Luck Club,Alex Lahey,Rock,Independent Artist,"Melbourne, Australia",Jerry Cowgill
"May 21, 2019",Thina,Seba Kaapstad,R&amp;B/Soul,Independent Artist,South Africa,Shanice Brim
"May 20, 2019",Reckoning,Mourning [A] BLKstar,R&amp;B/Soul,Independent Artist,"Cleveland, Ohio",Ben Grenrock
"May 17, 2019",Are You A Dreamer?,Death & Vanilla,Alternative,Death &amp; Vanilla,"Malmö, Sweden",Emma August Welter
"May 16, 2019",3,Nots,Punk,NOTS,"Memphis, Tennessee",Kerry Cardoza
"May 15, 2019",Radish,Big Bend,Electronic,Independent Artist,"Ohio, New York",Dean Van Nguyen
"May 14, 2019",Halal Cool J,Don Leisure,Hip-Hop/Rap,Independent Artist,"Cardiff, UK",Phillip Mlynar
"May 13, 2019",Age Hasn’t Spoiled You,Greys,Rock,Independent Artist,"Toronto, Ontario",Stuart Berman
"May 10, 2019",Young Enough,Charly Bliss,Pop,Independent Artist,"New York, New York",J. Edward Keyes
"May 09, 2019",Goodness Gracious,Sunbeam Sound Machine,Alternative,Independent Artist,"Melbourne, Australia",Ned Raggett
"May 08, 2019",Flight Paths,Mina,World,Independent Artist,"London, UK",Shanice Brim
"May 07, 2019",Heritage II,Mark de Clive-Lowe,Jazz,Independent Artist,"Los Angeles, California",David R. Adler
"May 06, 2019",Death Sequence,The Physics House Band,Experimental,Unearthly Vision,"England, UK",Marc Masters
"May 03, 2019",Useless Coordinates,Drahla,Alternative,Independent Artist,"Leeds, UK",Nina Corcoran
"May 02, 2019",Peace & Harmony,Harry Mosco,World,Independent Artist,Nigeria,Richard Gehr
"May 01, 2019",Schemes,Schemes,R&amp;B/Soul,Independent Artist,"Montreal, Québec",John Morrison
"April 30, 2019",No More Running,Eve Maret,Experimental,Independent Artist,"Nashville, Tennessee",Ned Raggett
"April 29, 2019",Your Church On My Bonfire,PAWS,Rock,Independent Artist,"Scotland, UK",Jerry Cowgill
"April 26, 2019",Only You Can See It,Emily Reo,Pop,Independent Artist,"Brooklyn, New York",Anna White
"April 25, 2019",No Dados,Reese McHenry,Rock,Independent Artist,"Chapel Hill, North Carolina",Zachary Lipez
"April 24, 2019","Yoshio Ojima & Satsuki Shibano, FRKWYS Vol. 15: serenitatem",Visible Cloaks,Ambient,Independent Artist,"Portland, Oregon",Andrew Parks
"April 23, 2019",Orange,Caroline Shaw & Attacca Quartet,Classical,Caroline Shaw,"New York, New York",David R. Adler
"April 22, 2019",Sulphur English,Inter Arma,Metal,Independent Artist,"Richmond, Virginia",Kim Kelly
"April 19, 2019",Jobcentre Rejects: Ultra Rare New Wave of British Heavy Metal 1978-1982,Various Artists,Metal,Jobcentre Rejects,Sweden,Stephen Thomas Erlewine
"April 18, 2019",Peer 2 Peer,WORLD BRAIN,Experimental,Independent Artist,"Berlin, Germany",Simon Chandler
"April 17, 2019",Thalassa,Ioanna Gika,Pop,Independent Artist,"Los Angeles, California",Jenn Pelly
"April 16, 2019",Wolastoqiyik Lintuwakonawa,Jeremy Dutcher,Classical,Independent Artist,"Toronto, Ontario",Catalina Maria Johnson
"April 15, 2019",Essentials,Patio,Punk,Independent Artist,"Brooklyn, New York",Annie Zaleski
"April 12, 2019",Burd,Wilma Vritra,Hip-Hop/Rap,Independent Artist,"Los Angeles, California",Phillip Mlynar
"April 11, 2019",The Budos Band V,The Budos Band,World,Independent Artist,"New York, New York",Brad Sanders
"April 10, 2019",Endless Column,Endless Column,Alternative,Erste Theke Tontraeger,"Mannheim, Germany",Annie Zaleski
"April 09, 2019",she/her/they/them,Evan Greer,Folk,Independent Artist,"Boston, Massachusetts",Sasha Geffen
"April 08, 2019",The Hat Factory 93,Rodan,Punk,Independent Artist,"Louisville, Kentucky",Jes Skolnik
"April 05, 2019",Luminous Volumes,Skryptor,Rock,Sleeping Giant Glossolalia,"New York, New York",Marc Masters
"April 04, 2019",Ilana (The Creator),Mdou Moctar,Rock,Independent Artist,"Agadez, Niger",Angel E. Fraden
"April 03, 2019",The End,Shlohmo,Electronic,Independent Artist,"Los Angeles, California",Joe Muggs
"April 02, 2019",Guns,Quelle Chris,Hip-Hop/Rap,Independent Artist,"Detroit, Michigan",Phillip Mlynar
"April 01, 2019",Earth Night,Various Artists,Electronic,DJs for Climate Action,"Brooklyn, New York",J. Edward Keyes
"March 29, 2019",Matamoros,USA/Mexico,Punk,Independent Artist,"Austin, Texas",Marc Masters
"March 28, 2019",Peru’s Master Percussionist,Chocolate,World,Buh Records,"Lima, Peru",Dean Van Nguyen
"March 27, 2019",Map of Absences,Turning Jewels Into Water,World,Independent Artist,"Brooklyn, New York",Shanice Brim
"March 26, 2019",Past Lives,Caleb Burhans,Experimental,Independent Artist,"New York, New York",Jamie Ludwig
"March 25, 2019","Post Now: Round One, Chicago vs. New York",Various Artists,Experimental,SKiN GRAFT Records,"St. Louis, Missouri",Philip Freeman
"March 22, 2019",Panorama,La Dispute,Alternative,Independent Artist,Grand Rapids,Zoe Camp
"March 21, 2019",KOKOROKO,KOKOROKO,Jazz,Kokoroko,"London, UK",Jesse Bernard
"March 20, 2019",Dreaming the Dark,Tamaryn,Alternative,Independent Artist,"San Francisco, California",Anna White
"March 19, 2019",Bahir,Dexter Story,World,Independent Artist,"Los Angeles, California",Amaya Garcia
"March 18, 2019",Syrup,B. Cool-Aid,Hip-Hop/Rap,Independent Artist,"Los Angeles, California",Max Bell
"March 15, 2019",Epilogue,Aaron Abernathy,R&amp;B/Soul,Independent Artist,"Washington D.C., D.C.",Vance Brinkley
"March 14, 2019",To Believe,The Cinematic Orchestra,Electronic,Independent Artist,"London, UK",Michaelangelo Matos
"March 13, 2019",Powder in Space,Powder,Electronic,Beats In Space,"New York, New York",Harley Oliver Brown
"March 12, 2019",Rituals of Power,Misery Index,Metal,Independent Artist,"Baltimore, Maryland",Andy O’Connor
"March 11, 2019",Softer Faces,Living Hour,Alternative,Independent Artist,"Winnipeg, Manitoba",Patrick Lyons
"March 08, 2019",Akaline Kidal,Ahmed Ag Kaedy,World,Amanar De Kidal,Mali,Richard Gehr
"March 07, 2019",Out of the Blue,Imani,Jazz,MAD ABOUT RECORDS,Portugal,Philip Freeman
"March 06, 2019",After its own death / Walking in a spiral towards the house,Nivhek,Experimental,Grouper,NA,John Thorp
"March 05, 2019",Stunning Luxury,Snapped Ankles,Alternative,Independent Artist,"London, UK",Ned Raggett
"March 04, 2019",Helium,Homeshake,Alternative,homeshake,"Toronto, Ontario",Max Savage Levenson
"February 28, 2019",fabric presents Bonobo,Bonobo,Electronic,Independent Artist,"Brighton, UK",Michaelangelo Matos
"February 27, 2019",In Condemnation,Pandemix,Punk,Independent Artist,NA,Kerry Cardoza
"February 26, 2019",Mosawi Swiri,Houssam Gania,World,Independent Artist,"Essaouira, Morocco",Dean Van Nguyen
"February 25, 2019",Jungle Run,Nubiyan Twist,Jazz,Independent Artist,"London, UK",Michael J. West
"February 22, 2019",In Search of the Miraculous,Desperate Journalist,Rock,Independent Artist,"London, UK",Annie Zaleski
"February 21, 2019",Triage,Methyl Ethel,Pop,METHYL ETHEL,"Perth, Australia",Angel E. Fraden
"February 20, 2019",The Railway Prince Hotel,Tullycraft,Alternative,Independent Artist,"Seattle, Washington",Annie Zaleski
"February 19, 2019",Black Tenere,Kel Assouf,World,Independent Artist,Niger,Megan Iacobini de Fazio
"February 15, 2019","Japanese Ambient, Environmental & New Age Music 1980​-​1990",Kankyō Ongaku,,Independent Artist,Japan,April Clare Welsh
"February 14, 2019",The Heretics,Rotting Christ,Metal,Independent Artist,Greece,Grayson Haver Currin
"February 13, 2019",Fyah,Theon Cross,Jazz,Independent Artist,"London, UK",Marcus J. Moore
"February 12, 2019",A Mild Circus,Yarrow,Punk,Independent Artist,"Philadelphia, Pennsylvania",Alex Smith
"February 11, 2019",Ripe for Anarchy,Business of Dreams,Alternative,Business Of Dreams,NA,J. Edward Keyes
"February 08, 2019",Anima Mysterium,Yugen Blakrok,Hip-Hop/Rap,Independent Artist,South Africa,Phillip Mlynar
"February 07, 2019",Buoys,Panda Bear,Alternative,Independent Artist,"Lisbon, Portugal",Andrew Parks
"February 06, 2019",Highway Hypnosis,Sneaks,Alternative,Independent Artist,"Washington, D.C.",Jenn Pelly
"February 05, 2019",Nūr,Dua Saleh,Hip-Hop/Rap,Independent Artist,"Saint Paul, Minnesota",Gus Navarro
"February 01, 2019",Living Tomb,Ossuarium,Metal,20 Buck Spin,"Pittsburgh, Pennsylvania",Andy O’Connor
"January 31, 2019",Temporal,Julia Kent,Classical,Independent Artist,New York,Erin Lyndal Martin
"January 30, 2019",The Language of Injury,Ithaca,Punk,Independent Artist,"London, UK",Zoe Camp
"January 29, 2019",Sewele,Sir Shina Peters,World,Sir Shina Peters &amp; His International Stars,Nigeria,Megan Iacobini de Fazio
"January 28, 2019",Isa,Croatian Amor,Electronic,Independent Artist,"Copenhagen, Denmark",Jordan Reyes
"January 25, 2019",Eternal Words,Tomas Nordmark,Electronic,Independent Artist,"London, UK",April Clare Welsh
"January 24, 2019",The Onrush Of Eternity,log(m) & Laraaji,Electronic,"Invisible, Inc.","Glasgow, UK",Miles Bowe
"January 23, 2019",Nighttime Birds and Morning Stars,Sarah Louise,Folk,Independent Artist,"Asheville, North Carolina",Robert Rubsam
"January 22, 2019",Siku,Nicola Cruz,Electronic,Independent Artist,"Quito, Ecuador",Amaya Garcia
"January 18, 2019",Tomb,Angelo De Augustine,Alternative,Independent Artist,"Los Angeles, California",Allison Hussey
"January 17, 2019",Italo Funk,Various Artists,Electronic,Soul Clap Records,"Boston, Massachusetts",Andrew Parks
"January 16, 2019",Midnight Parade,The Day,Alternative,Independent Artist,"Antwerp, Belgium",Ned Raggett
"January 15, 2019",The Unseen In Between,Steve Gunn,Folk,Independent Artist,"Brooklyn, New York",Allison Hussey
"January 14, 2019",Remind Me Tomorrow,Sharon Van Etten,Rock,Independent Artist,"New York, New York",Allison Crutchfield
"January 11, 2019",Unseen Worlds,Laurie Spiegel,Electronic,Unseen Worlds,"Brooklyn, New York",Miles Bowe
"January 10, 2019",Stomping Off From Greenwood,Greg Ward,Jazz,Independent Artist,"Chicago, Illinois",Michael J. West
"January 09, 2019",Prehysteria,T-Rextasy,Punk,Independent Artist,"New York, New York",Allison Crutchfield
"January 08, 2019",Ill Considered 5,Ill Considered,Jazz,ILL CONSIDERED,"London, UK",Amaya Garcia
"January 07, 2019",Bigness,Pickle Darling,Pop,Independent Artist,"Christchurch, New Zealand",Adam Badí Donoval
"January 04, 2019",Tides,Kaitlyn Aurelia Smith,Ambient,Independent Artist,NA,Joshua Minsoo Kim
"January 03, 2019",Strangers From the Far East,Khana Bierbood,Alternative,คณะ เบียร์บูด/Khana Bierbood,Thailand,Simon Chandler
"December 21, 2018",War in my Pen,MIKE,Hip-Hop/Rap,Independent Artist,"New York, New York",Phillip Mlynar
"December 20, 2018","Beats For Brothels, Vol. 4",The Doppelgangaz,Hip-Hop/Rap,Independent Artist,"New York, New York",Jay Balfour
"December 19, 2018",2000 – 2004,Frakkur,Ambient,Independent Artist,"Reykjavík, Iceland",Miles Bowe
"December 18, 2018",De Bassari Togo,Orchestre Abass,World,Analog Africa,Germany,Dean Van Nguyen
"December 17, 2018",Universalis,Hammock,Alternative,Independent Artist,"Nashville, Tennessee",Andrew Parks
"December 14, 2018",Energy Control Center,Bubbha Thomas & The Lightmen,Jazz,Bubbha Thomas &amp; The Lightmen,"Houston, Texas",Phillip Mlynar
"December 12, 2018",Fighting for Survival,Yoruba Singers,World,Independent Artist,Guyana,Megan Iacobini de Fazio
"December 11, 2018",Natural Sci-Fi,Steve Spacek,Electronic,Independent Artist,Australia,Jake Hulyer
"December 10, 2018",WARM,Jeff Tweedy,Rock,Independent Artist,"Chicago, Illinois",Max Savage Levenson
"December 07, 2018",Lost Time Behind the Moon,Scott Hirsch,Rock,Independent Artist,"Ojai, California",Allison Hussey
"December 06, 2018",This Band Will Self-Destruct in T-Minus,Th’ Losin Streaks,Rock,Th&#39; Losin Streaks,"Sacramento, California",Doug Wallen
"December 05, 2018",Penelope Two,Penelope Trappes,Alternative,Independent Artist,"London, UK",J. Edward Keyes
"December 04, 2018",Turntables on the Hudson 20 Year Anniversary,Various Artists,World,Wonderwheel Recordings,New York,Amaya Garcia
"December 03, 2018",In the Senses,Filmico,Ambient,Independent Artist,Argentina,Miles Bowe
"November 30, 2018",Let Pain Be Your Guide,Portrayal of Guilt,Metal,portrayal of guilt,"Austin, Texas",Zoe Camp
"November 29, 2018",From Nubia to Cairo,Ali Hassan Kuban,World,Independent Artist,"Straße, Egypt",Richard Gehr
"November 27, 2018",The Terror End of Beauty,Harriet Tubman,Jazz,Independent Artist,"New York, New York",Brad Cohan
"November 26, 2018",Brainfeeder X,Various Artists,Electronic,Brainfeeder,"Los Angeles, California",Max Bell
"November 21, 2018",Unusual Sounds,Various Artists,Funk,Anthology Recordings,"Brooklyn, New York",J. Edward Keyes
"November 20, 2018",Malik Ruff,Quadry,Hip-Hop/Rap,Independent Artist,"Baton Rouge, Louisiana",Nate Patrin
"November 19, 2018",From the Dirt,Waajeed,Electronic,Independent Artist,"Detroit, Michigan",Gus Navarro
"November 16, 2018",Black Velvet,Charles Bradley,R&amp;B/Soul,Independent Artist,"Brooklyn, New York",Max Savage Levenson
"November 15, 2018",Cosmovore,Ulthar,Metal,20 Buck Spin,"Pittsburgh, Pennsylvania",Kim Kelly
"November 14, 2018","Jazz, Jazz, Jazz",The Scorpions & Saif Abu Bakr,Jazz,Habibi Funk Records,"Berlin, Germany",Dean Van Nguyen
"November 13, 2018",Lover Chanting EP,Little Dragon,Experimental,Independent Artist,"Gothenburg, Sweden",Eric R. Danton
"November 09, 2018",Une Vie Cent Détours,Cosmic Analog Ensemble,Experimental,My Bags,"Messac, France",Will Schube
"November 08, 2018",Fill in the Blank,Kev Brown,Hip-Hop/Rap,KEV BROWN,"Greater Landover, Maryland",Marcus J. Moore
"November 07, 2018",Moths,Moths,Metal,MOTHS,"San Juan, Puerto Rico",Gabriel Serrano Denis
"November 06, 2018",Examples Volume Two,Eric Lau,Hip-Hop/Rap,Independent Artist,"London, UK",Jake Hulyer
"November 05, 2018",Black Helicopters,Agnarkea,Alternative,Independent Artist,"Richmond, Virginia",Alex Smith
"November 02, 2018",The Garner Poems,Mourning [A] BLKstar,Funk,Electric Cowbell Records,"Washington, D.C.",Jesse Bernard
"November 01, 2018",First Love 初恋 : Debut Album and Demo Tracks,Space Streakings,Experimental,SKiN GRAFT Records,"St. Louis, Missouri",Zoe Camp
"October 31, 2018",The One,Will Sessions & Amp Fiddler ft. Dames Brown,Funk,Will Sessions,"Detroit, Michigan",Dean Van Nguyen
"October 30, 2018",Childqueen Outtakes,Kadhja Bonet,R&amp;B/Soul,Independent Artist,"Los Angeles, California",Marcus J. Moore
"October 29, 2018",What Happens When I Try To Relax,Open Mike Eagle,Hip-Hop/Rap,Auto Reverse Records,"Los Angeles, California",Ben Grenrock
"October 26, 2018",Alone At Last,Tasha,Alternative,Independent Artist,"Chicago, Illinois",Amaya Garcia
"October 25, 2018",Unreality,SRSQ,Alternative,Independent Artist,"Dallas, Texas",Jes Skolnik
"October 24, 2018",Humble Pi,Homeboy Sandman & Edan,Hip-Hop/Rap,Homeboy Sandman &amp; Edan,"New York, New York",Nate Patrin
"October 23, 2018",Us,Empress Of,Pop,Independent Artist,"Brooklyn, New York",Amaya Garcia
"October 22, 2018",Broken Politics,Neneh Cherry,Pop,Independent Artist,Sweden,Joe Muggs
"October 19, 2018",Warzone,Yoko Ono,Alternative,Independent Artist,"New York, New York",Jordan Reyes
"October 18, 2018",happy little trees,Kenny Segal,Hip-Hop/Rap,Independent Artist,"Los Angeles, California",Blake Gillespie
"October 17, 2018",Revolution,Daniel Crawford,R&amp;B/Soul,Independent Artist,"Los Angeles, California",Chaka V. Grier
"October 16, 2018",Virus.DOS,Master Boot Record,Electronic,MASTER BOOT RECORD,"Rome, Italy",Andrew Parks
"October 15, 2018",Deal Thy Fate,Album Of The Day: Castle,Metal,Ripple Music,"San Ramon, California",Zoe Camp
"October 12, 2018",System,Trevor Jackson,Electronic,Independent Artist,"London, UK",Joe Muggs
"October 11, 2018",La Maison Noir,Petite Noir,Experimental,Independent Artist,"Cape Town, South Africa",Marcus J. Moore
"October 10, 2018",Autobiography,Jlin,Electronic,Independent Artist,"Gary, Indiana",Will Schube
"October 08, 2018",They Are the Shield,Toby Driver,Experimental,Blood Music,"Porvoo, Finland",Antonio Poscic
"October 05, 2018",Helltown,Electric Citizen,Metal,Independent Artist,"Cincinnati, Ohio",Zachary Lipez
"October 04, 2018",Soft Hell,Pill,Alternative,Independent Artist,"New York, New York",Annie Zaleski
"October 03, 2018",For My Crimes,Marissa Nadler,Folk,Independent Artist,"Nashville, Tennessee",Dean Van Nguyen
"October 02, 2018",Moontribe,Moontribe,World,Fortuna Records,"Tel Aviv, Israel",Megan Iacobini de Fazio
"October 01, 2018",Future Bubblers 2.0,Various Artists,Electronic,Future Bubblers,"London, UK",Joe Muggs
"September 28, 2018",Low,Jansport J,Hip-Hop/Rap,Independent Artist,"Los Angeles, California",Jesse Fairfax
"September 27, 2018",Thunder Follows the Light,Mutual Benefit,Alternative,mutual benefit,"Brooklyn, New York",Allison Hussey
"September 26, 2018",Burnt Sugar,Gouge Away,Punk,Independent Artist,"Fort Lauderdale, Florida",Michael Siebert
"September 25, 2018",African Rhythms,Oneness of Juju,Funk,Independent Artist,"Richmond, Virginia",Dean Van Nguyen
"September 21, 2018",Shelley’s on Zenn-La,Oliver Coates,Electronic,Independent Artist,"Glasgow, UK",Adam Badí Donoval
"September 20, 2018",Further Still,Bosse-de-Nage,Metal,Independent Artist,NA,Michael Siebert
"September 19, 2018",This Behavior,ADULT.,Electronic,Independent Artist,"Detroit, Michigan",Daniel Dylan Wray
"September 18, 2018",Room 25,Noname,Hip-Hop/Rap,Independent Artist,"Chicago, Illinois",Marcus J. Moore
"September 17, 2018",Rockers From the Land of Reggae,I-Mo-Jah,Reggae,Pressure Sounds,"England, UK",J. Edward Keyes
"September 14, 2018",Find Us When U Get There,Scott Xylo,Funk,Independent Artist,"Leicester, UK",Martin Aston
"September 13, 2018",Dur-Dur of Somalia – Volume 1 & Volume 2,Dur-Dur Band,Funk,Analog Africa,Germany,Megan Iacobini de Fazio
"September 12, 2018",Render Another Ugly Method,Mothers,Rock,Independent Artist,"Philadelphia, Pennsylvania",Eric R. Danton
"September 11, 2018",Kingdoms in Colour,Maribou State,Electronic,Independent Artist,"London, UK",Amaya Garcia
"September 10, 2018",Events Score,Daniel Davies,Electronic,Independent Artist,"Los Angeles, California",Miles Bowe
"September 07, 2018",Magus,Thou,Metal,Independent Artist,"Baton Rouge, Louisiana",Ashley Naftule
"September 06, 2018",New Hymn to Freedom,Szun Waves,Jazz,Independent Artist,"London, UK",Dave Sumner
"September 05, 2018",Melondrama,Cale Sexton,Electronic,Independent Artist,"Melbourne, Australia",Miles Bowe
"September 04, 2018",I’m Reliving the End Over and Over and Over Again and Its Only the Beginning,Risa Rubin,Alternative,Independent Artist,"Los Angeles, California",Mariana Timony
"August 31, 2018",Joy As An Act of Resistance.,Idles,Punk,IDLES,"Bristol, UK",Fergal Kenney
"August 30, 2018",Only Self,Jesus Piece,Punk,Independent Artist,"Philadelphia, Pennsylvania",Michael Siebert
"August 29, 2018",Energy Dreams,Rejoicer,Electronic,Independent Artist,"Los Angeles, California",Nate Patrin
"August 28, 2018",Tangerine Reef,Animal Collective,Alternative,Independent Artist,"Baltimore, Maryland",Sam Goldner
"August 27, 2018",Nobody’s Watching,Steady Holiday,Alternative,Independent Artist,"Los Angeles, California",Max Savage Levenson
"August 24, 2018",Nibiru Tut,Album Of The Day: Beans,Hip-Hop/Rap,Hello.L.A.,France,Phillip Mlynar
"August 23, 2018",Limpid Fear [清澈恐惧],bod [包家巷],Electronic,Independent Artist,Antarctica,Sam Goldner
"August 22, 2018",Nostrum Grocers,Nostrum Grocers,Hip-Hop/Rap,Independent Artist,"New York, New York",Paul Thompson
"August 21, 2018",Thank You For Today,Death Cab for Cutie,Alternative,Independent Artist,"Seattle, Washington",Candace McDuffie
"August 20, 2018",Slide,George Clanton,Electronic,Independent Artist,"Los Angeles, California",David Glickman
"August 17, 2018",Be the Cowboy,Mitski,Alternative,Independent Artist,"New York, New York",Ally-Jane Grossan
"August 16, 2018",Clear Tamei/Steel Mogu,Iglooghost,Electronic,Independent Artist,UK,Joe Muggs
"August 15, 2018",Bloom,Somni,Experimental,Independent Artist,"Los Angeles, California",Blake Gillespie
"August 14, 2018",Deep in the Big,Rabbit Island,Alternative,Independent Artist,"Perth, Australia",Doug Wallen
"August 13, 2018",Protean Labyrinth,Kyoko Kitamura,Jazz,Independent Artist,"Brooklyn, New York",Seth Colter Walls
"August 10, 2018",Suffuse,Roy Montgomery,Ambient,Ba Da Bing Records,New York,Daniel Dylan Wray
"August 09, 2018",Future Me Hates Me,The Beths,Alternative,Independent Artist,"Auckland, New Zealand",Max Savage Levenson
"August 08, 2018",Our Garden Needs Its Flowers,Jess Sah Bi & Peter One,Folk,Jess Sah Bi &amp; Peter One,NA,Dean Van Nguyen
"August 07, 2018",Catching a Body,Hprizm,Hip-Hop/Rap,Independent Artist,"New York, New York",Nate Patrin
"August 06, 2018",Maroon Cloud,Nicole Mitchell,Jazz,Nicole M Mitchell,North Carolina,Peter Margasak
"August 03, 2018",Bell House,Shy Boys,Alternative,Independent Artist,"Kansas City, Missouri",Tanner Howard
"August 02, 2018",Dissolvi,Steve Hauschildt,Electronic,Independent Artist,"Chicago, Illinois",Andrew Parks
"August 01, 2018",Michael Nau & the Mighty Thread,Michael Nau & the Mighty Thread,Alternative,Michael Nau,Maryland,Will Schube
"July 31, 2018",Before the Day Has Gone,Bellini,Alternative,Independent Artist,"Sizilien, Italy",Brad Cohan
"July 30, 2018",Touch Dissolves,Aaron Martin,Jazz,IIKKI,"Brittany, France",Dave Sumner
"July 27, 2018",At Your Leisure,Clearance,Rock,Independent Artist,"Chicago, Illinois",Mariana Timony
"July 26, 2018",Little Ugly Girls,Little Ugly Girls,Alternative,Independent Artist,"Melbourne, Australia",Doug Wallen
"July 25, 2018",Sundays,Tanukichan,Alternative,Independent Artist,"Oakland, California",Max Mohenu
"July 24, 2018",Lithium Zion,Deaf Wish,Alternative,Independent Artist,"Melbourne, Australia",Joe Gross
"July 23, 2018",Ogre Heights,Mondo Lava,Electronic,Hausu Mountain Records,"Chicago, Illinois",Amaya Garcia
"July 19, 2018",Nose Picker,Negative Scanner,Alternative,Independent Artist,"Chicago, Illinois",Luke Ottenhof
"July 18, 2018",Ordinary Corrupt Human Love,Deafheaven,Metal,Independent Artist,San Francisco,Jon Wiederhorn
"July 17, 2018",Here From Where We Are,Pariah,Ambient,Independent Artist,"London, UK",Joe Muggs
"July 16, 2018",The Switch,Body/Head,Alternative,Independent Artist,"Northampton, Massachusetts",Daniel Dylan Wray
"July 13, 2018",Endless Scroll,BODEGA,Alternative,Independent Artist,"New York, New York",Max Freedman
"July 12, 2018",Disambiguation,Cruel Diagonals,Ambient,Independent Artist,"Los Angeles, California",Raymond Cummings
"July 11, 2018",Capricho del Diablo,San Cha,Latin,Independent Artist,"Los Angeles, California",Catalina Maria Johnson
"July 10, 2018",1+1=X,Various Artists,Experimental,Erased Tapes,"London, UK",Erin Lyndal Martin
"July 09, 2018",Black Hole Party,Thousand Foot Whale Claw,Electronic,Independent Artist,"Austin, Texas",Andrew Parks
"July 06, 2018",No Trail and Other Unholy Paths,Jaye Jayle,Alternative,Independent Artist,"Louisville, Kentucky",Annie Zaleski
"July 05, 2018",How Many Times Have You Driven By,hana vu,Alternative,Independent Artist,"Los Angeles, California",Max Savage Levenson
"July 03, 2018",Byen,Bjørn Torske,Electronic,Independent Artist,Norway,David Garber
"June 29, 2018",Desolation,Khemmis,Metal,20 Buck Spin,"Pittsburgh, Pennsylvania",Sarah Kitteringham
"June 28, 2018",Ikhlas,FAUXE,Electronic,CHINABOT,"London, UK",Karen Gwee
"June 27, 2018",Divine Weight,Alex Zhang Hungtai,Ambient,Independent Artist,"New York, New York",Tristan Bath
"June 26, 2018",Voids,Martyn,Electronic,Independent Artist,"Washington, D.C.",Marcus J. Moore
"June 25, 2018",Roach Goin’ Down,Palberta,Alternative,Independent Artist,"New York, New York",Sasha Geffen
"June 22, 2018",Alive In the East?,Binker & Moses,Jazz,Binker and Moses,"London, UK",Andy Thomas
"June 21, 2018",Cloud Corner,Marisa Anderson,Folk,Independent Artist,"Portland, Oregon",Robert Ham
"June 20, 2018",Maghreb United,AMMAR 808,Electronic,Independent Artist,NA,Amaya Garcia
"June 19, 2018","¡Súbelo, Cuba!",Havana Cultura,Electronic,Independent Artist,"London, UK",David Garber
"June 18, 2018",Listen All Around: The Golden Age of Central and East African Music,Dust-to-Digital,,Independent Artist,"Atlanta, Georgia",Peter Holslin
"June 15, 2018",Bon Voyage,Melody’s Echo Chamber,Experimental,Melody&#39;s Echo Chamber,"Paris, France",Amaya Garcia
"June 14, 2018",Cinereous Incarnate,Abstracter,Metal,Independent Artist,"Oakland, California",Jordan Reyes
"June 13, 2018",Happysad,Kiefer,Hip-Hop/Rap,Independent Artist,"Los Angeles, California",Will Schube
"June 12, 2018",Colt,Hilary Woods,Ambient,Independent Artist,"Dublin, Ireland",Amaya Garcia
"June 11, 2018",Fades,Cheer-Accident,Experimental,SKiN GRAFT Records,"St. Louis, Missouri",Brad Cohan
"June 08, 2018",Childqueen,Kadhja Bonet,R&amp;B/Soul,Independent Artist,"Los Angeles, California",Briana Younger
"June 07, 2018",Free For All,Sami Baha,Electronic,Independent Artist,"Istanbul, Turkey",Sam Goldner
"June 06, 2018",Black Soap,MIKE,Hip-Hop/Rap,Independent Artist,"New York, New York",Christina Lee
"June 05, 2018",Pink Noise,Echo Ladies,Pop,Independent Artist,"Malmö, Sweden",Amaya Garcia
"June 04, 2018",Hell-On,Neko Case,Alternative,Independent Artist,"Seattle, Washington",Max Savage Levenson
"June 01, 2018",Gentle Leader,Peach Kelli Pop,,Independent Artist,"Long Beach, California",Mariana Timony
"May 31, 2018",Astral Projection,ASC,Electronic,Independent Artist,"Del Mar, California",Joe Muggs
"May 30, 2018",Fear of a Brown Planet,Brownout,Funk,Fat Beats Records,"Los Angeles, California",Nate Patrin
"May 29, 2018",The Long Sleep,Jenny Hval,Experimental,Independent Artist,"Oslo, Norway",Joe Bucciero
"May 25, 2018",Sink,Sudan Archives,Experimental,Independent Artist,"Los Angeles, California",Jay Balfour
"May 24, 2018",Argonauta,Aisha Burns,Folk,Independent Artist,Massachusetts,Max Savage Levenson
"May 23, 2018",Tell Me How You Really Feel,Courtney Barnett,Alternative,courtney barnett,"Melbourne, Australia",Aly Comingore
"May 22, 2018",Mating Surfaces,Lithics,Punk,L I T H I C S,"Portland, Oregon",Kerry Cardoza
"May 21, 2018",Sacrifices,Prefuse 73,Electronic,Independent Artist,"New York, New York",Will Schube
"May 18, 2018",Happy Ending,Wax Idols,Alternative,Independent Artist,California,Ned Raggett
"May 17, 2018",Savagery,Skinless,Metal,Independent Artist,"Moreau, New York",Zoe Camp
"May 16, 2018",Location,The Contemporary Jazz Quintet,Jazz,Independent Artist,NA,Michael J. West
"May 15, 2018","I Have Fought Against It, But I Can’t Any Longer",The Body,Metal,the body,"Portland, Oregon",Joe Bucciero
"May 14, 2018",7,Beach House,Alternative,Independent Artist,"Baltimore, Maryland",Max Freedman
"May 11, 2018",DNA Feelings,Aïsha Devi,Electronic,Aisha Devi,Switzerland,Philip Sherburne
"May 10, 2018",Quieter,Carla Bozulich,Experimental,Carla Bozulich / Evangelista,"Los Angeles, California",Jes Skolnik
"May 09, 2018",Singularity,Jon Hopkins,Electronic,Independent Artist,"London, UK",Amaya Garcia
"May 08, 2018",Exit Future Heart,Dustin Wong + Takako Minekawa + Good Willsmith,Electronic,Umor Rex,"Mexico City, Mexico",Joe Muggs
"May 07, 2018",Blue Poles,Jack Ladder & the Dreamlanders,Alternative,Jack Ladder &amp; The Dreamlanders,"Sydney, Australia",Ned Raggett
"May 04, 2018",Can’t Wake Up,Shakey Graves,Alternative,Independent Artist,"Austin, Texas",Max Savage Levenson
"May 03, 2018",Sekyra prohnaná kolenem,Nikander,Metal,Independent Artist,"Brno, Czech Republic",Jacopo Sanna
"May 02, 2018",Miro Tape,Duppy Gun Productions,Reggae,DUPPY GUN,"Los Angeles, California",Joe Muggs
"May 01, 2018",Rejuvenate,Paul White,Experimental,Independent Artist,"London, UK",Marcus J. Moore
"April 30, 2018",Vive la Void,Vive la Void,Electronic,Independent Artist,"Portland, Oregon",Sasha Geffen
"April 27, 2018",Grid of Points,Grouper,Ambient,Independent Artist,NA,Brian Coney
"April 26, 2018",self-titled (aka Spray Bottle),Ruby Karinto,Punk,Independent Artist,"Victoria, British Columbia",Jordan Reyes
"April 25, 2018",Endless Light,Space Ghost,Hip-Hop/Rap,Independent Artist,"Oakland, California",Max Bell
"April 24, 2018","Gods In The Spirit, Titans In The Flesh",Blu & Nottz,Hip-Hop/Rap,Coalmine Records,New York,Phillip Mlynar
"April 23, 2018",Hollow of the Void,Petrification,Metal,Sentient Ruin Laboratories,"Oakland, California",Ed Blair
"April 20, 2018",Direct Memory Access,MASTER BOOT RECORD,Metal,Independent Artist,"Rome, Italy",Casey Jarman
"April 19, 2018",Stars Wept To the Sea,Unreqvited,Metal,Avantgarde Music,Italy,Sarah Kitteringham
"April 18, 2018",Kudu,Anteloper,Jazz,International Anthem,"Chicago, Illinois",Joe Bucciero
"April 17, 2018",Now That’s What I Call Trax! Volume 1,Various Artists,Electronic,TRAX Records,"Chicago, Illinois",Amaya Garcia
"April 16, 2018",Odd Talk,Ganser,Alternative,Independent Artist,"Chicago, Illinois",Will Schube
"April 13, 2018",Feel Great,WRONG,Metal,Wrong,"Miami, Florida",Sarah Kitteringham
"April 12, 2018",The Recognitions,Exitmusic,Electronic,Independent Artist,New York,Laura Studarus
"April 11, 2018",Grum Vol. 1,Rawkid,Hip-Hop/Rap,Independent Artist,"Sheffield, UK",Will Schube
"April 10, 2018",Sun Go Nova,Denmark Vessey,Hip-Hop/Rap,Independent Artist,"Detroit, Michigan",Max Savage Levenson
"April 09, 2018","The Louder I Call, The Faster It Runs",Wye Oak,Alternative,Independent Artist,"Baltimore, Maryland",Max Savage Levenson
"April 06, 2018",Sex & Food,Unknown Mortal Orchestra,Rock,Independent Artist,"Portland, Oregon",Eric R. Danton
"April 05, 2018",Rafiq Bhatia Breaking English,Rafiq Bhatia,Electronic,Independent Artist,New York,Laura Studarus
"April 04, 2018",You Fucken Sucker,Paul de Jong,Experimental,Independent Artist,"North Adams, Massachusetts",Amaya Garcia
"April 03, 2018",Ill Considered 3,Ill Considered,Jazz,ILL CONSIDERED,"London, UK",Andy Thomas
"April 02, 2018",Adrian Younge Presents: Voices of Gemma,Adrian Younge,R&amp;B/Soul,Independent Artist,"Los Angeles, California",Will Schube
"March 30, 2018",Dirt,Yamantaka//Sonic Titan,Experimental,Independent Artist,"Toronto, Ontario",Max Mertens
"March 29, 2018",Jean Grae and Quelle Chris Take Society to Task,On “Everything’s Fine,Hip-Hop/Rap,Quelle Chris,"Detroit, Michigan",Marcus J. Moore
"March 28, 2018",Run Deep,Deva Mahal,Pop,Independent Artist,"Wellington, New Zealand",Will Schube
"March 27, 2018",Net,Sandra Bell,Alternative,Drawing Room Records,"New York, New York",Robert Ham
"March 26, 2018",Code Girl,Mary Halvorson,Jazz,Independent Artist,"New York, New York",Peter Margasak
"March 23, 2018",Possessor,GosT,Electronic,Gost,"hell, Michigan",Andrew Parks
"March 22, 2018",Synthetic Core 88,Equip,Electronic,Independent Artist,"Chicago, Illinois",Simon Chandler
"March 21, 2018",Polygondwanaland,King Gizzard & The Lizard Wizard,Rock,Only Lovers Records,France,John Morrison
"March 20, 2018",Now Only,Album of  the Day: Mount Eerie,Alternative,Mount Eerie,"Anacortes, Washington",Jordan Reyes
"March 19, 2018",The Incubus of Karma,Mournful Congregation,Metal,20 Buck Spin,"Pittsburgh, Pennsylvania",J. Bennett
"March 16, 2018",Blueprint,Alice Bag,Alternative,Independent Artist,"Mexico City, Mexico",Annie Zaleski
"March 15, 2018",New Path,Essaie Pas,Electronic,Independent Artist,"Montréal, Québec",Amaya Garcia
"March 14, 2018",129 Dreamless GMG,Erica Eso,Alternative,Independent Artist,"Kingston, New York",Will Schube
"March 13, 2018",Of Abstract Dreams,Sun Ra,Jazz,Sun Ra Arkestra,Alabama,Marcus J. Moore
"March 12, 2018",Jericho Sirens,Hot Snakes,,Independent Artist,"San Diego, California",Jeff Terich
"March 09, 2018",Hunchin’ All Night,Hunee,Electronic,Rush Hour Music,"Amsterdam, Netherlands",David Garber
"March 08, 2018",Spiritual Jazz 8: Japan Pt. 1,Various Artists,Jazz,Spiritual Jazz,"London, UK",Ben Grenrock
"March 07, 2018",Verdancy,David Garland,Experimental,Independent Artist,"New York, New York",Jim Allen
"March 06, 2018",Gasp,Seth Graham,Electronic,Independent Artist,"Dayton, Ohio",Joe Bucciero
"March 05, 2018",Who Are You,E Ruscha V,Electronic,Secret Circuit,"Los Angeles, California",Joe Darling
"March 02, 2018",How to Socialise & Make Friends,Camp Cope,Rock,CAMP COPE,"Melbourne, Australia",Ally-Jane Grossan
"March 01, 2018",The Hill Temple,Hex,Alternative,HEX,"Wellington, New Zealand",Isabelle Tolhurst
"February 28, 2018",Eyesore,Royal Brat,Punk,Moniker Records,"Chicago, Illinois",Amaya Garcia
"February 27, 2018",Temet,Imarhan,World,Independent Artist,"Tamanrasset, Algeria",Noah Berlatsky
"February 26, 2018",The Biophonic Boombox Recordings,Nightcrawlers,Electronic,The Nightcrawlers,"Philadelphia, Pennsylvania",Simon Chandler
"February 23, 2018",J​-​Jazz: Deep Modern Jazz from Japan 1969​-​1984,Various Artists,Jazz,BBE,"London, UK",Patrick Jarenwattananon
"February 22, 2018",Pasar De Las Luces,Album of the day: Mint Field,Alternative,Mint Field,"Mexico City, Mexico",Daniel Dylan Wray
"February 21, 2018",Sunder,Nathan Fake,Electronic,Independent Artist,"England, UK",Amaya Garcia
"February 20, 2018",The Strife of Love in A Dream,Miracle,Electronic,Independent Artist,UK,Andrew Parks
"February 16, 2018",Twin Fantasy,Car Seat Headrest,Alternative,Independent Artist,NA,J. Edward Keyes
"February 15, 2018","Quare Groove, Vol. 1",Various Artists,Electronic,Allchival,"Dublin, Ireland",Philip Sherburne
"February 14, 2018",The Optimist,Ryan Porter,Jazz,World Galaxy Records,"Los Angeles, California",Marcus J. Moore
"February 13, 2018",Homowo,Basa Basa,,Independent Artist,"Accra, Ghana",Jonathan Bernstein
"February 12, 2018",Candy Valley,Bigott,,Independent Artist,Spain,Casey Jarman
"February 09, 2018",Slow Sundown,Holy Motors,Alternative,Independent Artist,"Tallinn, Estonia",Annie Zaleski
"February 08, 2018",Esperanto,Victor Assis Brasil,Jazz,Independent Artist,Brazil,Casey Jarman
"February 07, 2018",We Out Here,Various Artists,Jazz,We Out Here,"London, UK",Phillip Mlynar
"February 06, 2018",Ere,Storm{O},Punk,STORM{O},Italy,Jacopo Sanna
"February 05, 2018",La Contra Ola,Various Artists,Electronic,Les Disques Bongo Joe,"Geneva, Switzerland",Casey Jarman
"February 02, 2018",Whatever It Takes,James Hunter,R&amp;B/Soul,James Hunter Six,"England, UK",Jim Allen
"February 01, 2018",Hilja,Cucina Povera,Electronic,Independent Artist,Luxembourg,Amaya Garcia
"January 31, 2018",ION,Portal,Metal,Profound Lore Records,"Kitchener, Ontario",Joe Bucciero
"January 30, 2018",Freedom’s Goblin,Ty Segall,Alternative,Independent Artist,"Los Angeles, California",Jonathan Bernstein
"January 29, 2018",All These Worlds Are Yours,HOLY,Alternative,Independent Artist,"Stockholm, Sweden",Ned Raggett
"January 26, 2018",This is Glue,Salad Boys,Alternative,Independent Artist,"Christchurch, New Zealand",J. Edward Keyes
"January 25, 2018",Snares Like A Haircut,No Age,Alternative,Independent Artist,"Los Angeles, California",Jordan Reyes
"January 24, 2018",Sunspots,Jeff Snyder,Experimental,Independent Artist,"Princeton, New Jersey",Raymond Cummings
"January 23, 2018",Voice Hardcore,Phew,Electronic,Independent Artist,"Tokyo, Japan",Patrick St. Michel
"January 22, 2018","The B​-​Music of Jean Rollin, 1968​-​1973",Various Artists,Soundtrack,Finders Keepers Records,"London, UK",Noah Berlatsky
"January 19, 2018",The House,Porches,Pop,Independent Artist,"New York, New York",Joe Darling
"January 18, 2018",Támsins Likam,Hamferð,Metal,Independent Artist,Faroe Islands,Saby Reyes-Kulkarni
"January 17, 2018",The Miracles of the Seven Dances,Hany Mehanna,Experimental,Hany Mehanna - هاني مهنى,"Cairo, Egypt",Casey Jarman
"January 16, 2018",Spencer for Hire,Vic Spencer & Sonny Jim,Hip-Hop/Rap,Daupe,"London, UK",Will Schube
"January 12, 2018",Songs of Praise,Shame,Alternative,shame,"England, UK",Will Schube
"January 11, 2018",Unearth,Album of  the Day: Crater,Alternative,Crater,"Seattle, Washington",J. Edward Keyes
"January 10, 2018",33 33,NPVR,Experimental,Independent Artist,"London, UK",Joe Darling
"January 09, 2018",Offerings,Typhoon,Rock,TYPHOON,"Portland, Oregon",Katrina Nattress
"January 08, 2018",Savage Exile,Azar Swan,Electronic,aufnahme + wiedergabe,"Berlin, Germany",Ned Raggett
"January 05, 2018",Somewhere Else,Profligate,Electronic,Independent Artist,"Cleveland, Ohio",Jordan Reyes
"January 04, 2018","Detroit, MI 1997 – 2001",Heathered Pearls,Electronic,Independent Artist,"Brooklyn, New York",Andrew Parks
"January 03, 2018",Habibi Funk 007: An eclectic selection of music from the Arab world,Various Artists,Funk,Habibi Funk Records,"Berlin, Germany",Andy Thomas
"December 22, 2017",Laughing at the System,Total Control,Alternative,A  L  T  E  R,"London, UK",J. Edward Keyes
"December 21, 2017",Weighing of the Heart,Nabihah Iqbal,Alternative,Independent Artist,"London, UK",J. Edward Keyes
"December 20, 2017",Blush,Blush,Rock,Independent Artist,"Brooklyn, New York",Mariana Timony
"December 19, 2017",When Daffi Attacks,Jeremiah Jae,Hip-Hop/Rap,Black Jungle Squad,"Chicago, Illinois",Marcus J. Moore
"December 18, 2017",Forever Beast,Filthy Huns,Electronic,Independent Artist,"Los Angeles, California",J. Edward Keyes
"December 15, 2017",Loss Memory,Coma Cinema,Alternative,Independent Artist,North Carolina,Eli Enis
"December 14, 2017",The Crowning Quietus,Inconcessus Lux Lucis,Metal,Independent Artist,"Manchester, UK",Brad Sanders
"December 13, 2017",Amp Dog Knights,Amp Fiddler,Electronic,Independent Artist,"Detroit, Michigan",Andrew Parks
"December 12, 2017",Hesaitix,M.E.S.H.,Electronic,Independent Artist,NA,Chris Kelly
"December 11, 2017",Mental Hoop,His Electro Blue Voice,,IRON LUNG Records,"Seattle, Washington",Jes Skolnik
"December 08, 2017",Eghass Malan,Les Filles de Illighadad,World,Independent Artist,"Abalak, Niger",Ana Gavrilovska
"December 07, 2017",Mechanics Of Dominion,Esmerine,Experimental,Independent Artist,"Montreal, Québec",JR Moores
"December 06, 2017",All Belief is Paradise,Fits,Pop,Independent Artist,"Brooklyn, New York",Eli Enis
"December 05, 2017",Exposure & Response,Mo Troper,Alternative,Independent Artist,"Portland, Oregon",Eli Enis
"December 04, 2017",In Case You Don’t Know What To Play,Damiano von Erckert,Electronic,AVA. RECORDS,"Berlin, Germany",David Garber
"December 01, 2017",Every Eye,Ivan Ave,Hip-Hop/Rap,Jakarta Records,"Berlin, Germany",Jesse Fairfax
"November 30, 2017",Wild Pitch: The Story,DJ Pierre,Electronic,Get Physical Music,"Berlin, Germany",Joe Darling
"November 29, 2017",FILM,Qasim Naqvi,Ambient,Independent Artist,New York,Katy Henriksen
"November 28, 2017",Arpo,Call Super,Ambient,Independent Artist,"London, UK",Ammar Kalia
"November 27, 2017",El Pulpo,John Davis & the Cicadas,Alternative,John Davis &amp; The Cicadas,"Durham, North Carolina",Corbie Hill
"November 22, 2017","First Show, Acoustic at The Pacer House, Bellingham WA 11/22/97",Death Cab for Cutie,Alternative,Independent Artist,"Seattle, Washington",J. Edward Keyes
"November 21, 2017",Permo,Spinning Coin,Pop,Independent Artist,"Glasgow, UK",Maria Sherman
"November 20, 2017",Nordkarpatenland,Malokarpatan,Metal,Invictus Productions,"Dublin, Ireland",Zachary Goldsmith
"November 17, 2017",Musik,William Eggleston,Experimental,Independent Artist,"Memphis, Tennessee",Raymond Cummings
"November 16, 2017",Free of Form,Sarah Elizabeth Charles,Jazz,Independent Artist,"New York, New York",Noah Berlatsky
"November 15, 2017",Ascending A Mountain Of Heavy Light,The Body & Full Of Hell,Metal,Full of Hell,"Ocean City, Maryland",JR Moores
"November 14, 2017",Soul of a Woman,Sharon Jones & the Dap-Kings,R&amp;B/Soul,Sharon Jones &amp; The Dap-Kings,"Brooklyn, New York",Max Savage Levenson
"November 13, 2017",Dissolve,Tusks,Pop,Independent Artist,"London, UK",Katrina Nattress
"November 10, 2017",Immersion Trench Reverie,Yellow Eyes,Metal,Independent Artist,"New York, New York",Brad Sanders
"November 09, 2017",Noir et Blanc,Zazou Bikaye CY1,Electronic,Zazou Bikaye,"Paris, France",Noah Berlatsky
"November 08, 2017",Trans-Millenia Music,Pauline Anna Strom,Ambient,Independent Artist,"San Francisco, California",Andy Beta
"November 07, 2017",Won,Lina Tullgren,Alternative,Independent Artist,"Los Angeles, California",Andrew Parks
"November 06, 2017",The Centre Cannot Hold,Ben Frost,Experimental,Independent Artist,NA,Andrew Parks
"November 03, 2017",Sterilize,Unsane,Metal,Independent Artist,"New York, New York",JR Moores
"November 02, 2017",Letters Never Read,Dori Freeman,Country,Independent Artist,"Galax, Virginia",Jonathan Bernstein
"November 01, 2017",Highly Rare,Makaya McCraven,Jazz,International Anthem,"Chicago, Illinois",Tina Edwards
"October 31, 2017","A flame my love, a frequency",Colleen,Experimental,Independent Artist,"Barcelona, Spain",Liz Pelly
"October 30, 2017",Any Other Way,Jackie Shane,R&amp;B/Soul,Independent Artist,"Toronto, Ontario",Barry Walters
"October 27, 2017",Offering,Cults,Alternative,Independent Artist,New York,Max Savage Levenson
"October 25, 2017",Losing,Bully,Alternative,Independent Artist,"Nashville, Tennessee",Aly Comingore
"October 24, 2017",dd elle,dd elle,Electronic,Independent Artist,New Jersey,Jake Hulyer
"October 23, 2017",Luciferian Towers,Godspeed You! Black Emperor,Rock,Independent Artist,"Montreal, Québec",Will Schube
"October 20, 2017",L.A. Witch,L.A. Witch,Punk,L.A. WITCH,"Los Angeles, California",Jonathan Bernstein
"October 19, 2017",Eyes to the Light,The Effects,Alternative,the EFFECTS,"Washington, D.C.",Joe Gross
"October 18, 2017",Thirty Days of Yes,Various Artists,Alternative,Thirty Days of Yes,Australia,J. Edward Keyes
"October 17, 2017",Lune Rouge,TOKiMONSTA,Electronic,Independent Artist,"Los Angeles, California",Ian Hsieh
"October 16, 2017",Nothing Valley,Melkbelly,Alternative,Independent Artist,"Chicago, Illinois",Aly Comingore
"October 13, 2017",Alone,Diron Animal,Electronic,Independent Artist,Portugal,Noah Berlatsky
"October 12, 2017",Survival Pop,Worriers,Punk,Independent Artist,"Brooklyn, New York",Luke Ottenhof
"October 11, 2017",Wide Open,Weaves,Rock,Independent Artist,"Toronto, Ontario",Jonathan Bernstein
"October 09, 2017",Playing House,Common Holly,Alternative,Independent Artist,"Montreal, Québec",Amaya Garcia
"October 06, 2017",Joli Mai,Daphni,Electronic,Caribou,"London, UK",Andy Battaglia
"October 05, 2017",Contravveleno,Havah,Punk,Maple Death Records,"Bologna, Italy",Jes Skolnik
"October 04, 2017",Endgame of the Anthropocene,Talibam!,,Independent Artist,"New York, New York",Raymond Cummings
"October 03, 2017",Spiritual Leader,Ian Chang,Experimental,Independent Artist,"Dallas, Texas",Adam Badí Donoval
"October 02, 2017",Plum,Wand,Alternative,Independent Artist,"Los Angeles, California",J. Edward Keyes
"September 29, 2017",Relatives in Descent,Protomartyr,Punk,Independent Artist,"Detroit, Michigan",J. Edward Keyes
"September 28, 2017",Guitar Module 2017,Upper Wilds,Experimental,Independent Artist,"Brooklyn, New York",Raymond Cummings
"September 27, 2017",Goofballs,Eric Copeland,Electronic,Independent Artist,"Brooklyn, New York",Andrew Parks
"September 26, 2017",Colours of the Night,Maalem Mahmoud Gania,World,Independent Artist,"Essaouira, Morocco",Noah Berlatsky
"September 25, 2017",Fabric,The Black Seeds,Reggae,Independent Artist,"Wellington, New Zealand",Richard Gehr
"September 22, 2017",Wallflower,Jordan Rakei,Electronic,Independent Artist,"Brisbane, Australia",Ian Hsieh
"September 21, 2017",Heron,Nassau,Acoustic,Independent Artist,"Brooklyn, New York",Peter Lillis
"September 20, 2017",Propagation of the Foul,Fatuous Rump,Metal,Amputated Vein Records,Japan,Noah Berlatsky
"September 19, 2017",Before the Applause,Re-TROS,Alternative,Independent Artist,"Beijing, China",Ned Raggett
"September 18, 2017",Where the Gods Are At Peace,Antibalas,World,Independent Artist,"Brooklyn, New York",Max Savage Levenson
"September 15, 2017",Brick Body Kids Still Daydream,Open Mike Eagle,Hip-Hop/Rap,Independent Artist,"Los Angeles, California",Jesse Fairfax
"September 14, 2017",Music for Commercials,Yasuaki Shimizu,Soundtrack,Independent Artist,Japan,Noah Berlatsky
"September 13, 2017",All Good Things,ELWD,Hip-Hop/Rap,Independent Artist,UK,Nate Patrin
"September 12, 2017",In Search of Lost Time,Partner,Alternative,Independent Artist,NA,Luke Ottenhof
"September 11, 2017",Utopioid,Rosetta,Metal,Independent Artist,"Philadelphia, Pennsylvania",JR Moores
"September 08, 2017",Antisocialites,Alvvays,Alternative,Independent Artist,"Toronto, Ontario",Luke Ottenhof
"September 07, 2017",Into the Shroud,Flesh World,Punk,Independent Artist,"San Francisco, California",Joe Gross
"September 06, 2017",Deluxe/Debris,Tiny Magnetic Pets,Electronic,Happy Robots,"London, UK",Emily Reily
"September 05, 2017",Ariadna (ариадна),Kedr Livanskiy,Electronic,Independent Artist,"Moscow, Russia",Robert Ham
"September 01, 2017",Aytche,Joseph Shabason,Jazz,Independent Artist,"Toronto, Ontario",Joe Darling
"August 31, 2017",Rainbow Edition,Hype Williams,Experimental,Independent Artist,"London, UK",Claire Lobenfeld
"August 30, 2017",Every Country’s Sun,Mogwai,Alternative,Independent Artist,"Scotland, UK",Ron Hart
"August 29, 2017",S/T,Rainer Maria,Alternative,Independent Artist,"Brooklyn, New York",Patrick Rapa
"August 28, 2017",Safely Nobody’s,Tall Friend,Alternative,Exploding In Sound Records,"Brooklyn, New York",Patrick Rapa
"August 25, 2017",Exile in the Outer Ring,EMA,Experimental,Independent Artist,"Portland, Oregon",Zoë Beery
"August 24, 2017",Beast Epic,Iron & Wine,Alternative,Iron &amp; Wine,North Carolina,Joe Gross
"August 23, 2017",Yellow,Naomi Punk,Experimental,Naomi Punk (Captured Tracks),"Seattle, Washington",Sam Lefebvre
"August 22, 2017",Sweet as Broken Dates,Various Artists,World,Ostinato Records,"New York, New York",John Morrison
"August 21, 2017",Bop,Swarvy,Hip-Hop/Rap,Paxico Records,"Paxico, Kansas",Andrew Martin
"August 18, 2017",Eyeball Under,Weeping Icon,Alternative,Independent Artist,New York,J. Edward Keyes
"August 17, 2017",Pumpkin EP,Nemui PJ,Ambient,FLAU,"東京都, Japan",Andrew Martin
"August 16, 2017",Devil Electric,Devil Electric,Metal,Independent Artist,"Melbourne, Australia",Jeff Treppel
"August 15, 2017",Jen Cloher,Jen Cloher,Alternative,Independent Artist,"Melbourne, Australia",Doug Wallen
"August 14, 2017",How We Lived,Heinali and Matt Finney,Ambient,Independent Artist,NA,Noah Berlatsky
"August 11, 2017",A Piece of the Geto,ZGTO,Hip-Hop/Rap,Independent Artist,"Detroit, Michigan",Will Schube
"August 10, 2017",Jean​-​Jacques Perrey et son Ondioline,Jean-Jacques Perrey,Electronic,Independent Artist,Switzerland,Allison Hussey
"August 09, 2017",Perfect Body,Mermaidens,Alternative,Independent Artist,"Wellington, New Zealand",Nick Fulton
"August 08, 2017",Kawaida,Mim Suleiman,Electronic,Independent Artist,"Sheffield, UK",Andy Beta
"August 07, 2017",Girl Minority,Grim Streaker,Alternative,grim streaker,"Brooklyn, New York",Scott Murry
"August 04, 2017",Earl Grey,Girl Ray,Pop,Independent Artist,"London, UK",Matt Voracek
"August 03, 2017",Inside a Quiet Mind,Micronism,Electronic,micronism,"Ipswich, Australia",Su Baykal
"August 02, 2017",Sounds of Crenshaw Vol. 1,Terrace Martin Presents The Pollyseeds,Experimental,Ropeadope Select,"Philadelphia, Pennsylvania",Jesse Fairfax
"August 01, 2017",National Debt,TRPL BLK & DJ Prince,Hip-Hop/Rap,Mobile Kitchen Sound,"New York, New York",Richardine Bartee
"July 31, 2017",Square One,Bjørn Torske & Prins Thomas,Electronic,Bjørn Torske &amp; Prins Thomas,Norway,Andy Battaglia
"July 28, 2017",Across the Multiverse,Dent May,Pop,Independent Artist,"Los Angeles, California",Luke Ottenhof
"July 27, 2017",Inspirations,Dwight Trible,Jazz,Independent Artist,"Los Angeles, California",Patrick Jarenwattananon
"July 26, 2017",Dopp Hopp,The Doppelgangaz,Hip-Hop/Rap,Independent Artist,"New York, New York",Jay Balfour
"July 25, 2017",3G,Dzang,Electronic,Independent Artist,"Los Angeles, California",Will Schube
"July 21, 2017",Sh*tty Hits,Katie Von Schleicher,Alternative,Ba Da Bing Records,New York,Ned Raggett
"July 20, 2017",After…,Fhloston Paradigm,Electronic,Independent Artist,"Philadelphia, Pennsylvania",Michaelangelo Matos
"July 19, 2017",Year of the Funky,Bei Bei & Shawn Lee,Electronic,Bei Bei &amp; Shawn Lee,"London, UK",Richard Gehr
"July 18, 2017",Les Sourdes Oreilles,Cosmic Analog Ensemble,Funk,My Bags,"Messac, France",Marcus J. Moore
"July 17, 2017",Locket,Crumb,Rock,Independent Artist,New York,Jonah Bromwich
"July 14, 2017",Mister Mellow,Washed Out,Pop,Independent Artist,"Perry, Georgia",Andrew Martin
"July 13, 2017",A Walk With Love & Death,Melvins,Rock,Independent Artist,NA,JR Moores
"July 12, 2017",Youth Detention​ ​(​Nail My Feet Down To The Southside Of Town),Lee Bains III & The Glory Fires,Rock,Lee Bains + The Glory Fires,"Birmingham, Alabama",Jonathan Bernstein
"July 11, 2017",Glitter & Blood,Sweeping Exits,Rock,Independent Artist,"Portland, Oregon",Luke Ottenhof
"July 10, 2017",Boo Boo,Toro y Moi,Pop,Independent Artist,"Oakland, California",Max Savage Levenson
"July 07, 2017",GT ULTRA,Guerilla Toss,Punk,Independent Artist,"New York, New York",Mo Wilson
"July 06, 2017",The Boy Who Spoke to the Wind,Lando Chill,Hip-Hop/Rap,Independent Artist,"Los Angeles, California",Saby Reyes-Kulkarni
"July 05, 2017",Known Unknowns,billy woods,Hip-Hop/Rap,Independent Artist,"New York, New York",Blake Gillespie
"July 03, 2017",Chasing an Illusion,Larkin Grimm,Folk,Independent Artist,"New York, New York",Noah Berlatsky
"June 30, 2017",Big Skies,Mere Women,Alternative,Independent Artist,"Sydney, Australia",Doug Wallen
"June 29, 2017",Wintres Woma,James Elkington,Folk,Independent Artist,"Chicago, Illinois",Joe Darling
"June 28, 2017",Puff,Bernice,Pop,bernice,"Toronto, Ontario",Erin Williams
"June 27, 2017",Introducing the Crimsmen,The Peacers,Rock,Independent Artist,"San Francisco, California",Marc Masters
"June 26, 2017",Some Twist,Michael Nau,Alternative,Independent Artist,Maryland,Casey Jarman
"June 23, 2017",Dust,Laurel Halo,Electronic,Independent Artist,"Berlin, Germany",Joe Darling
"June 22, 2017","Larry Grenadier, John Medeski & John Scofield, Hudson",Jack DeJohnette,Jazz,"Hudson (DeJohnette, Grenadier, Medeski &amp; Scofield)","New York, New York",Patrick Jarenwattananon
"June 21, 2017",In Death,Svartsyn,Metal,Agonia Records,Poland,Noah Berlatsky
"June 20, 2017",House and Land,House and Land,Folk,Independent Artist,"Asheville, North Carolina",Allison Hussey
"June 19, 2017",Die Trommel Fatale,Brandon Seabrook,Experimental,Independent Artist,"Brooklyn, New York",Raymond Cummings
"June 16, 2017",Your Move Vol. 1,Mikey Young,Pop,Moniker Records,"Chicago, Illinois",Jes Skolnik
"June 15, 2017",Soaked,Hot Flash Heat Wave,Alternative,Independent Artist,"San Francisco, California",Steven Edelstone
"June 14, 2017",The Fifth State of Consciousness,Peaking Lights,Ambient,Independent Artist,"Los Angeles, California",Katy Henriksen
"June 13, 2017",Vibrations 1978-1982,Creation Rebel,Reggae,Independent Artist,"London, UK",Louis Pattison
"June 12, 2017",Attention Kmart Choppers,Juicy the Emissary,Hip-Hop/Rap,Independent Artist,Denton,Max Bell
"June 09, 2017",Agent blå,Agent blå,Alternative,Agent Blå,"Gothenburg, Sweden",J. Edward Keyes
"June 08, 2017",Capacity,Big Thief,Alternative,Independent Artist,"Brooklyn, New York",Matt Voracek
"June 06, 2017",Freedom of Movement,Nina Miranda,World,Independent Artist,"London, UK",Amaya Garcia
"June 05, 2017",A World of Masks,The Heliocentrics,,Independent Artist,"London, UK",Max Savage Levenson
"June 02, 2017",Somersault,Beach Fossils,Alternative,Independent Artist,"Brooklyn, New York",John Morrison
"June 01, 2017",Subordination,Institute,Punk,Independent Artist,"Austin, Texas",Sam Lefebvre
"May 31, 2017",Modern Kosmology,Jane Weaver,Experimental,Independent Artist,"Liverpool, UK",Joe Darling
"May 30, 2017",Fly or Die,Jaimie Branch,Jazz,International Anthem,"Chicago, Illinois",Marcus J. Moore
"May 29, 2017",Move Upstairs,Como Mamas,R&amp;B/Soul,The Como Mamas,"Como, Mississippi",Max Savage Levenson
"May 26, 2017",Best Woman,Vincent Ahehehinnou,World,Analog Africa,Germany,Dean Van Nguyen
"May 25, 2017",Channelview,Curved Light,Electronic,Independent Artist,"Austin, Texas",Andrew Parks
"May 24, 2017",Gently Among the Coals,Threefifty,Alternative,Independent Artist,"Brooklyn, New York",Stephen M. Deusner
"May 23, 2017",Still Hungry,DJ Format & Abdominal,Hip-Hop/Rap,Abdominal,"Toronto, Ontario",Nate Patrin
"May 22, 2017",Ultramega OK,Soundgarden,Alternative,Independent Artist,"Seattle, Washington",Brad Sanders
"May 19, 2017",Death To The Planet,The Comet is Coming,Jazz,The Comet Is Coming,"London, UK",Marcus J. Moore
"May 18, 2017","Saigon Supersound, Vol. 1",Various Artists,World,Saigon Supersound Compilations,"Frankfurt, Germany",Richard Gehr
"May 17, 2017",Black Mountain Songs,Brooklyn Youth Chorus,Classical,Independent Artist,New York,Katy Henriksen
"May 16, 2017",Best Troubador,Bonnie ‘Prince’ Billy,Country,Bonnie &quot;Prince&quot; Billy,"Louisville, Kentucky",Peter Margasak
"May 15, 2017",Powerplant,Girlpool,Alternative,Independent Artist,"Los Angeles, California",Tess Duncan
"May 12, 2017",Big Day,Loose Tooth,Alternative,Father/Daughter Records,"San Francisco, California",Casey Jarman
"May 11, 2017",Vocês Querem Mate?,Piri,World,Independent Artist,Brazil,Joe Gross
"May 10, 2017",II,Crooked Bangs,Punk,Nervous Intent Records,"Berkeley, California",Colin Atrophy Hagendorf
"May 09, 2017",Sidelong,Sarah Shook & the Disarmers,Country,Sarah Shook &amp; the Disarmers,"Chapel Hill, North Carolina",Lee Zimmerman
"May 08, 2017",This Old Dog,Mac DeMarco,Rock,Independent Artist,"Los Angeles, California",Eric R. Danton
"May 05, 2017",Horse Follows Darkness,Delia Gonzalez,Electronic,Independent Artist,"Athens, Greece",J. Edward Keyes
"May 04, 2017",Seen Comin’ From a Mighty Eye,Skyway Man,Rock,Independent Artist,"Oakland, California",Will Schube
"May 03, 2017",Snow,The New Year,Alternative,Independent Artist,Texas,Annie Zaleski
"May 02, 2017",Significant Weather,Real Life Buildings,Alternative,Independent Artist,"New York, New York",Cory Lomberg
"May 01, 2017",Ice Pix,FIN,Pop,Hausu Mountain Records,"Chicago, Illinois",Noah Berlatsky
"April 28, 2017",Silver Haze,Aye Nako,Alternative,Independent Artist,"New York, New York",J. Edward Keyes
"April 27, 2017",A Common Truth,Saltland,Classical,Independent Artist,"Montreal, Québec",Joe Gross
"April 26, 2017",Perfect Lavender,Furniteur,Pop,Independent Artist,"Washington, D.C.",Peter Lillis
"April 25, 2017",Why El Paso Sky,VVV,Electronic,Holodeck Records,"Austin, Texas",Joe Darling
"April 24, 2017",WYW,Wear Your Wounds,Alternative,Independent Artist,"Essex, Massachusetts",Andrew Parks
"April 21, 2017",Oz Waves,Various Artists,Electronic,Efficient Space,"Melbourne, Australia",Doug Wallen
"April 20, 2017",Return To The 37th Chamber,El Michels Affair,R&amp;B/Soul,Independent Artist,New York,Nate Patrin
"April 18, 2017",A Hairshirt of Purpose,Pile,Rock,Independent Artist,NA,Matt Voracek
"April 17, 2017",Friends Live #1,Band Practice & Catherine Cohen,Comedy,JMC Aggregate,"Queens, New York",Patrick Rapa
"April 13, 2017",It’s a Myth,Sneaks,Punk,Independent Artist,"Washington, D.C.",Jes Skolnik
"April 12, 2017",What If,Hauschka,Ambient,Independent Artist,"Düsseldorf, Germany",Ron Hart
"April 11, 2017",Soul Run,Tanika Charles,R&amp;B/Soul,Independent Artist,Toronto,Max Savage Levenson
"April 10, 2017",Imaginary Enemies,Hiccup,Punk,Independent Artist,"New York, New York",Jonathan Bernstein
"April 07, 2017",Abysma,Geotic,Ambient,Independent Artist,"Los Angeles, California",Will Schube
"April 06, 2017",Sorcerer,Tonstartssbandht,Rock,Independent Artist,Florida,Casey Jarman
"April 04, 2017",Kelly Lee Owens,Kelly Lee Owens,,Independent Artist,"London, UK",Adam Badí Donoval
"April 03, 2017",Rays,Rays,,RAYS,"Oakland, California",Jes Skolnik
"March 31, 2017",Overseas V,Eivind Opsvik,,Independent Artist,New York,Peter Margasak
"March 30, 2017",Due Rent,lojii & Swarvy,,Fresh Selects,NA,Andrew Martin
"March 29, 2017",Meet You,Century Palm,,deranged records,British Columbia,Cameron Cook
"March 28, 2017",Heartless,Pallbearer,,Independent Artist,"Little Rock, Arkansas",Elisabeth Vincentelli
"March 27, 2017",Find Me Finding You,Laetitia Sadier Source Ensemble,,Laetitia Sadier,"London, UK",Marc Masters
"March 24, 2017",Please Let Me Know,So Stressed,,Independent Artist,"Sacramento, California",J. Edward Keyes
"March 23, 2017",Flashes of Quincy,Snowball ii,,Snowball II,"Los Angeles, California",J. Edward Keyes
"March 22, 2017",Paradise,ANOHNI,,Independent Artist,"New York, New York",Alex Macpherson
"March 21, 2017",Drip Mental,Fire-Toolz,,Hausu Mountain Records,"Chicago, Illinois",Saby Reyes-Kulkarni
"March 20, 2017",Offers,NE-HI,,Independent Artist,"Chicago, Illinois",J. Edward Keyes
"March 17, 2017",Glass,UV-TV,,deranged records,British Columbia,Mariana Timony
"March 16, 2017",Uyai,Ibibio Sound Machine,,Independent Artist,UK,J. Edward Keyes
"March 15, 2017",World Eater,Blanck Mass,,Independent Artist,"Edinburgh, UK",Robert Whitfield
"March 14, 2017",Daily Affirmations,CohenBeats,,Independent Artist,Israel,Jesse Fairfax
"March 13, 2017",Thelma,Thelma,,Independent Artist,"Brooklyn, New York",Mariana Timony
"March 10, 2017",Last Nite in Paradise,Aquarian Blood,,Independent Artist,"Memphis, Tennessee",J. Edward Keyes
"March 09, 2017",Stalking The Ghost,Unearthly Trance,,Independent Artist,"New York, New York",JR Moores
"March 08, 2017",Digging a Tunnel,Sir Was,,sir Was,Sweden,Laura Studarus
"March 07, 2017","All Day, Every Day, All Night",Del Paxton,,Independent Artist,"Buffalo, New York",Jonathan Bernstein
"March 06, 2017",volume 1: flick your tongue against your teeth and describe the present.,bedwetter,,LIL UGLY MANE,"Richmond, Virginia",Ross Devlin
"March 03, 2017",The Electronic Tapes,Ahmed Malek & Flako,,Habibi Funk Records,"Berlin, Germany",Andy Beta
"March 02, 2017",Synthesize the Soul: Astro-Atlantic Hypnotica From the Cape Verde Islands 1973-1988,Various Artists,,Ostinato Records,"New York, New York",John Morrison
"March 01, 2017",Volume Uno,Stromboli,,Maple Death Records,"Bologna, Italy",Michael Berdan
"February 28, 2017",Day Fever,Dear Reader,,Independent Artist,"Berlin, Germany",Aaron Carnes
"February 27, 2017",The Hired Hands: A Tribute to Bruce Langhorne,Various Artists,,Scissor Tail Records,"Tulsa, Oklahoma",Ned Raggett
"February 24, 2017",The Iceberg,Oddisee,,Independent Artist,"Brooklyn, New York",Jonah Bromwich
"February 23, 2017",A Night Walking Through Mirrors,Chicago/London Underground,,Cuneiform Records,"Washington, D.C.",Peter Margasak
"February 22, 2017",Undying Color,Mind Over Mirrors,,Independent Artist,"Chicago, Illinois",Joe Darling
"February 21, 2017",New Spirit,PVT,,Independent Artist,"Sydney, Australia",Adam Badí Donoval
"February 20, 2017",II,The Courtneys,,Independent Artist,"Vancouver, British Columbia",Lauren Rearick
"February 17, 2017",Cruel Optimism,Lawrence English,,Independent Artist,"Brisbane, Australia",Andrew Parks
"February 16, 2017",Headnod Suite,Karriem Riggins,,Independent Artist,"Los Angeles, California",Andrew Martin
"February 15, 2017",Hard Love,Strand of Oaks,,Independent Artist,"Austin, Texas",Jeffrey Silverstein
"February 14, 2017",Bye Bye Berta,Palberta,,Independent Artist,"New York, New York",Maria Sherman
"February 10, 2017",Shallow Drownings,Soggy Creep,,Independent Artist,"Olympia, Washington",Jes Skolnik
"February 09, 2017",Ripping Death b/w Riddle of Steel,Zig Zags,,FAMOUS CLASS RECORDS,"Brooklyn, New York",Jeff Terich
"February 08, 2017",missing home,Dream Wave,,Citrus City Records,"Richmond, Virginia",David Turner
"February 07, 2017",Messes,Stef Chura,,stef chura,"Detroit, Michigan",Maura Johnston
"February 06, 2017","Pure, Beyond Reproach",Egyptrixx,,EGYPTRIXX,"Toronto, Ontario",Joe Darling
"February 03, 2017",Desvio Onirico,Boogarins,,Independent Artist,"Goiânia, Brazil",J. Edward Keyes
"February 02, 2017",Occult Architecture Vol. 1,Moon Duo,,Independent Artist,"Portland, Oregon",Will Schube
"February 01, 2017",Fantasy,Fla.mingo,,business casual,NA,Simon Chandler
"January 31, 2017",DJ Kicks (Matthew Dear),Matthew Dear,,Independent Artist,"Ann Arbor, Michigan",Andrew Parks
"January 30, 2017",This is Steve,Delicate Steve,,Independent Artist,New Jersey,Max Savage Levenson
"January 27, 2017",Near to the Wild Heart of Life,Japandroids,,Independent Artist,"Vancouver, British Columbia",Jonathan Bernstein
"January 26, 2017",Live in Paris,Sleater-Kinney,,Independent Artist,"Portland, Oregon",Jes Skolnik
"January 25, 2017",Sunbelt Emptiness,Pollen RX,,Pollen Rx,"Austin, Texas",Mariana Timony
"January 24, 2017",Lives Through Magic,Various Artists,,Lives Through Magic,"New York, New York",Kristan J. Caryl
"January 23, 2017",Channels: Backpfeifengesicht/Airstrip One,Channels,,Independent Artist,"Washington, D.C.",Jes Skolnik
"January 20, 2017",On the Pedestrian Side,Angela Sawyer,,Weird Ear Records,"Oakland, California",Andrew Parks
"January 19, 2017",The World is a Loud Place,Landlady,,Independent Artist,New York,Allison Hussey
"January 18, 2017",Reflection,아버지,,BLCR Laboratories,Netherlands,Simon Chandler
"January 17, 2017",Life Without Sound,Cloud Nothings,,Independent Artist,"Cleveland, Ohio",Drew Fortune
"January 16, 2017",Cut to the Chafe,Thurst,,THURST,"Los Angeles, California",Mariana Timony
"January 13, 2017",As Was,Black Anvil,,Independent Artist,"New York, New York",Michael Hill
"January 12, 2017",Not Even Happiness,Julie Byrne,,Independent Artist,"New York, New York",Max Mohenu
"January 11, 2017",LNLNN,Gidge,,Independent Artist,Sweden,Louis Pattison
"January 10, 2017",Ceremonial,Anchorsong,,Independent Artist,"London, UK",Jonathan Bernstein
"January 09, 2017",Overnight,Heat,,Independent Artist,"Montréal, Québec",J. Edward Keyes
"January 06, 2017",Raw Movements | Rude Movements,SunPalace,,Independent Artist,"London, UK",Nate Patrin
"January 05, 2017",Kalahysteri,Kalahysteri,,Independent Artist,Italy,Casey Jarman
"January 04, 2017",Isle Enchanted,Wave Temples,,Independent Artist,Florida,J. Edward Keyes
"January 02, 2017",Mortal,Quicksails,,Hausu Mountain Records,"Chicago, Illinois",J. Edward Keyes
"January 02, 2017",Mary Bell,Mary Bell,,Independent Artist,"Paris, France",Sophie Kemp
"December 23, 2016",Love Songs: Part Two,Romare,,Independent Artist,"London, UK",Joe Darling
"December 22, 2016",Instant Evening,Zoos of Berlin,,Independent Artist,Detroit,Drew Fortune
"December 21, 2016",Jeremy Underground presents Beauty,Various,,Spacetalk,"London, UK",Amaya Garcia
"December 20, 2016",Shrines of Paralysis,Ulcerate,,Independent Artist,"Auckland, New Zealand",Nnamdi Bawsism
"December 19, 2016",Old Souls Carnival,Medline,,My Bags,"Messac, France",Aaron Carnes
"December 16, 2016",Worst Case Scenario,Elaquent,,Independent Artist,"Toronto, Ontario",Andrew Martin
"December 15, 2016",Confront the Truth,Tony Molina,,Independent Artist,California,J. Edward Keyes
"December 14, 2016",Ohio,Earth Tongues,,Neither/Nor Records,"New York, New York",Peter Margasak
"December 13, 2016",The Source,Ted Hearne,,Independent Artist,"Los Angeles, California",Shawna Kenney
"December 12, 2016",The Eternalist,Agatus,,AGATUS,"Athens, Greece",Zachary Goldsmith
"December 09, 2016",Factory Photographs,Hexa,,Room40,NA,Andrew Parks
"December 08, 2016",Broken Knowz,Jay Daniel,,Independent Artist,"Detroit, Michigan",Joe Darling
"December 07, 2016",Rhombal,Stephan Crump,,Independent Artist,"Brooklyn, New York",Peter Margasak
"December 06, 2016",Vol. 1,Permit,,Independent Artist,"Bloomington, Indiana",J. Edward Keyes
"December 05, 2016",Early Volume,Slug,,Independent Artist,"Los Angeles, California",J. Edward Keyes
"December 02, 2016",Remain Calm,Mica Levi and Oliver Coates,,Oliver Coates,"Glasgow, UK",Adam Badí Donoval
"December 01, 2016",On Dark Silent Off,Radian,,Independent Artist,"Vienna, Austria",Nnamdi Bawsism
"November 30, 2016",What’s Your Sign?,Oneida & Rhys Chatham,,Oneida &amp; Rhys Chatham,"Brooklyn, New York",Andrew Parks
"November 29, 2016",Desire Will Set You Free (Music from the Motion Picture),Various Artists,,Moniker Records,"Chicago, Illinois",Zoe Camp
"November 28, 2016",Late Nights & Heartbreak,Hannah Williams,,Independent Artist,UK,Max Savage Levenson
"November 23, 2016",You Know What It’s Like,Carla dal Forno,,Independent Artist,"London, UK",Andrew Parks
"November 22, 2016",Reginald Omas Mamode IV,Reginald Omas Mamode IV,,Independent Artist,"London, UK",Andrew Martin
"November 21, 2016",Wingbeats,Hidden Orchestra,,Independent Artist,"Brighton, UK",Katy Henriksen
"November 18, 2016",Telling it Like it Is,Marching Church,,Independent Artist,"Copenhagen, Denmark",Sam Lefebvre
"November 17, 2016",s/t EP,Soaker,,Wharf Cat Records,New York,Nnamdi Bawsism
"November 16, 2016",Soft Hair,Soft Hair,,Independent Artist,NA,Erin Lyndal Martin
"November 15, 2016",Funny Papers,Mall Walk,,MALL WALK,"Oakland, California",Mariana Timony
"November 14, 2016",Black Focus,Yussef Kamaal,,Independent Artist,"London, UK",Dean Van Nguyen
"November 11, 2016",The Sorrow You’ve Been Toting Around,Scooterbabe,,scooterbabe,"Athens, Georgia",Annie Zaleski
"November 09, 2016",Tumblers From the Vault,Syrinx,,RVNG Intl.,"New York, New York",A. Evan Woodward
"November 08, 2016",Flea Waltz,Frederic Robinson,,Independent Artist,"Sydney, Australia",Andy Battaglia
"November 07, 2016",Cheetah in the City,Blu and Union Analogtronics,,Union,"Paris, France",Andrew Martin
"November 04, 2016",Lips & Skulls,Casper Skulls,,buzz records,"Toronto, Ontario",Casey Jarman
"November 03, 2016",Eat or Die,Future Orients,,Maybe Mars,"Beijing, China",Maria Sherman
"November 02, 2016",The Olympians,The Olympians,,Independent Artist,"Brooklyn, New York",Max Savage Levenson
"November 01, 2016",Timber Remixed,Various Artists,,Michael Gordon,"New York, New York",Andy Battaglia
"October 31, 2016",Lost at the Party,Terry Malts,,Independent Artist,California,Mariana Timony
"October 28, 2016",Jealous Fires,The Gospel Truth,,Independent Artist,"Austin, Texas",Jennifer Kelly
"October 27, 2016",Lubbock (On Everything),Terry Allen,,Independent Artist,"Santa Fe, New Mexico",Andy Beta
"October 26, 2016",Soundscapes for the Emotional​-​Type Listener,Slow Attack Ensemble,,Independent Artist,NA,Philip Sherburne
"October 25, 2016",Mare,Christian Löffler,,Independent Artist,"Graal Müritz, Germany",Louis Pattison
"October 21, 2016",Let’s Take A Trip,Tall Black Guy,,Tall Black Guy Productions,"Detroit, Michigan",Jesse Fairfax
"October 20, 2016",Anderson .Paak and Knxwledge Are Co-MVPs on Yes Lawd!,NxWorries,Hip-Hop/Rap,Independent Artist,"Los Angeles, California",Marcus J. Moore
"October 19, 2016",Fragmenta,Rioux,,Independent Artist,"New York, New York",Winston Cook-Wilson
"October 18, 2016",COW / Chill Out World!,The Orb,,Independent Artist,"London, UK",Michaelangelo Matos
"October 17, 2016",Bhavachakra,Bhavachakra,,Independent Artist,"Orlando, Florida",Zachary Goldsmith
"October 14, 2016",The 11th Sky,Electric Wire Hustle,,Bastard Jazz Recordings,"Brooklyn, New York",Andrew Martin
"October 13, 2016",Requiem,Goat,,Independent Artist,"Norrbotten County, Sweden",Nnamdi Bawsism
"October 12, 2016",I Dreamed of a Palace in the Sky,Equip,,Independent Artist,"Chicago, Illinois",Simon Chandler
"October 11, 2016",Along a Vanishing Plane,Christopher Tignor,,Independent Artist,New York,Robert Ham
"October 10, 2016",In Case You Missed It: 15 Years Of Dualtone,Various Artists,,"Dualtone Music Group, Inc.","Nashville, Tennessee",Amanda Wicks
"October 07, 2016",Throwback to the Future,BROOKZILL!,,Independent Artist,"New York, New York",Christina Lee
"October 06, 2016",Mr. Robot – Volume 1 (Original Television Series Soundtrack),Mac Quayle,,Independent Artist,NA,J. Edward Keyes
"October 05, 2016",A Loud Bash of Teenage Feelings,Beach Slang,,Independent Artist,"Philadelphia, Pennsylvania",Drew Fortune
"October 04, 2016",Kodama,Alcest,,Independent Artist,"Paris, France",Brad Sanders
"September 30, 2016",Drakkar Nowhere,Drakkar Nowhere,,Independent Artist,"New York, New York",Max Savage Levenson
"September 30, 2016",Dusk,Ultimate Painting,,Independent Artist,"London, UK",Joe Darling
"September 29, 2016",A Million,Bon Iver Makes A Ghostly Return on “22,Alternative,Bon Iver,"Eau Claire, Wisconsin",Brandon Stosuy
"September 28, 2016",Lisa Marie Airplane Tour,So Cow,,Jigsaw Records,"Portland, Oregon",Annie Zaleski
"September 27, 2016",DJ Amir Presents Buena Música Y Cultura,Various Artists,,BBE,"London, UK",Richard Gehr
"September 26, 2016",MOUTHTRIP,KAGAMI smile.,,BLCR Laboratories,Netherlands,Simon Chandler
"September 23, 2016",Obnóxius,Jose Mauro,,José Mauro,Brazil,Andy Beta
"September 22, 2016",Statea,Murcof x Vanessa Wagner,,InFiné,"Paris, France",Andy Battaglia
"September 21, 2016",Sunergy,Kaitlyn Aurelia Smith & Suzanne Ciani,,Kaitlyn Aurelia Smith,NA,Andrew Parks
"September 20, 2016",Body Wash,MNDSGN,,Mndsgn.,"Los Angeles, California",Marcus K. Dowling
"September 19, 2016",Songs for Lovers,蜃気楼MIRAGE & waterfront dining,,Elemental 95,"Toulouse, France",Simon Chandler
"September 16, 2016",Splendor and Misery,clipping.,,Independent Artist,"Los Angeles, California",Nnamdi Bawsism
"September 15, 2016",The End of Comedy,Drugdealer,,Independent Artist,NA,Max Savage Levenson
"September 14, 2016",Sumerlands,Sumerlands,,Independent Artist,"Philadelphia, Pennsylvania",Zachary Goldsmith
"September 13, 2016",Radiant Remains,Radar Eyes,,Independent Artist,"Chicago, Illinois",J. Edward Keyes
"September 12, 2016",Infinite Floor,Dylan Cameron,,Holodeck Records,"Austin, Texas",Andrew Parks
"September 09, 2016",Sélébéyone,Steve Lehman,,Independent Artist,"New York, New York",Peter Margasak
"September 08, 2016",Nothing More To Say,Album Of The Day:  The Frightnrs,,the FRIGHTNRS,"Queens, New York",Eric Luecking
"September 07, 2016",EP,Hoops,,Independent Artist,"Bloomington, Indiana",Jonathan Bernstein
"September 06, 2016",Posh Lost,Posh Lost,,Mirror Universe Tapes,"Brooklyn, New York",J. Edward Keyes
"September 05, 2016",Magic,Hairy Hands,,James Alexander Bright,UK,Michaelangelo Matos
"September 02, 2016",Phase Zero,Morgan Delt,,Independent Artist,"Los Angeles, California",Judy Berman
"September 01, 2016",For This We Fought the Battle of Ages,SubRosa,,Profound Lore Records,"Kitchener, Ontario",Brad Sanders
"August 31, 2016",Between Waves,The Album Leaf,,Independent Artist,"Los Angeles, California",Marvin Lin
"August 30, 2016",Heatweaver,Jaw Gems,,JAW GEMS,"Portland, Maine",Marcus J. Moore
"August 29, 2016",Westside Industrial,M.O.T.H.,,M.O.T.H,"Brooklyn, New York",Andrew Parks
"August 26, 2016",Mambos Levis D’Outro Mundo,Various Artists,,Príncipe,"Lisbon, Portugal",Andy Beta
"August 25, 2016",Dead Ringers,Horseback,,Independent Artist,"Chapel Hill, North Carolina",Andrew Parks
"August 24, 2016",The Land (Music from the Motion Picture),Various Artists,,Mass Appeal,"New York, New York",Nate Patrin
"August 23, 2016",Roosevelt,Roosevelt,,Independent Artist,"Cologne, Germany",Nnamdi Bawsism
"August 22, 2016",Convenience,Pill,,Independent Artist,"New York, New York",Andrew Parks
"August 19, 2016",Eve,Thalia Zedek,,Thalia Zedek Band,"Boston, Massachusetts",Marvin Lin
"August 18, 2016",Holy Gloom,Cloud Caverns,,Independent Artist,NA,Kira Grunenberg
"August 17, 2016",Real,Lydia Loveless,,Independent Artist,"Columbus, Ohio",Jonathan Bernstein
"August 16, 2016",Radiating Light: Orchid Tapes & Friends,Various Artists,,ORCHID TAPES,"New York, New York",Alex Wexelman
"August 15, 2016",Habit,Snail Mail,,Independent Artist,"Baltimore, Maryland",Tess Duncan
"August 12, 2016",Innocence Reaches,of Montreal,,Independent Artist,"Athens, Georgia",Sophie Weiner
"August 11, 2016",Green Glass Room,VATS,,Independent Artist,"Seattle, Washington",J. Edward Keyes
"August 10, 2016",Cloak,Jordan Rakei,,Independent Artist,"Brisbane, Australia",Mosi Reeves
"August 08, 2016",Expert Knob Twiddlers,Mike & Rich,,Mike &amp; Rich,UK,Philip Sherburne
"August 05, 2016",Fallen,Steven Julien,,Independent Artist,"London, UK",Michaelangelo Matos
"August 03, 2016",A Bloom Beyond,Terribly Yours,,Independent Artist,"Brooklyn, New York",Maura Johnston
"August 02, 2016",The Disco’s of Imhotep,Hieroglyphic Being,,Independent Artist,"Chicago, Illinois",Joe Darling
"August 01, 2016",Black Sun Unbound,Denouncement Pyre,,DENOUNCEMENT PYRE,"Melbourne, Australia",Brad Sanders
"July 29, 2016",+One,Pkew Pkew Pkew,,PKEW PKEW PKEW,"Toronto, Ontario",Ian Cohen
"July 28, 2016",Turn Into,Jay Som,,Independent Artist,"Los Angeles, California",Valerie Veteto
"July 27, 2016",The Calais Sessions,Various Artists,,The Calais Sessions,UK,Richard Gehr
"July 26, 2016",Rain Temple,2814,,Dream Catalogue,"London, UK",Simon Chandler
"July 25, 2016",Indifferent Rivers Romance End,Wreck and Reference,,Independent Artist,"Los Angeles, California",David Sackllah
"July 21, 2016",OIM: Vol. II Compilation,Various Artists,,OIM Records,"Oakland, California",Max Savage Levenson
"July 20, 2016",Only in AmeriKKKa,LoopWhole Beats & EastKoast,,Loopwhole Beats,"Manhattan, New York",D.L. Chandler
"July 19, 2016",Distress Signals I and II,Controlled Bleeding,,Independent Artist,NA,Michael Berdan
"July 18, 2016",For Perfect Beings,S Olbricht,,Lobster Theremin,"London, UK",Marcus K. Dowling
"July 15, 2016",Pure Disgust,Pure Disgust,,Independent Artist,"Washington, D.C., D.C.",Nnamdi Bawsism
"July 14, 2016",Post Plague,Odonis Odonis,,Independent Artist,"Toronto, Ontario",Erika Szabo
"July 13, 2016",No Light and No Land Anywhere,Jeffrey Brodsky,,Independent Artist,"Los Angeles, California",Andy Battaglia
"July 12, 2016",666,Sugar Candy Mountain,,Independent Artist,California,Max Savage Levenson
"July 11, 2016",Tide Ripples,ASUNA,,Home Normal,"Brighton, UK",Danny Riley
"July 08, 2016",Red-Headed Stranger,Carla Bozulich,,Folktale Records,"Los Angeles, California",Whitney Phaneuf
"July 07, 2016",Despite,Lady Pills,,Babe City Records,"Washington, D.C.",Maria Sherman
"July 06, 2016",Terry HQ,Terry,,Independent Artist,"Melbourne, Australia",Sam Lefebvre
"July 05, 2016",Windings,Lindstrøm,,Independent Artist,Norway,Nate Patrin
"June 30, 2016",Stadium Cake,Oh Pep!,,Independent Artist,"Melbourne, Australia",Amanda Wicks
"June 29, 2016",The Magic,Deerhoof,,Independent Artist,"San Francisco, California",Max Savage Levenson
"June 28, 2016",Codex Obscura Nomina,Blut Aus Nord/Aevangelist,,Blut Aus Nord,France,Andy O’Connor
"June 27, 2016",Delayer,RLYR,,Independent Artist,"Chicago, Illinois",Andy O’Connor
"June 24, 2016",The New Breed,Jeff Parker,,International Anthem,"Chicago, Illinois",Leor Galil
"June 23, 2016",The Mountain Will Fall,DJ Shadow,,Independent Artist,California,Nate Patrin
"June 22, 2016",Under the Influence,Steady Holiday,,Independent Artist,"Los Angeles, California",Maura Johnston
"June 21, 2016",Suspended Animation,Leapling,,Independent Artist,"Brooklyn, New York",Nick Williams
"June 20, 2016",Spells,Ben Lukas Boysen,,Independent Artist,"Berlin, Germany",Andy Battaglia
"June 17, 2016",City Beautiful: A Compilation for Pulse,Various Artists,,Pulse Compilation,"Orlando, Florida",J. Edward Keyes
"June 16, 2016",Voices,Kali Phoenix,,High Noon Music,"Bristol, UK",Nick Williams
"June 15, 2016",Mirrors,Mala,,Independent Artist,"London, UK",Louis Pattison
"June 14, 2016",From the Outside,Bert Jansch,,Independent Artist,"London, UK",Amanda Wicks
"June 13, 2016",Puberty 2,Mitski,Alternative,Independent Artist,"New York, New York",Summer Kim Lee
"December 26, 2011",S.P.T.A. Said Person of That Ability,J-LIVE,Hip-Hop/Rap,Independent Artist,"New York, New York",Andrew Dubber
"December 19, 2011",Where are the Arms,Gabriel Kahane,Classical,Independent Artist,"Brooklyn, New York",Andrew Dubber
"December 12, 2011",Zubatto Syndicate,Zubatto Syndicate,World,Independent Artist,"Seattle, Washington",Andrew Dubber
"December 05, 2011",The Surgery EP,Kwam MC,Hip-Hop/Rap,Independent Artist,"London, UK",Andrew Dubber
"November 27, 2011",Les Sessions Cubaines,Philémon Cimon,World,Independent Artist,"Montreal, Québec",Andrew Dubber
"November 21, 2011",The Other Half of Everything,Gargleblast Records Bandcamp,Folk,Independent Artist,"Hamilton, UK",Andrew Dubber
"November 14, 2011",Mir,Ott,World,Independent Artist,NA,Andrew Dubber
"November 06, 2011",Fire on the Vine,Bryan John Appleby,Pop,Independent Artist,"Seattle, Washington",Andrew Dubber
"October 28, 2011",Laminate Pet Animal,SNOWMINE,Alternative,Independent Artist,"Brooklyn, New York",Andrew Dubber
